prevalence_scenario,screeningStrategy,screen_count_requested,outcome,old_value,locked_run_value,source_file,absolute_difference,relative_difference,comparison_abs_tolerance,difference_class,pass_fail
base_default_LTBI,ltbi,0,NNS_prevent_one_active_TB,,,apy_cho_epi_curve_data.csv,0.0,0.0,1e-12,exact,pass
base_default_LTBI,ltbi,0,NNT_completed_prevent_one_active_TB,,,apy_cho_epi_curve_data.csv,0.0,0.0,1e-12,exact,pass
base_default_LTBI,ltbi,0,NNT_started_prevent_one_active_TB,,,apy_cho_epi_curve_data.csv,0.0,0.0,1e-12,exact,pass
base_default_LTBI,ltbi,0,PPV_trueAmongTestPositive,,,apy_cho_epi_curve_data.csv,0.0,0.0,1e-12,exact,pass
base_default_LTBI,ltbi,0,falsePositiveShareAmongTestPositive,,,apy_cho_epi_curve_data.csv,0.0,0.0,1e-12,exact,pass
base_default_LTBI,ltbi,0,falsePositiveTestsPerTruePositiveTest,,,apy_cho_epi_curve_data.csv,0.0,0.0,1e-12,exact,pass
base_default_LTBI,ltbi,0,falsePositiveTreatedPerTruePositiveTreated,,,apy_cho_epi_curve_data.csv,0.0,0.0,1e-12,exact,pass
base_default_LTBI,ltbi,0,falsePositiveTreatedShareAmongCoursesStarted,,,apy_cho_epi_curve_data.csv,0.0,0.0,1e-12,exact,pass
base_default_LTBI,ltbi,0,nActiveBy20y_AfterStrategy_median,37.0,37.0,apy_cho_epi_curve_data.csv,0.0,0.0,1e-12,exact,pass
base_default_LTBI,ltbi,0,nActiveBy20y_DoNothing_median,37.0,37.0,apy_cho_epi_curve_data.csv,0.0,0.0,1e-12,exact,pass
base_default_LTBI,ltbi,0,nCuredInfection_median,0.0,0.0,apy_cho_epi_curve_data.csv,0.0,,1e-12,exact,pass
base_default_LTBI,ltbi,0,nFalsePositiveTestsBCG_median,0.0,0.0,apy_cho_epi_curve_data.csv,0.0,,1e-12,exact,pass
base_default_LTBI,ltbi,0,nFalsePositiveTestsNoBCG_median,0.0,0.0,apy_cho_epi_curve_data.csv,0.0,,1e-12,exact,pass
base_default_LTBI,ltbi,0,nFalsePositiveTests_median,0.0,0.0,apy_cho_epi_curve_data.csv,0.0,,1e-12,exact,pass
base_default_LTBI,ltbi,0,nFalsePositiveTreated_median,0.0,0.0,apy_cho_epi_curve_data.csv,0.0,,1e-12,exact,pass
base_default_LTBI,ltbi,0,nIGRApos_median,0.0,0.0,apy_cho_epi_curve_data.csv,0.0,,1e-12,exact,pass
base_default_LTBI,ltbi,0,nPreventedActiveTB_median,0.0,0.0,apy_cho_epi_curve_data.csv,0.0,,1e-12,exact,pass
base_default_LTBI,ltbi,0,nScreenedBCG_median,0.0,0.0,apy_cho_epi_curve_data.csv,0.0,,1e-12,exact,pass
base_default_LTBI,ltbi,0,nScreened_high95,0.0,0.0,apy_cho_epi_curve_data.csv,0.0,,1e-12,exact,pass
base_default_LTBI,ltbi,0,nScreened_low95,0.0,0.0,apy_cho_epi_curve_data.csv,0.0,,1e-12,exact,pass
base_default_LTBI,ltbi,0,nScreened_median,0.0,0.0,apy_cho_epi_curve_data.csv,0.0,,1e-12,exact,pass
base_default_LTBI,ltbi,0,nTestPositiveNonActive_median,0.0,0.0,apy_cho_epi_curve_data.csv,0.0,,1e-12,exact,pass
base_default_LTBI,ltbi,0,nTestPositive_median,0.0,0.0,apy_cho_epi_curve_data.csv,0.0,,1e-12,exact,pass
base_default_LTBI,ltbi,0,nTotalCoursesCompleted_median,0.0,0.0,apy_cho_epi_curve_data.csv,0.0,,1e-12,exact,pass
base_default_LTBI,ltbi,0,nTotalCoursesStarted_median,0.0,0.0,apy_cho_epi_curve_data.csv,0.0,,1e-12,exact,pass
base_default_LTBI,ltbi,0,nTruePositiveTests_median,0.0,0.0,apy_cho_epi_curve_data.csv,0.0,,1e-12,exact,pass
base_default_LTBI,ltbi,0,nTruePositiveTreated_median,0.0,0.0,apy_cho_epi_curve_data.csv,0.0,,1e-12,exact,pass
base_default_LTBI,ltbi,0,relativeReduction20y_median,0.0,0.0,apy_cho_epi_curve_data.csv,0.0,,1e-12,exact,pass
base_default_LTBI,ltbi,0,screenCoverage,0.0,0.0,apy_cho_epi_curve_data.csv,0.0,,1e-12,exact,pass
base_default_LTBI,ltbi,50,NNS_prevent_one_active_TB,12.5,12.5,apy_cho_epi_curve_data.csv,0.0,0.0,1e-12,exact,pass
base_default_LTBI,ltbi,50,NNT_completed_prevent_one_active_TB,3.0,3.0,apy_cho_epi_curve_data.csv,0.0,0.0,1e-12,exact,pass
base_default_LTBI,ltbi,50,NNT_started_prevent_one_active_TB,4.0,4.0,apy_cho_epi_curve_data.csv,0.0,0.0,1e-12,exact,pass
base_default_LTBI,ltbi,50,PPV_trueAmongTestPositive,1.0,1.0,apy_cho_epi_curve_data.csv,0.0,0.0,1e-12,exact,pass
base_default_LTBI,ltbi,50,falsePositiveShareAmongTestPositive,0.0,0.0,apy_cho_epi_curve_data.csv,0.0,,1e-12,exact,pass
base_default_LTBI,ltbi,50,falsePositiveTestsPerTruePositiveTest,0.0,0.0,apy_cho_epi_curve_data.csv,0.0,,1e-12,exact,pass
base_default_LTBI,ltbi,50,falsePositiveTreatedPerTruePositiveTreated,0.0,0.0,apy_cho_epi_curve_data.csv,0.0,,1e-12,exact,pass
base_default_LTBI,ltbi,50,falsePositiveTreatedShareAmongCoursesStarted,0.0,0.0,apy_cho_epi_curve_data.csv,0.0,,1e-12,exact,pass
base_default_LTBI,ltbi,50,nActiveBy20y_AfterStrategy_median,33.0,33.0,apy_cho_epi_curve_data.csv,0.0,0.0,1e-12,exact,pass
base_default_LTBI,ltbi,50,nActiveBy20y_DoNothing_median,37.0,37.0,apy_cho_epi_curve_data.csv,0.0,0.0,1e-12,exact,pass
base_default_LTBI,ltbi,50,nCuredInfection_median,10.0,10.0,apy_cho_epi_curve_data.csv,0.0,0.0,1e-12,exact,pass
base_default_LTBI,ltbi,50,nFalsePositiveTestsBCG_median,0.0,0.0,apy_cho_epi_curve_data.csv,0.0,,1e-12,exact,pass
base_default_LTBI,ltbi,50,nFalsePositiveTestsNoBCG_median,0.0,0.0,apy_cho_epi_curve_data.csv,0.0,,1e-12,exact,pass
base_default_LTBI,ltbi,50,nFalsePositiveTests_median,0.0,0.0,apy_cho_epi_curve_data.csv,0.0,,1e-12,exact,pass
base_default_LTBI,ltbi,50,nFalsePositiveTreated_median,0.0,0.0,apy_cho_epi_curve_data.csv,0.0,,1e-12,exact,pass
base_default_LTBI,ltbi,50,nIGRApos_median,18.0,18.0,apy_cho_epi_curve_data.csv,0.0,0.0,1e-12,exact,pass
base_default_LTBI,ltbi,50,nPreventedActiveTB_median,4.0,4.0,apy_cho_epi_curve_data.csv,0.0,0.0,1e-12,exact,pass
base_default_LTBI,ltbi,50,nScreenedBCG_median,34.0,34.0,apy_cho_epi_curve_data.csv,0.0,0.0,1e-12,exact,pass
base_default_LTBI,ltbi,50,nScreened_high95,50.0,50.0,apy_cho_epi_curve_data.csv,0.0,0.0,1e-12,exact,pass
base_default_LTBI,ltbi,50,nScreened_low95,50.0,50.0,apy_cho_epi_curve_data.csv,0.0,0.0,1e-12,exact,pass
base_default_LTBI,ltbi,50,nScreened_median,50.0,50.0,apy_cho_epi_curve_data.csv,0.0,0.0,1e-12,exact,pass
base_default_LTBI,ltbi,50,nTestPositiveNonActive_median,18.0,18.0,apy_cho_epi_curve_data.csv,0.0,0.0,1e-12,exact,pass
base_default_LTBI,ltbi,50,nTestPositive_median,23.0,23.0,apy_cho_epi_curve_data.csv,0.0,0.0,1e-12,exact,pass
base_default_LTBI,ltbi,50,nTotalCoursesCompleted_median,12.0,12.0,apy_cho_epi_curve_data.csv,0.0,0.0,1e-12,exact,pass
base_default_LTBI,ltbi,50,nTotalCoursesStarted_median,16.0,16.0,apy_cho_epi_curve_data.csv,0.0,0.0,1e-12,exact,pass
base_default_LTBI,ltbi,50,nTruePositiveTests_median,18.0,18.0,apy_cho_epi_curve_data.csv,0.0,0.0,1e-12,exact,pass
base_default_LTBI,ltbi,50,nTruePositiveTreated_median,16.0,16.0,apy_cho_epi_curve_data.csv,0.0,0.0,1e-12,exact,pass
base_default_LTBI,ltbi,50,relativeReduction20y_median,0.1111111111111111,0.1111111111111111,apy_cho_epi_curve_data.csv,0.0,0.0,1e-12,exact,pass
base_default_LTBI,ltbi,50,screenCoverage,0.0333333333333333,0.0333333333333333,apy_cho_epi_curve_data.csv,0.0,0.0,1e-12,exact,pass
base_default_LTBI,ltbi,100,NNS_prevent_one_active_TB,16.666666666666668,16.666666666666668,apy_cho_epi_curve_data.csv,0.0,0.0,1e-12,exact,pass
base_default_LTBI,ltbi,100,NNT_completed_prevent_one_active_TB,3.5,3.5,apy_cho_epi_curve_data.csv,0.0,0.0,1e-12,exact,pass
base_default_LTBI,ltbi,100,NNT_started_prevent_one_active_TB,4.333333333333333,4.333333333333333,apy_cho_epi_curve_data.csv,0.0,0.0,1e-12,exact,pass
base_default_LTBI,ltbi,100,PPV_trueAmongTestPositive,0.967741935483871,0.967741935483871,apy_cho_epi_curve_data.csv,0.0,0.0,1e-12,exact,pass
base_default_LTBI,ltbi,100,falsePositiveShareAmongTestPositive,0.032258064516129,0.032258064516129,apy_cho_epi_curve_data.csv,0.0,0.0,1e-12,exact,pass
base_default_LTBI,ltbi,100,falsePositiveTestsPerTruePositiveTest,0.0333333333333333,0.0333333333333333,apy_cho_epi_curve_data.csv,0.0,0.0,1e-12,exact,pass
base_default_LTBI,ltbi,100,falsePositiveTreatedPerTruePositiveTreated,0.04,0.04,apy_cho_epi_curve_data.csv,0.0,0.0,1e-12,exact,pass
base_default_LTBI,ltbi,100,falsePositiveTreatedShareAmongCoursesStarted,0.0384615384615384,0.0384615384615384,apy_cho_epi_curve_data.csv,0.0,0.0,1e-12,exact,pass
base_default_LTBI,ltbi,100,nActiveBy20y_AfterStrategy_median,31.0,31.0,apy_cho_epi_curve_data.csv,0.0,0.0,1e-12,exact,pass
base_default_LTBI,ltbi,100,nActiveBy20y_DoNothing_median,37.0,37.0,apy_cho_epi_curve_data.csv,0.0,0.0,1e-12,exact,pass
base_default_LTBI,ltbi,100,nCuredInfection_median,16.0,16.0,apy_cho_epi_curve_data.csv,0.0,0.0,1e-12,exact,pass
base_default_LTBI,ltbi,100,nFalsePositiveTestsBCG_median,1.0,1.0,apy_cho_epi_curve_data.csv,0.0,0.0,1e-12,exact,pass
base_default_LTBI,ltbi,100,nFalsePositiveTestsNoBCG_median,0.0,0.0,apy_cho_epi_curve_data.csv,0.0,,1e-12,exact,pass
base_default_LTBI,ltbi,100,nFalsePositiveTests_median,1.0,1.0,apy_cho_epi_curve_data.csv,0.0,0.0,1e-12,exact,pass
base_default_LTBI,ltbi,100,nFalsePositiveTreated_median,1.0,1.0,apy_cho_epi_curve_data.csv,0.0,0.0,1e-12,exact,pass
base_default_LTBI,ltbi,100,nIGRApos_median,31.0,31.0,apy_cho_epi_curve_data.csv,0.0,0.0,1e-12,exact,pass
base_default_LTBI,ltbi,100,nPreventedActiveTB_median,6.0,6.0,apy_cho_epi_curve_data.csv,0.0,0.0,1e-12,exact,pass
base_default_LTBI,ltbi,100,nScreenedBCG_median,68.0,68.0,apy_cho_epi_curve_data.csv,0.0,0.0,1e-12,exact,pass
base_default_LTBI,ltbi,100,nScreened_high95,100.0,100.0,apy_cho_epi_curve_data.csv,0.0,0.0,1e-12,exact,pass
base_default_LTBI,ltbi,100,nScreened_low95,100.0,100.0,apy_cho_epi_curve_data.csv,0.0,0.0,1e-12,exact,pass
base_default_LTBI,ltbi,100,nScreened_median,100.0,100.0,apy_cho_epi_curve_data.csv,0.0,0.0,1e-12,exact,pass
base_default_LTBI,ltbi,100,nTestPositiveNonActive_median,31.0,31.0,apy_cho_epi_curve_data.csv,0.0,0.0,1e-12,exact,pass
base_default_LTBI,ltbi,100,nTestPositive_median,37.0,37.0,apy_cho_epi_curve_data.csv,0.0,0.0,1e-12,exact,pass
base_default_LTBI,ltbi,100,nTotalCoursesCompleted_median,21.0,21.0,apy_cho_epi_curve_data.csv,0.0,0.0,1e-12,exact,pass
base_default_LTBI,ltbi,100,nTotalCoursesStarted_median,26.0,26.0,apy_cho_epi_curve_data.csv,0.0,0.0,1e-12,exact,pass
base_default_LTBI,ltbi,100,nTruePositiveTests_median,30.0,30.0,apy_cho_epi_curve_data.csv,0.0,0.0,1e-12,exact,pass
base_default_LTBI,ltbi,100,nTruePositiveTreated_median,25.0,25.0,apy_cho_epi_curve_data.csv,0.0,0.0,1e-12,exact,pass
base_default_LTBI,ltbi,100,relativeReduction20y_median,0.1666666666666666,0.1666666666666666,apy_cho_epi_curve_data.csv,0.0,0.0,1e-12,exact,pass
base_default_LTBI,ltbi,100,screenCoverage,0.0666666666666666,0.0666666666666666,apy_cho_epi_curve_data.csv,0.0,0.0,1e-12,exact,pass
base_default_LTBI,ltbi,150,NNS_prevent_one_active_TB,18.75,18.75,apy_cho_epi_curve_data.csv,0.0,0.0,1e-12,exact,pass
base_default_LTBI,ltbi,150,NNT_completed_prevent_one_active_TB,3.5,3.5,apy_cho_epi_curve_data.csv,0.0,0.0,1e-12,exact,pass
base_default_LTBI,ltbi,150,NNT_started_prevent_one_active_TB,4.375,4.375,apy_cho_epi_curve_data.csv,0.0,0.0,1e-12,exact,pass
base_default_LTBI,ltbi,150,PPV_trueAmongTestPositive,0.951219512195122,0.951219512195122,apy_cho_epi_curve_data.csv,0.0,0.0,1e-12,exact,pass
base_default_LTBI,ltbi,150,falsePositiveShareAmongTestPositive,0.048780487804878,0.048780487804878,apy_cho_epi_curve_data.csv,0.0,0.0,1e-12,exact,pass
base_default_LTBI,ltbi,150,falsePositiveTestsPerTruePositiveTest,0.0512820512820512,0.0512820512820512,apy_cho_epi_curve_data.csv,0.0,0.0,1e-12,exact,pass
base_default_LTBI,ltbi,150,falsePositiveTreatedPerTruePositiveTreated,0.0606060606060606,0.0606060606060606,apy_cho_epi_curve_data.csv,0.0,0.0,1e-12,exact,pass
base_default_LTBI,ltbi,150,falsePositiveTreatedShareAmongCoursesStarted,0.0571428571428571,0.0571428571428571,apy_cho_epi_curve_data.csv,0.0,0.0,1e-12,exact,pass
base_default_LTBI,ltbi,150,nActiveBy20y_AfterStrategy_median,29.0,29.0,apy_cho_epi_curve_data.csv,0.0,0.0,1e-12,exact,pass
base_default_LTBI,ltbi,150,nActiveBy20y_DoNothing_median,37.0,37.0,apy_cho_epi_curve_data.csv,0.0,0.0,1e-12,exact,pass
base_default_LTBI,ltbi,150,nCuredInfection_median,21.0,21.0,apy_cho_epi_curve_data.csv,0.0,0.0,1e-12,exact,pass
base_default_LTBI,ltbi,150,nFalsePositiveTestsBCG_median,1.0,1.0,apy_cho_epi_curve_data.csv,0.0,0.0,1e-12,exact,pass
base_default_LTBI,ltbi,150,nFalsePositiveTestsNoBCG_median,0.0,0.0,apy_cho_epi_curve_data.csv,0.0,,1e-12,exact,pass
base_default_LTBI,ltbi,150,nFalsePositiveTests_median,2.0,2.0,apy_cho_epi_curve_data.csv,0.0,0.0,1e-12,exact,pass
base_default_LTBI,ltbi,150,nFalsePositiveTreated_median,2.0,2.0,apy_cho_epi_curve_data.csv,0.0,0.0,1e-12,exact,pass
base_default_LTBI,ltbi,150,nIGRApos_median,41.0,41.0,apy_cho_epi_curve_data.csv,0.0,0.0,1e-12,exact,pass
base_default_LTBI,ltbi,150,nPreventedActiveTB_median,8.0,8.0,apy_cho_epi_curve_data.csv,0.0,0.0,1e-12,exact,pass
base_default_LTBI,ltbi,150,nScreenedBCG_median,102.0,102.0,apy_cho_epi_curve_data.csv,0.0,0.0,1e-12,exact,pass
base_default_LTBI,ltbi,150,nScreened_high95,150.0,150.0,apy_cho_epi_curve_data.csv,0.0,0.0,1e-12,exact,pass
base_default_LTBI,ltbi,150,nScreened_low95,150.0,150.0,apy_cho_epi_curve_data.csv,0.0,0.0,1e-12,exact,pass
base_default_LTBI,ltbi,150,nScreened_median,150.0,150.0,apy_cho_epi_curve_data.csv,0.0,0.0,1e-12,exact,pass
base_default_LTBI,ltbi,150,nTestPositiveNonActive_median,41.0,41.0,apy_cho_epi_curve_data.csv,0.0,0.0,1e-12,exact,pass
base_default_LTBI,ltbi,150,nTestPositive_median,48.0,48.0,apy_cho_epi_curve_data.csv,0.0,0.0,1e-12,exact,pass
base_default_LTBI,ltbi,150,nTotalCoursesCompleted_median,28.0,28.0,apy_cho_epi_curve_data.csv,0.0,0.0,1e-12,exact,pass
base_default_LTBI,ltbi,150,nTotalCoursesStarted_median,35.0,35.0,apy_cho_epi_curve_data.csv,0.0,0.0,1e-12,exact,pass
base_default_LTBI,ltbi,150,nTruePositiveTests_median,39.0,39.0,apy_cho_epi_curve_data.csv,0.0,0.0,1e-12,exact,pass
base_default_LTBI,ltbi,150,nTruePositiveTreated_median,33.0,33.0,apy_cho_epi_curve_data.csv,0.0,0.0,1e-12,exact,pass
base_default_LTBI,ltbi,150,relativeReduction20y_median,0.2,0.2,apy_cho_epi_curve_data.csv,0.0,0.0,1e-12,exact,pass
base_default_LTBI,ltbi,150,screenCoverage,0.1,0.1,apy_cho_epi_curve_data.csv,0.0,0.0,1e-12,exact,pass
base_default_LTBI,ltbi,200,NNS_prevent_one_active_TB,22.22222222222222,22.22222222222222,apy_cho_epi_curve_data.csv,0.0,0.0,1e-12,exact,pass
base_default_LTBI,ltbi,200,NNT_completed_prevent_one_active_TB,3.6666666666666665,3.6666666666666665,apy_cho_epi_curve_data.csv,0.0,0.0,1e-12,exact,pass
base_default_LTBI,ltbi,200,NNT_started_prevent_one_active_TB,4.666666666666667,4.666666666666667,apy_cho_epi_curve_data.csv,0.0,0.0,1e-12,exact,pass
base_default_LTBI,ltbi,200,PPV_trueAmongTestPositive,0.94,0.94,apy_cho_epi_curve_data.csv,0.0,0.0,1e-12,exact,pass
base_default_LTBI,ltbi,200,falsePositiveShareAmongTestPositive,0.06,0.06,apy_cho_epi_curve_data.csv,0.0,0.0,1e-12,exact,pass
base_default_LTBI,ltbi,200,falsePositiveTestsPerTruePositiveTest,0.0638297872340425,0.0638297872340425,apy_cho_epi_curve_data.csv,0.0,0.0,1e-12,exact,pass
base_default_LTBI,ltbi,200,falsePositiveTreatedPerTruePositiveTreated,0.05,0.05,apy_cho_epi_curve_data.csv,0.0,0.0,1e-12,exact,pass
base_default_LTBI,ltbi,200,falsePositiveTreatedShareAmongCoursesStarted,0.0476190476190476,0.0476190476190476,apy_cho_epi_curve_data.csv,0.0,0.0,1e-12,exact,pass
base_default_LTBI,ltbi,200,nActiveBy20y_AfterStrategy_median,28.0,28.0,apy_cho_epi_curve_data.csv,0.0,0.0,1e-12,exact,pass
base_default_LTBI,ltbi,200,nActiveBy20y_DoNothing_median,37.0,37.0,apy_cho_epi_curve_data.csv,0.0,0.0,1e-12,exact,pass
base_default_LTBI,ltbi,200,nCuredInfection_median,26.0,26.0,apy_cho_epi_curve_data.csv,0.0,0.0,1e-12,exact,pass
base_default_LTBI,ltbi,200,nFalsePositiveTestsBCG_median,2.0,2.0,apy_cho_epi_curve_data.csv,0.0,0.0,1e-12,exact,pass
base_default_LTBI,ltbi,200,nFalsePositiveTestsNoBCG_median,1.0,1.0,apy_cho_epi_curve_data.csv,0.0,0.0,1e-12,exact,pass
base_default_LTBI,ltbi,200,nFalsePositiveTests_median,3.0,3.0,apy_cho_epi_curve_data.csv,0.0,0.0,1e-12,exact,pass
base_default_LTBI,ltbi,200,nFalsePositiveTreated_median,2.0,2.0,apy_cho_epi_curve_data.csv,0.0,0.0,1e-12,exact,pass
base_default_LTBI,ltbi,200,nIGRApos_median,50.0,50.0,apy_cho_epi_curve_data.csv,0.0,0.0,1e-12,exact,pass
base_default_LTBI,ltbi,200,nPreventedActiveTB_median,9.0,9.0,apy_cho_epi_curve_data.csv,0.0,0.0,1e-12,exact,pass
base_default_LTBI,ltbi,200,nScreenedBCG_median,136.0,136.0,apy_cho_epi_curve_data.csv,0.0,0.0,1e-12,exact,pass
base_default_LTBI,ltbi,200,nScreened_high95,200.0,200.0,apy_cho_epi_curve_data.csv,0.0,0.0,1e-12,exact,pass
base_default_LTBI,ltbi,200,nScreened_low95,200.0,200.0,apy_cho_epi_curve_data.csv,0.0,0.0,1e-12,exact,pass
base_default_LTBI,ltbi,200,nScreened_median,200.0,200.0,apy_cho_epi_curve_data.csv,0.0,0.0,1e-12,exact,pass
base_default_LTBI,ltbi,200,nTestPositiveNonActive_median,50.0,50.0,apy_cho_epi_curve_data.csv,0.0,0.0,1e-12,exact,pass
base_default_LTBI,ltbi,200,nTestPositive_median,58.0,58.0,apy_cho_epi_curve_data.csv,0.0,0.0,1e-12,exact,pass
base_default_LTBI,ltbi,200,nTotalCoursesCompleted_median,33.0,33.0,apy_cho_epi_curve_data.csv,0.0,0.0,1e-12,exact,pass
base_default_LTBI,ltbi,200,nTotalCoursesStarted_median,42.0,42.0,apy_cho_epi_curve_data.csv,0.0,0.0,1e-12,exact,pass
base_default_LTBI,ltbi,200,nTruePositiveTests_median,47.0,47.0,apy_cho_epi_curve_data.csv,0.0,0.0,1e-12,exact,pass
base_default_LTBI,ltbi,200,nTruePositiveTreated_median,40.0,40.0,apy_cho_epi_curve_data.csv,0.0,0.0,1e-12,exact,pass
base_default_LTBI,ltbi,200,relativeReduction20y_median,0.2352941176470588,0.2352941176470588,apy_cho_epi_curve_data.csv,0.0,0.0,1e-12,exact,pass
base_default_LTBI,ltbi,200,screenCoverage,0.1333333333333333,0.1333333333333333,apy_cho_epi_curve_data.csv,0.0,0.0,1e-12,exact,pass
base_default_LTBI,ltbi,250,NNS_prevent_one_active_TB,27.77777777777778,27.77777777777778,apy_cho_epi_curve_data.csv,0.0,0.0,1e-12,exact,pass
base_default_LTBI,ltbi,250,NNT_completed_prevent_one_active_TB,4.222222222222222,4.222222222222222,apy_cho_epi_curve_data.csv,0.0,0.0,1e-12,exact,pass
base_default_LTBI,ltbi,250,NNT_started_prevent_one_active_TB,5.333333333333333,5.333333333333333,apy_cho_epi_curve_data.csv,0.0,0.0,1e-12,exact,pass
base_default_LTBI,ltbi,250,PPV_trueAmongTestPositive,0.9298245614035088,0.9298245614035088,apy_cho_epi_curve_data.csv,0.0,0.0,1e-12,exact,pass
base_default_LTBI,ltbi,250,falsePositiveShareAmongTestPositive,0.0701754385964912,0.0701754385964912,apy_cho_epi_curve_data.csv,0.0,0.0,1e-12,exact,pass
base_default_LTBI,ltbi,250,falsePositiveTestsPerTruePositiveTest,0.0754716981132075,0.0754716981132075,apy_cho_epi_curve_data.csv,0.0,0.0,1e-12,exact,pass
base_default_LTBI,ltbi,250,falsePositiveTreatedPerTruePositiveTreated,0.0666666666666666,0.0666666666666666,apy_cho_epi_curve_data.csv,0.0,0.0,1e-12,exact,pass
base_default_LTBI,ltbi,250,falsePositiveTreatedShareAmongCoursesStarted,0.0625,0.0625,apy_cho_epi_curve_data.csv,0.0,0.0,1e-12,exact,pass
base_default_LTBI,ltbi,250,nActiveBy20y_AfterStrategy_median,28.0,28.0,apy_cho_epi_curve_data.csv,0.0,0.0,1e-12,exact,pass
base_default_LTBI,ltbi,250,nActiveBy20y_DoNothing_median,37.0,37.0,apy_cho_epi_curve_data.csv,0.0,0.0,1e-12,exact,pass
base_default_LTBI,ltbi,250,nCuredInfection_median,30.0,30.0,apy_cho_epi_curve_data.csv,0.0,0.0,1e-12,exact,pass
base_default_LTBI,ltbi,250,nFalsePositiveTestsBCG_median,2.0,2.0,apy_cho_epi_curve_data.csv,0.0,0.0,1e-12,exact,pass
base_default_LTBI,ltbi,250,nFalsePositiveTestsNoBCG_median,1.0,1.0,apy_cho_epi_curve_data.csv,0.0,0.0,1e-12,exact,pass
base_default_LTBI,ltbi,250,nFalsePositiveTests_median,4.0,4.0,apy_cho_epi_curve_data.csv,0.0,0.0,1e-12,exact,pass
base_default_LTBI,ltbi,250,nFalsePositiveTreated_median,3.0,3.0,apy_cho_epi_curve_data.csv,0.0,0.0,1e-12,exact,pass
base_default_LTBI,ltbi,250,nIGRApos_median,57.0,57.0,apy_cho_epi_curve_data.csv,0.0,0.0,1e-12,exact,pass
base_default_LTBI,ltbi,250,nPreventedActiveTB_median,9.0,9.0,apy_cho_epi_curve_data.csv,0.0,0.0,1e-12,exact,pass
base_default_LTBI,ltbi,250,nScreenedBCG_median,170.0,170.0,apy_cho_epi_curve_data.csv,0.0,0.0,1e-12,exact,pass
base_default_LTBI,ltbi,250,nScreened_high95,250.0,250.0,apy_cho_epi_curve_data.csv,0.0,0.0,1e-12,exact,pass
base_default_LTBI,ltbi,250,nScreened_low95,250.0,250.0,apy_cho_epi_curve_data.csv,0.0,0.0,1e-12,exact,pass
base_default_LTBI,ltbi,250,nScreened_median,250.0,250.0,apy_cho_epi_curve_data.csv,0.0,0.0,1e-12,exact,pass
base_default_LTBI,ltbi,250,nTestPositiveNonActive_median,57.0,57.0,apy_cho_epi_curve_data.csv,0.0,0.0,1e-12,exact,pass
base_default_LTBI,ltbi,250,nTestPositive_median,65.0,65.0,apy_cho_epi_curve_data.csv,0.0,0.0,1e-12,exact,pass
base_default_LTBI,ltbi,250,nTotalCoursesCompleted_median,38.0,38.0,apy_cho_epi_curve_data.csv,0.0,0.0,1e-12,exact,pass
base_default_LTBI,ltbi,250,nTotalCoursesStarted_median,48.0,48.0,apy_cho_epi_curve_data.csv,0.0,0.0,1e-12,exact,pass
base_default_LTBI,ltbi,250,nTruePositiveTests_median,53.0,53.0,apy_cho_epi_curve_data.csv,0.0,0.0,1e-12,exact,pass
base_default_LTBI,ltbi,250,nTruePositiveTreated_median,45.0,45.0,apy_cho_epi_curve_data.csv,0.0,0.0,1e-12,exact,pass
base_default_LTBI,ltbi,250,relativeReduction20y_median,0.2558139534883721,0.2558139534883721,apy_cho_epi_curve_data.csv,0.0,0.0,1e-12,exact,pass
base_default_LTBI,ltbi,250,screenCoverage,0.1666666666666666,0.1666666666666666,apy_cho_epi_curve_data.csv,0.0,0.0,1e-12,exact,pass
base_default_LTBI,ltbi,300,NNS_prevent_one_active_TB,30.0,30.0,apy_cho_epi_curve_data.csv,0.0,0.0,1e-12,exact,pass
base_default_LTBI,ltbi,300,NNT_completed_prevent_one_active_TB,4.3,4.3,apy_cho_epi_curve_data.csv,0.0,0.0,1e-12,exact,pass
base_default_LTBI,ltbi,300,NNT_started_prevent_one_active_TB,5.3,5.3,apy_cho_epi_curve_data.csv,0.0,0.0,1e-12,exact,pass
base_default_LTBI,ltbi,300,PPV_trueAmongTestPositive,0.9365079365079364,0.9365079365079364,apy_cho_epi_curve_data.csv,0.0,0.0,1e-12,exact,pass
base_default_LTBI,ltbi,300,falsePositiveShareAmongTestPositive,0.0634920634920634,0.0634920634920634,apy_cho_epi_curve_data.csv,0.0,0.0,1e-12,exact,pass
base_default_LTBI,ltbi,300,falsePositiveTestsPerTruePositiveTest,0.0677966101694915,0.0677966101694915,apy_cho_epi_curve_data.csv,0.0,0.0,1e-12,exact,pass
base_default_LTBI,ltbi,300,falsePositiveTreatedPerTruePositiveTreated,0.0816326530612244,0.0816326530612244,apy_cho_epi_curve_data.csv,0.0,0.0,1e-12,exact,pass
base_default_LTBI,ltbi,300,falsePositiveTreatedShareAmongCoursesStarted,0.0754716981132075,0.0754716981132075,apy_cho_epi_curve_data.csv,0.0,0.0,1e-12,exact,pass
base_default_LTBI,ltbi,300,nActiveBy20y_AfterStrategy_median,27.0,27.0,apy_cho_epi_curve_data.csv,0.0,0.0,1e-12,exact,pass
base_default_LTBI,ltbi,300,nActiveBy20y_DoNothing_median,37.0,37.0,apy_cho_epi_curve_data.csv,0.0,0.0,1e-12,exact,pass
base_default_LTBI,ltbi,300,nCuredInfection_median,33.0,33.0,apy_cho_epi_curve_data.csv,0.0,0.0,1e-12,exact,pass
base_default_LTBI,ltbi,300,nFalsePositiveTestsBCG_median,3.0,3.0,apy_cho_epi_curve_data.csv,0.0,0.0,1e-12,exact,pass
base_default_LTBI,ltbi,300,nFalsePositiveTestsNoBCG_median,1.0,1.0,apy_cho_epi_curve_data.csv,0.0,0.0,1e-12,exact,pass
base_default_LTBI,ltbi,300,nFalsePositiveTests_median,4.0,4.0,apy_cho_epi_curve_data.csv,0.0,0.0,1e-12,exact,pass
base_default_LTBI,ltbi,300,nFalsePositiveTreated_median,4.0,4.0,apy_cho_epi_curve_data.csv,0.0,0.0,1e-12,exact,pass
base_default_LTBI,ltbi,300,nIGRApos_median,63.0,63.0,apy_cho_epi_curve_data.csv,0.0,0.0,1e-12,exact,pass
base_default_LTBI,ltbi,300,nPreventedActiveTB_median,10.0,10.0,apy_cho_epi_curve_data.csv,0.0,0.0,1e-12,exact,pass
base_default_LTBI,ltbi,300,nScreenedBCG_median,204.0,204.0,apy_cho_epi_curve_data.csv,0.0,0.0,1e-12,exact,pass
base_default_LTBI,ltbi,300,nScreened_high95,300.0,300.0,apy_cho_epi_curve_data.csv,0.0,0.0,1e-12,exact,pass
base_default_LTBI,ltbi,300,nScreened_low95,300.0,300.0,apy_cho_epi_curve_data.csv,0.0,0.0,1e-12,exact,pass
base_default_LTBI,ltbi,300,nScreened_median,300.0,300.0,apy_cho_epi_curve_data.csv,0.0,0.0,1e-12,exact,pass
base_default_LTBI,ltbi,300,nTestPositiveNonActive_median,63.0,63.0,apy_cho_epi_curve_data.csv,0.0,0.0,1e-12,exact,pass
base_default_LTBI,ltbi,300,nTestPositive_median,72.0,72.0,apy_cho_epi_curve_data.csv,0.0,0.0,1e-12,exact,pass
base_default_LTBI,ltbi,300,nTotalCoursesCompleted_median,43.0,43.0,apy_cho_epi_curve_data.csv,0.0,0.0,1e-12,exact,pass
base_default_LTBI,ltbi,300,nTotalCoursesStarted_median,53.0,53.0,apy_cho_epi_curve_data.csv,0.0,0.0,1e-12,exact,pass
base_default_LTBI,ltbi,300,nTruePositiveTests_median,59.0,59.0,apy_cho_epi_curve_data.csv,0.0,0.0,1e-12,exact,pass
base_default_LTBI,ltbi,300,nTruePositiveTreated_median,49.0,49.0,apy_cho_epi_curve_data.csv,0.0,0.0,1e-12,exact,pass
base_default_LTBI,ltbi,300,relativeReduction20y_median,0.2727272727272727,0.2727272727272727,apy_cho_epi_curve_data.csv,0.0,0.0,1e-12,exact,pass
base_default_LTBI,ltbi,300,screenCoverage,0.2,0.2,apy_cho_epi_curve_data.csv,0.0,0.0,1e-12,exact,pass
base_default_LTBI,ltbi,350,NNS_prevent_one_active_TB,31.818181818181817,31.818181818181817,apy_cho_epi_curve_data.csv,0.0,0.0,1e-12,exact,pass
base_default_LTBI,ltbi,350,NNT_completed_prevent_one_active_TB,4.2727272727272725,4.2727272727272725,apy_cho_epi_curve_data.csv,0.0,0.0,1e-12,exact,pass
base_default_LTBI,ltbi,350,NNT_started_prevent_one_active_TB,5.2727272727272725,5.2727272727272725,apy_cho_epi_curve_data.csv,0.0,0.0,1e-12,exact,pass
base_default_LTBI,ltbi,350,PPV_trueAmongTestPositive,0.927536231884058,0.927536231884058,apy_cho_epi_curve_data.csv,0.0,0.0,1e-12,exact,pass
base_default_LTBI,ltbi,350,falsePositiveShareAmongTestPositive,0.072463768115942,0.072463768115942,apy_cho_epi_curve_data.csv,0.0,0.0,1e-12,exact,pass
base_default_LTBI,ltbi,350,falsePositiveTestsPerTruePositiveTest,0.078125,0.078125,apy_cho_epi_curve_data.csv,0.0,0.0,1e-12,exact,pass
base_default_LTBI,ltbi,350,falsePositiveTreatedPerTruePositiveTreated,0.074074074074074,0.074074074074074,apy_cho_epi_curve_data.csv,0.0,0.0,1e-12,exact,pass
base_default_LTBI,ltbi,350,falsePositiveTreatedShareAmongCoursesStarted,0.0689655172413793,0.0689655172413793,apy_cho_epi_curve_data.csv,0.0,0.0,1e-12,exact,pass
base_default_LTBI,ltbi,350,nActiveBy20y_AfterStrategy_median,26.0,26.0,apy_cho_epi_curve_data.csv,0.0,0.0,1e-12,exact,pass
base_default_LTBI,ltbi,350,nActiveBy20y_DoNothing_median,37.0,37.0,apy_cho_epi_curve_data.csv,0.0,0.0,1e-12,exact,pass
base_default_LTBI,ltbi,350,nCuredInfection_median,36.0,36.0,apy_cho_epi_curve_data.csv,0.0,0.0,1e-12,exact,pass
base_default_LTBI,ltbi,350,nFalsePositiveTestsBCG_median,4.0,4.0,apy_cho_epi_curve_data.csv,0.0,0.0,1e-12,exact,pass
base_default_LTBI,ltbi,350,nFalsePositiveTestsNoBCG_median,2.0,2.0,apy_cho_epi_curve_data.csv,0.0,0.0,1e-12,exact,pass
base_default_LTBI,ltbi,350,nFalsePositiveTests_median,5.0,5.0,apy_cho_epi_curve_data.csv,0.0,0.0,1e-12,exact,pass
base_default_LTBI,ltbi,350,nFalsePositiveTreated_median,4.0,4.0,apy_cho_epi_curve_data.csv,0.0,0.0,1e-12,exact,pass
base_default_LTBI,ltbi,350,nIGRApos_median,69.0,69.0,apy_cho_epi_curve_data.csv,0.0,0.0,1e-12,exact,pass
base_default_LTBI,ltbi,350,nPreventedActiveTB_median,11.0,11.0,apy_cho_epi_curve_data.csv,0.0,0.0,1e-12,exact,pass
base_default_LTBI,ltbi,350,nScreenedBCG_median,238.0,238.0,apy_cho_epi_curve_data.csv,0.0,0.0,1e-12,exact,pass
base_default_LTBI,ltbi,350,nScreened_high95,350.0,350.0,apy_cho_epi_curve_data.csv,0.0,0.0,1e-12,exact,pass
base_default_LTBI,ltbi,350,nScreened_low95,350.0,350.0,apy_cho_epi_curve_data.csv,0.0,0.0,1e-12,exact,pass
base_default_LTBI,ltbi,350,nScreened_median,350.0,350.0,apy_cho_epi_curve_data.csv,0.0,0.0,1e-12,exact,pass
base_default_LTBI,ltbi,350,nTestPositiveNonActive_median,69.0,69.0,apy_cho_epi_curve_data.csv,0.0,0.0,1e-12,exact,pass
base_default_LTBI,ltbi,350,nTestPositive_median,78.0,78.0,apy_cho_epi_curve_data.csv,0.0,0.0,1e-12,exact,pass
base_default_LTBI,ltbi,350,nTotalCoursesCompleted_median,47.0,47.0,apy_cho_epi_curve_data.csv,0.0,0.0,1e-12,exact,pass
base_default_LTBI,ltbi,350,nTotalCoursesStarted_median,58.0,58.0,apy_cho_epi_curve_data.csv,0.0,0.0,1e-12,exact,pass
base_default_LTBI,ltbi,350,nTruePositiveTests_median,64.0,64.0,apy_cho_epi_curve_data.csv,0.0,0.0,1e-12,exact,pass
base_default_LTBI,ltbi,350,nTruePositiveTreated_median,54.0,54.0,apy_cho_epi_curve_data.csv,0.0,0.0,1e-12,exact,pass
base_default_LTBI,ltbi,350,relativeReduction20y_median,0.282051282051282,0.282051282051282,apy_cho_epi_curve_data.csv,0.0,0.0,1e-12,exact,pass
base_default_LTBI,ltbi,350,screenCoverage,0.2333333333333333,0.2333333333333333,apy_cho_epi_curve_data.csv,0.0,0.0,1e-12,exact,pass
base_default_LTBI,ltbi,400,NNS_prevent_one_active_TB,36.36363636363637,36.36363636363637,apy_cho_epi_curve_data.csv,0.0,0.0,1e-12,exact,pass
base_default_LTBI,ltbi,400,NNT_completed_prevent_one_active_TB,4.545454545454546,4.545454545454546,apy_cho_epi_curve_data.csv,0.0,0.0,1e-12,exact,pass
base_default_LTBI,ltbi,400,NNT_started_prevent_one_active_TB,5.727272727272728,5.727272727272728,apy_cho_epi_curve_data.csv,0.0,0.0,1e-12,exact,pass
base_default_LTBI,ltbi,400,PPV_trueAmongTestPositive,0.918918918918919,0.918918918918919,apy_cho_epi_curve_data.csv,0.0,0.0,1e-12,exact,pass
base_default_LTBI,ltbi,400,falsePositiveShareAmongTestPositive,0.081081081081081,0.081081081081081,apy_cho_epi_curve_data.csv,0.0,0.0,1e-12,exact,pass
base_default_LTBI,ltbi,400,falsePositiveTestsPerTruePositiveTest,0.088235294117647,0.088235294117647,apy_cho_epi_curve_data.csv,0.0,0.0,1e-12,exact,pass
base_default_LTBI,ltbi,400,falsePositiveTreatedPerTruePositiveTreated,0.0862068965517241,0.0862068965517241,apy_cho_epi_curve_data.csv,0.0,0.0,1e-12,exact,pass
base_default_LTBI,ltbi,400,falsePositiveTreatedShareAmongCoursesStarted,0.0793650793650793,0.0793650793650793,apy_cho_epi_curve_data.csv,0.0,0.0,1e-12,exact,pass
base_default_LTBI,ltbi,400,nActiveBy20y_AfterStrategy_median,26.0,26.0,apy_cho_epi_curve_data.csv,0.0,0.0,1e-12,exact,pass
base_default_LTBI,ltbi,400,nActiveBy20y_DoNothing_median,37.0,37.0,apy_cho_epi_curve_data.csv,0.0,0.0,1e-12,exact,pass
base_default_LTBI,ltbi,400,nCuredInfection_median,38.0,38.0,apy_cho_epi_curve_data.csv,0.0,0.0,1e-12,exact,pass
base_default_LTBI,ltbi,400,nFalsePositiveTestsBCG_median,4.0,4.0,apy_cho_epi_curve_data.csv,0.0,0.0,1e-12,exact,pass
base_default_LTBI,ltbi,400,nFalsePositiveTestsNoBCG_median,2.0,2.0,apy_cho_epi_curve_data.csv,0.0,0.0,1e-12,exact,pass
base_default_LTBI,ltbi,400,nFalsePositiveTests_median,6.0,6.0,apy_cho_epi_curve_data.csv,0.0,0.0,1e-12,exact,pass
base_default_LTBI,ltbi,400,nFalsePositiveTreated_median,5.0,5.0,apy_cho_epi_curve_data.csv,0.0,0.0,1e-12,exact,pass
base_default_LTBI,ltbi,400,nIGRApos_median,74.0,74.0,apy_cho_epi_curve_data.csv,0.0,0.0,1e-12,exact,pass
base_default_LTBI,ltbi,400,nPreventedActiveTB_median,11.0,11.0,apy_cho_epi_curve_data.csv,0.0,0.0,1e-12,exact,pass
base_default_LTBI,ltbi,400,nScreenedBCG_median,272.0,272.0,apy_cho_epi_curve_data.csv,0.0,0.0,1e-12,exact,pass
base_default_LTBI,ltbi,400,nScreened_high95,400.0,400.0,apy_cho_epi_curve_data.csv,0.0,0.0,1e-12,exact,pass
base_default_LTBI,ltbi,400,nScreened_low95,400.0,400.0,apy_cho_epi_curve_data.csv,0.0,0.0,1e-12,exact,pass
base_default_LTBI,ltbi,400,nScreened_median,400.0,400.0,apy_cho_epi_curve_data.csv,0.0,0.0,1e-12,exact,pass
base_default_LTBI,ltbi,400,nTestPositiveNonActive_median,74.0,74.0,apy_cho_epi_curve_data.csv,0.0,0.0,1e-12,exact,pass
base_default_LTBI,ltbi,400,nTestPositive_median,83.0,83.0,apy_cho_epi_curve_data.csv,0.0,0.0,1e-12,exact,pass
base_default_LTBI,ltbi,400,nTotalCoursesCompleted_median,50.0,50.0,apy_cho_epi_curve_data.csv,0.0,0.0,1e-12,exact,pass
base_default_LTBI,ltbi,400,nTotalCoursesStarted_median,63.0,63.0,apy_cho_epi_curve_data.csv,0.0,0.0,1e-12,exact,pass
base_default_LTBI,ltbi,400,nTruePositiveTests_median,68.0,68.0,apy_cho_epi_curve_data.csv,0.0,0.0,1e-12,exact,pass
base_default_LTBI,ltbi,400,nTruePositiveTreated_median,58.0,58.0,apy_cho_epi_curve_data.csv,0.0,0.0,1e-12,exact,pass
base_default_LTBI,ltbi,400,relativeReduction20y_median,0.2958754208754208,0.2958754208754208,apy_cho_epi_curve_data.csv,0.0,0.0,1e-12,exact,pass
base_default_LTBI,ltbi,400,screenCoverage,0.2666666666666666,0.2666666666666666,apy_cho_epi_curve_data.csv,0.0,0.0,1e-12,exact,pass
base_default_LTBI,ltbi,450,NNS_prevent_one_active_TB,40.90909090909091,40.90909090909091,apy_cho_epi_curve_data.csv,0.0,0.0,1e-12,exact,pass
base_default_LTBI,ltbi,450,NNT_completed_prevent_one_active_TB,4.909090909090909,4.909090909090909,apy_cho_epi_curve_data.csv,0.0,0.0,1e-12,exact,pass
base_default_LTBI,ltbi,450,NNT_started_prevent_one_active_TB,6.090909090909091,6.090909090909091,apy_cho_epi_curve_data.csv,0.0,0.0,1e-12,exact,pass
base_default_LTBI,ltbi,450,PPV_trueAmongTestPositive,0.9113924050632912,0.9113924050632912,apy_cho_epi_curve_data.csv,0.0,0.0,1e-12,exact,pass
base_default_LTBI,ltbi,450,falsePositiveShareAmongTestPositive,0.0886075949367088,0.0886075949367088,apy_cho_epi_curve_data.csv,0.0,0.0,1e-12,exact,pass
base_default_LTBI,ltbi,450,falsePositiveTestsPerTruePositiveTest,0.0972222222222222,0.0972222222222222,apy_cho_epi_curve_data.csv,0.0,0.0,1e-12,exact,pass
base_default_LTBI,ltbi,450,falsePositiveTreatedPerTruePositiveTreated,0.0983606557377049,0.0983606557377049,apy_cho_epi_curve_data.csv,0.0,0.0,1e-12,exact,pass
base_default_LTBI,ltbi,450,falsePositiveTreatedShareAmongCoursesStarted,0.0895522388059701,0.0895522388059701,apy_cho_epi_curve_data.csv,0.0,0.0,1e-12,exact,pass
base_default_LTBI,ltbi,450,nActiveBy20y_AfterStrategy_median,26.0,26.0,apy_cho_epi_curve_data.csv,0.0,0.0,1e-12,exact,pass
base_default_LTBI,ltbi,450,nActiveBy20y_DoNothing_median,37.0,37.0,apy_cho_epi_curve_data.csv,0.0,0.0,1e-12,exact,pass
base_default_LTBI,ltbi,450,nCuredInfection_median,40.0,40.0,apy_cho_epi_curve_data.csv,0.0,0.0,1e-12,exact,pass
base_default_LTBI,ltbi,450,nFalsePositiveTestsBCG_median,5.0,5.0,apy_cho_epi_curve_data.csv,0.0,0.0,1e-12,exact,pass
base_default_LTBI,ltbi,450,nFalsePositiveTestsNoBCG_median,2.0,2.0,apy_cho_epi_curve_data.csv,0.0,0.0,1e-12,exact,pass
base_default_LTBI,ltbi,450,nFalsePositiveTests_median,7.0,7.0,apy_cho_epi_curve_data.csv,0.0,0.0,1e-12,exact,pass
base_default_LTBI,ltbi,450,nFalsePositiveTreated_median,6.0,6.0,apy_cho_epi_curve_data.csv,0.0,0.0,1e-12,exact,pass
base_default_LTBI,ltbi,450,nIGRApos_median,79.0,79.0,apy_cho_epi_curve_data.csv,0.0,0.0,1e-12,exact,pass
base_default_LTBI,ltbi,450,nPreventedActiveTB_median,11.0,11.0,apy_cho_epi_curve_data.csv,0.0,0.0,1e-12,exact,pass
base_default_LTBI,ltbi,450,nScreenedBCG_median,306.0,306.0,apy_cho_epi_curve_data.csv,0.0,0.0,1e-12,exact,pass
base_default_LTBI,ltbi,450,nScreened_high95,450.0,450.0,apy_cho_epi_curve_data.csv,0.0,0.0,1e-12,exact,pass
base_default_LTBI,ltbi,450,nScreened_low95,450.0,450.0,apy_cho_epi_curve_data.csv,0.0,0.0,1e-12,exact,pass
base_default_LTBI,ltbi,450,nScreened_median,450.0,450.0,apy_cho_epi_curve_data.csv,0.0,0.0,1e-12,exact,pass
base_default_LTBI,ltbi,450,nTestPositiveNonActive_median,79.0,79.0,apy_cho_epi_curve_data.csv,0.0,0.0,1e-12,exact,pass
base_default_LTBI,ltbi,450,nTestPositive_median,88.0,88.0,apy_cho_epi_curve_data.csv,0.0,0.0,1e-12,exact,pass
base_default_LTBI,ltbi,450,nTotalCoursesCompleted_median,54.0,54.0,apy_cho_epi_curve_data.csv,0.0,0.0,1e-12,exact,pass
base_default_LTBI,ltbi,450,nTotalCoursesStarted_median,67.0,67.0,apy_cho_epi_curve_data.csv,0.0,0.0,1e-12,exact,pass
base_default_LTBI,ltbi,450,nTruePositiveTests_median,72.0,72.0,apy_cho_epi_curve_data.csv,0.0,0.0,1e-12,exact,pass
base_default_LTBI,ltbi,450,nTruePositiveTreated_median,61.0,61.0,apy_cho_epi_curve_data.csv,0.0,0.0,1e-12,exact,pass
base_default_LTBI,ltbi,450,relativeReduction20y_median,0.3043478260869565,0.3043478260869565,apy_cho_epi_curve_data.csv,0.0,0.0,1e-12,exact,pass
base_default_LTBI,ltbi,450,screenCoverage,0.3,0.3,apy_cho_epi_curve_data.csv,0.0,0.0,1e-12,exact,pass
base_default_LTBI,ltbi,500,NNS_prevent_one_active_TB,41.66666666666666,41.66666666666666,apy_cho_epi_curve_data.csv,0.0,0.0,1e-12,exact,pass
base_default_LTBI,ltbi,500,NNT_completed_prevent_one_active_TB,4.666666666666667,4.666666666666667,apy_cho_epi_curve_data.csv,0.0,0.0,1e-12,exact,pass
base_default_LTBI,ltbi,500,NNT_started_prevent_one_active_TB,5.833333333333333,5.833333333333333,apy_cho_epi_curve_data.csv,0.0,0.0,1e-12,exact,pass
base_default_LTBI,ltbi,500,PPV_trueAmongTestPositive,0.9036144578313252,0.9036144578313252,apy_cho_epi_curve_data.csv,0.0,0.0,1e-12,exact,pass
base_default_LTBI,ltbi,500,falsePositiveShareAmongTestPositive,0.0963855421686747,0.0963855421686747,apy_cho_epi_curve_data.csv,0.0,0.0,1e-12,exact,pass
base_default_LTBI,ltbi,500,falsePositiveTestsPerTruePositiveTest,0.1066666666666666,0.1066666666666666,apy_cho_epi_curve_data.csv,0.0,0.0,1e-12,exact,pass
base_default_LTBI,ltbi,500,falsePositiveTreatedPerTruePositiveTreated,0.1111111111111111,0.1111111111111111,apy_cho_epi_curve_data.csv,0.0,0.0,1e-12,exact,pass
base_default_LTBI,ltbi,500,falsePositiveTreatedShareAmongCoursesStarted,0.1,0.1,apy_cho_epi_curve_data.csv,0.0,0.0,1e-12,exact,pass
base_default_LTBI,ltbi,500,nActiveBy20y_AfterStrategy_median,25.0,25.0,apy_cho_epi_curve_data.csv,0.0,0.0,1e-12,exact,pass
base_default_LTBI,ltbi,500,nActiveBy20y_DoNothing_median,37.0,37.0,apy_cho_epi_curve_data.csv,0.0,0.0,1e-12,exact,pass
base_default_LTBI,ltbi,500,nCuredInfection_median,42.0,42.0,apy_cho_epi_curve_data.csv,0.0,0.0,1e-12,exact,pass
base_default_LTBI,ltbi,500,nFalsePositiveTestsBCG_median,5.0,5.0,apy_cho_epi_curve_data.csv,0.0,0.0,1e-12,exact,pass
base_default_LTBI,ltbi,500,nFalsePositiveTestsNoBCG_median,2.0,2.0,apy_cho_epi_curve_data.csv,0.0,0.0,1e-12,exact,pass
base_default_LTBI,ltbi,500,nFalsePositiveTests_median,8.0,8.0,apy_cho_epi_curve_data.csv,0.0,0.0,1e-12,exact,pass
base_default_LTBI,ltbi,500,nFalsePositiveTreated_median,7.0,7.0,apy_cho_epi_curve_data.csv,0.0,0.0,1e-12,exact,pass
base_default_LTBI,ltbi,500,nIGRApos_median,83.0,83.0,apy_cho_epi_curve_data.csv,0.0,0.0,1e-12,exact,pass
base_default_LTBI,ltbi,500,nPreventedActiveTB_median,12.0,12.0,apy_cho_epi_curve_data.csv,0.0,0.0,1e-12,exact,pass
base_default_LTBI,ltbi,500,nScreenedBCG_median,340.0,340.0,apy_cho_epi_curve_data.csv,0.0,0.0,1e-12,exact,pass
base_default_LTBI,ltbi,500,nScreened_high95,500.0,500.0,apy_cho_epi_curve_data.csv,0.0,0.0,1e-12,exact,pass
base_default_LTBI,ltbi,500,nScreened_low95,500.0,500.0,apy_cho_epi_curve_data.csv,0.0,0.0,1e-12,exact,pass
base_default_LTBI,ltbi,500,nScreened_median,500.0,500.0,apy_cho_epi_curve_data.csv,0.0,0.0,1e-12,exact,pass
base_default_LTBI,ltbi,500,nTestPositiveNonActive_median,83.0,83.0,apy_cho_epi_curve_data.csv,0.0,0.0,1e-12,exact,pass
base_default_LTBI,ltbi,500,nTestPositive_median,93.0,93.0,apy_cho_epi_curve_data.csv,0.0,0.0,1e-12,exact,pass
base_default_LTBI,ltbi,500,nTotalCoursesCompleted_median,56.0,56.0,apy_cho_epi_curve_data.csv,0.0,0.0,1e-12,exact,pass
base_default_LTBI,ltbi,500,nTotalCoursesStarted_median,70.0,70.0,apy_cho_epi_curve_data.csv,0.0,0.0,1e-12,exact,pass
base_default_LTBI,ltbi,500,nTruePositiveTests_median,75.0,75.0,apy_cho_epi_curve_data.csv,0.0,0.0,1e-12,exact,pass
base_default_LTBI,ltbi,500,nTruePositiveTreated_median,63.0,63.0,apy_cho_epi_curve_data.csv,0.0,0.0,1e-12,exact,pass
base_default_LTBI,ltbi,500,relativeReduction20y_median,0.3125,0.3125,apy_cho_epi_curve_data.csv,0.0,0.0,1e-12,exact,pass
base_default_LTBI,ltbi,500,screenCoverage,0.3333333333333333,0.3333333333333333,apy_cho_epi_curve_data.csv,0.0,0.0,1e-12,exact,pass
base_default_LTBI,ltbi,600,NNS_prevent_one_active_TB,50.0,50.0,apy_cho_epi_curve_data.csv,0.0,0.0,1e-12,exact,pass
base_default_LTBI,ltbi,600,NNT_completed_prevent_one_active_TB,5.166666666666667,5.166666666666667,apy_cho_epi_curve_data.csv,0.0,0.0,1e-12,exact,pass
base_default_LTBI,ltbi,600,NNT_started_prevent_one_active_TB,6.416666666666667,6.416666666666667,apy_cho_epi_curve_data.csv,0.0,0.0,1e-12,exact,pass
base_default_LTBI,ltbi,600,PPV_trueAmongTestPositive,0.8901098901098901,0.8901098901098901,apy_cho_epi_curve_data.csv,0.0,0.0,1e-12,exact,pass
base_default_LTBI,ltbi,600,falsePositiveShareAmongTestPositive,0.1098901098901098,0.1098901098901098,apy_cho_epi_curve_data.csv,0.0,0.0,1e-12,exact,pass
base_default_LTBI,ltbi,600,falsePositiveTestsPerTruePositiveTest,0.1234567901234567,0.1234567901234567,apy_cho_epi_curve_data.csv,0.0,0.0,1e-12,exact,pass
base_default_LTBI,ltbi,600,falsePositiveTreatedPerTruePositiveTreated,0.1159420289855072,0.1159420289855072,apy_cho_epi_curve_data.csv,0.0,0.0,1e-12,exact,pass
base_default_LTBI,ltbi,600,falsePositiveTreatedShareAmongCoursesStarted,0.1038961038961039,0.1038961038961039,apy_cho_epi_curve_data.csv,0.0,0.0,1e-12,exact,pass
base_default_LTBI,ltbi,600,nActiveBy20y_AfterStrategy_median,25.0,25.0,apy_cho_epi_curve_data.csv,0.0,0.0,1e-12,exact,pass
base_default_LTBI,ltbi,600,nActiveBy20y_DoNothing_median,37.0,37.0,apy_cho_epi_curve_data.csv,0.0,0.0,1e-12,exact,pass
base_default_LTBI,ltbi,600,nCuredInfection_median,45.0,45.0,apy_cho_epi_curve_data.csv,0.0,0.0,1e-12,exact,pass
base_default_LTBI,ltbi,600,nFalsePositiveTestsBCG_median,7.0,7.0,apy_cho_epi_curve_data.csv,0.0,0.0,1e-12,exact,pass
base_default_LTBI,ltbi,600,nFalsePositiveTestsNoBCG_median,3.0,3.0,apy_cho_epi_curve_data.csv,0.0,0.0,1e-12,exact,pass
base_default_LTBI,ltbi,600,nFalsePositiveTests_median,10.0,10.0,apy_cho_epi_curve_data.csv,0.0,0.0,1e-12,exact,pass
base_default_LTBI,ltbi,600,nFalsePositiveTreated_median,8.0,8.0,apy_cho_epi_curve_data.csv,0.0,0.0,1e-12,exact,pass
base_default_LTBI,ltbi,600,nIGRApos_median,91.0,91.0,apy_cho_epi_curve_data.csv,0.0,0.0,1e-12,exact,pass
base_default_LTBI,ltbi,600,nPreventedActiveTB_median,12.0,12.0,apy_cho_epi_curve_data.csv,0.0,0.0,1e-12,exact,pass
base_default_LTBI,ltbi,600,nScreenedBCG_median,408.0,408.0,apy_cho_epi_curve_data.csv,0.0,0.0,1e-12,exact,pass
base_default_LTBI,ltbi,600,nScreened_high95,600.0,600.0,apy_cho_epi_curve_data.csv,0.0,0.0,1e-12,exact,pass
base_default_LTBI,ltbi,600,nScreened_low95,600.0,600.0,apy_cho_epi_curve_data.csv,0.0,0.0,1e-12,exact,pass
base_default_LTBI,ltbi,600,nScreened_median,600.0,600.0,apy_cho_epi_curve_data.csv,0.0,0.0,1e-12,exact,pass
base_default_LTBI,ltbi,600,nTestPositiveNonActive_median,91.0,91.0,apy_cho_epi_curve_data.csv,0.0,0.0,1e-12,exact,pass
base_default_LTBI,ltbi,600,nTestPositive_median,101.0,101.0,apy_cho_epi_curve_data.csv,0.0,0.0,1e-12,exact,pass
base_default_LTBI,ltbi,600,nTotalCoursesCompleted_median,62.0,62.0,apy_cho_epi_curve_data.csv,0.0,0.0,1e-12,exact,pass
base_default_LTBI,ltbi,600,nTotalCoursesStarted_median,77.0,77.0,apy_cho_epi_curve_data.csv,0.0,0.0,1e-12,exact,pass
base_default_LTBI,ltbi,600,nTruePositiveTests_median,81.0,81.0,apy_cho_epi_curve_data.csv,0.0,0.0,1e-12,exact,pass
base_default_LTBI,ltbi,600,nTruePositiveTreated_median,69.0,69.0,apy_cho_epi_curve_data.csv,0.0,0.0,1e-12,exact,pass
base_default_LTBI,ltbi,600,relativeReduction20y_median,0.3270979020979021,0.3270979020979021,apy_cho_epi_curve_data.csv,0.0,0.0,1e-12,exact,pass
base_default_LTBI,ltbi,600,screenCoverage,0.4,0.4,apy_cho_epi_curve_data.csv,0.0,0.0,1e-12,exact,pass
base_default_LTBI,ltbi,700,NNS_prevent_one_active_TB,58.333333333333336,58.333333333333336,apy_cho_epi_curve_data.csv,0.0,0.0,1e-12,exact,pass
base_default_LTBI,ltbi,700,NNT_completed_prevent_one_active_TB,5.5,5.5,apy_cho_epi_curve_data.csv,0.0,0.0,1e-12,exact,pass
base_default_LTBI,ltbi,700,NNT_started_prevent_one_active_TB,6.916666666666667,6.916666666666667,apy_cho_epi_curve_data.csv,0.0,0.0,1e-12,exact,pass
base_default_LTBI,ltbi,700,PPV_trueAmongTestPositive,0.8762886597938144,0.8762886597938144,apy_cho_epi_curve_data.csv,0.0,0.0,1e-12,exact,pass
base_default_LTBI,ltbi,700,falsePositiveShareAmongTestPositive,0.1237113402061855,0.1237113402061855,apy_cho_epi_curve_data.csv,0.0,0.0,1e-12,exact,pass
base_default_LTBI,ltbi,700,falsePositiveTestsPerTruePositiveTest,0.1411764705882353,0.1411764705882353,apy_cho_epi_curve_data.csv,0.0,0.0,1e-12,exact,pass
base_default_LTBI,ltbi,700,falsePositiveTreatedPerTruePositiveTreated,0.136986301369863,0.136986301369863,apy_cho_epi_curve_data.csv,0.0,0.0,1e-12,exact,pass
base_default_LTBI,ltbi,700,falsePositiveTreatedShareAmongCoursesStarted,0.1204819277108433,0.1204819277108433,apy_cho_epi_curve_data.csv,0.0,0.0,1e-12,exact,pass
base_default_LTBI,ltbi,700,nActiveBy20y_AfterStrategy_median,25.0,25.0,apy_cho_epi_curve_data.csv,0.0,0.0,1e-12,exact,pass
base_default_LTBI,ltbi,700,nActiveBy20y_DoNothing_median,37.0,37.0,apy_cho_epi_curve_data.csv,0.0,0.0,1e-12,exact,pass
base_default_LTBI,ltbi,700,nCuredInfection_median,48.0,48.0,apy_cho_epi_curve_data.csv,0.0,0.0,1e-12,exact,pass
base_default_LTBI,ltbi,700,nFalsePositiveTestsBCG_median,8.0,8.0,apy_cho_epi_curve_data.csv,0.0,0.0,1e-12,exact,pass
base_default_LTBI,ltbi,700,nFalsePositiveTestsNoBCG_median,4.0,4.0,apy_cho_epi_curve_data.csv,0.0,0.0,1e-12,exact,pass
base_default_LTBI,ltbi,700,nFalsePositiveTests_median,12.0,12.0,apy_cho_epi_curve_data.csv,0.0,0.0,1e-12,exact,pass
base_default_LTBI,ltbi,700,nFalsePositiveTreated_median,10.0,10.0,apy_cho_epi_curve_data.csv,0.0,0.0,1e-12,exact,pass
base_default_LTBI,ltbi,700,nIGRApos_median,97.0,97.0,apy_cho_epi_curve_data.csv,0.0,0.0,1e-12,exact,pass
base_default_LTBI,ltbi,700,nPreventedActiveTB_median,12.0,12.0,apy_cho_epi_curve_data.csv,0.0,0.0,1e-12,exact,pass
base_default_LTBI,ltbi,700,nScreenedBCG_median,476.0,476.0,apy_cho_epi_curve_data.csv,0.0,0.0,1e-12,exact,pass
base_default_LTBI,ltbi,700,nScreened_high95,700.0,700.0,apy_cho_epi_curve_data.csv,0.0,0.0,1e-12,exact,pass
base_default_LTBI,ltbi,700,nScreened_low95,700.0,700.0,apy_cho_epi_curve_data.csv,0.0,0.0,1e-12,exact,pass
base_default_LTBI,ltbi,700,nScreened_median,700.0,700.0,apy_cho_epi_curve_data.csv,0.0,0.0,1e-12,exact,pass
base_default_LTBI,ltbi,700,nTestPositiveNonActive_median,97.0,97.0,apy_cho_epi_curve_data.csv,0.0,0.0,1e-12,exact,pass
base_default_LTBI,ltbi,700,nTestPositive_median,107.0,107.0,apy_cho_epi_curve_data.csv,0.0,0.0,1e-12,exact,pass
base_default_LTBI,ltbi,700,nTotalCoursesCompleted_median,66.0,66.0,apy_cho_epi_curve_data.csv,0.0,0.0,1e-12,exact,pass
base_default_LTBI,ltbi,700,nTotalCoursesStarted_median,83.0,83.0,apy_cho_epi_curve_data.csv,0.0,0.0,1e-12,exact,pass
base_default_LTBI,ltbi,700,nTruePositiveTests_median,85.0,85.0,apy_cho_epi_curve_data.csv,0.0,0.0,1e-12,exact,pass
base_default_LTBI,ltbi,700,nTruePositiveTreated_median,73.0,73.0,apy_cho_epi_curve_data.csv,0.0,0.0,1e-12,exact,pass
base_default_LTBI,ltbi,700,relativeReduction20y_median,0.3333333333333333,0.3333333333333333,apy_cho_epi_curve_data.csv,0.0,0.0,1e-12,exact,pass
base_default_LTBI,ltbi,700,screenCoverage,0.4666666666666667,0.4666666666666667,apy_cho_epi_curve_data.csv,0.0,0.0,1e-12,exact,pass
base_default_LTBI,ltbi,800,NNS_prevent_one_active_TB,61.53846153846154,61.53846153846154,apy_cho_epi_curve_data.csv,0.0,0.0,1e-12,exact,pass
base_default_LTBI,ltbi,800,NNT_completed_prevent_one_active_TB,5.384615384615385,5.384615384615385,apy_cho_epi_curve_data.csv,0.0,0.0,1e-12,exact,pass
base_default_LTBI,ltbi,800,NNT_started_prevent_one_active_TB,6.6923076923076925,6.6923076923076925,apy_cho_epi_curve_data.csv,0.0,0.0,1e-12,exact,pass
base_default_LTBI,ltbi,800,PPV_trueAmongTestPositive,0.8640776699029126,0.8640776699029126,apy_cho_epi_curve_data.csv,0.0,0.0,1e-12,exact,pass
base_default_LTBI,ltbi,800,falsePositiveShareAmongTestPositive,0.1359223300970873,0.1359223300970873,apy_cho_epi_curve_data.csv,0.0,0.0,1e-12,exact,pass
base_default_LTBI,ltbi,800,falsePositiveTestsPerTruePositiveTest,0.1573033707865168,0.1573033707865168,apy_cho_epi_curve_data.csv,0.0,0.0,1e-12,exact,pass
base_default_LTBI,ltbi,800,falsePositiveTreatedPerTruePositiveTreated,0.16,0.16,apy_cho_epi_curve_data.csv,0.0,0.0,1e-12,exact,pass
base_default_LTBI,ltbi,800,falsePositiveTreatedShareAmongCoursesStarted,0.1379310344827586,0.1379310344827586,apy_cho_epi_curve_data.csv,0.0,0.0,1e-12,exact,pass
base_default_LTBI,ltbi,800,nActiveBy20y_AfterStrategy_median,24.0,24.0,apy_cho_epi_curve_data.csv,0.0,0.0,1e-12,exact,pass
base_default_LTBI,ltbi,800,nActiveBy20y_DoNothing_median,37.0,37.0,apy_cho_epi_curve_data.csv,0.0,0.0,1e-12,exact,pass
base_default_LTBI,ltbi,800,nCuredInfection_median,50.0,50.0,apy_cho_epi_curve_data.csv,0.0,0.0,1e-12,exact,pass
base_default_LTBI,ltbi,800,nFalsePositiveTestsBCG_median,9.0,9.0,apy_cho_epi_curve_data.csv,0.0,0.0,1e-12,exact,pass
base_default_LTBI,ltbi,800,nFalsePositiveTestsNoBCG_median,4.0,4.0,apy_cho_epi_curve_data.csv,0.0,0.0,1e-12,exact,pass
base_default_LTBI,ltbi,800,nFalsePositiveTests_median,14.0,14.0,apy_cho_epi_curve_data.csv,0.0,0.0,1e-12,exact,pass
base_default_LTBI,ltbi,800,nFalsePositiveTreated_median,12.0,12.0,apy_cho_epi_curve_data.csv,0.0,0.0,1e-12,exact,pass
base_default_LTBI,ltbi,800,nIGRApos_median,103.0,103.0,apy_cho_epi_curve_data.csv,0.0,0.0,1e-12,exact,pass
base_default_LTBI,ltbi,800,nPreventedActiveTB_median,13.0,13.0,apy_cho_epi_curve_data.csv,0.0,0.0,1e-12,exact,pass
base_default_LTBI,ltbi,800,nScreenedBCG_median,544.0,544.0,apy_cho_epi_curve_data.csv,0.0,0.0,1e-12,exact,pass
base_default_LTBI,ltbi,800,nScreened_high95,800.0,800.0,apy_cho_epi_curve_data.csv,0.0,0.0,1e-12,exact,pass
base_default_LTBI,ltbi,800,nScreened_low95,800.0,800.0,apy_cho_epi_curve_data.csv,0.0,0.0,1e-12,exact,pass
base_default_LTBI,ltbi,800,nScreened_median,800.0,800.0,apy_cho_epi_curve_data.csv,0.0,0.0,1e-12,exact,pass
base_default_LTBI,ltbi,800,nTestPositiveNonActive_median,103.0,103.0,apy_cho_epi_curve_data.csv,0.0,0.0,1e-12,exact,pass
base_default_LTBI,ltbi,800,nTestPositive_median,113.0,113.0,apy_cho_epi_curve_data.csv,0.0,0.0,1e-12,exact,pass
base_default_LTBI,ltbi,800,nTotalCoursesCompleted_median,70.0,70.0,apy_cho_epi_curve_data.csv,0.0,0.0,1e-12,exact,pass
base_default_LTBI,ltbi,800,nTotalCoursesStarted_median,87.0,87.0,apy_cho_epi_curve_data.csv,0.0,0.0,1e-12,exact,pass
base_default_LTBI,ltbi,800,nTruePositiveTests_median,89.0,89.0,apy_cho_epi_curve_data.csv,0.0,0.0,1e-12,exact,pass
base_default_LTBI,ltbi,800,nTruePositiveTreated_median,75.0,75.0,apy_cho_epi_curve_data.csv,0.0,0.0,1e-12,exact,pass
base_default_LTBI,ltbi,800,relativeReduction20y_median,0.3428571428571428,0.3428571428571428,apy_cho_epi_curve_data.csv,0.0,0.0,1e-12,exact,pass
base_default_LTBI,ltbi,800,screenCoverage,0.5333333333333333,0.5333333333333333,apy_cho_epi_curve_data.csv,0.0,0.0,1e-12,exact,pass
base_default_LTBI,ltbi,900,NNS_prevent_one_active_TB,69.23076923076923,69.23076923076923,apy_cho_epi_curve_data.csv,0.0,0.0,1e-12,exact,pass
base_default_LTBI,ltbi,900,NNT_completed_prevent_one_active_TB,5.615384615384615,5.615384615384615,apy_cho_epi_curve_data.csv,0.0,0.0,1e-12,exact,pass
base_default_LTBI,ltbi,900,NNT_started_prevent_one_active_TB,7.0,7.0,apy_cho_epi_curve_data.csv,0.0,0.0,1e-12,exact,pass
base_default_LTBI,ltbi,900,PPV_trueAmongTestPositive,0.8518518518518519,0.8518518518518519,apy_cho_epi_curve_data.csv,0.0,0.0,1e-12,exact,pass
base_default_LTBI,ltbi,900,falsePositiveShareAmongTestPositive,0.1481481481481481,0.1481481481481481,apy_cho_epi_curve_data.csv,0.0,0.0,1e-12,exact,pass
base_default_LTBI,ltbi,900,falsePositiveTestsPerTruePositiveTest,0.1739130434782608,0.1739130434782608,apy_cho_epi_curve_data.csv,0.0,0.0,1e-12,exact,pass
base_default_LTBI,ltbi,900,falsePositiveTreatedPerTruePositiveTreated,0.1666666666666666,0.1666666666666666,apy_cho_epi_curve_data.csv,0.0,0.0,1e-12,exact,pass
base_default_LTBI,ltbi,900,falsePositiveTreatedShareAmongCoursesStarted,0.1428571428571428,0.1428571428571428,apy_cho_epi_curve_data.csv,0.0,0.0,1e-12,exact,pass
base_default_LTBI,ltbi,900,nActiveBy20y_AfterStrategy_median,24.0,24.0,apy_cho_epi_curve_data.csv,0.0,0.0,1e-12,exact,pass
base_default_LTBI,ltbi,900,nActiveBy20y_DoNothing_median,37.0,37.0,apy_cho_epi_curve_data.csv,0.0,0.0,1e-12,exact,pass
base_default_LTBI,ltbi,900,nCuredInfection_median,52.0,52.0,apy_cho_epi_curve_data.csv,0.0,0.0,1e-12,exact,pass
base_default_LTBI,ltbi,900,nFalsePositiveTestsBCG_median,11.0,11.0,apy_cho_epi_curve_data.csv,0.0,0.0,1e-12,exact,pass
base_default_LTBI,ltbi,900,nFalsePositiveTestsNoBCG_median,5.0,5.0,apy_cho_epi_curve_data.csv,0.0,0.0,1e-12,exact,pass
base_default_LTBI,ltbi,900,nFalsePositiveTests_median,16.0,16.0,apy_cho_epi_curve_data.csv,0.0,0.0,1e-12,exact,pass
base_default_LTBI,ltbi,900,nFalsePositiveTreated_median,13.0,13.0,apy_cho_epi_curve_data.csv,0.0,0.0,1e-12,exact,pass
base_default_LTBI,ltbi,900,nIGRApos_median,108.0,108.0,apy_cho_epi_curve_data.csv,0.0,0.0,1e-12,exact,pass
base_default_LTBI,ltbi,900,nPreventedActiveTB_median,13.0,13.0,apy_cho_epi_curve_data.csv,0.0,0.0,1e-12,exact,pass
base_default_LTBI,ltbi,900,nScreenedBCG_median,612.0,612.0,apy_cho_epi_curve_data.csv,0.0,0.0,1e-12,exact,pass
base_default_LTBI,ltbi,900,nScreened_high95,900.0,900.0,apy_cho_epi_curve_data.csv,0.0,0.0,1e-12,exact,pass
base_default_LTBI,ltbi,900,nScreened_low95,900.0,900.0,apy_cho_epi_curve_data.csv,0.0,0.0,1e-12,exact,pass
base_default_LTBI,ltbi,900,nScreened_median,900.0,900.0,apy_cho_epi_curve_data.csv,0.0,0.0,1e-12,exact,pass
base_default_LTBI,ltbi,900,nTestPositiveNonActive_median,108.0,108.0,apy_cho_epi_curve_data.csv,0.0,0.0,1e-12,exact,pass
base_default_LTBI,ltbi,900,nTestPositive_median,118.0,118.0,apy_cho_epi_curve_data.csv,0.0,0.0,1e-12,exact,pass
base_default_LTBI,ltbi,900,nTotalCoursesCompleted_median,73.0,73.0,apy_cho_epi_curve_data.csv,0.0,0.0,1e-12,exact,pass
base_default_LTBI,ltbi,900,nTotalCoursesStarted_median,91.0,91.0,apy_cho_epi_curve_data.csv,0.0,0.0,1e-12,exact,pass
base_default_LTBI,ltbi,900,nTruePositiveTests_median,92.0,92.0,apy_cho_epi_curve_data.csv,0.0,0.0,1e-12,exact,pass
base_default_LTBI,ltbi,900,nTruePositiveTreated_median,78.0,78.0,apy_cho_epi_curve_data.csv,0.0,0.0,1e-12,exact,pass
base_default_LTBI,ltbi,900,relativeReduction20y_median,0.3478260869565217,0.3478260869565217,apy_cho_epi_curve_data.csv,0.0,0.0,1e-12,exact,pass
base_default_LTBI,ltbi,900,screenCoverage,0.6,0.6,apy_cho_epi_curve_data.csv,0.0,0.0,1e-12,exact,pass
base_default_LTBI,ltbi,1000,NNS_prevent_one_active_TB,76.92307692307692,76.92307692307692,apy_cho_epi_curve_data.csv,0.0,0.0,1e-12,exact,pass
base_default_LTBI,ltbi,1000,NNT_completed_prevent_one_active_TB,5.846153846153846,5.846153846153846,apy_cho_epi_curve_data.csv,0.0,0.0,1e-12,exact,pass
base_default_LTBI,ltbi,1000,NNT_started_prevent_one_active_TB,7.230769230769231,7.230769230769231,apy_cho_epi_curve_data.csv,0.0,0.0,1e-12,exact,pass
base_default_LTBI,ltbi,1000,PPV_trueAmongTestPositive,0.8385650224215246,0.8385650224215246,apy_cho_epi_curve_data.csv,0.0,0.0,1e-12,exact,pass
base_default_LTBI,ltbi,1000,falsePositiveShareAmongTestPositive,0.1614349775784753,0.1614349775784753,apy_cho_epi_curve_data.csv,0.0,0.0,1e-12,exact,pass
base_default_LTBI,ltbi,1000,falsePositiveTestsPerTruePositiveTest,0.1925133689839572,0.1925133689839572,apy_cho_epi_curve_data.csv,0.0,0.0,1e-12,exact,pass
base_default_LTBI,ltbi,1000,falsePositiveTreatedPerTruePositiveTreated,0.189873417721519,0.189873417721519,apy_cho_epi_curve_data.csv,0.0,0.0,1e-12,exact,pass
base_default_LTBI,ltbi,1000,falsePositiveTreatedShareAmongCoursesStarted,0.1595744680851064,0.1595744680851064,apy_cho_epi_curve_data.csv,0.0,0.0,1e-12,exact,pass
base_default_LTBI,ltbi,1000,nActiveBy20y_AfterStrategy_median,24.0,24.0,apy_cho_epi_curve_data.csv,0.0,0.0,1e-12,exact,pass
base_default_LTBI,ltbi,1000,nActiveBy20y_DoNothing_median,37.0,37.0,apy_cho_epi_curve_data.csv,0.0,0.0,1e-12,exact,pass
base_default_LTBI,ltbi,1000,nCuredInfection_median,53.0,53.0,apy_cho_epi_curve_data.csv,0.0,0.0,1e-12,exact,pass
base_default_LTBI,ltbi,1000,nFalsePositiveTestsBCG_median,12.0,12.0,apy_cho_epi_curve_data.csv,0.0,0.0,1e-12,exact,pass
base_default_LTBI,ltbi,1000,nFalsePositiveTestsNoBCG_median,6.0,6.0,apy_cho_epi_curve_data.csv,0.0,0.0,1e-12,exact,pass
base_default_LTBI,ltbi,1000,nFalsePositiveTests_median,18.0,18.0,apy_cho_epi_curve_data.csv,0.0,0.0,1e-12,exact,pass
base_default_LTBI,ltbi,1000,nFalsePositiveTreated_median,15.0,15.0,apy_cho_epi_curve_data.csv,0.0,0.0,1e-12,exact,pass
base_default_LTBI,ltbi,1000,nIGRApos_median,111.5,111.5,apy_cho_epi_curve_data.csv,0.0,0.0,1e-12,exact,pass
base_default_LTBI,ltbi,1000,nPreventedActiveTB_median,13.0,13.0,apy_cho_epi_curve_data.csv,0.0,0.0,1e-12,exact,pass
base_default_LTBI,ltbi,1000,nScreenedBCG_median,680.0,680.0,apy_cho_epi_curve_data.csv,0.0,0.0,1e-12,exact,pass
base_default_LTBI,ltbi,1000,nScreened_high95,1000.0,1000.0,apy_cho_epi_curve_data.csv,0.0,0.0,1e-12,exact,pass
base_default_LTBI,ltbi,1000,nScreened_low95,1000.0,1000.0,apy_cho_epi_curve_data.csv,0.0,0.0,1e-12,exact,pass
base_default_LTBI,ltbi,1000,nScreened_median,1000.0,1000.0,apy_cho_epi_curve_data.csv,0.0,0.0,1e-12,exact,pass
base_default_LTBI,ltbi,1000,nTestPositiveNonActive_median,111.5,111.5,apy_cho_epi_curve_data.csv,0.0,0.0,1e-12,exact,pass
base_default_LTBI,ltbi,1000,nTestPositive_median,122.0,122.0,apy_cho_epi_curve_data.csv,0.0,0.0,1e-12,exact,pass
base_default_LTBI,ltbi,1000,nTotalCoursesCompleted_median,76.0,76.0,apy_cho_epi_curve_data.csv,0.0,0.0,1e-12,exact,pass
base_default_LTBI,ltbi,1000,nTotalCoursesStarted_median,94.0,94.0,apy_cho_epi_curve_data.csv,0.0,0.0,1e-12,exact,pass
base_default_LTBI,ltbi,1000,nTruePositiveTests_median,93.5,93.5,apy_cho_epi_curve_data.csv,0.0,0.0,1e-12,exact,pass
base_default_LTBI,ltbi,1000,nTruePositiveTreated_median,79.0,79.0,apy_cho_epi_curve_data.csv,0.0,0.0,1e-12,exact,pass
base_default_LTBI,ltbi,1000,relativeReduction20y_median,0.35,0.35,apy_cho_epi_curve_data.csv,0.0,0.0,1e-12,exact,pass
base_default_LTBI,ltbi,1000,screenCoverage,0.6666666666666666,0.6666666666666666,apy_cho_epi_curve_data.csv,0.0,0.0,1e-12,exact,pass
base_default_LTBI,ltbi,1100,NNS_prevent_one_active_TB,84.61538461538461,84.61538461538461,apy_cho_epi_curve_data.csv,0.0,0.0,1e-12,exact,pass
base_default_LTBI,ltbi,1100,NNT_completed_prevent_one_active_TB,6.0,6.0,apy_cho_epi_curve_data.csv,0.0,0.0,1e-12,exact,pass
base_default_LTBI,ltbi,1100,NNT_started_prevent_one_active_TB,7.538461538461538,7.538461538461538,apy_cho_epi_curve_data.csv,0.0,0.0,1e-12,exact,pass
base_default_LTBI,ltbi,1100,PPV_trueAmongTestPositive,0.8260869565217391,0.8260869565217391,apy_cho_epi_curve_data.csv,0.0,0.0,1e-12,exact,pass
base_default_LTBI,ltbi,1100,falsePositiveShareAmongTestPositive,0.1739130434782608,0.1739130434782608,apy_cho_epi_curve_data.csv,0.0,0.0,1e-12,exact,pass
base_default_LTBI,ltbi,1100,falsePositiveTestsPerTruePositiveTest,0.2105263157894736,0.2105263157894736,apy_cho_epi_curve_data.csv,0.0,0.0,1e-12,exact,pass
base_default_LTBI,ltbi,1100,falsePositiveTreatedPerTruePositiveTreated,0.2098765432098765,0.2098765432098765,apy_cho_epi_curve_data.csv,0.0,0.0,1e-12,exact,pass
base_default_LTBI,ltbi,1100,falsePositiveTreatedShareAmongCoursesStarted,0.173469387755102,0.173469387755102,apy_cho_epi_curve_data.csv,0.0,0.0,1e-12,exact,pass
base_default_LTBI,ltbi,1100,nActiveBy20y_AfterStrategy_median,24.0,24.0,apy_cho_epi_curve_data.csv,0.0,0.0,1e-12,exact,pass
base_default_LTBI,ltbi,1100,nActiveBy20y_DoNothing_median,37.0,37.0,apy_cho_epi_curve_data.csv,0.0,0.0,1e-12,exact,pass
base_default_LTBI,ltbi,1100,nCuredInfection_median,54.0,54.0,apy_cho_epi_curve_data.csv,0.0,0.0,1e-12,exact,pass
base_default_LTBI,ltbi,1100,nFalsePositiveTestsBCG_median,13.0,13.0,apy_cho_epi_curve_data.csv,0.0,0.0,1e-12,exact,pass
base_default_LTBI,ltbi,1100,nFalsePositiveTestsNoBCG_median,6.0,6.0,apy_cho_epi_curve_data.csv,0.0,0.0,1e-12,exact,pass
base_default_LTBI,ltbi,1100,nFalsePositiveTests_median,20.0,20.0,apy_cho_epi_curve_data.csv,0.0,0.0,1e-12,exact,pass
base_default_LTBI,ltbi,1100,nFalsePositiveTreated_median,17.0,17.0,apy_cho_epi_curve_data.csv,0.0,0.0,1e-12,exact,pass
base_default_LTBI,ltbi,1100,nIGRApos_median,115.0,115.0,apy_cho_epi_curve_data.csv,0.0,0.0,1e-12,exact,pass
base_default_LTBI,ltbi,1100,nPreventedActiveTB_median,13.0,13.0,apy_cho_epi_curve_data.csv,0.0,0.0,1e-12,exact,pass
base_default_LTBI,ltbi,1100,nScreenedBCG_median,747.0,747.0,apy_cho_epi_curve_data.csv,0.0,0.0,1e-12,exact,pass
base_default_LTBI,ltbi,1100,nScreened_high95,1100.0,1100.0,apy_cho_epi_curve_data.csv,0.0,0.0,1e-12,exact,pass
base_default_LTBI,ltbi,1100,nScreened_low95,1100.0,1100.0,apy_cho_epi_curve_data.csv,0.0,0.0,1e-12,exact,pass
base_default_LTBI,ltbi,1100,nScreened_median,1100.0,1100.0,apy_cho_epi_curve_data.csv,0.0,0.0,1e-12,exact,pass
base_default_LTBI,ltbi,1100,nTestPositiveNonActive_median,115.0,115.0,apy_cho_epi_curve_data.csv,0.0,0.0,1e-12,exact,pass
base_default_LTBI,ltbi,1100,nTestPositive_median,125.0,125.0,apy_cho_epi_curve_data.csv,0.0,0.0,1e-12,exact,pass
base_default_LTBI,ltbi,1100,nTotalCoursesCompleted_median,78.0,78.0,apy_cho_epi_curve_data.csv,0.0,0.0,1e-12,exact,pass
base_default_LTBI,ltbi,1100,nTotalCoursesStarted_median,98.0,98.0,apy_cho_epi_curve_data.csv,0.0,0.0,1e-12,exact,pass
base_default_LTBI,ltbi,1100,nTruePositiveTests_median,95.0,95.0,apy_cho_epi_curve_data.csv,0.0,0.0,1e-12,exact,pass
base_default_LTBI,ltbi,1100,nTruePositiveTreated_median,81.0,81.0,apy_cho_epi_curve_data.csv,0.0,0.0,1e-12,exact,pass
base_default_LTBI,ltbi,1100,relativeReduction20y_median,0.3506756756756757,0.3506756756756757,apy_cho_epi_curve_data.csv,0.0,0.0,1e-12,exact,pass
base_default_LTBI,ltbi,1100,screenCoverage,0.7333333333333333,0.7333333333333333,apy_cho_epi_curve_data.csv,0.0,0.0,1e-12,exact,pass
base_default_LTBI,ltbi,1200,NNS_prevent_one_active_TB,92.3076923076923,92.3076923076923,apy_cho_epi_curve_data.csv,0.0,0.0,1e-12,exact,pass
base_default_LTBI,ltbi,1200,NNT_completed_prevent_one_active_TB,6.153846153846154,6.153846153846154,apy_cho_epi_curve_data.csv,0.0,0.0,1e-12,exact,pass
base_default_LTBI,ltbi,1200,NNT_started_prevent_one_active_TB,7.6923076923076925,7.6923076923076925,apy_cho_epi_curve_data.csv,0.0,0.0,1e-12,exact,pass
base_default_LTBI,ltbi,1200,PPV_trueAmongTestPositive,0.8135593220338984,0.8135593220338984,apy_cho_epi_curve_data.csv,0.0,0.0,1e-12,exact,pass
base_default_LTBI,ltbi,1200,falsePositiveShareAmongTestPositive,0.1864406779661017,0.1864406779661017,apy_cho_epi_curve_data.csv,0.0,0.0,1e-12,exact,pass
base_default_LTBI,ltbi,1200,falsePositiveTestsPerTruePositiveTest,0.2291666666666666,0.2291666666666666,apy_cho_epi_curve_data.csv,0.0,0.0,1e-12,exact,pass
base_default_LTBI,ltbi,1200,falsePositiveTreatedPerTruePositiveTreated,0.2195121951219512,0.2195121951219512,apy_cho_epi_curve_data.csv,0.0,0.0,1e-12,exact,pass
base_default_LTBI,ltbi,1200,falsePositiveTreatedShareAmongCoursesStarted,0.18,0.18,apy_cho_epi_curve_data.csv,0.0,0.0,1e-12,exact,pass
base_default_LTBI,ltbi,1200,nActiveBy20y_AfterStrategy_median,24.0,24.0,apy_cho_epi_curve_data.csv,0.0,0.0,1e-12,exact,pass
base_default_LTBI,ltbi,1200,nActiveBy20y_DoNothing_median,37.0,37.0,apy_cho_epi_curve_data.csv,0.0,0.0,1e-12,exact,pass
base_default_LTBI,ltbi,1200,nCuredInfection_median,54.0,54.0,apy_cho_epi_curve_data.csv,0.0,0.0,1e-12,exact,pass
base_default_LTBI,ltbi,1200,nFalsePositiveTestsBCG_median,15.0,15.0,apy_cho_epi_curve_data.csv,0.0,0.0,1e-12,exact,pass
base_default_LTBI,ltbi,1200,nFalsePositiveTestsNoBCG_median,7.0,7.0,apy_cho_epi_curve_data.csv,0.0,0.0,1e-12,exact,pass
base_default_LTBI,ltbi,1200,nFalsePositiveTests_median,22.0,22.0,apy_cho_epi_curve_data.csv,0.0,0.0,1e-12,exact,pass
base_default_LTBI,ltbi,1200,nFalsePositiveTreated_median,18.0,18.0,apy_cho_epi_curve_data.csv,0.0,0.0,1e-12,exact,pass
base_default_LTBI,ltbi,1200,nIGRApos_median,118.0,118.0,apy_cho_epi_curve_data.csv,0.0,0.0,1e-12,exact,pass
base_default_LTBI,ltbi,1200,nPreventedActiveTB_median,13.0,13.0,apy_cho_epi_curve_data.csv,0.0,0.0,1e-12,exact,pass
base_default_LTBI,ltbi,1200,nScreenedBCG_median,816.0,816.0,apy_cho_epi_curve_data.csv,0.0,0.0,1e-12,exact,pass
base_default_LTBI,ltbi,1200,nScreened_high95,1200.0,1200.0,apy_cho_epi_curve_data.csv,0.0,0.0,1e-12,exact,pass
base_default_LTBI,ltbi,1200,nScreened_low95,1200.0,1200.0,apy_cho_epi_curve_data.csv,0.0,0.0,1e-12,exact,pass
base_default_LTBI,ltbi,1200,nScreened_median,1200.0,1200.0,apy_cho_epi_curve_data.csv,0.0,0.0,1e-12,exact,pass
base_default_LTBI,ltbi,1200,nTestPositiveNonActive_median,118.0,118.0,apy_cho_epi_curve_data.csv,0.0,0.0,1e-12,exact,pass
base_default_LTBI,ltbi,1200,nTestPositive_median,128.0,128.0,apy_cho_epi_curve_data.csv,0.0,0.0,1e-12,exact,pass
base_default_LTBI,ltbi,1200,nTotalCoursesCompleted_median,80.0,80.0,apy_cho_epi_curve_data.csv,0.0,0.0,1e-12,exact,pass
base_default_LTBI,ltbi,1200,nTotalCoursesStarted_median,100.0,100.0,apy_cho_epi_curve_data.csv,0.0,0.0,1e-12,exact,pass
base_default_LTBI,ltbi,1200,nTruePositiveTests_median,96.0,96.0,apy_cho_epi_curve_data.csv,0.0,0.0,1e-12,exact,pass
base_default_LTBI,ltbi,1200,nTruePositiveTreated_median,82.0,82.0,apy_cho_epi_curve_data.csv,0.0,0.0,1e-12,exact,pass
base_default_LTBI,ltbi,1200,relativeReduction20y_median,0.3548387096774194,0.3548387096774194,apy_cho_epi_curve_data.csv,0.0,0.0,1e-12,exact,pass
base_default_LTBI,ltbi,1200,screenCoverage,0.8,0.8,apy_cho_epi_curve_data.csv,0.0,0.0,1e-12,exact,pass
base_default_LTBI,ltbi,1300,NNS_prevent_one_active_TB,100.0,100.0,apy_cho_epi_curve_data.csv,0.0,0.0,1e-12,exact,pass
base_default_LTBI,ltbi,1300,NNT_completed_prevent_one_active_TB,6.307692307692308,6.307692307692308,apy_cho_epi_curve_data.csv,0.0,0.0,1e-12,exact,pass
base_default_LTBI,ltbi,1300,NNT_started_prevent_one_active_TB,7.846153846153846,7.846153846153846,apy_cho_epi_curve_data.csv,0.0,0.0,1e-12,exact,pass
base_default_LTBI,ltbi,1300,PPV_trueAmongTestPositive,0.8,0.8,apy_cho_epi_curve_data.csv,0.0,0.0,1e-12,exact,pass
base_default_LTBI,ltbi,1300,falsePositiveShareAmongTestPositive,0.2,0.2,apy_cho_epi_curve_data.csv,0.0,0.0,1e-12,exact,pass
base_default_LTBI,ltbi,1300,falsePositiveTestsPerTruePositiveTest,0.25,0.25,apy_cho_epi_curve_data.csv,0.0,0.0,1e-12,exact,pass
base_default_LTBI,ltbi,1300,falsePositiveTreatedPerTruePositiveTreated,0.2439024390243902,0.2439024390243902,apy_cho_epi_curve_data.csv,0.0,0.0,1e-12,exact,pass
base_default_LTBI,ltbi,1300,falsePositiveTreatedShareAmongCoursesStarted,0.196078431372549,0.196078431372549,apy_cho_epi_curve_data.csv,0.0,0.0,1e-12,exact,pass
base_default_LTBI,ltbi,1300,nActiveBy20y_AfterStrategy_median,24.0,24.0,apy_cho_epi_curve_data.csv,0.0,0.0,1e-12,exact,pass
base_default_LTBI,ltbi,1300,nActiveBy20y_DoNothing_median,37.0,37.0,apy_cho_epi_curve_data.csv,0.0,0.0,1e-12,exact,pass
base_default_LTBI,ltbi,1300,nCuredInfection_median,54.0,54.0,apy_cho_epi_curve_data.csv,0.0,0.0,1e-12,exact,pass
base_default_LTBI,ltbi,1300,nFalsePositiveTestsBCG_median,16.0,16.0,apy_cho_epi_curve_data.csv,0.0,0.0,1e-12,exact,pass
base_default_LTBI,ltbi,1300,nFalsePositiveTestsNoBCG_median,7.0,7.0,apy_cho_epi_curve_data.csv,0.0,0.0,1e-12,exact,pass
base_default_LTBI,ltbi,1300,nFalsePositiveTests_median,24.0,24.0,apy_cho_epi_curve_data.csv,0.0,0.0,1e-12,exact,pass
base_default_LTBI,ltbi,1300,nFalsePositiveTreated_median,20.0,20.0,apy_cho_epi_curve_data.csv,0.0,0.0,1e-12,exact,pass
base_default_LTBI,ltbi,1300,nIGRApos_median,120.0,120.0,apy_cho_epi_curve_data.csv,0.0,0.0,1e-12,exact,pass
base_default_LTBI,ltbi,1300,nPreventedActiveTB_median,13.0,13.0,apy_cho_epi_curve_data.csv,0.0,0.0,1e-12,exact,pass
base_default_LTBI,ltbi,1300,nScreenedBCG_median,883.0,883.0,apy_cho_epi_curve_data.csv,0.0,0.0,1e-12,exact,pass
base_default_LTBI,ltbi,1300,nScreened_high95,1300.0,1300.0,apy_cho_epi_curve_data.csv,0.0,0.0,1e-12,exact,pass
base_default_LTBI,ltbi,1300,nScreened_low95,1300.0,1300.0,apy_cho_epi_curve_data.csv,0.0,0.0,1e-12,exact,pass
base_default_LTBI,ltbi,1300,nScreened_median,1300.0,1300.0,apy_cho_epi_curve_data.csv,0.0,0.0,1e-12,exact,pass
base_default_LTBI,ltbi,1300,nTestPositiveNonActive_median,120.0,120.0,apy_cho_epi_curve_data.csv,0.0,0.0,1e-12,exact,pass
base_default_LTBI,ltbi,1300,nTestPositive_median,131.0,131.0,apy_cho_epi_curve_data.csv,0.0,0.0,1e-12,exact,pass
base_default_LTBI,ltbi,1300,nTotalCoursesCompleted_median,82.0,82.0,apy_cho_epi_curve_data.csv,0.0,0.0,1e-12,exact,pass
base_default_LTBI,ltbi,1300,nTotalCoursesStarted_median,102.0,102.0,apy_cho_epi_curve_data.csv,0.0,0.0,1e-12,exact,pass
base_default_LTBI,ltbi,1300,nTruePositiveTests_median,96.0,96.0,apy_cho_epi_curve_data.csv,0.0,0.0,1e-12,exact,pass
base_default_LTBI,ltbi,1300,nTruePositiveTreated_median,82.0,82.0,apy_cho_epi_curve_data.csv,0.0,0.0,1e-12,exact,pass
base_default_LTBI,ltbi,1300,relativeReduction20y_median,0.3555555555555555,0.3555555555555555,apy_cho_epi_curve_data.csv,0.0,0.0,1e-12,exact,pass
base_default_LTBI,ltbi,1300,screenCoverage,0.8666666666666667,0.8666666666666667,apy_cho_epi_curve_data.csv,0.0,0.0,1e-12,exact,pass
base_default_LTBI,ltbi,1400,NNS_prevent_one_active_TB,107.6923076923077,107.6923076923077,apy_cho_epi_curve_data.csv,0.0,0.0,1e-12,exact,pass
base_default_LTBI,ltbi,1400,NNT_completed_prevent_one_active_TB,6.384615384615385,6.384615384615385,apy_cho_epi_curve_data.csv,0.0,0.0,1e-12,exact,pass
base_default_LTBI,ltbi,1400,NNT_started_prevent_one_active_TB,8.0,8.0,apy_cho_epi_curve_data.csv,0.0,0.0,1e-12,exact,pass
base_default_LTBI,ltbi,1400,PPV_trueAmongTestPositive,0.7868852459016393,0.7868852459016393,apy_cho_epi_curve_data.csv,0.0,0.0,1e-12,exact,pass
base_default_LTBI,ltbi,1400,falsePositiveShareAmongTestPositive,0.2131147540983606,0.2131147540983606,apy_cho_epi_curve_data.csv,0.0,0.0,1e-12,exact,pass
base_default_LTBI,ltbi,1400,falsePositiveTestsPerTruePositiveTest,0.2708333333333333,0.2708333333333333,apy_cho_epi_curve_data.csv,0.0,0.0,1e-12,exact,pass
base_default_LTBI,ltbi,1400,falsePositiveTreatedPerTruePositiveTreated,0.2682926829268293,0.2682926829268293,apy_cho_epi_curve_data.csv,0.0,0.0,1e-12,exact,pass
base_default_LTBI,ltbi,1400,falsePositiveTreatedShareAmongCoursesStarted,0.2115384615384615,0.2115384615384615,apy_cho_epi_curve_data.csv,0.0,0.0,1e-12,exact,pass
base_default_LTBI,ltbi,1400,nActiveBy20y_AfterStrategy_median,24.0,24.0,apy_cho_epi_curve_data.csv,0.0,0.0,1e-12,exact,pass
base_default_LTBI,ltbi,1400,nActiveBy20y_DoNothing_median,37.0,37.0,apy_cho_epi_curve_data.csv,0.0,0.0,1e-12,exact,pass
base_default_LTBI,ltbi,1400,nCuredInfection_median,54.0,54.0,apy_cho_epi_curve_data.csv,0.0,0.0,1e-12,exact,pass
base_default_LTBI,ltbi,1400,nFalsePositiveTestsBCG_median,17.0,17.0,apy_cho_epi_curve_data.csv,0.0,0.0,1e-12,exact,pass
base_default_LTBI,ltbi,1400,nFalsePositiveTestsNoBCG_median,8.0,8.0,apy_cho_epi_curve_data.csv,0.0,0.0,1e-12,exact,pass
base_default_LTBI,ltbi,1400,nFalsePositiveTests_median,26.0,26.0,apy_cho_epi_curve_data.csv,0.0,0.0,1e-12,exact,pass
base_default_LTBI,ltbi,1400,nFalsePositiveTreated_median,22.0,22.0,apy_cho_epi_curve_data.csv,0.0,0.0,1e-12,exact,pass
base_default_LTBI,ltbi,1400,nIGRApos_median,122.0,122.0,apy_cho_epi_curve_data.csv,0.0,0.0,1e-12,exact,pass
base_default_LTBI,ltbi,1400,nPreventedActiveTB_median,13.0,13.0,apy_cho_epi_curve_data.csv,0.0,0.0,1e-12,exact,pass
base_default_LTBI,ltbi,1400,nScreenedBCG_median,952.0,952.0,apy_cho_epi_curve_data.csv,0.0,0.0,1e-12,exact,pass
base_default_LTBI,ltbi,1400,nScreened_high95,1400.0,1400.0,apy_cho_epi_curve_data.csv,0.0,0.0,1e-12,exact,pass
base_default_LTBI,ltbi,1400,nScreened_low95,1400.0,1400.0,apy_cho_epi_curve_data.csv,0.0,0.0,1e-12,exact,pass
base_default_LTBI,ltbi,1400,nScreened_median,1400.0,1400.0,apy_cho_epi_curve_data.csv,0.0,0.0,1e-12,exact,pass
base_default_LTBI,ltbi,1400,nTestPositiveNonActive_median,122.0,122.0,apy_cho_epi_curve_data.csv,0.0,0.0,1e-12,exact,pass
base_default_LTBI,ltbi,1400,nTestPositive_median,133.0,133.0,apy_cho_epi_curve_data.csv,0.0,0.0,1e-12,exact,pass
base_default_LTBI,ltbi,1400,nTotalCoursesCompleted_median,83.0,83.0,apy_cho_epi_curve_data.csv,0.0,0.0,1e-12,exact,pass
base_default_LTBI,ltbi,1400,nTotalCoursesStarted_median,104.0,104.0,apy_cho_epi_curve_data.csv,0.0,0.0,1e-12,exact,pass
base_default_LTBI,ltbi,1400,nTruePositiveTests_median,96.0,96.0,apy_cho_epi_curve_data.csv,0.0,0.0,1e-12,exact,pass
base_default_LTBI,ltbi,1400,nTruePositiveTreated_median,82.0,82.0,apy_cho_epi_curve_data.csv,0.0,0.0,1e-12,exact,pass
base_default_LTBI,ltbi,1400,relativeReduction20y_median,0.3555555555555555,0.3555555555555555,apy_cho_epi_curve_data.csv,0.0,0.0,1e-12,exact,pass
base_default_LTBI,ltbi,1400,screenCoverage,0.9333333333333332,0.9333333333333332,apy_cho_epi_curve_data.csv,0.0,0.0,1e-12,exact,pass
base_default_LTBI,ltbi,1500,NNS_prevent_one_active_TB,115.3846153846154,115.3846153846154,apy_cho_epi_curve_data.csv,0.0,0.0,1e-12,exact,pass
base_default_LTBI,ltbi,1500,NNT_completed_prevent_one_active_TB,6.461538461538462,6.461538461538462,apy_cho_epi_curve_data.csv,0.0,0.0,1e-12,exact,pass
base_default_LTBI,ltbi,1500,NNT_started_prevent_one_active_TB,8.076923076923077,8.076923076923077,apy_cho_epi_curve_data.csv,0.0,0.0,1e-12,exact,pass
base_default_LTBI,ltbi,1500,PPV_trueAmongTestPositive,0.7741935483870968,0.7741935483870968,apy_cho_epi_curve_data.csv,0.0,0.0,1e-12,exact,pass
base_default_LTBI,ltbi,1500,falsePositiveShareAmongTestPositive,0.2258064516129032,0.2258064516129032,apy_cho_epi_curve_data.csv,0.0,0.0,1e-12,exact,pass
base_default_LTBI,ltbi,1500,falsePositiveTestsPerTruePositiveTest,0.2916666666666667,0.2916666666666667,apy_cho_epi_curve_data.csv,0.0,0.0,1e-12,exact,pass
base_default_LTBI,ltbi,1500,falsePositiveTreatedPerTruePositiveTreated,0.2804878048780488,0.2804878048780488,apy_cho_epi_curve_data.csv,0.0,0.0,1e-12,exact,pass
base_default_LTBI,ltbi,1500,falsePositiveTreatedShareAmongCoursesStarted,0.219047619047619,0.219047619047619,apy_cho_epi_curve_data.csv,0.0,0.0,1e-12,exact,pass
base_default_LTBI,ltbi,1500,nActiveBy20y_AfterStrategy_median,24.0,24.0,apy_cho_epi_curve_data.csv,0.0,0.0,1e-12,exact,pass
base_default_LTBI,ltbi,1500,nActiveBy20y_DoNothing_median,37.0,37.0,apy_cho_epi_curve_data.csv,0.0,0.0,1e-12,exact,pass
base_default_LTBI,ltbi,1500,nCuredInfection_median,54.0,54.0,apy_cho_epi_curve_data.csv,0.0,0.0,1e-12,exact,pass
base_default_LTBI,ltbi,1500,nFalsePositiveTestsBCG_median,19.0,19.0,apy_cho_epi_curve_data.csv,0.0,0.0,1e-12,exact,pass
base_default_LTBI,ltbi,1500,nFalsePositiveTestsNoBCG_median,9.0,9.0,apy_cho_epi_curve_data.csv,0.0,0.0,1e-12,exact,pass
base_default_LTBI,ltbi,1500,nFalsePositiveTests_median,28.0,28.0,apy_cho_epi_curve_data.csv,0.0,0.0,1e-12,exact,pass
base_default_LTBI,ltbi,1500,nFalsePositiveTreated_median,23.0,23.0,apy_cho_epi_curve_data.csv,0.0,0.0,1e-12,exact,pass
base_default_LTBI,ltbi,1500,nIGRApos_median,124.0,124.0,apy_cho_epi_curve_data.csv,0.0,0.0,1e-12,exact,pass
base_default_LTBI,ltbi,1500,nPreventedActiveTB_median,13.0,13.0,apy_cho_epi_curve_data.csv,0.0,0.0,1e-12,exact,pass
base_default_LTBI,ltbi,1500,nScreenedBCG_median,1019.0,1019.0,apy_cho_epi_curve_data.csv,0.0,0.0,1e-12,exact,pass
base_default_LTBI,ltbi,1500,nScreened_high95,1500.0,1500.0,apy_cho_epi_curve_data.csv,0.0,0.0,1e-12,exact,pass
base_default_LTBI,ltbi,1500,nScreened_low95,1500.0,1500.0,apy_cho_epi_curve_data.csv,0.0,0.0,1e-12,exact,pass
base_default_LTBI,ltbi,1500,nScreened_median,1500.0,1500.0,apy_cho_epi_curve_data.csv,0.0,0.0,1e-12,exact,pass
base_default_LTBI,ltbi,1500,nTestPositiveNonActive_median,124.0,124.0,apy_cho_epi_curve_data.csv,0.0,0.0,1e-12,exact,pass
base_default_LTBI,ltbi,1500,nTestPositive_median,135.0,135.0,apy_cho_epi_curve_data.csv,0.0,0.0,1e-12,exact,pass
base_default_LTBI,ltbi,1500,nTotalCoursesCompleted_median,84.0,84.0,apy_cho_epi_curve_data.csv,0.0,0.0,1e-12,exact,pass
base_default_LTBI,ltbi,1500,nTotalCoursesStarted_median,105.0,105.0,apy_cho_epi_curve_data.csv,0.0,0.0,1e-12,exact,pass
base_default_LTBI,ltbi,1500,nTruePositiveTests_median,96.0,96.0,apy_cho_epi_curve_data.csv,0.0,0.0,1e-12,exact,pass
base_default_LTBI,ltbi,1500,nTruePositiveTreated_median,82.0,82.0,apy_cho_epi_curve_data.csv,0.0,0.0,1e-12,exact,pass
base_default_LTBI,ltbi,1500,relativeReduction20y_median,0.3513513513513513,0.3513513513513513,apy_cho_epi_curve_data.csv,0.0,0.0,1e-12,exact,pass
base_default_LTBI,ltbi,1500,screenCoverage,1.0,1.0,apy_cho_epi_curve_data.csv,0.0,0.0,1e-12,exact,pass
base_default_LTBI,prevent,0,NNS_prevent_one_active_TB,,,apy_cho_epi_curve_data.csv,0.0,0.0,1e-12,exact,pass
base_default_LTBI,prevent,0,NNT_completed_prevent_one_active_TB,,,apy_cho_epi_curve_data.csv,0.0,0.0,1e-12,exact,pass
base_default_LTBI,prevent,0,NNT_started_prevent_one_active_TB,,,apy_cho_epi_curve_data.csv,0.0,0.0,1e-12,exact,pass
base_default_LTBI,prevent,0,PPV_trueAmongTestPositive,,,apy_cho_epi_curve_data.csv,0.0,0.0,1e-12,exact,pass
base_default_LTBI,prevent,0,falsePositiveShareAmongTestPositive,,,apy_cho_epi_curve_data.csv,0.0,0.0,1e-12,exact,pass
base_default_LTBI,prevent,0,falsePositiveTestsPerTruePositiveTest,,,apy_cho_epi_curve_data.csv,0.0,0.0,1e-12,exact,pass
base_default_LTBI,prevent,0,falsePositiveTreatedPerTruePositiveTreated,,,apy_cho_epi_curve_data.csv,0.0,0.0,1e-12,exact,pass
base_default_LTBI,prevent,0,falsePositiveTreatedShareAmongCoursesStarted,,,apy_cho_epi_curve_data.csv,0.0,0.0,1e-12,exact,pass
base_default_LTBI,prevent,0,nActiveBy20y_AfterStrategy_median,37.0,37.0,apy_cho_epi_curve_data.csv,0.0,0.0,1e-12,exact,pass
base_default_LTBI,prevent,0,nActiveBy20y_DoNothing_median,37.0,37.0,apy_cho_epi_curve_data.csv,0.0,0.0,1e-12,exact,pass
base_default_LTBI,prevent,0,nCuredInfection_median,0.0,0.0,apy_cho_epi_curve_data.csv,0.0,,1e-12,exact,pass
base_default_LTBI,prevent,0,nFalsePositiveTestsBCG_median,0.0,0.0,apy_cho_epi_curve_data.csv,0.0,,1e-12,exact,pass
base_default_LTBI,prevent,0,nFalsePositiveTestsNoBCG_median,0.0,0.0,apy_cho_epi_curve_data.csv,0.0,,1e-12,exact,pass
base_default_LTBI,prevent,0,nFalsePositiveTests_median,0.0,0.0,apy_cho_epi_curve_data.csv,0.0,,1e-12,exact,pass
base_default_LTBI,prevent,0,nFalsePositiveTreated_median,0.0,0.0,apy_cho_epi_curve_data.csv,0.0,,1e-12,exact,pass
base_default_LTBI,prevent,0,nIGRApos_median,0.0,0.0,apy_cho_epi_curve_data.csv,0.0,,1e-12,exact,pass
base_default_LTBI,prevent,0,nPreventedActiveTB_median,0.0,0.0,apy_cho_epi_curve_data.csv,0.0,,1e-12,exact,pass
base_default_LTBI,prevent,0,nScreenedBCG_median,0.0,0.0,apy_cho_epi_curve_data.csv,0.0,,1e-12,exact,pass
base_default_LTBI,prevent,0,nScreened_high95,0.0,0.0,apy_cho_epi_curve_data.csv,0.0,,1e-12,exact,pass
base_default_LTBI,prevent,0,nScreened_low95,0.0,0.0,apy_cho_epi_curve_data.csv,0.0,,1e-12,exact,pass
base_default_LTBI,prevent,0,nScreened_median,0.0,0.0,apy_cho_epi_curve_data.csv,0.0,,1e-12,exact,pass
base_default_LTBI,prevent,0,nTestPositiveNonActive_median,0.0,0.0,apy_cho_epi_curve_data.csv,0.0,,1e-12,exact,pass
base_default_LTBI,prevent,0,nTestPositive_median,0.0,0.0,apy_cho_epi_curve_data.csv,0.0,,1e-12,exact,pass
base_default_LTBI,prevent,0,nTotalCoursesCompleted_median,0.0,0.0,apy_cho_epi_curve_data.csv,0.0,,1e-12,exact,pass
base_default_LTBI,prevent,0,nTotalCoursesStarted_median,0.0,0.0,apy_cho_epi_curve_data.csv,0.0,,1e-12,exact,pass
base_default_LTBI,prevent,0,nTruePositiveTests_median,0.0,0.0,apy_cho_epi_curve_data.csv,0.0,,1e-12,exact,pass
base_default_LTBI,prevent,0,nTruePositiveTreated_median,0.0,0.0,apy_cho_epi_curve_data.csv,0.0,,1e-12,exact,pass
base_default_LTBI,prevent,0,relativeReduction20y_median,0.0,0.0,apy_cho_epi_curve_data.csv,0.0,,1e-12,exact,pass
base_default_LTBI,prevent,0,screenCoverage,0.0,0.0,apy_cho_epi_curve_data.csv,0.0,,1e-12,exact,pass
base_default_LTBI,prevent,50,NNS_prevent_one_active_TB,10.0,10.0,apy_cho_epi_curve_data.csv,0.0,0.0,1e-12,exact,pass
base_default_LTBI,prevent,50,NNT_completed_prevent_one_active_TB,2.2,2.2,apy_cho_epi_curve_data.csv,0.0,0.0,1e-12,exact,pass
base_default_LTBI,prevent,50,NNT_started_prevent_one_active_TB,2.6,2.6,apy_cho_epi_curve_data.csv,0.0,0.0,1e-12,exact,pass
base_default_LTBI,prevent,50,PPV_trueAmongTestPositive,1.0,1.0,apy_cho_epi_curve_data.csv,0.0,0.0,1e-12,exact,pass
base_default_LTBI,prevent,50,falsePositiveShareAmongTestPositive,0.0,0.0,apy_cho_epi_curve_data.csv,0.0,,1e-12,exact,pass
base_default_LTBI,prevent,50,falsePositiveTestsPerTruePositiveTest,0.0,0.0,apy_cho_epi_curve_data.csv,0.0,,1e-12,exact,pass
base_default_LTBI,prevent,50,falsePositiveTreatedPerTruePositiveTreated,0.0,0.0,apy_cho_epi_curve_data.csv,0.0,,1e-12,exact,pass
base_default_LTBI,prevent,50,falsePositiveTreatedShareAmongCoursesStarted,0.0,0.0,apy_cho_epi_curve_data.csv,0.0,,1e-12,exact,pass
base_default_LTBI,prevent,50,nActiveBy20y_AfterStrategy_median,32.0,32.0,apy_cho_epi_curve_data.csv,0.0,0.0,1e-12,exact,pass
base_default_LTBI,prevent,50,nActiveBy20y_DoNothing_median,37.0,37.0,apy_cho_epi_curve_data.csv,0.0,0.0,1e-12,exact,pass
base_default_LTBI,prevent,50,nCuredInfection_median,8.0,8.0,apy_cho_epi_curve_data.csv,0.0,0.0,1e-12,exact,pass
base_default_LTBI,prevent,50,nFalsePositiveTestsBCG_median,0.0,0.0,apy_cho_epi_curve_data.csv,0.0,,1e-12,exact,pass
base_default_LTBI,prevent,50,nFalsePositiveTestsNoBCG_median,0.0,0.0,apy_cho_epi_curve_data.csv,0.0,,1e-12,exact,pass
base_default_LTBI,prevent,50,nFalsePositiveTests_median,0.0,0.0,apy_cho_epi_curve_data.csv,0.0,,1e-12,exact,pass
base_default_LTBI,prevent,50,nFalsePositiveTreated_median,0.0,0.0,apy_cho_epi_curve_data.csv,0.0,,1e-12,exact,pass
base_default_LTBI,prevent,50,nIGRApos_median,16.0,16.0,apy_cho_epi_curve_data.csv,0.0,0.0,1e-12,exact,pass
base_default_LTBI,prevent,50,nPreventedActiveTB_median,5.0,5.0,apy_cho_epi_curve_data.csv,0.0,0.0,1e-12,exact,pass
base_default_LTBI,prevent,50,nScreenedBCG_median,34.0,34.0,apy_cho_epi_curve_data.csv,0.0,0.0,1e-12,exact,pass
base_default_LTBI,prevent,50,nScreened_high95,50.0,50.0,apy_cho_epi_curve_data.csv,0.0,0.0,1e-12,exact,pass
base_default_LTBI,prevent,50,nScreened_low95,50.0,50.0,apy_cho_epi_curve_data.csv,0.0,0.0,1e-12,exact,pass
base_default_LTBI,prevent,50,nScreened_median,50.0,50.0,apy_cho_epi_curve_data.csv,0.0,0.0,1e-12,exact,pass
base_default_LTBI,prevent,50,nTestPositiveNonActive_median,16.0,16.0,apy_cho_epi_curve_data.csv,0.0,0.0,1e-12,exact,pass
base_default_LTBI,prevent,50,nTestPositive_median,21.0,21.0,apy_cho_epi_curve_data.csv,0.0,0.0,1e-12,exact,pass
base_default_LTBI,prevent,50,nTotalCoursesCompleted_median,11.0,11.0,apy_cho_epi_curve_data.csv,0.0,0.0,1e-12,exact,pass
base_default_LTBI,prevent,50,nTotalCoursesStarted_median,13.0,13.0,apy_cho_epi_curve_data.csv,0.0,0.0,1e-12,exact,pass
base_default_LTBI,prevent,50,nTruePositiveTests_median,16.0,16.0,apy_cho_epi_curve_data.csv,0.0,0.0,1e-12,exact,pass
base_default_LTBI,prevent,50,nTruePositiveTreated_median,13.0,13.0,apy_cho_epi_curve_data.csv,0.0,0.0,1e-12,exact,pass
base_default_LTBI,prevent,50,relativeReduction20y_median,0.1290322580645161,0.1290322580645161,apy_cho_epi_curve_data.csv,0.0,0.0,1e-12,exact,pass
base_default_LTBI,prevent,50,screenCoverage,0.0333333333333333,0.0333333333333333,apy_cho_epi_curve_data.csv,0.0,0.0,1e-12,exact,pass
base_default_LTBI,prevent,100,NNS_prevent_one_active_TB,14.285714285714286,14.285714285714286,apy_cho_epi_curve_data.csv,0.0,0.0,1e-12,exact,pass
base_default_LTBI,prevent,100,NNT_completed_prevent_one_active_TB,2.571428571428572,2.571428571428572,apy_cho_epi_curve_data.csv,0.0,0.0,1e-12,exact,pass
base_default_LTBI,prevent,100,NNT_started_prevent_one_active_TB,3.142857142857143,3.142857142857143,apy_cho_epi_curve_data.csv,0.0,0.0,1e-12,exact,pass
base_default_LTBI,prevent,100,PPV_trueAmongTestPositive,0.9615384615384616,0.9615384615384616,apy_cho_epi_curve_data.csv,0.0,0.0,1e-12,exact,pass
base_default_LTBI,prevent,100,falsePositiveShareAmongTestPositive,0.0384615384615384,0.0384615384615384,apy_cho_epi_curve_data.csv,0.0,0.0,1e-12,exact,pass
base_default_LTBI,prevent,100,falsePositiveTestsPerTruePositiveTest,0.04,0.04,apy_cho_epi_curve_data.csv,0.0,0.0,1e-12,exact,pass
base_default_LTBI,prevent,100,falsePositiveTreatedPerTruePositiveTreated,0.0476190476190476,0.0476190476190476,apy_cho_epi_curve_data.csv,0.0,0.0,1e-12,exact,pass
base_default_LTBI,prevent,100,falsePositiveTreatedShareAmongCoursesStarted,0.0454545454545454,0.0454545454545454,apy_cho_epi_curve_data.csv,0.0,0.0,1e-12,exact,pass
base_default_LTBI,prevent,100,nActiveBy20y_AfterStrategy_median,30.0,30.0,apy_cho_epi_curve_data.csv,0.0,0.0,1e-12,exact,pass
base_default_LTBI,prevent,100,nActiveBy20y_DoNothing_median,37.0,37.0,apy_cho_epi_curve_data.csv,0.0,0.0,1e-12,exact,pass
base_default_LTBI,prevent,100,nCuredInfection_median,14.0,14.0,apy_cho_epi_curve_data.csv,0.0,0.0,1e-12,exact,pass
base_default_LTBI,prevent,100,nFalsePositiveTestsBCG_median,1.0,1.0,apy_cho_epi_curve_data.csv,0.0,0.0,1e-12,exact,pass
base_default_LTBI,prevent,100,nFalsePositiveTestsNoBCG_median,0.0,0.0,apy_cho_epi_curve_data.csv,0.0,,1e-12,exact,pass
base_default_LTBI,prevent,100,nFalsePositiveTests_median,1.0,1.0,apy_cho_epi_curve_data.csv,0.0,0.0,1e-12,exact,pass
base_default_LTBI,prevent,100,nFalsePositiveTreated_median,1.0,1.0,apy_cho_epi_curve_data.csv,0.0,0.0,1e-12,exact,pass
base_default_LTBI,prevent,100,nIGRApos_median,26.0,26.0,apy_cho_epi_curve_data.csv,0.0,0.0,1e-12,exact,pass
base_default_LTBI,prevent,100,nPreventedActiveTB_median,7.0,7.0,apy_cho_epi_curve_data.csv,0.0,0.0,1e-12,exact,pass
base_default_LTBI,prevent,100,nScreenedBCG_median,68.0,68.0,apy_cho_epi_curve_data.csv,0.0,0.0,1e-12,exact,pass
base_default_LTBI,prevent,100,nScreened_high95,100.0,100.0,apy_cho_epi_curve_data.csv,0.0,0.0,1e-12,exact,pass
base_default_LTBI,prevent,100,nScreened_low95,100.0,100.0,apy_cho_epi_curve_data.csv,0.0,0.0,1e-12,exact,pass
base_default_LTBI,prevent,100,nScreened_median,100.0,100.0,apy_cho_epi_curve_data.csv,0.0,0.0,1e-12,exact,pass
base_default_LTBI,prevent,100,nTestPositiveNonActive_median,26.0,26.0,apy_cho_epi_curve_data.csv,0.0,0.0,1e-12,exact,pass
base_default_LTBI,prevent,100,nTestPositive_median,33.0,33.0,apy_cho_epi_curve_data.csv,0.0,0.0,1e-12,exact,pass
base_default_LTBI,prevent,100,nTotalCoursesCompleted_median,18.0,18.0,apy_cho_epi_curve_data.csv,0.0,0.0,1e-12,exact,pass
base_default_LTBI,prevent,100,nTotalCoursesStarted_median,22.0,22.0,apy_cho_epi_curve_data.csv,0.0,0.0,1e-12,exact,pass
base_default_LTBI,prevent,100,nTruePositiveTests_median,25.0,25.0,apy_cho_epi_curve_data.csv,0.0,0.0,1e-12,exact,pass
base_default_LTBI,prevent,100,nTruePositiveTreated_median,21.0,21.0,apy_cho_epi_curve_data.csv,0.0,0.0,1e-12,exact,pass
base_default_LTBI,prevent,100,relativeReduction20y_median,0.1904761904761904,0.1904761904761904,apy_cho_epi_curve_data.csv,0.0,0.0,1e-12,exact,pass
base_default_LTBI,prevent,100,screenCoverage,0.0666666666666666,0.0666666666666666,apy_cho_epi_curve_data.csv,0.0,0.0,1e-12,exact,pass
base_default_LTBI,prevent,150,NNS_prevent_one_active_TB,16.666666666666668,16.666666666666668,apy_cho_epi_curve_data.csv,0.0,0.0,1e-12,exact,pass
base_default_LTBI,prevent,150,NNT_completed_prevent_one_active_TB,2.6666666666666665,2.6666666666666665,apy_cho_epi_curve_data.csv,0.0,0.0,1e-12,exact,pass
base_default_LTBI,prevent,150,NNT_started_prevent_one_active_TB,3.333333333333333,3.333333333333333,apy_cho_epi_curve_data.csv,0.0,0.0,1e-12,exact,pass
base_default_LTBI,prevent,150,PPV_trueAmongTestPositive,0.9428571428571428,0.9428571428571428,apy_cho_epi_curve_data.csv,0.0,0.0,1e-12,exact,pass
base_default_LTBI,prevent,150,falsePositiveShareAmongTestPositive,0.0571428571428571,0.0571428571428571,apy_cho_epi_curve_data.csv,0.0,0.0,1e-12,exact,pass
base_default_LTBI,prevent,150,falsePositiveTestsPerTruePositiveTest,0.0606060606060606,0.0606060606060606,apy_cho_epi_curve_data.csv,0.0,0.0,1e-12,exact,pass
base_default_LTBI,prevent,150,falsePositiveTreatedPerTruePositiveTreated,0.0714285714285714,0.0714285714285714,apy_cho_epi_curve_data.csv,0.0,0.0,1e-12,exact,pass
base_default_LTBI,prevent,150,falsePositiveTreatedShareAmongCoursesStarted,0.0666666666666666,0.0666666666666666,apy_cho_epi_curve_data.csv,0.0,0.0,1e-12,exact,pass
base_default_LTBI,prevent,150,nActiveBy20y_AfterStrategy_median,28.0,28.0,apy_cho_epi_curve_data.csv,0.0,0.0,1e-12,exact,pass
base_default_LTBI,prevent,150,nActiveBy20y_DoNothing_median,37.0,37.0,apy_cho_epi_curve_data.csv,0.0,0.0,1e-12,exact,pass
base_default_LTBI,prevent,150,nCuredInfection_median,18.0,18.0,apy_cho_epi_curve_data.csv,0.0,0.0,1e-12,exact,pass
base_default_LTBI,prevent,150,nFalsePositiveTestsBCG_median,1.0,1.0,apy_cho_epi_curve_data.csv,0.0,0.0,1e-12,exact,pass
base_default_LTBI,prevent,150,nFalsePositiveTestsNoBCG_median,0.0,0.0,apy_cho_epi_curve_data.csv,0.0,,1e-12,exact,pass
base_default_LTBI,prevent,150,nFalsePositiveTests_median,2.0,2.0,apy_cho_epi_curve_data.csv,0.0,0.0,1e-12,exact,pass
base_default_LTBI,prevent,150,nFalsePositiveTreated_median,2.0,2.0,apy_cho_epi_curve_data.csv,0.0,0.0,1e-12,exact,pass
base_default_LTBI,prevent,150,nIGRApos_median,35.0,35.0,apy_cho_epi_curve_data.csv,0.0,0.0,1e-12,exact,pass
base_default_LTBI,prevent,150,nPreventedActiveTB_median,9.0,9.0,apy_cho_epi_curve_data.csv,0.0,0.0,1e-12,exact,pass
base_default_LTBI,prevent,150,nScreenedBCG_median,102.0,102.0,apy_cho_epi_curve_data.csv,0.0,0.0,1e-12,exact,pass
base_default_LTBI,prevent,150,nScreened_high95,150.0,150.0,apy_cho_epi_curve_data.csv,0.0,0.0,1e-12,exact,pass
base_default_LTBI,prevent,150,nScreened_low95,150.0,150.0,apy_cho_epi_curve_data.csv,0.0,0.0,1e-12,exact,pass
base_default_LTBI,prevent,150,nScreened_median,150.0,150.0,apy_cho_epi_curve_data.csv,0.0,0.0,1e-12,exact,pass
base_default_LTBI,prevent,150,nTestPositiveNonActive_median,35.0,35.0,apy_cho_epi_curve_data.csv,0.0,0.0,1e-12,exact,pass
base_default_LTBI,prevent,150,nTestPositive_median,43.0,43.0,apy_cho_epi_curve_data.csv,0.0,0.0,1e-12,exact,pass
base_default_LTBI,prevent,150,nTotalCoursesCompleted_median,24.0,24.0,apy_cho_epi_curve_data.csv,0.0,0.0,1e-12,exact,pass
base_default_LTBI,prevent,150,nTotalCoursesStarted_median,30.0,30.0,apy_cho_epi_curve_data.csv,0.0,0.0,1e-12,exact,pass
base_default_LTBI,prevent,150,nTruePositiveTests_median,33.0,33.0,apy_cho_epi_curve_data.csv,0.0,0.0,1e-12,exact,pass
base_default_LTBI,prevent,150,nTruePositiveTreated_median,28.0,28.0,apy_cho_epi_curve_data.csv,0.0,0.0,1e-12,exact,pass
base_default_LTBI,prevent,150,relativeReduction20y_median,0.2307692307692307,0.2307692307692307,apy_cho_epi_curve_data.csv,0.0,0.0,1e-12,exact,pass
base_default_LTBI,prevent,150,screenCoverage,0.1,0.1,apy_cho_epi_curve_data.csv,0.0,0.0,1e-12,exact,pass
base_default_LTBI,prevent,200,NNS_prevent_one_active_TB,20.0,20.0,apy_cho_epi_curve_data.csv,0.0,0.0,1e-12,exact,pass
base_default_LTBI,prevent,200,NNT_completed_prevent_one_active_TB,2.9,2.9,apy_cho_epi_curve_data.csv,0.0,0.0,1e-12,exact,pass
base_default_LTBI,prevent,200,NNT_started_prevent_one_active_TB,3.7,3.7,apy_cho_epi_curve_data.csv,0.0,0.0,1e-12,exact,pass
base_default_LTBI,prevent,200,PPV_trueAmongTestPositive,0.9302325581395348,0.9302325581395348,apy_cho_epi_curve_data.csv,0.0,0.0,1e-12,exact,pass
base_default_LTBI,prevent,200,falsePositiveShareAmongTestPositive,0.0697674418604651,0.0697674418604651,apy_cho_epi_curve_data.csv,0.0,0.0,1e-12,exact,pass
base_default_LTBI,prevent,200,falsePositiveTestsPerTruePositiveTest,0.075,0.075,apy_cho_epi_curve_data.csv,0.0,0.0,1e-12,exact,pass
base_default_LTBI,prevent,200,falsePositiveTreatedPerTruePositiveTreated,0.0571428571428571,0.0571428571428571,apy_cho_epi_curve_data.csv,0.0,0.0,1e-12,exact,pass
base_default_LTBI,prevent,200,falsePositiveTreatedShareAmongCoursesStarted,0.054054054054054,0.054054054054054,apy_cho_epi_curve_data.csv,0.0,0.0,1e-12,exact,pass
base_default_LTBI,prevent,200,nActiveBy20y_AfterStrategy_median,27.0,27.0,apy_cho_epi_curve_data.csv,0.0,0.0,1e-12,exact,pass
base_default_LTBI,prevent,200,nActiveBy20y_DoNothing_median,37.0,37.0,apy_cho_epi_curve_data.csv,0.0,0.0,1e-12,exact,pass
base_default_LTBI,prevent,200,nCuredInfection_median,22.0,22.0,apy_cho_epi_curve_data.csv,0.0,0.0,1e-12,exact,pass
base_default_LTBI,prevent,200,nFalsePositiveTestsBCG_median,2.0,2.0,apy_cho_epi_curve_data.csv,0.0,0.0,1e-12,exact,pass
base_default_LTBI,prevent,200,nFalsePositiveTestsNoBCG_median,1.0,1.0,apy_cho_epi_curve_data.csv,0.0,0.0,1e-12,exact,pass
base_default_LTBI,prevent,200,nFalsePositiveTests_median,3.0,3.0,apy_cho_epi_curve_data.csv,0.0,0.0,1e-12,exact,pass
base_default_LTBI,prevent,200,nFalsePositiveTreated_median,2.0,2.0,apy_cho_epi_curve_data.csv,0.0,0.0,1e-12,exact,pass
base_default_LTBI,prevent,200,nIGRApos_median,43.0,43.0,apy_cho_epi_curve_data.csv,0.0,0.0,1e-12,exact,pass
base_default_LTBI,prevent,200,nPreventedActiveTB_median,10.0,10.0,apy_cho_epi_curve_data.csv,0.0,0.0,1e-12,exact,pass
base_default_LTBI,prevent,200,nScreenedBCG_median,136.0,136.0,apy_cho_epi_curve_data.csv,0.0,0.0,1e-12,exact,pass
base_default_LTBI,prevent,200,nScreened_high95,200.0,200.0,apy_cho_epi_curve_data.csv,0.0,0.0,1e-12,exact,pass
base_default_LTBI,prevent,200,nScreened_low95,200.0,200.0,apy_cho_epi_curve_data.csv,0.0,0.0,1e-12,exact,pass
base_default_LTBI,prevent,200,nScreened_median,200.0,200.0,apy_cho_epi_curve_data.csv,0.0,0.0,1e-12,exact,pass
base_default_LTBI,prevent,200,nTestPositiveNonActive_median,43.0,43.0,apy_cho_epi_curve_data.csv,0.0,0.0,1e-12,exact,pass
base_default_LTBI,prevent,200,nTestPositive_median,52.0,52.0,apy_cho_epi_curve_data.csv,0.0,0.0,1e-12,exact,pass
base_default_LTBI,prevent,200,nTotalCoursesCompleted_median,29.0,29.0,apy_cho_epi_curve_data.csv,0.0,0.0,1e-12,exact,pass
base_default_LTBI,prevent,200,nTotalCoursesStarted_median,37.0,37.0,apy_cho_epi_curve_data.csv,0.0,0.0,1e-12,exact,pass
base_default_LTBI,prevent,200,nTruePositiveTests_median,40.0,40.0,apy_cho_epi_curve_data.csv,0.0,0.0,1e-12,exact,pass
base_default_LTBI,prevent,200,nTruePositiveTreated_median,35.0,35.0,apy_cho_epi_curve_data.csv,0.0,0.0,1e-12,exact,pass
base_default_LTBI,prevent,200,relativeReduction20y_median,0.2592592592592592,0.2592592592592592,apy_cho_epi_curve_data.csv,0.0,0.0,1e-12,exact,pass
base_default_LTBI,prevent,200,screenCoverage,0.1333333333333333,0.1333333333333333,apy_cho_epi_curve_data.csv,0.0,0.0,1e-12,exact,pass
base_default_LTBI,prevent,250,NNS_prevent_one_active_TB,25.0,25.0,apy_cho_epi_curve_data.csv,0.0,0.0,1e-12,exact,pass
base_default_LTBI,prevent,250,NNT_completed_prevent_one_active_TB,3.4,3.4,apy_cho_epi_curve_data.csv,0.0,0.0,1e-12,exact,pass
base_default_LTBI,prevent,250,NNT_started_prevent_one_active_TB,4.3,4.3,apy_cho_epi_curve_data.csv,0.0,0.0,1e-12,exact,pass
base_default_LTBI,prevent,250,PPV_trueAmongTestPositive,0.9215686274509804,0.9215686274509804,apy_cho_epi_curve_data.csv,0.0,0.0,1e-12,exact,pass
base_default_LTBI,prevent,250,falsePositiveShareAmongTestPositive,0.0784313725490196,0.0784313725490196,apy_cho_epi_curve_data.csv,0.0,0.0,1e-12,exact,pass
base_default_LTBI,prevent,250,falsePositiveTestsPerTruePositiveTest,0.0851063829787234,0.0851063829787234,apy_cho_epi_curve_data.csv,0.0,0.0,1e-12,exact,pass
base_default_LTBI,prevent,250,falsePositiveTreatedPerTruePositiveTreated,0.075,0.075,apy_cho_epi_curve_data.csv,0.0,0.0,1e-12,exact,pass
base_default_LTBI,prevent,250,falsePositiveTreatedShareAmongCoursesStarted,0.0697674418604651,0.0697674418604651,apy_cho_epi_curve_data.csv,0.0,0.0,1e-12,exact,pass
base_default_LTBI,prevent,250,nActiveBy20y_AfterStrategy_median,27.0,27.0,apy_cho_epi_curve_data.csv,0.0,0.0,1e-12,exact,pass
base_default_LTBI,prevent,250,nActiveBy20y_DoNothing_median,37.0,37.0,apy_cho_epi_curve_data.csv,0.0,0.0,1e-12,exact,pass
base_default_LTBI,prevent,250,nCuredInfection_median,26.0,26.0,apy_cho_epi_curve_data.csv,0.0,0.0,1e-12,exact,pass
base_default_LTBI,prevent,250,nFalsePositiveTestsBCG_median,2.0,2.0,apy_cho_epi_curve_data.csv,0.0,0.0,1e-12,exact,pass
base_default_LTBI,prevent,250,nFalsePositiveTestsNoBCG_median,1.0,1.0,apy_cho_epi_curve_data.csv,0.0,0.0,1e-12,exact,pass
base_default_LTBI,prevent,250,nFalsePositiveTests_median,4.0,4.0,apy_cho_epi_curve_data.csv,0.0,0.0,1e-12,exact,pass
base_default_LTBI,prevent,250,nFalsePositiveTreated_median,3.0,3.0,apy_cho_epi_curve_data.csv,0.0,0.0,1e-12,exact,pass
base_default_LTBI,prevent,250,nIGRApos_median,51.0,51.0,apy_cho_epi_curve_data.csv,0.0,0.0,1e-12,exact,pass
base_default_LTBI,prevent,250,nPreventedActiveTB_median,10.0,10.0,apy_cho_epi_curve_data.csv,0.0,0.0,1e-12,exact,pass
base_default_LTBI,prevent,250,nScreenedBCG_median,170.0,170.0,apy_cho_epi_curve_data.csv,0.0,0.0,1e-12,exact,pass
base_default_LTBI,prevent,250,nScreened_high95,250.0,250.0,apy_cho_epi_curve_data.csv,0.0,0.0,1e-12,exact,pass
base_default_LTBI,prevent,250,nScreened_low95,250.0,250.0,apy_cho_epi_curve_data.csv,0.0,0.0,1e-12,exact,pass
base_default_LTBI,prevent,250,nScreened_median,250.0,250.0,apy_cho_epi_curve_data.csv,0.0,0.0,1e-12,exact,pass
base_default_LTBI,prevent,250,nTestPositiveNonActive_median,51.0,51.0,apy_cho_epi_curve_data.csv,0.0,0.0,1e-12,exact,pass
base_default_LTBI,prevent,250,nTestPositive_median,60.0,60.0,apy_cho_epi_curve_data.csv,0.0,0.0,1e-12,exact,pass
base_default_LTBI,prevent,250,nTotalCoursesCompleted_median,34.0,34.0,apy_cho_epi_curve_data.csv,0.0,0.0,1e-12,exact,pass
base_default_LTBI,prevent,250,nTotalCoursesStarted_median,43.0,43.0,apy_cho_epi_curve_data.csv,0.0,0.0,1e-12,exact,pass
base_default_LTBI,prevent,250,nTruePositiveTests_median,47.0,47.0,apy_cho_epi_curve_data.csv,0.0,0.0,1e-12,exact,pass
base_default_LTBI,prevent,250,nTruePositiveTreated_median,40.0,40.0,apy_cho_epi_curve_data.csv,0.0,0.0,1e-12,exact,pass
base_default_LTBI,prevent,250,relativeReduction20y_median,0.28,0.28,apy_cho_epi_curve_data.csv,0.0,0.0,1e-12,exact,pass
base_default_LTBI,prevent,250,screenCoverage,0.1666666666666666,0.1666666666666666,apy_cho_epi_curve_data.csv,0.0,0.0,1e-12,exact,pass
base_default_LTBI,prevent,300,NNS_prevent_one_active_TB,27.272727272727277,27.272727272727277,apy_cho_epi_curve_data.csv,0.0,0.0,1e-12,exact,pass
base_default_LTBI,prevent,300,NNT_completed_prevent_one_active_TB,3.5454545454545454,3.5454545454545454,apy_cho_epi_curve_data.csv,0.0,0.0,1e-12,exact,pass
base_default_LTBI,prevent,300,NNT_started_prevent_one_active_TB,4.363636363636363,4.363636363636363,apy_cho_epi_curve_data.csv,0.0,0.0,1e-12,exact,pass
base_default_LTBI,prevent,300,PPV_trueAmongTestPositive,0.9298245614035088,0.9298245614035088,apy_cho_epi_curve_data.csv,0.0,0.0,1e-12,exact,pass
base_default_LTBI,prevent,300,falsePositiveShareAmongTestPositive,0.0701754385964912,0.0701754385964912,apy_cho_epi_curve_data.csv,0.0,0.0,1e-12,exact,pass
base_default_LTBI,prevent,300,falsePositiveTestsPerTruePositiveTest,0.0754716981132075,0.0754716981132075,apy_cho_epi_curve_data.csv,0.0,0.0,1e-12,exact,pass
base_default_LTBI,prevent,300,falsePositiveTreatedPerTruePositiveTreated,0.0909090909090909,0.0909090909090909,apy_cho_epi_curve_data.csv,0.0,0.0,1e-12,exact,pass
base_default_LTBI,prevent,300,falsePositiveTreatedShareAmongCoursesStarted,0.0833333333333333,0.0833333333333333,apy_cho_epi_curve_data.csv,0.0,0.0,1e-12,exact,pass
base_default_LTBI,prevent,300,nActiveBy20y_AfterStrategy_median,26.0,26.0,apy_cho_epi_curve_data.csv,0.0,0.0,1e-12,exact,pass
base_default_LTBI,prevent,300,nActiveBy20y_DoNothing_median,37.0,37.0,apy_cho_epi_curve_data.csv,0.0,0.0,1e-12,exact,pass
base_default_LTBI,prevent,300,nCuredInfection_median,29.0,29.0,apy_cho_epi_curve_data.csv,0.0,0.0,1e-12,exact,pass
base_default_LTBI,prevent,300,nFalsePositiveTestsBCG_median,3.0,3.0,apy_cho_epi_curve_data.csv,0.0,0.0,1e-12,exact,pass
base_default_LTBI,prevent,300,nFalsePositiveTestsNoBCG_median,1.0,1.0,apy_cho_epi_curve_data.csv,0.0,0.0,1e-12,exact,pass
base_default_LTBI,prevent,300,nFalsePositiveTests_median,4.0,4.0,apy_cho_epi_curve_data.csv,0.0,0.0,1e-12,exact,pass
base_default_LTBI,prevent,300,nFalsePositiveTreated_median,4.0,4.0,apy_cho_epi_curve_data.csv,0.0,0.0,1e-12,exact,pass
base_default_LTBI,prevent,300,nIGRApos_median,57.0,57.0,apy_cho_epi_curve_data.csv,0.0,0.0,1e-12,exact,pass
base_default_LTBI,prevent,300,nPreventedActiveTB_median,11.0,11.0,apy_cho_epi_curve_data.csv,0.0,0.0,1e-12,exact,pass
base_default_LTBI,prevent,300,nScreenedBCG_median,204.0,204.0,apy_cho_epi_curve_data.csv,0.0,0.0,1e-12,exact,pass
base_default_LTBI,prevent,300,nScreened_high95,300.0,300.0,apy_cho_epi_curve_data.csv,0.0,0.0,1e-12,exact,pass
base_default_LTBI,prevent,300,nScreened_low95,300.0,300.0,apy_cho_epi_curve_data.csv,0.0,0.0,1e-12,exact,pass
base_default_LTBI,prevent,300,nScreened_median,300.0,300.0,apy_cho_epi_curve_data.csv,0.0,0.0,1e-12,exact,pass
base_default_LTBI,prevent,300,nTestPositiveNonActive_median,57.0,57.0,apy_cho_epi_curve_data.csv,0.0,0.0,1e-12,exact,pass
base_default_LTBI,prevent,300,nTestPositive_median,67.0,67.0,apy_cho_epi_curve_data.csv,0.0,0.0,1e-12,exact,pass
base_default_LTBI,prevent,300,nTotalCoursesCompleted_median,39.0,39.0,apy_cho_epi_curve_data.csv,0.0,0.0,1e-12,exact,pass
base_default_LTBI,prevent,300,nTotalCoursesStarted_median,48.0,48.0,apy_cho_epi_curve_data.csv,0.0,0.0,1e-12,exact,pass
base_default_LTBI,prevent,300,nTruePositiveTests_median,53.0,53.0,apy_cho_epi_curve_data.csv,0.0,0.0,1e-12,exact,pass
base_default_LTBI,prevent,300,nTruePositiveTreated_median,44.0,44.0,apy_cho_epi_curve_data.csv,0.0,0.0,1e-12,exact,pass
base_default_LTBI,prevent,300,relativeReduction20y_median,0.2941176470588235,0.2941176470588235,apy_cho_epi_curve_data.csv,0.0,0.0,1e-12,exact,pass
base_default_LTBI,prevent,300,screenCoverage,0.2,0.2,apy_cho_epi_curve_data.csv,0.0,0.0,1e-12,exact,pass
base_default_LTBI,prevent,350,NNS_prevent_one_active_TB,31.818181818181817,31.818181818181817,apy_cho_epi_curve_data.csv,0.0,0.0,1e-12,exact,pass
base_default_LTBI,prevent,350,NNT_completed_prevent_one_active_TB,3.909090909090909,3.909090909090909,apy_cho_epi_curve_data.csv,0.0,0.0,1e-12,exact,pass
base_default_LTBI,prevent,350,NNT_started_prevent_one_active_TB,4.909090909090909,4.909090909090909,apy_cho_epi_curve_data.csv,0.0,0.0,1e-12,exact,pass
base_default_LTBI,prevent,350,PPV_trueAmongTestPositive,0.9206349206349206,0.9206349206349206,apy_cho_epi_curve_data.csv,0.0,0.0,1e-12,exact,pass
base_default_LTBI,prevent,350,falsePositiveShareAmongTestPositive,0.0793650793650793,0.0793650793650793,apy_cho_epi_curve_data.csv,0.0,0.0,1e-12,exact,pass
base_default_LTBI,prevent,350,falsePositiveTestsPerTruePositiveTest,0.0862068965517241,0.0862068965517241,apy_cho_epi_curve_data.csv,0.0,0.0,1e-12,exact,pass
base_default_LTBI,prevent,350,falsePositiveTreatedPerTruePositiveTreated,0.1020408163265306,0.1020408163265306,apy_cho_epi_curve_data.csv,0.0,0.0,1e-12,exact,pass
base_default_LTBI,prevent,350,falsePositiveTreatedShareAmongCoursesStarted,0.0925925925925925,0.0925925925925925,apy_cho_epi_curve_data.csv,0.0,0.0,1e-12,exact,pass
base_default_LTBI,prevent,350,nActiveBy20y_AfterStrategy_median,25.0,25.0,apy_cho_epi_curve_data.csv,0.0,0.0,1e-12,exact,pass
base_default_LTBI,prevent,350,nActiveBy20y_DoNothing_median,37.0,37.0,apy_cho_epi_curve_data.csv,0.0,0.0,1e-12,exact,pass
base_default_LTBI,prevent,350,nCuredInfection_median,32.0,32.0,apy_cho_epi_curve_data.csv,0.0,0.0,1e-12,exact,pass
base_default_LTBI,prevent,350,nFalsePositiveTestsBCG_median,4.0,4.0,apy_cho_epi_curve_data.csv,0.0,0.0,1e-12,exact,pass
base_default_LTBI,prevent,350,nFalsePositiveTestsNoBCG_median,2.0,2.0,apy_cho_epi_curve_data.csv,0.0,0.0,1e-12,exact,pass
base_default_LTBI,prevent,350,nFalsePositiveTests_median,5.0,5.0,apy_cho_epi_curve_data.csv,0.0,0.0,1e-12,exact,pass
base_default_LTBI,prevent,350,nFalsePositiveTreated_median,5.0,5.0,apy_cho_epi_curve_data.csv,0.0,0.0,1e-12,exact,pass
base_default_LTBI,prevent,350,nIGRApos_median,63.0,63.0,apy_cho_epi_curve_data.csv,0.0,0.0,1e-12,exact,pass
base_default_LTBI,prevent,350,nPreventedActiveTB_median,11.0,11.0,apy_cho_epi_curve_data.csv,0.0,0.0,1e-12,exact,pass
base_default_LTBI,prevent,350,nScreenedBCG_median,238.0,238.0,apy_cho_epi_curve_data.csv,0.0,0.0,1e-12,exact,pass
base_default_LTBI,prevent,350,nScreened_high95,350.0,350.0,apy_cho_epi_curve_data.csv,0.0,0.0,1e-12,exact,pass
base_default_LTBI,prevent,350,nScreened_low95,350.0,350.0,apy_cho_epi_curve_data.csv,0.0,0.0,1e-12,exact,pass
base_default_LTBI,prevent,350,nScreened_median,350.0,350.0,apy_cho_epi_curve_data.csv,0.0,0.0,1e-12,exact,pass
base_default_LTBI,prevent,350,nTestPositiveNonActive_median,63.0,63.0,apy_cho_epi_curve_data.csv,0.0,0.0,1e-12,exact,pass
base_default_LTBI,prevent,350,nTestPositive_median,73.0,73.0,apy_cho_epi_curve_data.csv,0.0,0.0,1e-12,exact,pass
base_default_LTBI,prevent,350,nTotalCoursesCompleted_median,43.0,43.0,apy_cho_epi_curve_data.csv,0.0,0.0,1e-12,exact,pass
base_default_LTBI,prevent,350,nTotalCoursesStarted_median,54.0,54.0,apy_cho_epi_curve_data.csv,0.0,0.0,1e-12,exact,pass
base_default_LTBI,prevent,350,nTruePositiveTests_median,58.0,58.0,apy_cho_epi_curve_data.csv,0.0,0.0,1e-12,exact,pass
base_default_LTBI,prevent,350,nTruePositiveTreated_median,49.0,49.0,apy_cho_epi_curve_data.csv,0.0,0.0,1e-12,exact,pass
base_default_LTBI,prevent,350,relativeReduction20y_median,0.3061224489795918,0.3061224489795918,apy_cho_epi_curve_data.csv,0.0,0.0,1e-12,exact,pass
base_default_LTBI,prevent,350,screenCoverage,0.2333333333333333,0.2333333333333333,apy_cho_epi_curve_data.csv,0.0,0.0,1e-12,exact,pass
base_default_LTBI,prevent,400,NNS_prevent_one_active_TB,33.333333333333336,33.333333333333336,apy_cho_epi_curve_data.csv,0.0,0.0,1e-12,exact,pass
base_default_LTBI,prevent,400,NNT_completed_prevent_one_active_TB,3.9166666666666665,3.9166666666666665,apy_cho_epi_curve_data.csv,0.0,0.0,1e-12,exact,pass
base_default_LTBI,prevent,400,NNT_started_prevent_one_active_TB,4.833333333333333,4.833333333333333,apy_cho_epi_curve_data.csv,0.0,0.0,1e-12,exact,pass
base_default_LTBI,prevent,400,PPV_trueAmongTestPositive,0.9117647058823528,0.9117647058823528,apy_cho_epi_curve_data.csv,0.0,0.0,1e-12,exact,pass
base_default_LTBI,prevent,400,falsePositiveShareAmongTestPositive,0.088235294117647,0.088235294117647,apy_cho_epi_curve_data.csv,0.0,0.0,1e-12,exact,pass
base_default_LTBI,prevent,400,falsePositiveTestsPerTruePositiveTest,0.0967741935483871,0.0967741935483871,apy_cho_epi_curve_data.csv,0.0,0.0,1e-12,exact,pass
base_default_LTBI,prevent,400,falsePositiveTreatedPerTruePositiveTreated,0.0943396226415094,0.0943396226415094,apy_cho_epi_curve_data.csv,0.0,0.0,1e-12,exact,pass
base_default_LTBI,prevent,400,falsePositiveTreatedShareAmongCoursesStarted,0.0862068965517241,0.0862068965517241,apy_cho_epi_curve_data.csv,0.0,0.0,1e-12,exact,pass
base_default_LTBI,prevent,400,nActiveBy20y_AfterStrategy_median,25.0,25.0,apy_cho_epi_curve_data.csv,0.0,0.0,1e-12,exact,pass
base_default_LTBI,prevent,400,nActiveBy20y_DoNothing_median,37.0,37.0,apy_cho_epi_curve_data.csv,0.0,0.0,1e-12,exact,pass
base_default_LTBI,prevent,400,nCuredInfection_median,35.0,35.0,apy_cho_epi_curve_data.csv,0.0,0.0,1e-12,exact,pass
base_default_LTBI,prevent,400,nFalsePositiveTestsBCG_median,4.0,4.0,apy_cho_epi_curve_data.csv,0.0,0.0,1e-12,exact,pass
base_default_LTBI,prevent,400,nFalsePositiveTestsNoBCG_median,2.0,2.0,apy_cho_epi_curve_data.csv,0.0,0.0,1e-12,exact,pass
base_default_LTBI,prevent,400,nFalsePositiveTests_median,6.0,6.0,apy_cho_epi_curve_data.csv,0.0,0.0,1e-12,exact,pass
base_default_LTBI,prevent,400,nFalsePositiveTreated_median,5.0,5.0,apy_cho_epi_curve_data.csv,0.0,0.0,1e-12,exact,pass
base_default_LTBI,prevent,400,nIGRApos_median,68.0,68.0,apy_cho_epi_curve_data.csv,0.0,0.0,1e-12,exact,pass
base_default_LTBI,prevent,400,nPreventedActiveTB_median,12.0,12.0,apy_cho_epi_curve_data.csv,0.0,0.0,1e-12,exact,pass
base_default_LTBI,prevent,400,nScreenedBCG_median,272.0,272.0,apy_cho_epi_curve_data.csv,0.0,0.0,1e-12,exact,pass
base_default_LTBI,prevent,400,nScreened_high95,400.0,400.0,apy_cho_epi_curve_data.csv,0.0,0.0,1e-12,exact,pass
base_default_LTBI,prevent,400,nScreened_low95,400.0,400.0,apy_cho_epi_curve_data.csv,0.0,0.0,1e-12,exact,pass
base_default_LTBI,prevent,400,nScreened_median,400.0,400.0,apy_cho_epi_curve_data.csv,0.0,0.0,1e-12,exact,pass
base_default_LTBI,prevent,400,nTestPositiveNonActive_median,68.0,68.0,apy_cho_epi_curve_data.csv,0.0,0.0,1e-12,exact,pass
base_default_LTBI,prevent,400,nTestPositive_median,78.0,78.0,apy_cho_epi_curve_data.csv,0.0,0.0,1e-12,exact,pass
base_default_LTBI,prevent,400,nTotalCoursesCompleted_median,47.0,47.0,apy_cho_epi_curve_data.csv,0.0,0.0,1e-12,exact,pass
base_default_LTBI,prevent,400,nTotalCoursesStarted_median,58.0,58.0,apy_cho_epi_curve_data.csv,0.0,0.0,1e-12,exact,pass
base_default_LTBI,prevent,400,nTruePositiveTests_median,62.0,62.0,apy_cho_epi_curve_data.csv,0.0,0.0,1e-12,exact,pass
base_default_LTBI,prevent,400,nTruePositiveTreated_median,53.0,53.0,apy_cho_epi_curve_data.csv,0.0,0.0,1e-12,exact,pass
base_default_LTBI,prevent,400,relativeReduction20y_median,0.3142857142857143,0.3142857142857143,apy_cho_epi_curve_data.csv,0.0,0.0,1e-12,exact,pass
base_default_LTBI,prevent,400,screenCoverage,0.2666666666666666,0.2666666666666666,apy_cho_epi_curve_data.csv,0.0,0.0,1e-12,exact,pass
base_default_LTBI,prevent,450,NNS_prevent_one_active_TB,37.5,37.5,apy_cho_epi_curve_data.csv,0.0,0.0,1e-12,exact,pass
base_default_LTBI,prevent,450,NNT_completed_prevent_one_active_TB,4.166666666666667,4.166666666666667,apy_cho_epi_curve_data.csv,0.0,0.0,1e-12,exact,pass
base_default_LTBI,prevent,450,NNT_started_prevent_one_active_TB,5.166666666666667,5.166666666666667,apy_cho_epi_curve_data.csv,0.0,0.0,1e-12,exact,pass
base_default_LTBI,prevent,450,PPV_trueAmongTestPositive,0.9047619047619048,0.9047619047619048,apy_cho_epi_curve_data.csv,0.0,0.0,1e-12,exact,pass
base_default_LTBI,prevent,450,falsePositiveShareAmongTestPositive,0.0952380952380952,0.0952380952380952,apy_cho_epi_curve_data.csv,0.0,0.0,1e-12,exact,pass
base_default_LTBI,prevent,450,falsePositiveTestsPerTruePositiveTest,0.1052631578947368,0.1052631578947368,apy_cho_epi_curve_data.csv,0.0,0.0,1e-12,exact,pass
base_default_LTBI,prevent,450,falsePositiveTreatedPerTruePositiveTreated,0.1071428571428571,0.1071428571428571,apy_cho_epi_curve_data.csv,0.0,0.0,1e-12,exact,pass
base_default_LTBI,prevent,450,falsePositiveTreatedShareAmongCoursesStarted,0.0967741935483871,0.0967741935483871,apy_cho_epi_curve_data.csv,0.0,0.0,1e-12,exact,pass
base_default_LTBI,prevent,450,nActiveBy20y_AfterStrategy_median,25.0,25.0,apy_cho_epi_curve_data.csv,0.0,0.0,1e-12,exact,pass
base_default_LTBI,prevent,450,nActiveBy20y_DoNothing_median,37.0,37.0,apy_cho_epi_curve_data.csv,0.0,0.0,1e-12,exact,pass
base_default_LTBI,prevent,450,nCuredInfection_median,37.0,37.0,apy_cho_epi_curve_data.csv,0.0,0.0,1e-12,exact,pass
base_default_LTBI,prevent,450,nFalsePositiveTestsBCG_median,5.0,5.0,apy_cho_epi_curve_data.csv,0.0,0.0,1e-12,exact,pass
base_default_LTBI,prevent,450,nFalsePositiveTestsNoBCG_median,2.0,2.0,apy_cho_epi_curve_data.csv,0.0,0.0,1e-12,exact,pass
base_default_LTBI,prevent,450,nFalsePositiveTests_median,7.0,7.0,apy_cho_epi_curve_data.csv,0.0,0.0,1e-12,exact,pass
base_default_LTBI,prevent,450,nFalsePositiveTreated_median,6.0,6.0,apy_cho_epi_curve_data.csv,0.0,0.0,1e-12,exact,pass
base_default_LTBI,prevent,450,nIGRApos_median,73.5,73.5,apy_cho_epi_curve_data.csv,0.0,0.0,1e-12,exact,pass
base_default_LTBI,prevent,450,nPreventedActiveTB_median,12.0,12.0,apy_cho_epi_curve_data.csv,0.0,0.0,1e-12,exact,pass
base_default_LTBI,prevent,450,nScreenedBCG_median,306.0,306.0,apy_cho_epi_curve_data.csv,0.0,0.0,1e-12,exact,pass
base_default_LTBI,prevent,450,nScreened_high95,450.0,450.0,apy_cho_epi_curve_data.csv,0.0,0.0,1e-12,exact,pass
base_default_LTBI,prevent,450,nScreened_low95,450.0,450.0,apy_cho_epi_curve_data.csv,0.0,0.0,1e-12,exact,pass
base_default_LTBI,prevent,450,nScreened_median,450.0,450.0,apy_cho_epi_curve_data.csv,0.0,0.0,1e-12,exact,pass
base_default_LTBI,prevent,450,nTestPositiveNonActive_median,73.5,73.5,apy_cho_epi_curve_data.csv,0.0,0.0,1e-12,exact,pass
base_default_LTBI,prevent,450,nTestPositive_median,83.0,83.0,apy_cho_epi_curve_data.csv,0.0,0.0,1e-12,exact,pass
base_default_LTBI,prevent,450,nTotalCoursesCompleted_median,50.0,50.0,apy_cho_epi_curve_data.csv,0.0,0.0,1e-12,exact,pass
base_default_LTBI,prevent,450,nTotalCoursesStarted_median,62.0,62.0,apy_cho_epi_curve_data.csv,0.0,0.0,1e-12,exact,pass
base_default_LTBI,prevent,450,nTruePositiveTests_median,66.5,66.5,apy_cho_epi_curve_data.csv,0.0,0.0,1e-12,exact,pass
base_default_LTBI,prevent,450,nTruePositiveTreated_median,56.0,56.0,apy_cho_epi_curve_data.csv,0.0,0.0,1e-12,exact,pass
base_default_LTBI,prevent,450,relativeReduction20y_median,0.3235294117647059,0.3235294117647059,apy_cho_epi_curve_data.csv,0.0,0.0,1e-12,exact,pass
base_default_LTBI,prevent,450,screenCoverage,0.3,0.3,apy_cho_epi_curve_data.csv,0.0,0.0,1e-12,exact,pass
base_default_LTBI,prevent,500,NNS_prevent_one_active_TB,41.66666666666666,41.66666666666666,apy_cho_epi_curve_data.csv,0.0,0.0,1e-12,exact,pass
base_default_LTBI,prevent,500,NNT_completed_prevent_one_active_TB,4.416666666666667,4.416666666666667,apy_cho_epi_curve_data.csv,0.0,0.0,1e-12,exact,pass
base_default_LTBI,prevent,500,NNT_started_prevent_one_active_TB,5.5,5.5,apy_cho_epi_curve_data.csv,0.0,0.0,1e-12,exact,pass
base_default_LTBI,prevent,500,PPV_trueAmongTestPositive,0.8974358974358975,0.8974358974358975,apy_cho_epi_curve_data.csv,0.0,0.0,1e-12,exact,pass
base_default_LTBI,prevent,500,falsePositiveShareAmongTestPositive,0.1025641025641025,0.1025641025641025,apy_cho_epi_curve_data.csv,0.0,0.0,1e-12,exact,pass
base_default_LTBI,prevent,500,falsePositiveTestsPerTruePositiveTest,0.1142857142857142,0.1142857142857142,apy_cho_epi_curve_data.csv,0.0,0.0,1e-12,exact,pass
base_default_LTBI,prevent,500,falsePositiveTreatedPerTruePositiveTreated,0.1186440677966101,0.1186440677966101,apy_cho_epi_curve_data.csv,0.0,0.0,1e-12,exact,pass
base_default_LTBI,prevent,500,falsePositiveTreatedShareAmongCoursesStarted,0.106060606060606,0.106060606060606,apy_cho_epi_curve_data.csv,0.0,0.0,1e-12,exact,pass
base_default_LTBI,prevent,500,nActiveBy20y_AfterStrategy_median,25.0,25.0,apy_cho_epi_curve_data.csv,0.0,0.0,1e-12,exact,pass
base_default_LTBI,prevent,500,nActiveBy20y_DoNothing_median,37.0,37.0,apy_cho_epi_curve_data.csv,0.0,0.0,1e-12,exact,pass
base_default_LTBI,prevent,500,nCuredInfection_median,39.0,39.0,apy_cho_epi_curve_data.csv,0.0,0.0,1e-12,exact,pass
base_default_LTBI,prevent,500,nFalsePositiveTestsBCG_median,5.0,5.0,apy_cho_epi_curve_data.csv,0.0,0.0,1e-12,exact,pass
base_default_LTBI,prevent,500,nFalsePositiveTestsNoBCG_median,3.0,3.0,apy_cho_epi_curve_data.csv,0.0,0.0,1e-12,exact,pass
base_default_LTBI,prevent,500,nFalsePositiveTests_median,8.0,8.0,apy_cho_epi_curve_data.csv,0.0,0.0,1e-12,exact,pass
base_default_LTBI,prevent,500,nFalsePositiveTreated_median,7.0,7.0,apy_cho_epi_curve_data.csv,0.0,0.0,1e-12,exact,pass
base_default_LTBI,prevent,500,nIGRApos_median,78.0,78.0,apy_cho_epi_curve_data.csv,0.0,0.0,1e-12,exact,pass
base_default_LTBI,prevent,500,nPreventedActiveTB_median,12.0,12.0,apy_cho_epi_curve_data.csv,0.0,0.0,1e-12,exact,pass
base_default_LTBI,prevent,500,nScreenedBCG_median,340.0,340.0,apy_cho_epi_curve_data.csv,0.0,0.0,1e-12,exact,pass
base_default_LTBI,prevent,500,nScreened_high95,500.0,500.0,apy_cho_epi_curve_data.csv,0.0,0.0,1e-12,exact,pass
base_default_LTBI,prevent,500,nScreened_low95,500.0,500.0,apy_cho_epi_curve_data.csv,0.0,0.0,1e-12,exact,pass
base_default_LTBI,prevent,500,nScreened_median,500.0,500.0,apy_cho_epi_curve_data.csv,0.0,0.0,1e-12,exact,pass
base_default_LTBI,prevent,500,nTestPositiveNonActive_median,78.0,78.0,apy_cho_epi_curve_data.csv,0.0,0.0,1e-12,exact,pass
base_default_LTBI,prevent,500,nTestPositive_median,88.0,88.0,apy_cho_epi_curve_data.csv,0.0,0.0,1e-12,exact,pass
base_default_LTBI,prevent,500,nTotalCoursesCompleted_median,53.0,53.0,apy_cho_epi_curve_data.csv,0.0,0.0,1e-12,exact,pass
base_default_LTBI,prevent,500,nTotalCoursesStarted_median,66.0,66.0,apy_cho_epi_curve_data.csv,0.0,0.0,1e-12,exact,pass
base_default_LTBI,prevent,500,nTruePositiveTests_median,70.0,70.0,apy_cho_epi_curve_data.csv,0.0,0.0,1e-12,exact,pass
base_default_LTBI,prevent,500,nTruePositiveTreated_median,59.0,59.0,apy_cho_epi_curve_data.csv,0.0,0.0,1e-12,exact,pass
base_default_LTBI,prevent,500,relativeReduction20y_median,0.3333333333333333,0.3333333333333333,apy_cho_epi_curve_data.csv,0.0,0.0,1e-12,exact,pass
base_default_LTBI,prevent,500,screenCoverage,0.3333333333333333,0.3333333333333333,apy_cho_epi_curve_data.csv,0.0,0.0,1e-12,exact,pass
base_default_LTBI,prevent,600,NNS_prevent_one_active_TB,46.15384615384615,46.15384615384615,apy_cho_epi_curve_data.csv,0.0,0.0,1e-12,exact,pass
base_default_LTBI,prevent,600,NNT_completed_prevent_one_active_TB,4.461538461538462,4.461538461538462,apy_cho_epi_curve_data.csv,0.0,0.0,1e-12,exact,pass
base_default_LTBI,prevent,600,NNT_started_prevent_one_active_TB,5.615384615384615,5.615384615384615,apy_cho_epi_curve_data.csv,0.0,0.0,1e-12,exact,pass
base_default_LTBI,prevent,600,PPV_trueAmongTestPositive,0.8837209302325582,0.8837209302325582,apy_cho_epi_curve_data.csv,0.0,0.0,1e-12,exact,pass
base_default_LTBI,prevent,600,falsePositiveShareAmongTestPositive,0.1162790697674418,0.1162790697674418,apy_cho_epi_curve_data.csv,0.0,0.0,1e-12,exact,pass
base_default_LTBI,prevent,600,falsePositiveTestsPerTruePositiveTest,0.131578947368421,0.131578947368421,apy_cho_epi_curve_data.csv,0.0,0.0,1e-12,exact,pass
base_default_LTBI,prevent,600,falsePositiveTreatedPerTruePositiveTreated,0.123076923076923,0.123076923076923,apy_cho_epi_curve_data.csv,0.0,0.0,1e-12,exact,pass
base_default_LTBI,prevent,600,falsePositiveTreatedShareAmongCoursesStarted,0.1095890410958904,0.1095890410958904,apy_cho_epi_curve_data.csv,0.0,0.0,1e-12,exact,pass
base_default_LTBI,prevent,600,nActiveBy20y_AfterStrategy_median,24.0,24.0,apy_cho_epi_curve_data.csv,0.0,0.0,1e-12,exact,pass
base_default_LTBI,prevent,600,nActiveBy20y_DoNothing_median,37.0,37.0,apy_cho_epi_curve_data.csv,0.0,0.0,1e-12,exact,pass
base_default_LTBI,prevent,600,nCuredInfection_median,43.0,43.0,apy_cho_epi_curve_data.csv,0.0,0.0,1e-12,exact,pass
base_default_LTBI,prevent,600,nFalsePositiveTestsBCG_median,7.0,7.0,apy_cho_epi_curve_data.csv,0.0,0.0,1e-12,exact,pass
base_default_LTBI,prevent,600,nFalsePositiveTestsNoBCG_median,3.0,3.0,apy_cho_epi_curve_data.csv,0.0,0.0,1e-12,exact,pass
base_default_LTBI,prevent,600,nFalsePositiveTests_median,10.0,10.0,apy_cho_epi_curve_data.csv,0.0,0.0,1e-12,exact,pass
base_default_LTBI,prevent,600,nFalsePositiveTreated_median,8.0,8.0,apy_cho_epi_curve_data.csv,0.0,0.0,1e-12,exact,pass
base_default_LTBI,prevent,600,nIGRApos_median,86.0,86.0,apy_cho_epi_curve_data.csv,0.0,0.0,1e-12,exact,pass
base_default_LTBI,prevent,600,nPreventedActiveTB_median,13.0,13.0,apy_cho_epi_curve_data.csv,0.0,0.0,1e-12,exact,pass
base_default_LTBI,prevent,600,nScreenedBCG_median,407.5,407.5,apy_cho_epi_curve_data.csv,0.0,0.0,1e-12,exact,pass
base_default_LTBI,prevent,600,nScreened_high95,600.0,600.0,apy_cho_epi_curve_data.csv,0.0,0.0,1e-12,exact,pass
base_default_LTBI,prevent,600,nScreened_low95,600.0,600.0,apy_cho_epi_curve_data.csv,0.0,0.0,1e-12,exact,pass
base_default_LTBI,prevent,600,nScreened_median,600.0,600.0,apy_cho_epi_curve_data.csv,0.0,0.0,1e-12,exact,pass
base_default_LTBI,prevent,600,nTestPositiveNonActive_median,86.0,86.0,apy_cho_epi_curve_data.csv,0.0,0.0,1e-12,exact,pass
base_default_LTBI,prevent,600,nTestPositive_median,96.0,96.0,apy_cho_epi_curve_data.csv,0.0,0.0,1e-12,exact,pass
base_default_LTBI,prevent,600,nTotalCoursesCompleted_median,58.0,58.0,apy_cho_epi_curve_data.csv,0.0,0.0,1e-12,exact,pass
base_default_LTBI,prevent,600,nTotalCoursesStarted_median,73.0,73.0,apy_cho_epi_curve_data.csv,0.0,0.0,1e-12,exact,pass
base_default_LTBI,prevent,600,nTruePositiveTests_median,76.0,76.0,apy_cho_epi_curve_data.csv,0.0,0.0,1e-12,exact,pass
base_default_LTBI,prevent,600,nTruePositiveTreated_median,65.0,65.0,apy_cho_epi_curve_data.csv,0.0,0.0,1e-12,exact,pass
base_default_LTBI,prevent,600,relativeReduction20y_median,0.3333333333333333,0.3333333333333333,apy_cho_epi_curve_data.csv,0.0,0.0,1e-12,exact,pass
base_default_LTBI,prevent,600,screenCoverage,0.4,0.4,apy_cho_epi_curve_data.csv,0.0,0.0,1e-12,exact,pass
base_default_LTBI,prevent,700,NNS_prevent_one_active_TB,53.84615384615385,53.84615384615385,apy_cho_epi_curve_data.csv,0.0,0.0,1e-12,exact,pass
base_default_LTBI,prevent,700,NNT_completed_prevent_one_active_TB,4.846153846153846,4.846153846153846,apy_cho_epi_curve_data.csv,0.0,0.0,1e-12,exact,pass
base_default_LTBI,prevent,700,NNT_started_prevent_one_active_TB,6.076923076923077,6.076923076923077,apy_cho_epi_curve_data.csv,0.0,0.0,1e-12,exact,pass
base_default_LTBI,prevent,700,PPV_trueAmongTestPositive,0.8709677419354839,0.8709677419354839,apy_cho_epi_curve_data.csv,0.0,0.0,1e-12,exact,pass
base_default_LTBI,prevent,700,falsePositiveShareAmongTestPositive,0.1290322580645161,0.1290322580645161,apy_cho_epi_curve_data.csv,0.0,0.0,1e-12,exact,pass
base_default_LTBI,prevent,700,falsePositiveTestsPerTruePositiveTest,0.1481481481481481,0.1481481481481481,apy_cho_epi_curve_data.csv,0.0,0.0,1e-12,exact,pass
base_default_LTBI,prevent,700,falsePositiveTreatedPerTruePositiveTreated,0.144927536231884,0.144927536231884,apy_cho_epi_curve_data.csv,0.0,0.0,1e-12,exact,pass
base_default_LTBI,prevent,700,falsePositiveTreatedShareAmongCoursesStarted,0.1265822784810126,0.1265822784810126,apy_cho_epi_curve_data.csv,0.0,0.0,1e-12,exact,pass
base_default_LTBI,prevent,700,nActiveBy20y_AfterStrategy_median,24.0,24.0,apy_cho_epi_curve_data.csv,0.0,0.0,1e-12,exact,pass
base_default_LTBI,prevent,700,nActiveBy20y_DoNothing_median,37.0,37.0,apy_cho_epi_curve_data.csv,0.0,0.0,1e-12,exact,pass
base_default_LTBI,prevent,700,nCuredInfection_median,45.0,45.0,apy_cho_epi_curve_data.csv,0.0,0.0,1e-12,exact,pass
base_default_LTBI,prevent,700,nFalsePositiveTestsBCG_median,8.0,8.0,apy_cho_epi_curve_data.csv,0.0,0.0,1e-12,exact,pass
base_default_LTBI,prevent,700,nFalsePositiveTestsNoBCG_median,4.0,4.0,apy_cho_epi_curve_data.csv,0.0,0.0,1e-12,exact,pass
base_default_LTBI,prevent,700,nFalsePositiveTests_median,12.0,12.0,apy_cho_epi_curve_data.csv,0.0,0.0,1e-12,exact,pass
base_default_LTBI,prevent,700,nFalsePositiveTreated_median,10.0,10.0,apy_cho_epi_curve_data.csv,0.0,0.0,1e-12,exact,pass
base_default_LTBI,prevent,700,nIGRApos_median,93.0,93.0,apy_cho_epi_curve_data.csv,0.0,0.0,1e-12,exact,pass
base_default_LTBI,prevent,700,nPreventedActiveTB_median,13.0,13.0,apy_cho_epi_curve_data.csv,0.0,0.0,1e-12,exact,pass
base_default_LTBI,prevent,700,nScreenedBCG_median,475.0,475.0,apy_cho_epi_curve_data.csv,0.0,0.0,1e-12,exact,pass
base_default_LTBI,prevent,700,nScreened_high95,700.0,700.0,apy_cho_epi_curve_data.csv,0.0,0.0,1e-12,exact,pass
base_default_LTBI,prevent,700,nScreened_low95,700.0,700.0,apy_cho_epi_curve_data.csv,0.0,0.0,1e-12,exact,pass
base_default_LTBI,prevent,700,nScreened_median,700.0,700.0,apy_cho_epi_curve_data.csv,0.0,0.0,1e-12,exact,pass
base_default_LTBI,prevent,700,nTestPositiveNonActive_median,93.0,93.0,apy_cho_epi_curve_data.csv,0.0,0.0,1e-12,exact,pass
base_default_LTBI,prevent,700,nTestPositive_median,103.0,103.0,apy_cho_epi_curve_data.csv,0.0,0.0,1e-12,exact,pass
base_default_LTBI,prevent,700,nTotalCoursesCompleted_median,63.0,63.0,apy_cho_epi_curve_data.csv,0.0,0.0,1e-12,exact,pass
base_default_LTBI,prevent,700,nTotalCoursesStarted_median,79.0,79.0,apy_cho_epi_curve_data.csv,0.0,0.0,1e-12,exact,pass
base_default_LTBI,prevent,700,nTruePositiveTests_median,81.0,81.0,apy_cho_epi_curve_data.csv,0.0,0.0,1e-12,exact,pass
base_default_LTBI,prevent,700,nTruePositiveTreated_median,69.0,69.0,apy_cho_epi_curve_data.csv,0.0,0.0,1e-12,exact,pass
base_default_LTBI,prevent,700,relativeReduction20y_median,0.3421052631578947,0.3421052631578947,apy_cho_epi_curve_data.csv,0.0,0.0,1e-12,exact,pass
base_default_LTBI,prevent,700,screenCoverage,0.4666666666666667,0.4666666666666667,apy_cho_epi_curve_data.csv,0.0,0.0,1e-12,exact,pass
base_default_LTBI,prevent,800,NNS_prevent_one_active_TB,61.53846153846154,61.53846153846154,apy_cho_epi_curve_data.csv,0.0,0.0,1e-12,exact,pass
base_default_LTBI,prevent,800,NNT_completed_prevent_one_active_TB,5.230769230769231,5.230769230769231,apy_cho_epi_curve_data.csv,0.0,0.0,1e-12,exact,pass
base_default_LTBI,prevent,800,NNT_started_prevent_one_active_TB,6.538461538461538,6.538461538461538,apy_cho_epi_curve_data.csv,0.0,0.0,1e-12,exact,pass
base_default_LTBI,prevent,800,PPV_trueAmongTestPositive,0.86,0.86,apy_cho_epi_curve_data.csv,0.0,0.0,1e-12,exact,pass
base_default_LTBI,prevent,800,falsePositiveShareAmongTestPositive,0.14,0.14,apy_cho_epi_curve_data.csv,0.0,0.0,1e-12,exact,pass
base_default_LTBI,prevent,800,falsePositiveTestsPerTruePositiveTest,0.1627906976744186,0.1627906976744186,apy_cho_epi_curve_data.csv,0.0,0.0,1e-12,exact,pass
base_default_LTBI,prevent,800,falsePositiveTreatedPerTruePositiveTreated,0.1643835616438356,0.1643835616438356,apy_cho_epi_curve_data.csv,0.0,0.0,1e-12,exact,pass
base_default_LTBI,prevent,800,falsePositiveTreatedShareAmongCoursesStarted,0.1411764705882353,0.1411764705882353,apy_cho_epi_curve_data.csv,0.0,0.0,1e-12,exact,pass
base_default_LTBI,prevent,800,nActiveBy20y_AfterStrategy_median,24.0,24.0,apy_cho_epi_curve_data.csv,0.0,0.0,1e-12,exact,pass
base_default_LTBI,prevent,800,nActiveBy20y_DoNothing_median,37.0,37.0,apy_cho_epi_curve_data.csv,0.0,0.0,1e-12,exact,pass
base_default_LTBI,prevent,800,nCuredInfection_median,48.0,48.0,apy_cho_epi_curve_data.csv,0.0,0.0,1e-12,exact,pass
base_default_LTBI,prevent,800,nFalsePositiveTestsBCG_median,9.0,9.0,apy_cho_epi_curve_data.csv,0.0,0.0,1e-12,exact,pass
base_default_LTBI,prevent,800,nFalsePositiveTestsNoBCG_median,4.0,4.0,apy_cho_epi_curve_data.csv,0.0,0.0,1e-12,exact,pass
base_default_LTBI,prevent,800,nFalsePositiveTests_median,14.0,14.0,apy_cho_epi_curve_data.csv,0.0,0.0,1e-12,exact,pass
base_default_LTBI,prevent,800,nFalsePositiveTreated_median,12.0,12.0,apy_cho_epi_curve_data.csv,0.0,0.0,1e-12,exact,pass
base_default_LTBI,prevent,800,nIGRApos_median,100.0,100.0,apy_cho_epi_curve_data.csv,0.0,0.0,1e-12,exact,pass
base_default_LTBI,prevent,800,nPreventedActiveTB_median,13.0,13.0,apy_cho_epi_curve_data.csv,0.0,0.0,1e-12,exact,pass
base_default_LTBI,prevent,800,nScreenedBCG_median,543.0,543.0,apy_cho_epi_curve_data.csv,0.0,0.0,1e-12,exact,pass
base_default_LTBI,prevent,800,nScreened_high95,800.0,800.0,apy_cho_epi_curve_data.csv,0.0,0.0,1e-12,exact,pass
base_default_LTBI,prevent,800,nScreened_low95,800.0,800.0,apy_cho_epi_curve_data.csv,0.0,0.0,1e-12,exact,pass
base_default_LTBI,prevent,800,nScreened_median,800.0,800.0,apy_cho_epi_curve_data.csv,0.0,0.0,1e-12,exact,pass
base_default_LTBI,prevent,800,nTestPositiveNonActive_median,100.0,100.0,apy_cho_epi_curve_data.csv,0.0,0.0,1e-12,exact,pass
base_default_LTBI,prevent,800,nTestPositive_median,110.0,110.0,apy_cho_epi_curve_data.csv,0.0,0.0,1e-12,exact,pass
base_default_LTBI,prevent,800,nTotalCoursesCompleted_median,68.0,68.0,apy_cho_epi_curve_data.csv,0.0,0.0,1e-12,exact,pass
base_default_LTBI,prevent,800,nTotalCoursesStarted_median,85.0,85.0,apy_cho_epi_curve_data.csv,0.0,0.0,1e-12,exact,pass
base_default_LTBI,prevent,800,nTruePositiveTests_median,86.0,86.0,apy_cho_epi_curve_data.csv,0.0,0.0,1e-12,exact,pass
base_default_LTBI,prevent,800,nTruePositiveTreated_median,73.0,73.0,apy_cho_epi_curve_data.csv,0.0,0.0,1e-12,exact,pass
base_default_LTBI,prevent,800,relativeReduction20y_median,0.34375,0.34375,apy_cho_epi_curve_data.csv,0.0,0.0,1e-12,exact,pass
base_default_LTBI,prevent,800,screenCoverage,0.5333333333333333,0.5333333333333333,apy_cho_epi_curve_data.csv,0.0,0.0,1e-12,exact,pass
base_default_LTBI,prevent,900,NNS_prevent_one_active_TB,69.23076923076923,69.23076923076923,apy_cho_epi_curve_data.csv,0.0,0.0,1e-12,exact,pass
base_default_LTBI,prevent,900,NNT_completed_prevent_one_active_TB,5.538461538461538,5.538461538461538,apy_cho_epi_curve_data.csv,0.0,0.0,1e-12,exact,pass
base_default_LTBI,prevent,900,NNT_started_prevent_one_active_TB,6.923076923076923,6.923076923076923,apy_cho_epi_curve_data.csv,0.0,0.0,1e-12,exact,pass
base_default_LTBI,prevent,900,PPV_trueAmongTestPositive,0.8490566037735849,0.8490566037735849,apy_cho_epi_curve_data.csv,0.0,0.0,1e-12,exact,pass
base_default_LTBI,prevent,900,falsePositiveShareAmongTestPositive,0.1509433962264151,0.1509433962264151,apy_cho_epi_curve_data.csv,0.0,0.0,1e-12,exact,pass
base_default_LTBI,prevent,900,falsePositiveTestsPerTruePositiveTest,0.1777777777777777,0.1777777777777777,apy_cho_epi_curve_data.csv,0.0,0.0,1e-12,exact,pass
base_default_LTBI,prevent,900,falsePositiveTreatedPerTruePositiveTreated,0.1688311688311688,0.1688311688311688,apy_cho_epi_curve_data.csv,0.0,0.0,1e-12,exact,pass
base_default_LTBI,prevent,900,falsePositiveTreatedShareAmongCoursesStarted,0.1444444444444444,0.1444444444444444,apy_cho_epi_curve_data.csv,0.0,0.0,1e-12,exact,pass
base_default_LTBI,prevent,900,nActiveBy20y_AfterStrategy_median,24.0,24.0,apy_cho_epi_curve_data.csv,0.0,0.0,1e-12,exact,pass
base_default_LTBI,prevent,900,nActiveBy20y_DoNothing_median,37.0,37.0,apy_cho_epi_curve_data.csv,0.0,0.0,1e-12,exact,pass
base_default_LTBI,prevent,900,nCuredInfection_median,51.0,51.0,apy_cho_epi_curve_data.csv,0.0,0.0,1e-12,exact,pass
base_default_LTBI,prevent,900,nFalsePositiveTestsBCG_median,11.0,11.0,apy_cho_epi_curve_data.csv,0.0,0.0,1e-12,exact,pass
base_default_LTBI,prevent,900,nFalsePositiveTestsNoBCG_median,5.0,5.0,apy_cho_epi_curve_data.csv,0.0,0.0,1e-12,exact,pass
base_default_LTBI,prevent,900,nFalsePositiveTests_median,16.0,16.0,apy_cho_epi_curve_data.csv,0.0,0.0,1e-12,exact,pass
base_default_LTBI,prevent,900,nFalsePositiveTreated_median,13.0,13.0,apy_cho_epi_curve_data.csv,0.0,0.0,1e-12,exact,pass
base_default_LTBI,prevent,900,nIGRApos_median,106.0,106.0,apy_cho_epi_curve_data.csv,0.0,0.0,1e-12,exact,pass
base_default_LTBI,prevent,900,nPreventedActiveTB_median,13.0,13.0,apy_cho_epi_curve_data.csv,0.0,0.0,1e-12,exact,pass
base_default_LTBI,prevent,900,nScreenedBCG_median,611.0,611.0,apy_cho_epi_curve_data.csv,0.0,0.0,1e-12,exact,pass
base_default_LTBI,prevent,900,nScreened_high95,900.0,900.0,apy_cho_epi_curve_data.csv,0.0,0.0,1e-12,exact,pass
base_default_LTBI,prevent,900,nScreened_low95,900.0,900.0,apy_cho_epi_curve_data.csv,0.0,0.0,1e-12,exact,pass
base_default_LTBI,prevent,900,nScreened_median,900.0,900.0,apy_cho_epi_curve_data.csv,0.0,0.0,1e-12,exact,pass
base_default_LTBI,prevent,900,nTestPositiveNonActive_median,106.0,106.0,apy_cho_epi_curve_data.csv,0.0,0.0,1e-12,exact,pass
base_default_LTBI,prevent,900,nTestPositive_median,116.0,116.0,apy_cho_epi_curve_data.csv,0.0,0.0,1e-12,exact,pass
base_default_LTBI,prevent,900,nTotalCoursesCompleted_median,72.0,72.0,apy_cho_epi_curve_data.csv,0.0,0.0,1e-12,exact,pass
base_default_LTBI,prevent,900,nTotalCoursesStarted_median,90.0,90.0,apy_cho_epi_curve_data.csv,0.0,0.0,1e-12,exact,pass
base_default_LTBI,prevent,900,nTruePositiveTests_median,90.0,90.0,apy_cho_epi_curve_data.csv,0.0,0.0,1e-12,exact,pass
base_default_LTBI,prevent,900,nTruePositiveTreated_median,77.0,77.0,apy_cho_epi_curve_data.csv,0.0,0.0,1e-12,exact,pass
base_default_LTBI,prevent,900,relativeReduction20y_median,0.35,0.35,apy_cho_epi_curve_data.csv,0.0,0.0,1e-12,exact,pass
base_default_LTBI,prevent,900,screenCoverage,0.6,0.6,apy_cho_epi_curve_data.csv,0.0,0.0,1e-12,exact,pass
base_default_LTBI,prevent,1000,NNS_prevent_one_active_TB,76.92307692307692,76.92307692307692,apy_cho_epi_curve_data.csv,0.0,0.0,1e-12,exact,pass
base_default_LTBI,prevent,1000,NNT_completed_prevent_one_active_TB,5.769230769230769,5.769230769230769,apy_cho_epi_curve_data.csv,0.0,0.0,1e-12,exact,pass
base_default_LTBI,prevent,1000,NNT_started_prevent_one_active_TB,7.230769230769231,7.230769230769231,apy_cho_epi_curve_data.csv,0.0,0.0,1e-12,exact,pass
base_default_LTBI,prevent,1000,PPV_trueAmongTestPositive,0.8378378378378378,0.8378378378378378,apy_cho_epi_curve_data.csv,0.0,0.0,1e-12,exact,pass
base_default_LTBI,prevent,1000,falsePositiveShareAmongTestPositive,0.1621621621621621,0.1621621621621621,apy_cho_epi_curve_data.csv,0.0,0.0,1e-12,exact,pass
base_default_LTBI,prevent,1000,falsePositiveTestsPerTruePositiveTest,0.1935483870967742,0.1935483870967742,apy_cho_epi_curve_data.csv,0.0,0.0,1e-12,exact,pass
base_default_LTBI,prevent,1000,falsePositiveTreatedPerTruePositiveTreated,0.189873417721519,0.189873417721519,apy_cho_epi_curve_data.csv,0.0,0.0,1e-12,exact,pass
base_default_LTBI,prevent,1000,falsePositiveTreatedShareAmongCoursesStarted,0.1595744680851064,0.1595744680851064,apy_cho_epi_curve_data.csv,0.0,0.0,1e-12,exact,pass
base_default_LTBI,prevent,1000,nActiveBy20y_AfterStrategy_median,24.0,24.0,apy_cho_epi_curve_data.csv,0.0,0.0,1e-12,exact,pass
base_default_LTBI,prevent,1000,nActiveBy20y_DoNothing_median,37.0,37.0,apy_cho_epi_curve_data.csv,0.0,0.0,1e-12,exact,pass
base_default_LTBI,prevent,1000,nCuredInfection_median,52.0,52.0,apy_cho_epi_curve_data.csv,0.0,0.0,1e-12,exact,pass
base_default_LTBI,prevent,1000,nFalsePositiveTestsBCG_median,12.0,12.0,apy_cho_epi_curve_data.csv,0.0,0.0,1e-12,exact,pass
base_default_LTBI,prevent,1000,nFalsePositiveTestsNoBCG_median,6.0,6.0,apy_cho_epi_curve_data.csv,0.0,0.0,1e-12,exact,pass
base_default_LTBI,prevent,1000,nFalsePositiveTests_median,18.0,18.0,apy_cho_epi_curve_data.csv,0.0,0.0,1e-12,exact,pass
base_default_LTBI,prevent,1000,nFalsePositiveTreated_median,15.0,15.0,apy_cho_epi_curve_data.csv,0.0,0.0,1e-12,exact,pass
base_default_LTBI,prevent,1000,nIGRApos_median,111.0,111.0,apy_cho_epi_curve_data.csv,0.0,0.0,1e-12,exact,pass
base_default_LTBI,prevent,1000,nPreventedActiveTB_median,13.0,13.0,apy_cho_epi_curve_data.csv,0.0,0.0,1e-12,exact,pass
base_default_LTBI,prevent,1000,nScreenedBCG_median,679.0,679.0,apy_cho_epi_curve_data.csv,0.0,0.0,1e-12,exact,pass
base_default_LTBI,prevent,1000,nScreened_high95,1000.0,1000.0,apy_cho_epi_curve_data.csv,0.0,0.0,1e-12,exact,pass
base_default_LTBI,prevent,1000,nScreened_low95,1000.0,1000.0,apy_cho_epi_curve_data.csv,0.0,0.0,1e-12,exact,pass
base_default_LTBI,prevent,1000,nScreened_median,1000.0,1000.0,apy_cho_epi_curve_data.csv,0.0,0.0,1e-12,exact,pass
base_default_LTBI,prevent,1000,nTestPositiveNonActive_median,111.0,111.0,apy_cho_epi_curve_data.csv,0.0,0.0,1e-12,exact,pass
base_default_LTBI,prevent,1000,nTestPositive_median,121.0,121.0,apy_cho_epi_curve_data.csv,0.0,0.0,1e-12,exact,pass
base_default_LTBI,prevent,1000,nTotalCoursesCompleted_median,75.0,75.0,apy_cho_epi_curve_data.csv,0.0,0.0,1e-12,exact,pass
base_default_LTBI,prevent,1000,nTotalCoursesStarted_median,94.0,94.0,apy_cho_epi_curve_data.csv,0.0,0.0,1e-12,exact,pass
base_default_LTBI,prevent,1000,nTruePositiveTests_median,93.0,93.0,apy_cho_epi_curve_data.csv,0.0,0.0,1e-12,exact,pass
base_default_LTBI,prevent,1000,nTruePositiveTreated_median,79.0,79.0,apy_cho_epi_curve_data.csv,0.0,0.0,1e-12,exact,pass
base_default_LTBI,prevent,1000,relativeReduction20y_median,0.3448275862068966,0.3448275862068966,apy_cho_epi_curve_data.csv,0.0,0.0,1e-12,exact,pass
base_default_LTBI,prevent,1000,screenCoverage,0.6666666666666666,0.6666666666666666,apy_cho_epi_curve_data.csv,0.0,0.0,1e-12,exact,pass
base_default_LTBI,prevent,1100,NNS_prevent_one_active_TB,84.61538461538461,84.61538461538461,apy_cho_epi_curve_data.csv,0.0,0.0,1e-12,exact,pass
base_default_LTBI,prevent,1100,NNT_completed_prevent_one_active_TB,6.0,6.0,apy_cho_epi_curve_data.csv,0.0,0.0,1e-12,exact,pass
base_default_LTBI,prevent,1100,NNT_started_prevent_one_active_TB,7.461538461538462,7.461538461538462,apy_cho_epi_curve_data.csv,0.0,0.0,1e-12,exact,pass
base_default_LTBI,prevent,1100,PPV_trueAmongTestPositive,0.8260869565217391,0.8260869565217391,apy_cho_epi_curve_data.csv,0.0,0.0,1e-12,exact,pass
base_default_LTBI,prevent,1100,falsePositiveShareAmongTestPositive,0.1739130434782608,0.1739130434782608,apy_cho_epi_curve_data.csv,0.0,0.0,1e-12,exact,pass
base_default_LTBI,prevent,1100,falsePositiveTestsPerTruePositiveTest,0.2105263157894736,0.2105263157894736,apy_cho_epi_curve_data.csv,0.0,0.0,1e-12,exact,pass
base_default_LTBI,prevent,1100,falsePositiveTreatedPerTruePositiveTreated,0.2125,0.2125,apy_cho_epi_curve_data.csv,0.0,0.0,1e-12,exact,pass
base_default_LTBI,prevent,1100,falsePositiveTreatedShareAmongCoursesStarted,0.1752577319587628,0.1752577319587628,apy_cho_epi_curve_data.csv,0.0,0.0,1e-12,exact,pass
base_default_LTBI,prevent,1100,nActiveBy20y_AfterStrategy_median,24.0,24.0,apy_cho_epi_curve_data.csv,0.0,0.0,1e-12,exact,pass
base_default_LTBI,prevent,1100,nActiveBy20y_DoNothing_median,37.0,37.0,apy_cho_epi_curve_data.csv,0.0,0.0,1e-12,exact,pass
base_default_LTBI,prevent,1100,nCuredInfection_median,53.0,53.0,apy_cho_epi_curve_data.csv,0.0,0.0,1e-12,exact,pass
base_default_LTBI,prevent,1100,nFalsePositiveTestsBCG_median,13.0,13.0,apy_cho_epi_curve_data.csv,0.0,0.0,1e-12,exact,pass
base_default_LTBI,prevent,1100,nFalsePositiveTestsNoBCG_median,6.0,6.0,apy_cho_epi_curve_data.csv,0.0,0.0,1e-12,exact,pass
base_default_LTBI,prevent,1100,nFalsePositiveTests_median,20.0,20.0,apy_cho_epi_curve_data.csv,0.0,0.0,1e-12,exact,pass
base_default_LTBI,prevent,1100,nFalsePositiveTreated_median,17.0,17.0,apy_cho_epi_curve_data.csv,0.0,0.0,1e-12,exact,pass
base_default_LTBI,prevent,1100,nIGRApos_median,115.0,115.0,apy_cho_epi_curve_data.csv,0.0,0.0,1e-12,exact,pass
base_default_LTBI,prevent,1100,nPreventedActiveTB_median,13.0,13.0,apy_cho_epi_curve_data.csv,0.0,0.0,1e-12,exact,pass
base_default_LTBI,prevent,1100,nScreenedBCG_median,748.0,748.0,apy_cho_epi_curve_data.csv,0.0,0.0,1e-12,exact,pass
base_default_LTBI,prevent,1100,nScreened_high95,1100.0,1100.0,apy_cho_epi_curve_data.csv,0.0,0.0,1e-12,exact,pass
base_default_LTBI,prevent,1100,nScreened_low95,1100.0,1100.0,apy_cho_epi_curve_data.csv,0.0,0.0,1e-12,exact,pass
base_default_LTBI,prevent,1100,nScreened_median,1100.0,1100.0,apy_cho_epi_curve_data.csv,0.0,0.0,1e-12,exact,pass
base_default_LTBI,prevent,1100,nTestPositiveNonActive_median,115.0,115.0,apy_cho_epi_curve_data.csv,0.0,0.0,1e-12,exact,pass
base_default_LTBI,prevent,1100,nTestPositive_median,125.0,125.0,apy_cho_epi_curve_data.csv,0.0,0.0,1e-12,exact,pass
base_default_LTBI,prevent,1100,nTotalCoursesCompleted_median,78.0,78.0,apy_cho_epi_curve_data.csv,0.0,0.0,1e-12,exact,pass
base_default_LTBI,prevent,1100,nTotalCoursesStarted_median,97.0,97.0,apy_cho_epi_curve_data.csv,0.0,0.0,1e-12,exact,pass
base_default_LTBI,prevent,1100,nTruePositiveTests_median,95.0,95.0,apy_cho_epi_curve_data.csv,0.0,0.0,1e-12,exact,pass
base_default_LTBI,prevent,1100,nTruePositiveTreated_median,80.0,80.0,apy_cho_epi_curve_data.csv,0.0,0.0,1e-12,exact,pass
base_default_LTBI,prevent,1100,relativeReduction20y_median,0.3529411764705882,0.3529411764705882,apy_cho_epi_curve_data.csv,0.0,0.0,1e-12,exact,pass
base_default_LTBI,prevent,1100,screenCoverage,0.7333333333333333,0.7333333333333333,apy_cho_epi_curve_data.csv,0.0,0.0,1e-12,exact,pass
base_default_LTBI,prevent,1200,NNS_prevent_one_active_TB,92.3076923076923,92.3076923076923,apy_cho_epi_curve_data.csv,0.0,0.0,1e-12,exact,pass
base_default_LTBI,prevent,1200,NNT_completed_prevent_one_active_TB,6.153846153846154,6.153846153846154,apy_cho_epi_curve_data.csv,0.0,0.0,1e-12,exact,pass
base_default_LTBI,prevent,1200,NNT_started_prevent_one_active_TB,7.6923076923076925,7.6923076923076925,apy_cho_epi_curve_data.csv,0.0,0.0,1e-12,exact,pass
base_default_LTBI,prevent,1200,PPV_trueAmongTestPositive,0.811965811965812,0.811965811965812,apy_cho_epi_curve_data.csv,0.0,0.0,1e-12,exact,pass
base_default_LTBI,prevent,1200,falsePositiveShareAmongTestPositive,0.188034188034188,0.188034188034188,apy_cho_epi_curve_data.csv,0.0,0.0,1e-12,exact,pass
base_default_LTBI,prevent,1200,falsePositiveTestsPerTruePositiveTest,0.231578947368421,0.231578947368421,apy_cho_epi_curve_data.csv,0.0,0.0,1e-12,exact,pass
base_default_LTBI,prevent,1200,falsePositiveTreatedPerTruePositiveTreated,0.2195121951219512,0.2195121951219512,apy_cho_epi_curve_data.csv,0.0,0.0,1e-12,exact,pass
base_default_LTBI,prevent,1200,falsePositiveTreatedShareAmongCoursesStarted,0.18,0.18,apy_cho_epi_curve_data.csv,0.0,0.0,1e-12,exact,pass
base_default_LTBI,prevent,1200,nActiveBy20y_AfterStrategy_median,24.0,24.0,apy_cho_epi_curve_data.csv,0.0,0.0,1e-12,exact,pass
base_default_LTBI,prevent,1200,nActiveBy20y_DoNothing_median,37.0,37.0,apy_cho_epi_curve_data.csv,0.0,0.0,1e-12,exact,pass
base_default_LTBI,prevent,1200,nCuredInfection_median,54.0,54.0,apy_cho_epi_curve_data.csv,0.0,0.0,1e-12,exact,pass
base_default_LTBI,prevent,1200,nFalsePositiveTestsBCG_median,15.0,15.0,apy_cho_epi_curve_data.csv,0.0,0.0,1e-12,exact,pass
base_default_LTBI,prevent,1200,nFalsePositiveTestsNoBCG_median,7.0,7.0,apy_cho_epi_curve_data.csv,0.0,0.0,1e-12,exact,pass
base_default_LTBI,prevent,1200,nFalsePositiveTests_median,22.0,22.0,apy_cho_epi_curve_data.csv,0.0,0.0,1e-12,exact,pass
base_default_LTBI,prevent,1200,nFalsePositiveTreated_median,18.0,18.0,apy_cho_epi_curve_data.csv,0.0,0.0,1e-12,exact,pass
base_default_LTBI,prevent,1200,nIGRApos_median,117.0,117.0,apy_cho_epi_curve_data.csv,0.0,0.0,1e-12,exact,pass
base_default_LTBI,prevent,1200,nPreventedActiveTB_median,13.0,13.0,apy_cho_epi_curve_data.csv,0.0,0.0,1e-12,exact,pass
base_default_LTBI,prevent,1200,nScreenedBCG_median,815.0,815.0,apy_cho_epi_curve_data.csv,0.0,0.0,1e-12,exact,pass
base_default_LTBI,prevent,1200,nScreened_high95,1200.0,1200.0,apy_cho_epi_curve_data.csv,0.0,0.0,1e-12,exact,pass
base_default_LTBI,prevent,1200,nScreened_low95,1200.0,1200.0,apy_cho_epi_curve_data.csv,0.0,0.0,1e-12,exact,pass
base_default_LTBI,prevent,1200,nScreened_median,1200.0,1200.0,apy_cho_epi_curve_data.csv,0.0,0.0,1e-12,exact,pass
base_default_LTBI,prevent,1200,nTestPositiveNonActive_median,117.0,117.0,apy_cho_epi_curve_data.csv,0.0,0.0,1e-12,exact,pass
base_default_LTBI,prevent,1200,nTestPositive_median,128.0,128.0,apy_cho_epi_curve_data.csv,0.0,0.0,1e-12,exact,pass
base_default_LTBI,prevent,1200,nTotalCoursesCompleted_median,80.0,80.0,apy_cho_epi_curve_data.csv,0.0,0.0,1e-12,exact,pass
base_default_LTBI,prevent,1200,nTotalCoursesStarted_median,100.0,100.0,apy_cho_epi_curve_data.csv,0.0,0.0,1e-12,exact,pass
base_default_LTBI,prevent,1200,nTruePositiveTests_median,95.0,95.0,apy_cho_epi_curve_data.csv,0.0,0.0,1e-12,exact,pass
base_default_LTBI,prevent,1200,nTruePositiveTreated_median,82.0,82.0,apy_cho_epi_curve_data.csv,0.0,0.0,1e-12,exact,pass
base_default_LTBI,prevent,1200,relativeReduction20y_median,0.35,0.35,apy_cho_epi_curve_data.csv,0.0,0.0,1e-12,exact,pass
base_default_LTBI,prevent,1200,screenCoverage,0.8,0.8,apy_cho_epi_curve_data.csv,0.0,0.0,1e-12,exact,pass
base_default_LTBI,prevent,1300,NNS_prevent_one_active_TB,100.0,100.0,apy_cho_epi_curve_data.csv,0.0,0.0,1e-12,exact,pass
base_default_LTBI,prevent,1300,NNT_completed_prevent_one_active_TB,6.307692307692308,6.307692307692308,apy_cho_epi_curve_data.csv,0.0,0.0,1e-12,exact,pass
base_default_LTBI,prevent,1300,NNT_started_prevent_one_active_TB,7.846153846153846,7.846153846153846,apy_cho_epi_curve_data.csv,0.0,0.0,1e-12,exact,pass
base_default_LTBI,prevent,1300,PPV_trueAmongTestPositive,0.8,0.8,apy_cho_epi_curve_data.csv,0.0,0.0,1e-12,exact,pass
base_default_LTBI,prevent,1300,falsePositiveShareAmongTestPositive,0.2,0.2,apy_cho_epi_curve_data.csv,0.0,0.0,1e-12,exact,pass
base_default_LTBI,prevent,1300,falsePositiveTestsPerTruePositiveTest,0.25,0.25,apy_cho_epi_curve_data.csv,0.0,0.0,1e-12,exact,pass
base_default_LTBI,prevent,1300,falsePositiveTreatedPerTruePositiveTreated,0.2439024390243902,0.2439024390243902,apy_cho_epi_curve_data.csv,0.0,0.0,1e-12,exact,pass
base_default_LTBI,prevent,1300,falsePositiveTreatedShareAmongCoursesStarted,0.196078431372549,0.196078431372549,apy_cho_epi_curve_data.csv,0.0,0.0,1e-12,exact,pass
base_default_LTBI,prevent,1300,nActiveBy20y_AfterStrategy_median,24.0,24.0,apy_cho_epi_curve_data.csv,0.0,0.0,1e-12,exact,pass
base_default_LTBI,prevent,1300,nActiveBy20y_DoNothing_median,37.0,37.0,apy_cho_epi_curve_data.csv,0.0,0.0,1e-12,exact,pass
base_default_LTBI,prevent,1300,nCuredInfection_median,54.0,54.0,apy_cho_epi_curve_data.csv,0.0,0.0,1e-12,exact,pass
base_default_LTBI,prevent,1300,nFalsePositiveTestsBCG_median,16.0,16.0,apy_cho_epi_curve_data.csv,0.0,0.0,1e-12,exact,pass
base_default_LTBI,prevent,1300,nFalsePositiveTestsNoBCG_median,7.0,7.0,apy_cho_epi_curve_data.csv,0.0,0.0,1e-12,exact,pass
base_default_LTBI,prevent,1300,nFalsePositiveTests_median,24.0,24.0,apy_cho_epi_curve_data.csv,0.0,0.0,1e-12,exact,pass
base_default_LTBI,prevent,1300,nFalsePositiveTreated_median,20.0,20.0,apy_cho_epi_curve_data.csv,0.0,0.0,1e-12,exact,pass
base_default_LTBI,prevent,1300,nIGRApos_median,120.0,120.0,apy_cho_epi_curve_data.csv,0.0,0.0,1e-12,exact,pass
base_default_LTBI,prevent,1300,nPreventedActiveTB_median,13.0,13.0,apy_cho_epi_curve_data.csv,0.0,0.0,1e-12,exact,pass
base_default_LTBI,prevent,1300,nScreenedBCG_median,883.0,883.0,apy_cho_epi_curve_data.csv,0.0,0.0,1e-12,exact,pass
base_default_LTBI,prevent,1300,nScreened_high95,1300.0,1300.0,apy_cho_epi_curve_data.csv,0.0,0.0,1e-12,exact,pass
base_default_LTBI,prevent,1300,nScreened_low95,1300.0,1300.0,apy_cho_epi_curve_data.csv,0.0,0.0,1e-12,exact,pass
base_default_LTBI,prevent,1300,nScreened_median,1300.0,1300.0,apy_cho_epi_curve_data.csv,0.0,0.0,1e-12,exact,pass
base_default_LTBI,prevent,1300,nTestPositiveNonActive_median,120.0,120.0,apy_cho_epi_curve_data.csv,0.0,0.0,1e-12,exact,pass
base_default_LTBI,prevent,1300,nTestPositive_median,131.0,131.0,apy_cho_epi_curve_data.csv,0.0,0.0,1e-12,exact,pass
base_default_LTBI,prevent,1300,nTotalCoursesCompleted_median,82.0,82.0,apy_cho_epi_curve_data.csv,0.0,0.0,1e-12,exact,pass
base_default_LTBI,prevent,1300,nTotalCoursesStarted_median,102.0,102.0,apy_cho_epi_curve_data.csv,0.0,0.0,1e-12,exact,pass
base_default_LTBI,prevent,1300,nTruePositiveTests_median,96.0,96.0,apy_cho_epi_curve_data.csv,0.0,0.0,1e-12,exact,pass
base_default_LTBI,prevent,1300,nTruePositiveTreated_median,82.0,82.0,apy_cho_epi_curve_data.csv,0.0,0.0,1e-12,exact,pass
base_default_LTBI,prevent,1300,relativeReduction20y_median,0.3529411764705882,0.3529411764705882,apy_cho_epi_curve_data.csv,0.0,0.0,1e-12,exact,pass
base_default_LTBI,prevent,1300,screenCoverage,0.8666666666666667,0.8666666666666667,apy_cho_epi_curve_data.csv,0.0,0.0,1e-12,exact,pass
base_default_LTBI,prevent,1400,NNS_prevent_one_active_TB,107.6923076923077,107.6923076923077,apy_cho_epi_curve_data.csv,0.0,0.0,1e-12,exact,pass
base_default_LTBI,prevent,1400,NNT_completed_prevent_one_active_TB,6.384615384615385,6.384615384615385,apy_cho_epi_curve_data.csv,0.0,0.0,1e-12,exact,pass
base_default_LTBI,prevent,1400,NNT_started_prevent_one_active_TB,8.0,8.0,apy_cho_epi_curve_data.csv,0.0,0.0,1e-12,exact,pass
base_default_LTBI,prevent,1400,PPV_trueAmongTestPositive,0.7868852459016393,0.7868852459016393,apy_cho_epi_curve_data.csv,0.0,0.0,1e-12,exact,pass
base_default_LTBI,prevent,1400,falsePositiveShareAmongTestPositive,0.2131147540983606,0.2131147540983606,apy_cho_epi_curve_data.csv,0.0,0.0,1e-12,exact,pass
base_default_LTBI,prevent,1400,falsePositiveTestsPerTruePositiveTest,0.2708333333333333,0.2708333333333333,apy_cho_epi_curve_data.csv,0.0,0.0,1e-12,exact,pass
base_default_LTBI,prevent,1400,falsePositiveTreatedPerTruePositiveTreated,0.2682926829268293,0.2682926829268293,apy_cho_epi_curve_data.csv,0.0,0.0,1e-12,exact,pass
base_default_LTBI,prevent,1400,falsePositiveTreatedShareAmongCoursesStarted,0.2115384615384615,0.2115384615384615,apy_cho_epi_curve_data.csv,0.0,0.0,1e-12,exact,pass
base_default_LTBI,prevent,1400,nActiveBy20y_AfterStrategy_median,24.0,24.0,apy_cho_epi_curve_data.csv,0.0,0.0,1e-12,exact,pass
base_default_LTBI,prevent,1400,nActiveBy20y_DoNothing_median,37.0,37.0,apy_cho_epi_curve_data.csv,0.0,0.0,1e-12,exact,pass
base_default_LTBI,prevent,1400,nCuredInfection_median,54.0,54.0,apy_cho_epi_curve_data.csv,0.0,0.0,1e-12,exact,pass
base_default_LTBI,prevent,1400,nFalsePositiveTestsBCG_median,17.0,17.0,apy_cho_epi_curve_data.csv,0.0,0.0,1e-12,exact,pass
base_default_LTBI,prevent,1400,nFalsePositiveTestsNoBCG_median,8.0,8.0,apy_cho_epi_curve_data.csv,0.0,0.0,1e-12,exact,pass
base_default_LTBI,prevent,1400,nFalsePositiveTests_median,26.0,26.0,apy_cho_epi_curve_data.csv,0.0,0.0,1e-12,exact,pass
base_default_LTBI,prevent,1400,nFalsePositiveTreated_median,22.0,22.0,apy_cho_epi_curve_data.csv,0.0,0.0,1e-12,exact,pass
base_default_LTBI,prevent,1400,nIGRApos_median,122.0,122.0,apy_cho_epi_curve_data.csv,0.0,0.0,1e-12,exact,pass
base_default_LTBI,prevent,1400,nPreventedActiveTB_median,13.0,13.0,apy_cho_epi_curve_data.csv,0.0,0.0,1e-12,exact,pass
base_default_LTBI,prevent,1400,nScreenedBCG_median,952.0,952.0,apy_cho_epi_curve_data.csv,0.0,0.0,1e-12,exact,pass
base_default_LTBI,prevent,1400,nScreened_high95,1400.0,1400.0,apy_cho_epi_curve_data.csv,0.0,0.0,1e-12,exact,pass
base_default_LTBI,prevent,1400,nScreened_low95,1400.0,1400.0,apy_cho_epi_curve_data.csv,0.0,0.0,1e-12,exact,pass
base_default_LTBI,prevent,1400,nScreened_median,1400.0,1400.0,apy_cho_epi_curve_data.csv,0.0,0.0,1e-12,exact,pass
base_default_LTBI,prevent,1400,nTestPositiveNonActive_median,122.0,122.0,apy_cho_epi_curve_data.csv,0.0,0.0,1e-12,exact,pass
base_default_LTBI,prevent,1400,nTestPositive_median,133.0,133.0,apy_cho_epi_curve_data.csv,0.0,0.0,1e-12,exact,pass
base_default_LTBI,prevent,1400,nTotalCoursesCompleted_median,83.0,83.0,apy_cho_epi_curve_data.csv,0.0,0.0,1e-12,exact,pass
base_default_LTBI,prevent,1400,nTotalCoursesStarted_median,104.0,104.0,apy_cho_epi_curve_data.csv,0.0,0.0,1e-12,exact,pass
base_default_LTBI,prevent,1400,nTruePositiveTests_median,96.0,96.0,apy_cho_epi_curve_data.csv,0.0,0.0,1e-12,exact,pass
base_default_LTBI,prevent,1400,nTruePositiveTreated_median,82.0,82.0,apy_cho_epi_curve_data.csv,0.0,0.0,1e-12,exact,pass
base_default_LTBI,prevent,1400,relativeReduction20y_median,0.3529411764705882,0.3529411764705882,apy_cho_epi_curve_data.csv,0.0,0.0,1e-12,exact,pass
base_default_LTBI,prevent,1400,screenCoverage,0.9333333333333332,0.9333333333333332,apy_cho_epi_curve_data.csv,0.0,0.0,1e-12,exact,pass
base_default_LTBI,prevent,1500,NNS_prevent_one_active_TB,115.3846153846154,115.3846153846154,apy_cho_epi_curve_data.csv,0.0,0.0,1e-12,exact,pass
base_default_LTBI,prevent,1500,NNT_completed_prevent_one_active_TB,6.461538461538462,6.461538461538462,apy_cho_epi_curve_data.csv,0.0,0.0,1e-12,exact,pass
base_default_LTBI,prevent,1500,NNT_started_prevent_one_active_TB,8.076923076923077,8.076923076923077,apy_cho_epi_curve_data.csv,0.0,0.0,1e-12,exact,pass
base_default_LTBI,prevent,1500,PPV_trueAmongTestPositive,0.7741935483870968,0.7741935483870968,apy_cho_epi_curve_data.csv,0.0,0.0,1e-12,exact,pass
base_default_LTBI,prevent,1500,falsePositiveShareAmongTestPositive,0.2258064516129032,0.2258064516129032,apy_cho_epi_curve_data.csv,0.0,0.0,1e-12,exact,pass
base_default_LTBI,prevent,1500,falsePositiveTestsPerTruePositiveTest,0.2916666666666667,0.2916666666666667,apy_cho_epi_curve_data.csv,0.0,0.0,1e-12,exact,pass
base_default_LTBI,prevent,1500,falsePositiveTreatedPerTruePositiveTreated,0.2804878048780488,0.2804878048780488,apy_cho_epi_curve_data.csv,0.0,0.0,1e-12,exact,pass
base_default_LTBI,prevent,1500,falsePositiveTreatedShareAmongCoursesStarted,0.219047619047619,0.219047619047619,apy_cho_epi_curve_data.csv,0.0,0.0,1e-12,exact,pass
base_default_LTBI,prevent,1500,nActiveBy20y_AfterStrategy_median,24.0,24.0,apy_cho_epi_curve_data.csv,0.0,0.0,1e-12,exact,pass
base_default_LTBI,prevent,1500,nActiveBy20y_DoNothing_median,37.0,37.0,apy_cho_epi_curve_data.csv,0.0,0.0,1e-12,exact,pass
base_default_LTBI,prevent,1500,nCuredInfection_median,54.0,54.0,apy_cho_epi_curve_data.csv,0.0,0.0,1e-12,exact,pass
base_default_LTBI,prevent,1500,nFalsePositiveTestsBCG_median,19.0,19.0,apy_cho_epi_curve_data.csv,0.0,0.0,1e-12,exact,pass
base_default_LTBI,prevent,1500,nFalsePositiveTestsNoBCG_median,9.0,9.0,apy_cho_epi_curve_data.csv,0.0,0.0,1e-12,exact,pass
base_default_LTBI,prevent,1500,nFalsePositiveTests_median,28.0,28.0,apy_cho_epi_curve_data.csv,0.0,0.0,1e-12,exact,pass
base_default_LTBI,prevent,1500,nFalsePositiveTreated_median,23.0,23.0,apy_cho_epi_curve_data.csv,0.0,0.0,1e-12,exact,pass
base_default_LTBI,prevent,1500,nIGRApos_median,124.0,124.0,apy_cho_epi_curve_data.csv,0.0,0.0,1e-12,exact,pass
base_default_LTBI,prevent,1500,nPreventedActiveTB_median,13.0,13.0,apy_cho_epi_curve_data.csv,0.0,0.0,1e-12,exact,pass
base_default_LTBI,prevent,1500,nScreenedBCG_median,1019.0,1019.0,apy_cho_epi_curve_data.csv,0.0,0.0,1e-12,exact,pass
base_default_LTBI,prevent,1500,nScreened_high95,1500.0,1500.0,apy_cho_epi_curve_data.csv,0.0,0.0,1e-12,exact,pass
base_default_LTBI,prevent,1500,nScreened_low95,1500.0,1500.0,apy_cho_epi_curve_data.csv,0.0,0.0,1e-12,exact,pass
base_default_LTBI,prevent,1500,nScreened_median,1500.0,1500.0,apy_cho_epi_curve_data.csv,0.0,0.0,1e-12,exact,pass
base_default_LTBI,prevent,1500,nTestPositiveNonActive_median,124.0,124.0,apy_cho_epi_curve_data.csv,0.0,0.0,1e-12,exact,pass
base_default_LTBI,prevent,1500,nTestPositive_median,135.0,135.0,apy_cho_epi_curve_data.csv,0.0,0.0,1e-12,exact,pass
base_default_LTBI,prevent,1500,nTotalCoursesCompleted_median,84.0,84.0,apy_cho_epi_curve_data.csv,0.0,0.0,1e-12,exact,pass
base_default_LTBI,prevent,1500,nTotalCoursesStarted_median,105.0,105.0,apy_cho_epi_curve_data.csv,0.0,0.0,1e-12,exact,pass
base_default_LTBI,prevent,1500,nTruePositiveTests_median,96.0,96.0,apy_cho_epi_curve_data.csv,0.0,0.0,1e-12,exact,pass
base_default_LTBI,prevent,1500,nTruePositiveTreated_median,82.0,82.0,apy_cho_epi_curve_data.csv,0.0,0.0,1e-12,exact,pass
base_default_LTBI,prevent,1500,relativeReduction20y_median,0.3513513513513513,0.3513513513513513,apy_cho_epi_curve_data.csv,0.0,0.0,1e-12,exact,pass
base_default_LTBI,prevent,1500,screenCoverage,1.0,1.0,apy_cho_epi_curve_data.csv,0.0,0.0,1e-12,exact,pass
base_default_LTBI,random,0,NNS_prevent_one_active_TB,,,apy_cho_epi_curve_data.csv,0.0,0.0,1e-12,exact,pass
base_default_LTBI,random,0,NNT_completed_prevent_one_active_TB,,,apy_cho_epi_curve_data.csv,0.0,0.0,1e-12,exact,pass
base_default_LTBI,random,0,NNT_started_prevent_one_active_TB,,,apy_cho_epi_curve_data.csv,0.0,0.0,1e-12,exact,pass
base_default_LTBI,random,0,PPV_trueAmongTestPositive,,,apy_cho_epi_curve_data.csv,0.0,0.0,1e-12,exact,pass
base_default_LTBI,random,0,falsePositiveShareAmongTestPositive,,,apy_cho_epi_curve_data.csv,0.0,0.0,1e-12,exact,pass
base_default_LTBI,random,0,falsePositiveTestsPerTruePositiveTest,,,apy_cho_epi_curve_data.csv,0.0,0.0,1e-12,exact,pass
base_default_LTBI,random,0,falsePositiveTreatedPerTruePositiveTreated,,,apy_cho_epi_curve_data.csv,0.0,0.0,1e-12,exact,pass
base_default_LTBI,random,0,falsePositiveTreatedShareAmongCoursesStarted,,,apy_cho_epi_curve_data.csv,0.0,0.0,1e-12,exact,pass
base_default_LTBI,random,0,nActiveBy20y_AfterStrategy_median,37.0,37.0,apy_cho_epi_curve_data.csv,0.0,0.0,1e-12,exact,pass
base_default_LTBI,random,0,nActiveBy20y_DoNothing_median,37.0,37.0,apy_cho_epi_curve_data.csv,0.0,0.0,1e-12,exact,pass
base_default_LTBI,random,0,nCuredInfection_median,0.0,0.0,apy_cho_epi_curve_data.csv,0.0,,1e-12,exact,pass
base_default_LTBI,random,0,nFalsePositiveTestsBCG_median,0.0,0.0,apy_cho_epi_curve_data.csv,0.0,,1e-12,exact,pass
base_default_LTBI,random,0,nFalsePositiveTestsNoBCG_median,0.0,0.0,apy_cho_epi_curve_data.csv,0.0,,1e-12,exact,pass
base_default_LTBI,random,0,nFalsePositiveTests_median,0.0,0.0,apy_cho_epi_curve_data.csv,0.0,,1e-12,exact,pass
base_default_LTBI,random,0,nFalsePositiveTreated_median,0.0,0.0,apy_cho_epi_curve_data.csv,0.0,,1e-12,exact,pass
base_default_LTBI,random,0,nIGRApos_median,0.0,0.0,apy_cho_epi_curve_data.csv,0.0,,1e-12,exact,pass
base_default_LTBI,random,0,nPreventedActiveTB_median,0.0,0.0,apy_cho_epi_curve_data.csv,0.0,,1e-12,exact,pass
base_default_LTBI,random,0,nScreenedBCG_median,0.0,0.0,apy_cho_epi_curve_data.csv,0.0,,1e-12,exact,pass
base_default_LTBI,random,0,nScreened_high95,0.0,0.0,apy_cho_epi_curve_data.csv,0.0,,1e-12,exact,pass
base_default_LTBI,random,0,nScreened_low95,0.0,0.0,apy_cho_epi_curve_data.csv,0.0,,1e-12,exact,pass
base_default_LTBI,random,0,nScreened_median,0.0,0.0,apy_cho_epi_curve_data.csv,0.0,,1e-12,exact,pass
base_default_LTBI,random,0,nTestPositiveNonActive_median,0.0,0.0,apy_cho_epi_curve_data.csv,0.0,,1e-12,exact,pass
base_default_LTBI,random,0,nTestPositive_median,0.0,0.0,apy_cho_epi_curve_data.csv,0.0,,1e-12,exact,pass
base_default_LTBI,random,0,nTotalCoursesCompleted_median,0.0,0.0,apy_cho_epi_curve_data.csv,0.0,,1e-12,exact,pass
base_default_LTBI,random,0,nTotalCoursesStarted_median,0.0,0.0,apy_cho_epi_curve_data.csv,0.0,,1e-12,exact,pass
base_default_LTBI,random,0,nTruePositiveTests_median,0.0,0.0,apy_cho_epi_curve_data.csv,0.0,,1e-12,exact,pass
base_default_LTBI,random,0,nTruePositiveTreated_median,0.0,0.0,apy_cho_epi_curve_data.csv,0.0,,1e-12,exact,pass
base_default_LTBI,random,0,relativeReduction20y_median,0.0,0.0,apy_cho_epi_curve_data.csv,0.0,,1e-12,exact,pass
base_default_LTBI,random,0,screenCoverage,0.0,0.0,apy_cho_epi_curve_data.csv,0.0,,1e-12,exact,pass
base_default_LTBI,random,50,NNS_prevent_one_active_TB,,,apy_cho_epi_curve_data.csv,0.0,0.0,1e-12,exact,pass
base_default_LTBI,random,50,NNT_completed_prevent_one_active_TB,,,apy_cho_epi_curve_data.csv,0.0,0.0,1e-12,exact,pass
base_default_LTBI,random,50,NNT_started_prevent_one_active_TB,,,apy_cho_epi_curve_data.csv,0.0,0.0,1e-12,exact,pass
base_default_LTBI,random,50,PPV_trueAmongTestPositive,0.75,0.75,apy_cho_epi_curve_data.csv,0.0,0.0,1e-12,exact,pass
base_default_LTBI,random,50,falsePositiveShareAmongTestPositive,0.25,0.25,apy_cho_epi_curve_data.csv,0.0,0.0,1e-12,exact,pass
base_default_LTBI,random,50,falsePositiveTestsPerTruePositiveTest,0.3333333333333333,0.3333333333333333,apy_cho_epi_curve_data.csv,0.0,0.0,1e-12,exact,pass
base_default_LTBI,random,50,falsePositiveTreatedPerTruePositiveTreated,0.5,0.5,apy_cho_epi_curve_data.csv,0.0,0.0,1e-12,exact,pass
base_default_LTBI,random,50,falsePositiveTreatedShareAmongCoursesStarted,0.3333333333333333,0.3333333333333333,apy_cho_epi_curve_data.csv,0.0,0.0,1e-12,exact,pass
base_default_LTBI,random,50,nActiveBy20y_AfterStrategy_median,37.0,37.0,apy_cho_epi_curve_data.csv,0.0,0.0,1e-12,exact,pass
base_default_LTBI,random,50,nActiveBy20y_DoNothing_median,37.0,37.0,apy_cho_epi_curve_data.csv,0.0,0.0,1e-12,exact,pass
base_default_LTBI,random,50,nCuredInfection_median,2.0,2.0,apy_cho_epi_curve_data.csv,0.0,0.0,1e-12,exact,pass
base_default_LTBI,random,50,nFalsePositiveTestsBCG_median,0.0,0.0,apy_cho_epi_curve_data.csv,0.0,,1e-12,exact,pass
base_default_LTBI,random,50,nFalsePositiveTestsNoBCG_median,0.0,0.0,apy_cho_epi_curve_data.csv,0.0,,1e-12,exact,pass
base_default_LTBI,random,50,nFalsePositiveTests_median,1.0,1.0,apy_cho_epi_curve_data.csv,0.0,0.0,1e-12,exact,pass
base_default_LTBI,random,50,nFalsePositiveTreated_median,1.0,1.0,apy_cho_epi_curve_data.csv,0.0,0.0,1e-12,exact,pass
base_default_LTBI,random,50,nIGRApos_median,4.0,4.0,apy_cho_epi_curve_data.csv,0.0,0.0,1e-12,exact,pass
base_default_LTBI,random,50,nPreventedActiveTB_median,0.0,0.0,apy_cho_epi_curve_data.csv,0.0,,1e-12,exact,pass
base_default_LTBI,random,50,nScreenedBCG_median,34.0,34.0,apy_cho_epi_curve_data.csv,0.0,0.0,1e-12,exact,pass
base_default_LTBI,random,50,nScreened_high95,50.0,50.0,apy_cho_epi_curve_data.csv,0.0,0.0,1e-12,exact,pass
base_default_LTBI,random,50,nScreened_low95,50.0,50.0,apy_cho_epi_curve_data.csv,0.0,0.0,1e-12,exact,pass
base_default_LTBI,random,50,nScreened_median,50.0,50.0,apy_cho_epi_curve_data.csv,0.0,0.0,1e-12,exact,pass
base_default_LTBI,random,50,nTestPositiveNonActive_median,4.0,4.0,apy_cho_epi_curve_data.csv,0.0,0.0,1e-12,exact,pass
base_default_LTBI,random,50,nTestPositive_median,4.0,4.0,apy_cho_epi_curve_data.csv,0.0,0.0,1e-12,exact,pass
base_default_LTBI,random,50,nTotalCoursesCompleted_median,3.0,3.0,apy_cho_epi_curve_data.csv,0.0,0.0,1e-12,exact,pass
base_default_LTBI,random,50,nTotalCoursesStarted_median,3.0,3.0,apy_cho_epi_curve_data.csv,0.0,0.0,1e-12,exact,pass
base_default_LTBI,random,50,nTruePositiveTests_median,3.0,3.0,apy_cho_epi_curve_data.csv,0.0,0.0,1e-12,exact,pass
base_default_LTBI,random,50,nTruePositiveTreated_median,2.0,2.0,apy_cho_epi_curve_data.csv,0.0,0.0,1e-12,exact,pass
base_default_LTBI,random,50,relativeReduction20y_median,0.0,0.0,apy_cho_epi_curve_data.csv,0.0,,1e-12,exact,pass
base_default_LTBI,random,50,screenCoverage,0.0333333333333333,0.0333333333333333,apy_cho_epi_curve_data.csv,0.0,0.0,1e-12,exact,pass
base_default_LTBI,random,100,NNS_prevent_one_active_TB,100.0,100.0,apy_cho_epi_curve_data.csv,0.0,0.0,1e-12,exact,pass
base_default_LTBI,random,100,NNT_completed_prevent_one_active_TB,6.0,6.0,apy_cho_epi_curve_data.csv,0.0,0.0,1e-12,exact,pass
base_default_LTBI,random,100,NNT_started_prevent_one_active_TB,7.0,7.0,apy_cho_epi_curve_data.csv,0.0,0.0,1e-12,exact,pass
base_default_LTBI,random,100,PPV_trueAmongTestPositive,0.75,0.75,apy_cho_epi_curve_data.csv,0.0,0.0,1e-12,exact,pass
base_default_LTBI,random,100,falsePositiveShareAmongTestPositive,0.25,0.25,apy_cho_epi_curve_data.csv,0.0,0.0,1e-12,exact,pass
base_default_LTBI,random,100,falsePositiveTestsPerTruePositiveTest,0.3333333333333333,0.3333333333333333,apy_cho_epi_curve_data.csv,0.0,0.0,1e-12,exact,pass
base_default_LTBI,random,100,falsePositiveTreatedPerTruePositiveTreated,0.1666666666666666,0.1666666666666666,apy_cho_epi_curve_data.csv,0.0,0.0,1e-12,exact,pass
base_default_LTBI,random,100,falsePositiveTreatedShareAmongCoursesStarted,0.1428571428571428,0.1428571428571428,apy_cho_epi_curve_data.csv,0.0,0.0,1e-12,exact,pass
base_default_LTBI,random,100,nActiveBy20y_AfterStrategy_median,36.0,36.0,apy_cho_epi_curve_data.csv,0.0,0.0,1e-12,exact,pass
base_default_LTBI,random,100,nActiveBy20y_DoNothing_median,37.0,37.0,apy_cho_epi_curve_data.csv,0.0,0.0,1e-12,exact,pass
base_default_LTBI,random,100,nCuredInfection_median,4.0,4.0,apy_cho_epi_curve_data.csv,0.0,0.0,1e-12,exact,pass
base_default_LTBI,random,100,nFalsePositiveTestsBCG_median,1.0,1.0,apy_cho_epi_curve_data.csv,0.0,0.0,1e-12,exact,pass
base_default_LTBI,random,100,nFalsePositiveTestsNoBCG_median,0.0,0.0,apy_cho_epi_curve_data.csv,0.0,,1e-12,exact,pass
base_default_LTBI,random,100,nFalsePositiveTests_median,2.0,2.0,apy_cho_epi_curve_data.csv,0.0,0.0,1e-12,exact,pass
base_default_LTBI,random,100,nFalsePositiveTreated_median,1.0,1.0,apy_cho_epi_curve_data.csv,0.0,0.0,1e-12,exact,pass
base_default_LTBI,random,100,nIGRApos_median,8.0,8.0,apy_cho_epi_curve_data.csv,0.0,0.0,1e-12,exact,pass
base_default_LTBI,random,100,nPreventedActiveTB_median,1.0,1.0,apy_cho_epi_curve_data.csv,0.0,0.0,1e-12,exact,pass
base_default_LTBI,random,100,nScreenedBCG_median,68.0,68.0,apy_cho_epi_curve_data.csv,0.0,0.0,1e-12,exact,pass
base_default_LTBI,random,100,nScreened_high95,100.0,100.0,apy_cho_epi_curve_data.csv,0.0,0.0,1e-12,exact,pass
base_default_LTBI,random,100,nScreened_low95,100.0,100.0,apy_cho_epi_curve_data.csv,0.0,0.0,1e-12,exact,pass
base_default_LTBI,random,100,nScreened_median,100.0,100.0,apy_cho_epi_curve_data.csv,0.0,0.0,1e-12,exact,pass
base_default_LTBI,random,100,nTestPositiveNonActive_median,8.0,8.0,apy_cho_epi_curve_data.csv,0.0,0.0,1e-12,exact,pass
base_default_LTBI,random,100,nTestPositive_median,9.0,9.0,apy_cho_epi_curve_data.csv,0.0,0.0,1e-12,exact,pass
base_default_LTBI,random,100,nTotalCoursesCompleted_median,6.0,6.0,apy_cho_epi_curve_data.csv,0.0,0.0,1e-12,exact,pass
base_default_LTBI,random,100,nTotalCoursesStarted_median,7.0,7.0,apy_cho_epi_curve_data.csv,0.0,0.0,1e-12,exact,pass
base_default_LTBI,random,100,nTruePositiveTests_median,6.0,6.0,apy_cho_epi_curve_data.csv,0.0,0.0,1e-12,exact,pass
base_default_LTBI,random,100,nTruePositiveTreated_median,6.0,6.0,apy_cho_epi_curve_data.csv,0.0,0.0,1e-12,exact,pass
base_default_LTBI,random,100,relativeReduction20y_median,0.024390243902439,0.024390243902439,apy_cho_epi_curve_data.csv,0.0,0.0,1e-12,exact,pass
base_default_LTBI,random,100,screenCoverage,0.0666666666666666,0.0666666666666666,apy_cho_epi_curve_data.csv,0.0,0.0,1e-12,exact,pass
base_default_LTBI,random,150,NNS_prevent_one_active_TB,150.0,150.0,apy_cho_epi_curve_data.csv,0.0,0.0,1e-12,exact,pass
base_default_LTBI,random,150,NNT_completed_prevent_one_active_TB,8.0,8.0,apy_cho_epi_curve_data.csv,0.0,0.0,1e-12,exact,pass
base_default_LTBI,random,150,NNT_started_prevent_one_active_TB,11.0,11.0,apy_cho_epi_curve_data.csv,0.0,0.0,1e-12,exact,pass
base_default_LTBI,random,150,PPV_trueAmongTestPositive,0.75,0.75,apy_cho_epi_curve_data.csv,0.0,0.0,1e-12,exact,pass
base_default_LTBI,random,150,falsePositiveShareAmongTestPositive,0.25,0.25,apy_cho_epi_curve_data.csv,0.0,0.0,1e-12,exact,pass
base_default_LTBI,random,150,falsePositiveTestsPerTruePositiveTest,0.3333333333333333,0.3333333333333333,apy_cho_epi_curve_data.csv,0.0,0.0,1e-12,exact,pass
base_default_LTBI,random,150,falsePositiveTreatedPerTruePositiveTreated,0.2222222222222222,0.2222222222222222,apy_cho_epi_curve_data.csv,0.0,0.0,1e-12,exact,pass
base_default_LTBI,random,150,falsePositiveTreatedShareAmongCoursesStarted,0.1818181818181818,0.1818181818181818,apy_cho_epi_curve_data.csv,0.0,0.0,1e-12,exact,pass
base_default_LTBI,random,150,nActiveBy20y_AfterStrategy_median,36.0,36.0,apy_cho_epi_curve_data.csv,0.0,0.0,1e-12,exact,pass
base_default_LTBI,random,150,nActiveBy20y_DoNothing_median,37.0,37.0,apy_cho_epi_curve_data.csv,0.0,0.0,1e-12,exact,pass
base_default_LTBI,random,150,nCuredInfection_median,5.0,5.0,apy_cho_epi_curve_data.csv,0.0,0.0,1e-12,exact,pass
base_default_LTBI,random,150,nFalsePositiveTestsBCG_median,2.0,2.0,apy_cho_epi_curve_data.csv,0.0,0.0,1e-12,exact,pass
base_default_LTBI,random,150,nFalsePositiveTestsNoBCG_median,1.0,1.0,apy_cho_epi_curve_data.csv,0.0,0.0,1e-12,exact,pass
base_default_LTBI,random,150,nFalsePositiveTests_median,3.0,3.0,apy_cho_epi_curve_data.csv,0.0,0.0,1e-12,exact,pass
base_default_LTBI,random,150,nFalsePositiveTreated_median,2.0,2.0,apy_cho_epi_curve_data.csv,0.0,0.0,1e-12,exact,pass
base_default_LTBI,random,150,nIGRApos_median,12.0,12.0,apy_cho_epi_curve_data.csv,0.0,0.0,1e-12,exact,pass
base_default_LTBI,random,150,nPreventedActiveTB_median,1.0,1.0,apy_cho_epi_curve_data.csv,0.0,0.0,1e-12,exact,pass
base_default_LTBI,random,150,nScreenedBCG_median,102.0,102.0,apy_cho_epi_curve_data.csv,0.0,0.0,1e-12,exact,pass
base_default_LTBI,random,150,nScreened_high95,150.0,150.0,apy_cho_epi_curve_data.csv,0.0,0.0,1e-12,exact,pass
base_default_LTBI,random,150,nScreened_low95,150.0,150.0,apy_cho_epi_curve_data.csv,0.0,0.0,1e-12,exact,pass
base_default_LTBI,random,150,nScreened_median,150.0,150.0,apy_cho_epi_curve_data.csv,0.0,0.0,1e-12,exact,pass
base_default_LTBI,random,150,nTestPositiveNonActive_median,12.0,12.0,apy_cho_epi_curve_data.csv,0.0,0.0,1e-12,exact,pass
base_default_LTBI,random,150,nTestPositive_median,13.0,13.0,apy_cho_epi_curve_data.csv,0.0,0.0,1e-12,exact,pass
base_default_LTBI,random,150,nTotalCoursesCompleted_median,8.0,8.0,apy_cho_epi_curve_data.csv,0.0,0.0,1e-12,exact,pass
base_default_LTBI,random,150,nTotalCoursesStarted_median,11.0,11.0,apy_cho_epi_curve_data.csv,0.0,0.0,1e-12,exact,pass
base_default_LTBI,random,150,nTruePositiveTests_median,9.0,9.0,apy_cho_epi_curve_data.csv,0.0,0.0,1e-12,exact,pass
base_default_LTBI,random,150,nTruePositiveTreated_median,9.0,9.0,apy_cho_epi_curve_data.csv,0.0,0.0,1e-12,exact,pass
base_default_LTBI,random,150,relativeReduction20y_median,0.0294117647058823,0.0294117647058823,apy_cho_epi_curve_data.csv,0.0,0.0,1e-12,exact,pass
base_default_LTBI,random,150,screenCoverage,0.1,0.1,apy_cho_epi_curve_data.csv,0.0,0.0,1e-12,exact,pass
base_default_LTBI,random,200,NNS_prevent_one_active_TB,100.0,100.0,apy_cho_epi_curve_data.csv,0.0,0.0,1e-12,exact,pass
base_default_LTBI,random,200,NNT_completed_prevent_one_active_TB,5.5,5.5,apy_cho_epi_curve_data.csv,0.0,0.0,1e-12,exact,pass
base_default_LTBI,random,200,NNT_started_prevent_one_active_TB,7.0,7.0,apy_cho_epi_curve_data.csv,0.0,0.0,1e-12,exact,pass
base_default_LTBI,random,200,PPV_trueAmongTestPositive,0.7647058823529411,0.7647058823529411,apy_cho_epi_curve_data.csv,0.0,0.0,1e-12,exact,pass
base_default_LTBI,random,200,falsePositiveShareAmongTestPositive,0.2352941176470588,0.2352941176470588,apy_cho_epi_curve_data.csv,0.0,0.0,1e-12,exact,pass
base_default_LTBI,random,200,falsePositiveTestsPerTruePositiveTest,0.3076923076923077,0.3076923076923077,apy_cho_epi_curve_data.csv,0.0,0.0,1e-12,exact,pass
base_default_LTBI,random,200,falsePositiveTreatedPerTruePositiveTreated,0.2727272727272727,0.2727272727272727,apy_cho_epi_curve_data.csv,0.0,0.0,1e-12,exact,pass
base_default_LTBI,random,200,falsePositiveTreatedShareAmongCoursesStarted,0.2142857142857142,0.2142857142857142,apy_cho_epi_curve_data.csv,0.0,0.0,1e-12,exact,pass
base_default_LTBI,random,200,nActiveBy20y_AfterStrategy_median,35.0,35.0,apy_cho_epi_curve_data.csv,0.0,0.0,1e-12,exact,pass
base_default_LTBI,random,200,nActiveBy20y_DoNothing_median,37.0,37.0,apy_cho_epi_curve_data.csv,0.0,0.0,1e-12,exact,pass
base_default_LTBI,random,200,nCuredInfection_median,7.0,7.0,apy_cho_epi_curve_data.csv,0.0,0.0,1e-12,exact,pass
base_default_LTBI,random,200,nFalsePositiveTestsBCG_median,2.0,2.0,apy_cho_epi_curve_data.csv,0.0,0.0,1e-12,exact,pass
base_default_LTBI,random,200,nFalsePositiveTestsNoBCG_median,1.0,1.0,apy_cho_epi_curve_data.csv,0.0,0.0,1e-12,exact,pass
base_default_LTBI,random,200,nFalsePositiveTests_median,4.0,4.0,apy_cho_epi_curve_data.csv,0.0,0.0,1e-12,exact,pass
base_default_LTBI,random,200,nFalsePositiveTreated_median,3.0,3.0,apy_cho_epi_curve_data.csv,0.0,0.0,1e-12,exact,pass
base_default_LTBI,random,200,nIGRApos_median,17.0,17.0,apy_cho_epi_curve_data.csv,0.0,0.0,1e-12,exact,pass
base_default_LTBI,random,200,nPreventedActiveTB_median,2.0,2.0,apy_cho_epi_curve_data.csv,0.0,0.0,1e-12,exact,pass
base_default_LTBI,random,200,nScreenedBCG_median,136.0,136.0,apy_cho_epi_curve_data.csv,0.0,0.0,1e-12,exact,pass
base_default_LTBI,random,200,nScreened_high95,200.0,200.0,apy_cho_epi_curve_data.csv,0.0,0.0,1e-12,exact,pass
base_default_LTBI,random,200,nScreened_low95,200.0,200.0,apy_cho_epi_curve_data.csv,0.0,0.0,1e-12,exact,pass
base_default_LTBI,random,200,nScreened_median,200.0,200.0,apy_cho_epi_curve_data.csv,0.0,0.0,1e-12,exact,pass
base_default_LTBI,random,200,nTestPositiveNonActive_median,17.0,17.0,apy_cho_epi_curve_data.csv,0.0,0.0,1e-12,exact,pass
base_default_LTBI,random,200,nTestPositive_median,18.0,18.0,apy_cho_epi_curve_data.csv,0.0,0.0,1e-12,exact,pass
base_default_LTBI,random,200,nTotalCoursesCompleted_median,11.0,11.0,apy_cho_epi_curve_data.csv,0.0,0.0,1e-12,exact,pass
base_default_LTBI,random,200,nTotalCoursesStarted_median,14.0,14.0,apy_cho_epi_curve_data.csv,0.0,0.0,1e-12,exact,pass
base_default_LTBI,random,200,nTruePositiveTests_median,13.0,13.0,apy_cho_epi_curve_data.csv,0.0,0.0,1e-12,exact,pass
base_default_LTBI,random,200,nTruePositiveTreated_median,11.0,11.0,apy_cho_epi_curve_data.csv,0.0,0.0,1e-12,exact,pass
base_default_LTBI,random,200,relativeReduction20y_median,0.0434782608695652,0.0434782608695652,apy_cho_epi_curve_data.csv,0.0,0.0,1e-12,exact,pass
base_default_LTBI,random,200,screenCoverage,0.1333333333333333,0.1333333333333333,apy_cho_epi_curve_data.csv,0.0,0.0,1e-12,exact,pass
base_default_LTBI,random,250,NNS_prevent_one_active_TB,125.0,125.0,apy_cho_epi_curve_data.csv,0.0,0.0,1e-12,exact,pass
base_default_LTBI,random,250,NNT_completed_prevent_one_active_TB,7.0,7.0,apy_cho_epi_curve_data.csv,0.0,0.0,1e-12,exact,pass
base_default_LTBI,random,250,NNT_started_prevent_one_active_TB,9.0,9.0,apy_cho_epi_curve_data.csv,0.0,0.0,1e-12,exact,pass
base_default_LTBI,random,250,PPV_trueAmongTestPositive,0.8095238095238095,0.8095238095238095,apy_cho_epi_curve_data.csv,0.0,0.0,1e-12,exact,pass
base_default_LTBI,random,250,falsePositiveShareAmongTestPositive,0.1904761904761904,0.1904761904761904,apy_cho_epi_curve_data.csv,0.0,0.0,1e-12,exact,pass
base_default_LTBI,random,250,falsePositiveTestsPerTruePositiveTest,0.2352941176470588,0.2352941176470588,apy_cho_epi_curve_data.csv,0.0,0.0,1e-12,exact,pass
base_default_LTBI,random,250,falsePositiveTreatedPerTruePositiveTreated,0.2857142857142857,0.2857142857142857,apy_cho_epi_curve_data.csv,0.0,0.0,1e-12,exact,pass
base_default_LTBI,random,250,falsePositiveTreatedShareAmongCoursesStarted,0.2222222222222222,0.2222222222222222,apy_cho_epi_curve_data.csv,0.0,0.0,1e-12,exact,pass
base_default_LTBI,random,250,nActiveBy20y_AfterStrategy_median,35.0,35.0,apy_cho_epi_curve_data.csv,0.0,0.0,1e-12,exact,pass
base_default_LTBI,random,250,nActiveBy20y_DoNothing_median,37.0,37.0,apy_cho_epi_curve_data.csv,0.0,0.0,1e-12,exact,pass
base_default_LTBI,random,250,nCuredInfection_median,9.0,9.0,apy_cho_epi_curve_data.csv,0.0,0.0,1e-12,exact,pass
base_default_LTBI,random,250,nFalsePositiveTestsBCG_median,3.0,3.0,apy_cho_epi_curve_data.csv,0.0,0.0,1e-12,exact,pass
base_default_LTBI,random,250,nFalsePositiveTestsNoBCG_median,1.0,1.0,apy_cho_epi_curve_data.csv,0.0,0.0,1e-12,exact,pass
base_default_LTBI,random,250,nFalsePositiveTests_median,4.0,4.0,apy_cho_epi_curve_data.csv,0.0,0.0,1e-12,exact,pass
base_default_LTBI,random,250,nFalsePositiveTreated_median,4.0,4.0,apy_cho_epi_curve_data.csv,0.0,0.0,1e-12,exact,pass
base_default_LTBI,random,250,nIGRApos_median,21.0,21.0,apy_cho_epi_curve_data.csv,0.0,0.0,1e-12,exact,pass
base_default_LTBI,random,250,nPreventedActiveTB_median,2.0,2.0,apy_cho_epi_curve_data.csv,0.0,0.0,1e-12,exact,pass
base_default_LTBI,random,250,nScreenedBCG_median,170.0,170.0,apy_cho_epi_curve_data.csv,0.0,0.0,1e-12,exact,pass
base_default_LTBI,random,250,nScreened_high95,250.0,250.0,apy_cho_epi_curve_data.csv,0.0,0.0,1e-12,exact,pass
base_default_LTBI,random,250,nScreened_low95,250.0,250.0,apy_cho_epi_curve_data.csv,0.0,0.0,1e-12,exact,pass
base_default_LTBI,random,250,nScreened_median,250.0,250.0,apy_cho_epi_curve_data.csv,0.0,0.0,1e-12,exact,pass
base_default_LTBI,random,250,nTestPositiveNonActive_median,21.0,21.0,apy_cho_epi_curve_data.csv,0.0,0.0,1e-12,exact,pass
base_default_LTBI,random,250,nTestPositive_median,23.0,23.0,apy_cho_epi_curve_data.csv,0.0,0.0,1e-12,exact,pass
base_default_LTBI,random,250,nTotalCoursesCompleted_median,14.0,14.0,apy_cho_epi_curve_data.csv,0.0,0.0,1e-12,exact,pass
base_default_LTBI,random,250,nTotalCoursesStarted_median,18.0,18.0,apy_cho_epi_curve_data.csv,0.0,0.0,1e-12,exact,pass
base_default_LTBI,random,250,nTruePositiveTests_median,17.0,17.0,apy_cho_epi_curve_data.csv,0.0,0.0,1e-12,exact,pass
base_default_LTBI,random,250,nTruePositiveTreated_median,14.0,14.0,apy_cho_epi_curve_data.csv,0.0,0.0,1e-12,exact,pass
base_default_LTBI,random,250,relativeReduction20y_median,0.054054054054054,0.054054054054054,apy_cho_epi_curve_data.csv,0.0,0.0,1e-12,exact,pass
base_default_LTBI,random,250,screenCoverage,0.1666666666666666,0.1666666666666666,apy_cho_epi_curve_data.csv,0.0,0.0,1e-12,exact,pass
base_default_LTBI,random,300,NNS_prevent_one_active_TB,150.0,150.0,apy_cho_epi_curve_data.csv,0.0,0.0,1e-12,exact,pass
base_default_LTBI,random,300,NNT_completed_prevent_one_active_TB,8.5,8.5,apy_cho_epi_curve_data.csv,0.0,0.0,1e-12,exact,pass
base_default_LTBI,random,300,NNT_started_prevent_one_active_TB,10.5,10.5,apy_cho_epi_curve_data.csv,0.0,0.0,1e-12,exact,pass
base_default_LTBI,random,300,PPV_trueAmongTestPositive,0.8,0.8,apy_cho_epi_curve_data.csv,0.0,0.0,1e-12,exact,pass
base_default_LTBI,random,300,falsePositiveShareAmongTestPositive,0.2,0.2,apy_cho_epi_curve_data.csv,0.0,0.0,1e-12,exact,pass
base_default_LTBI,random,300,falsePositiveTestsPerTruePositiveTest,0.25,0.25,apy_cho_epi_curve_data.csv,0.0,0.0,1e-12,exact,pass
base_default_LTBI,random,300,falsePositiveTreatedPerTruePositiveTreated,0.3125,0.3125,apy_cho_epi_curve_data.csv,0.0,0.0,1e-12,exact,pass
base_default_LTBI,random,300,falsePositiveTreatedShareAmongCoursesStarted,0.238095238095238,0.238095238095238,apy_cho_epi_curve_data.csv,0.0,0.0,1e-12,exact,pass
base_default_LTBI,random,300,nActiveBy20y_AfterStrategy_median,34.0,34.0,apy_cho_epi_curve_data.csv,0.0,0.0,1e-12,exact,pass
base_default_LTBI,random,300,nActiveBy20y_DoNothing_median,37.0,37.0,apy_cho_epi_curve_data.csv,0.0,0.0,1e-12,exact,pass
base_default_LTBI,random,300,nCuredInfection_median,11.0,11.0,apy_cho_epi_curve_data.csv,0.0,0.0,1e-12,exact,pass
base_default_LTBI,random,300,nFalsePositiveTestsBCG_median,4.0,4.0,apy_cho_epi_curve_data.csv,0.0,0.0,1e-12,exact,pass
base_default_LTBI,random,300,nFalsePositiveTestsNoBCG_median,2.0,2.0,apy_cho_epi_curve_data.csv,0.0,0.0,1e-12,exact,pass
base_default_LTBI,random,300,nFalsePositiveTests_median,5.0,5.0,apy_cho_epi_curve_data.csv,0.0,0.0,1e-12,exact,pass
base_default_LTBI,random,300,nFalsePositiveTreated_median,5.0,5.0,apy_cho_epi_curve_data.csv,0.0,0.0,1e-12,exact,pass
base_default_LTBI,random,300,nIGRApos_median,25.0,25.0,apy_cho_epi_curve_data.csv,0.0,0.0,1e-12,exact,pass
base_default_LTBI,random,300,nPreventedActiveTB_median,2.0,2.0,apy_cho_epi_curve_data.csv,0.0,0.0,1e-12,exact,pass
base_default_LTBI,random,300,nScreenedBCG_median,204.0,204.0,apy_cho_epi_curve_data.csv,0.0,0.0,1e-12,exact,pass
base_default_LTBI,random,300,nScreened_high95,300.0,300.0,apy_cho_epi_curve_data.csv,0.0,0.0,1e-12,exact,pass
base_default_LTBI,random,300,nScreened_low95,300.0,300.0,apy_cho_epi_curve_data.csv,0.0,0.0,1e-12,exact,pass
base_default_LTBI,random,300,nScreened_median,300.0,300.0,apy_cho_epi_curve_data.csv,0.0,0.0,1e-12,exact,pass
base_default_LTBI,random,300,nTestPositiveNonActive_median,25.0,25.0,apy_cho_epi_curve_data.csv,0.0,0.0,1e-12,exact,pass
base_default_LTBI,random,300,nTestPositive_median,27.0,27.0,apy_cho_epi_curve_data.csv,0.0,0.0,1e-12,exact,pass
base_default_LTBI,random,300,nTotalCoursesCompleted_median,17.0,17.0,apy_cho_epi_curve_data.csv,0.0,0.0,1e-12,exact,pass
base_default_LTBI,random,300,nTotalCoursesStarted_median,21.0,21.0,apy_cho_epi_curve_data.csv,0.0,0.0,1e-12,exact,pass
base_default_LTBI,random,300,nTruePositiveTests_median,20.0,20.0,apy_cho_epi_curve_data.csv,0.0,0.0,1e-12,exact,pass
base_default_LTBI,random,300,nTruePositiveTreated_median,16.0,16.0,apy_cho_epi_curve_data.csv,0.0,0.0,1e-12,exact,pass
base_default_LTBI,random,300,relativeReduction20y_median,0.0666666666666666,0.0666666666666666,apy_cho_epi_curve_data.csv,0.0,0.0,1e-12,exact,pass
base_default_LTBI,random,300,screenCoverage,0.2,0.2,apy_cho_epi_curve_data.csv,0.0,0.0,1e-12,exact,pass
base_default_LTBI,random,350,NNS_prevent_one_active_TB,116.66666666666669,116.66666666666669,apy_cho_epi_curve_data.csv,0.0,0.0,1e-12,exact,pass
base_default_LTBI,random,350,NNT_completed_prevent_one_active_TB,6.666666666666667,6.666666666666667,apy_cho_epi_curve_data.csv,0.0,0.0,1e-12,exact,pass
base_default_LTBI,random,350,NNT_started_prevent_one_active_TB,8.333333333333334,8.333333333333334,apy_cho_epi_curve_data.csv,0.0,0.0,1e-12,exact,pass
base_default_LTBI,random,350,PPV_trueAmongTestPositive,0.7931034482758621,0.7931034482758621,apy_cho_epi_curve_data.csv,0.0,0.0,1e-12,exact,pass
base_default_LTBI,random,350,falsePositiveShareAmongTestPositive,0.2068965517241379,0.2068965517241379,apy_cho_epi_curve_data.csv,0.0,0.0,1e-12,exact,pass
base_default_LTBI,random,350,falsePositiveTestsPerTruePositiveTest,0.2608695652173913,0.2608695652173913,apy_cho_epi_curve_data.csv,0.0,0.0,1e-12,exact,pass
base_default_LTBI,random,350,falsePositiveTreatedPerTruePositiveTreated,0.25,0.25,apy_cho_epi_curve_data.csv,0.0,0.0,1e-12,exact,pass
base_default_LTBI,random,350,falsePositiveTreatedShareAmongCoursesStarted,0.2,0.2,apy_cho_epi_curve_data.csv,0.0,0.0,1e-12,exact,pass
base_default_LTBI,random,350,nActiveBy20y_AfterStrategy_median,34.0,34.0,apy_cho_epi_curve_data.csv,0.0,0.0,1e-12,exact,pass
base_default_LTBI,random,350,nActiveBy20y_DoNothing_median,37.0,37.0,apy_cho_epi_curve_data.csv,0.0,0.0,1e-12,exact,pass
base_default_LTBI,random,350,nCuredInfection_median,13.0,13.0,apy_cho_epi_curve_data.csv,0.0,0.0,1e-12,exact,pass
base_default_LTBI,random,350,nFalsePositiveTestsBCG_median,4.0,4.0,apy_cho_epi_curve_data.csv,0.0,0.0,1e-12,exact,pass
base_default_LTBI,random,350,nFalsePositiveTestsNoBCG_median,2.0,2.0,apy_cho_epi_curve_data.csv,0.0,0.0,1e-12,exact,pass
base_default_LTBI,random,350,nFalsePositiveTests_median,6.0,6.0,apy_cho_epi_curve_data.csv,0.0,0.0,1e-12,exact,pass
base_default_LTBI,random,350,nFalsePositiveTreated_median,5.0,5.0,apy_cho_epi_curve_data.csv,0.0,0.0,1e-12,exact,pass
base_default_LTBI,random,350,nIGRApos_median,29.0,29.0,apy_cho_epi_curve_data.csv,0.0,0.0,1e-12,exact,pass
base_default_LTBI,random,350,nPreventedActiveTB_median,3.0,3.0,apy_cho_epi_curve_data.csv,0.0,0.0,1e-12,exact,pass
base_default_LTBI,random,350,nScreenedBCG_median,238.0,238.0,apy_cho_epi_curve_data.csv,0.0,0.0,1e-12,exact,pass
base_default_LTBI,random,350,nScreened_high95,350.0,350.0,apy_cho_epi_curve_data.csv,0.0,0.0,1e-12,exact,pass
base_default_LTBI,random,350,nScreened_low95,350.0,350.0,apy_cho_epi_curve_data.csv,0.0,0.0,1e-12,exact,pass
base_default_LTBI,random,350,nScreened_median,350.0,350.0,apy_cho_epi_curve_data.csv,0.0,0.0,1e-12,exact,pass
base_default_LTBI,random,350,nTestPositiveNonActive_median,29.0,29.0,apy_cho_epi_curve_data.csv,0.0,0.0,1e-12,exact,pass
base_default_LTBI,random,350,nTestPositive_median,31.0,31.0,apy_cho_epi_curve_data.csv,0.0,0.0,1e-12,exact,pass
base_default_LTBI,random,350,nTotalCoursesCompleted_median,20.0,20.0,apy_cho_epi_curve_data.csv,0.0,0.0,1e-12,exact,pass
base_default_LTBI,random,350,nTotalCoursesStarted_median,25.0,25.0,apy_cho_epi_curve_data.csv,0.0,0.0,1e-12,exact,pass
base_default_LTBI,random,350,nTruePositiveTests_median,23.0,23.0,apy_cho_epi_curve_data.csv,0.0,0.0,1e-12,exact,pass
base_default_LTBI,random,350,nTruePositiveTreated_median,20.0,20.0,apy_cho_epi_curve_data.csv,0.0,0.0,1e-12,exact,pass
base_default_LTBI,random,350,relativeReduction20y_median,0.08,0.08,apy_cho_epi_curve_data.csv,0.0,0.0,1e-12,exact,pass
base_default_LTBI,random,350,screenCoverage,0.2333333333333333,0.2333333333333333,apy_cho_epi_curve_data.csv,0.0,0.0,1e-12,exact,pass
base_default_LTBI,random,400,NNS_prevent_one_active_TB,133.33333333333334,133.33333333333334,apy_cho_epi_curve_data.csv,0.0,0.0,1e-12,exact,pass
base_default_LTBI,random,400,NNT_completed_prevent_one_active_TB,7.333333333333333,7.333333333333333,apy_cho_epi_curve_data.csv,0.0,0.0,1e-12,exact,pass
base_default_LTBI,random,400,NNT_started_prevent_one_active_TB,9.333333333333334,9.333333333333334,apy_cho_epi_curve_data.csv,0.0,0.0,1e-12,exact,pass
base_default_LTBI,random,400,PPV_trueAmongTestPositive,0.7878787878787878,0.7878787878787878,apy_cho_epi_curve_data.csv,0.0,0.0,1e-12,exact,pass
base_default_LTBI,random,400,falsePositiveShareAmongTestPositive,0.2121212121212121,0.2121212121212121,apy_cho_epi_curve_data.csv,0.0,0.0,1e-12,exact,pass
base_default_LTBI,random,400,falsePositiveTestsPerTruePositiveTest,0.2692307692307692,0.2692307692307692,apy_cho_epi_curve_data.csv,0.0,0.0,1e-12,exact,pass
base_default_LTBI,random,400,falsePositiveTreatedPerTruePositiveTreated,0.2727272727272727,0.2727272727272727,apy_cho_epi_curve_data.csv,0.0,0.0,1e-12,exact,pass
base_default_LTBI,random,400,falsePositiveTreatedShareAmongCoursesStarted,0.2142857142857142,0.2142857142857142,apy_cho_epi_curve_data.csv,0.0,0.0,1e-12,exact,pass
base_default_LTBI,random,400,nActiveBy20y_AfterStrategy_median,34.0,34.0,apy_cho_epi_curve_data.csv,0.0,0.0,1e-12,exact,pass
base_default_LTBI,random,400,nActiveBy20y_DoNothing_median,37.0,37.0,apy_cho_epi_curve_data.csv,0.0,0.0,1e-12,exact,pass
base_default_LTBI,random,400,nCuredInfection_median,14.0,14.0,apy_cho_epi_curve_data.csv,0.0,0.0,1e-12,exact,pass
base_default_LTBI,random,400,nFalsePositiveTestsBCG_median,5.0,5.0,apy_cho_epi_curve_data.csv,0.0,0.0,1e-12,exact,pass
base_default_LTBI,random,400,nFalsePositiveTestsNoBCG_median,2.0,2.0,apy_cho_epi_curve_data.csv,0.0,0.0,1e-12,exact,pass
base_default_LTBI,random,400,nFalsePositiveTests_median,7.0,7.0,apy_cho_epi_curve_data.csv,0.0,0.0,1e-12,exact,pass
base_default_LTBI,random,400,nFalsePositiveTreated_median,6.0,6.0,apy_cho_epi_curve_data.csv,0.0,0.0,1e-12,exact,pass
base_default_LTBI,random,400,nIGRApos_median,33.0,33.0,apy_cho_epi_curve_data.csv,0.0,0.0,1e-12,exact,pass
base_default_LTBI,random,400,nPreventedActiveTB_median,3.0,3.0,apy_cho_epi_curve_data.csv,0.0,0.0,1e-12,exact,pass
base_default_LTBI,random,400,nScreenedBCG_median,272.0,272.0,apy_cho_epi_curve_data.csv,0.0,0.0,1e-12,exact,pass
base_default_LTBI,random,400,nScreened_high95,400.0,400.0,apy_cho_epi_curve_data.csv,0.0,0.0,1e-12,exact,pass
base_default_LTBI,random,400,nScreened_low95,400.0,400.0,apy_cho_epi_curve_data.csv,0.0,0.0,1e-12,exact,pass
base_default_LTBI,random,400,nScreened_median,400.0,400.0,apy_cho_epi_curve_data.csv,0.0,0.0,1e-12,exact,pass
base_default_LTBI,random,400,nTestPositiveNonActive_median,33.0,33.0,apy_cho_epi_curve_data.csv,0.0,0.0,1e-12,exact,pass
base_default_LTBI,random,400,nTestPositive_median,36.0,36.0,apy_cho_epi_curve_data.csv,0.0,0.0,1e-12,exact,pass
base_default_LTBI,random,400,nTotalCoursesCompleted_median,22.0,22.0,apy_cho_epi_curve_data.csv,0.0,0.0,1e-12,exact,pass
base_default_LTBI,random,400,nTotalCoursesStarted_median,28.0,28.0,apy_cho_epi_curve_data.csv,0.0,0.0,1e-12,exact,pass
base_default_LTBI,random,400,nTruePositiveTests_median,26.0,26.0,apy_cho_epi_curve_data.csv,0.0,0.0,1e-12,exact,pass
base_default_LTBI,random,400,nTruePositiveTreated_median,22.0,22.0,apy_cho_epi_curve_data.csv,0.0,0.0,1e-12,exact,pass
base_default_LTBI,random,400,relativeReduction20y_median,0.0930232558139534,0.0930232558139534,apy_cho_epi_curve_data.csv,0.0,0.0,1e-12,exact,pass
base_default_LTBI,random,400,screenCoverage,0.2666666666666666,0.2666666666666666,apy_cho_epi_curve_data.csv,0.0,0.0,1e-12,exact,pass
base_default_LTBI,random,450,NNS_prevent_one_active_TB,112.5,112.5,apy_cho_epi_curve_data.csv,0.0,0.0,1e-12,exact,pass
base_default_LTBI,random,450,NNT_completed_prevent_one_active_TB,6.25,6.25,apy_cho_epi_curve_data.csv,0.0,0.0,1e-12,exact,pass
base_default_LTBI,random,450,NNT_started_prevent_one_active_TB,8.0,8.0,apy_cho_epi_curve_data.csv,0.0,0.0,1e-12,exact,pass
base_default_LTBI,random,450,PPV_trueAmongTestPositive,0.7837837837837838,0.7837837837837838,apy_cho_epi_curve_data.csv,0.0,0.0,1e-12,exact,pass
base_default_LTBI,random,450,falsePositiveShareAmongTestPositive,0.2162162162162162,0.2162162162162162,apy_cho_epi_curve_data.csv,0.0,0.0,1e-12,exact,pass
base_default_LTBI,random,450,falsePositiveTestsPerTruePositiveTest,0.2758620689655172,0.2758620689655172,apy_cho_epi_curve_data.csv,0.0,0.0,1e-12,exact,pass
base_default_LTBI,random,450,falsePositiveTreatedPerTruePositiveTreated,0.28,0.28,apy_cho_epi_curve_data.csv,0.0,0.0,1e-12,exact,pass
base_default_LTBI,random,450,falsePositiveTreatedShareAmongCoursesStarted,0.21875,0.21875,apy_cho_epi_curve_data.csv,0.0,0.0,1e-12,exact,pass
base_default_LTBI,random,450,nActiveBy20y_AfterStrategy_median,33.0,33.0,apy_cho_epi_curve_data.csv,0.0,0.0,1e-12,exact,pass
base_default_LTBI,random,450,nActiveBy20y_DoNothing_median,37.0,37.0,apy_cho_epi_curve_data.csv,0.0,0.0,1e-12,exact,pass
base_default_LTBI,random,450,nCuredInfection_median,16.0,16.0,apy_cho_epi_curve_data.csv,0.0,0.0,1e-12,exact,pass
base_default_LTBI,random,450,nFalsePositiveTestsBCG_median,5.0,5.0,apy_cho_epi_curve_data.csv,0.0,0.0,1e-12,exact,pass
base_default_LTBI,random,450,nFalsePositiveTestsNoBCG_median,2.0,2.0,apy_cho_epi_curve_data.csv,0.0,0.0,1e-12,exact,pass
base_default_LTBI,random,450,nFalsePositiveTests_median,8.0,8.0,apy_cho_epi_curve_data.csv,0.0,0.0,1e-12,exact,pass
base_default_LTBI,random,450,nFalsePositiveTreated_median,7.0,7.0,apy_cho_epi_curve_data.csv,0.0,0.0,1e-12,exact,pass
base_default_LTBI,random,450,nIGRApos_median,37.0,37.0,apy_cho_epi_curve_data.csv,0.0,0.0,1e-12,exact,pass
base_default_LTBI,random,450,nPreventedActiveTB_median,4.0,4.0,apy_cho_epi_curve_data.csv,0.0,0.0,1e-12,exact,pass
base_default_LTBI,random,450,nScreenedBCG_median,306.0,306.0,apy_cho_epi_curve_data.csv,0.0,0.0,1e-12,exact,pass
base_default_LTBI,random,450,nScreened_high95,450.0,450.0,apy_cho_epi_curve_data.csv,0.0,0.0,1e-12,exact,pass
base_default_LTBI,random,450,nScreened_low95,450.0,450.0,apy_cho_epi_curve_data.csv,0.0,0.0,1e-12,exact,pass
base_default_LTBI,random,450,nScreened_median,450.0,450.0,apy_cho_epi_curve_data.csv,0.0,0.0,1e-12,exact,pass
base_default_LTBI,random,450,nTestPositiveNonActive_median,37.0,37.0,apy_cho_epi_curve_data.csv,0.0,0.0,1e-12,exact,pass
base_default_LTBI,random,450,nTestPositive_median,40.0,40.0,apy_cho_epi_curve_data.csv,0.0,0.0,1e-12,exact,pass
base_default_LTBI,random,450,nTotalCoursesCompleted_median,25.0,25.0,apy_cho_epi_curve_data.csv,0.0,0.0,1e-12,exact,pass
base_default_LTBI,random,450,nTotalCoursesStarted_median,32.0,32.0,apy_cho_epi_curve_data.csv,0.0,0.0,1e-12,exact,pass
base_default_LTBI,random,450,nTruePositiveTests_median,29.0,29.0,apy_cho_epi_curve_data.csv,0.0,0.0,1e-12,exact,pass
base_default_LTBI,random,450,nTruePositiveTreated_median,25.0,25.0,apy_cho_epi_curve_data.csv,0.0,0.0,1e-12,exact,pass
base_default_LTBI,random,450,relativeReduction20y_median,0.1052631578947368,0.1052631578947368,apy_cho_epi_curve_data.csv,0.0,0.0,1e-12,exact,pass
base_default_LTBI,random,450,screenCoverage,0.3,0.3,apy_cho_epi_curve_data.csv,0.0,0.0,1e-12,exact,pass
base_default_LTBI,random,500,NNS_prevent_one_active_TB,125.0,125.0,apy_cho_epi_curve_data.csv,0.0,0.0,1e-12,exact,pass
base_default_LTBI,random,500,NNT_completed_prevent_one_active_TB,7.0,7.0,apy_cho_epi_curve_data.csv,0.0,0.0,1e-12,exact,pass
base_default_LTBI,random,500,NNT_started_prevent_one_active_TB,8.75,8.75,apy_cho_epi_curve_data.csv,0.0,0.0,1e-12,exact,pass
base_default_LTBI,random,500,PPV_trueAmongTestPositive,0.7804878048780488,0.7804878048780488,apy_cho_epi_curve_data.csv,0.0,0.0,1e-12,exact,pass
base_default_LTBI,random,500,falsePositiveShareAmongTestPositive,0.2195121951219512,0.2195121951219512,apy_cho_epi_curve_data.csv,0.0,0.0,1e-12,exact,pass
base_default_LTBI,random,500,falsePositiveTestsPerTruePositiveTest,0.28125,0.28125,apy_cho_epi_curve_data.csv,0.0,0.0,1e-12,exact,pass
base_default_LTBI,random,500,falsePositiveTreatedPerTruePositiveTreated,0.2962962962962963,0.2962962962962963,apy_cho_epi_curve_data.csv,0.0,0.0,1e-12,exact,pass
base_default_LTBI,random,500,falsePositiveTreatedShareAmongCoursesStarted,0.2285714285714285,0.2285714285714285,apy_cho_epi_curve_data.csv,0.0,0.0,1e-12,exact,pass
base_default_LTBI,random,500,nActiveBy20y_AfterStrategy_median,33.0,33.0,apy_cho_epi_curve_data.csv,0.0,0.0,1e-12,exact,pass
base_default_LTBI,random,500,nActiveBy20y_DoNothing_median,37.0,37.0,apy_cho_epi_curve_data.csv,0.0,0.0,1e-12,exact,pass
base_default_LTBI,random,500,nCuredInfection_median,18.0,18.0,apy_cho_epi_curve_data.csv,0.0,0.0,1e-12,exact,pass
base_default_LTBI,random,500,nFalsePositiveTestsBCG_median,6.0,6.0,apy_cho_epi_curve_data.csv,0.0,0.0,1e-12,exact,pass
base_default_LTBI,random,500,nFalsePositiveTestsNoBCG_median,3.0,3.0,apy_cho_epi_curve_data.csv,0.0,0.0,1e-12,exact,pass
base_default_LTBI,random,500,nFalsePositiveTests_median,9.0,9.0,apy_cho_epi_curve_data.csv,0.0,0.0,1e-12,exact,pass
base_default_LTBI,random,500,nFalsePositiveTreated_median,8.0,8.0,apy_cho_epi_curve_data.csv,0.0,0.0,1e-12,exact,pass
base_default_LTBI,random,500,nIGRApos_median,41.0,41.0,apy_cho_epi_curve_data.csv,0.0,0.0,1e-12,exact,pass
base_default_LTBI,random,500,nPreventedActiveTB_median,4.0,4.0,apy_cho_epi_curve_data.csv,0.0,0.0,1e-12,exact,pass
base_default_LTBI,random,500,nScreenedBCG_median,340.0,340.0,apy_cho_epi_curve_data.csv,0.0,0.0,1e-12,exact,pass
base_default_LTBI,random,500,nScreened_high95,500.0,500.0,apy_cho_epi_curve_data.csv,0.0,0.0,1e-12,exact,pass
base_default_LTBI,random,500,nScreened_low95,500.0,500.0,apy_cho_epi_curve_data.csv,0.0,0.0,1e-12,exact,pass
base_default_LTBI,random,500,nScreened_median,500.0,500.0,apy_cho_epi_curve_data.csv,0.0,0.0,1e-12,exact,pass
base_default_LTBI,random,500,nTestPositiveNonActive_median,41.0,41.0,apy_cho_epi_curve_data.csv,0.0,0.0,1e-12,exact,pass
base_default_LTBI,random,500,nTestPositive_median,45.0,45.0,apy_cho_epi_curve_data.csv,0.0,0.0,1e-12,exact,pass
base_default_LTBI,random,500,nTotalCoursesCompleted_median,28.0,28.0,apy_cho_epi_curve_data.csv,0.0,0.0,1e-12,exact,pass
base_default_LTBI,random,500,nTotalCoursesStarted_median,35.0,35.0,apy_cho_epi_curve_data.csv,0.0,0.0,1e-12,exact,pass
base_default_LTBI,random,500,nTruePositiveTests_median,32.0,32.0,apy_cho_epi_curve_data.csv,0.0,0.0,1e-12,exact,pass
base_default_LTBI,random,500,nTruePositiveTreated_median,27.0,27.0,apy_cho_epi_curve_data.csv,0.0,0.0,1e-12,exact,pass
base_default_LTBI,random,500,relativeReduction20y_median,0.1142857142857142,0.1142857142857142,apy_cho_epi_curve_data.csv,0.0,0.0,1e-12,exact,pass
base_default_LTBI,random,500,screenCoverage,0.3333333333333333,0.3333333333333333,apy_cho_epi_curve_data.csv,0.0,0.0,1e-12,exact,pass
base_default_LTBI,random,600,NNS_prevent_one_active_TB,120.0,120.0,apy_cho_epi_curve_data.csv,0.0,0.0,1e-12,exact,pass
base_default_LTBI,random,600,NNT_completed_prevent_one_active_TB,6.8,6.8,apy_cho_epi_curve_data.csv,0.0,0.0,1e-12,exact,pass
base_default_LTBI,random,600,NNT_started_prevent_one_active_TB,8.4,8.4,apy_cho_epi_curve_data.csv,0.0,0.0,1e-12,exact,pass
base_default_LTBI,random,600,PPV_trueAmongTestPositive,0.78,0.78,apy_cho_epi_curve_data.csv,0.0,0.0,1e-12,exact,pass
base_default_LTBI,random,600,falsePositiveShareAmongTestPositive,0.22,0.22,apy_cho_epi_curve_data.csv,0.0,0.0,1e-12,exact,pass
base_default_LTBI,random,600,falsePositiveTestsPerTruePositiveTest,0.282051282051282,0.282051282051282,apy_cho_epi_curve_data.csv,0.0,0.0,1e-12,exact,pass
base_default_LTBI,random,600,falsePositiveTreatedPerTruePositiveTreated,0.2727272727272727,0.2727272727272727,apy_cho_epi_curve_data.csv,0.0,0.0,1e-12,exact,pass
base_default_LTBI,random,600,falsePositiveTreatedShareAmongCoursesStarted,0.2142857142857142,0.2142857142857142,apy_cho_epi_curve_data.csv,0.0,0.0,1e-12,exact,pass
base_default_LTBI,random,600,nActiveBy20y_AfterStrategy_median,32.0,32.0,apy_cho_epi_curve_data.csv,0.0,0.0,1e-12,exact,pass
base_default_LTBI,random,600,nActiveBy20y_DoNothing_median,37.0,37.0,apy_cho_epi_curve_data.csv,0.0,0.0,1e-12,exact,pass
base_default_LTBI,random,600,nCuredInfection_median,22.0,22.0,apy_cho_epi_curve_data.csv,0.0,0.0,1e-12,exact,pass
base_default_LTBI,random,600,nFalsePositiveTestsBCG_median,7.0,7.0,apy_cho_epi_curve_data.csv,0.0,0.0,1e-12,exact,pass
base_default_LTBI,random,600,nFalsePositiveTestsNoBCG_median,3.0,3.0,apy_cho_epi_curve_data.csv,0.0,0.0,1e-12,exact,pass
base_default_LTBI,random,600,nFalsePositiveTests_median,11.0,11.0,apy_cho_epi_curve_data.csv,0.0,0.0,1e-12,exact,pass
base_default_LTBI,random,600,nFalsePositiveTreated_median,9.0,9.0,apy_cho_epi_curve_data.csv,0.0,0.0,1e-12,exact,pass
base_default_LTBI,random,600,nIGRApos_median,50.0,50.0,apy_cho_epi_curve_data.csv,0.0,0.0,1e-12,exact,pass
base_default_LTBI,random,600,nPreventedActiveTB_median,5.0,5.0,apy_cho_epi_curve_data.csv,0.0,0.0,1e-12,exact,pass
base_default_LTBI,random,600,nScreenedBCG_median,407.0,407.0,apy_cho_epi_curve_data.csv,0.0,0.0,1e-12,exact,pass
base_default_LTBI,random,600,nScreened_high95,600.0,600.0,apy_cho_epi_curve_data.csv,0.0,0.0,1e-12,exact,pass
base_default_LTBI,random,600,nScreened_low95,600.0,600.0,apy_cho_epi_curve_data.csv,0.0,0.0,1e-12,exact,pass
base_default_LTBI,random,600,nScreened_median,600.0,600.0,apy_cho_epi_curve_data.csv,0.0,0.0,1e-12,exact,pass
base_default_LTBI,random,600,nTestPositiveNonActive_median,50.0,50.0,apy_cho_epi_curve_data.csv,0.0,0.0,1e-12,exact,pass
base_default_LTBI,random,600,nTestPositive_median,54.0,54.0,apy_cho_epi_curve_data.csv,0.0,0.0,1e-12,exact,pass
base_default_LTBI,random,600,nTotalCoursesCompleted_median,34.0,34.0,apy_cho_epi_curve_data.csv,0.0,0.0,1e-12,exact,pass
base_default_LTBI,random,600,nTotalCoursesStarted_median,42.0,42.0,apy_cho_epi_curve_data.csv,0.0,0.0,1e-12,exact,pass
base_default_LTBI,random,600,nTruePositiveTests_median,39.0,39.0,apy_cho_epi_curve_data.csv,0.0,0.0,1e-12,exact,pass
base_default_LTBI,random,600,nTruePositiveTreated_median,33.0,33.0,apy_cho_epi_curve_data.csv,0.0,0.0,1e-12,exact,pass
base_default_LTBI,random,600,relativeReduction20y_median,0.1363636363636363,0.1363636363636363,apy_cho_epi_curve_data.csv,0.0,0.0,1e-12,exact,pass
base_default_LTBI,random,600,screenCoverage,0.4,0.4,apy_cho_epi_curve_data.csv,0.0,0.0,1e-12,exact,pass
base_default_LTBI,random,700,NNS_prevent_one_active_TB,116.66666666666669,116.66666666666669,apy_cho_epi_curve_data.csv,0.0,0.0,1e-12,exact,pass
base_default_LTBI,random,700,NNT_completed_prevent_one_active_TB,6.5,6.5,apy_cho_epi_curve_data.csv,0.0,0.0,1e-12,exact,pass
base_default_LTBI,random,700,NNT_started_prevent_one_active_TB,8.166666666666666,8.166666666666666,apy_cho_epi_curve_data.csv,0.0,0.0,1e-12,exact,pass
base_default_LTBI,random,700,PPV_trueAmongTestPositive,0.7758620689655172,0.7758620689655172,apy_cho_epi_curve_data.csv,0.0,0.0,1e-12,exact,pass
base_default_LTBI,random,700,falsePositiveShareAmongTestPositive,0.2241379310344827,0.2241379310344827,apy_cho_epi_curve_data.csv,0.0,0.0,1e-12,exact,pass
base_default_LTBI,random,700,falsePositiveTestsPerTruePositiveTest,0.2888888888888888,0.2888888888888888,apy_cho_epi_curve_data.csv,0.0,0.0,1e-12,exact,pass
base_default_LTBI,random,700,falsePositiveTreatedPerTruePositiveTreated,0.2894736842105263,0.2894736842105263,apy_cho_epi_curve_data.csv,0.0,0.0,1e-12,exact,pass
base_default_LTBI,random,700,falsePositiveTreatedShareAmongCoursesStarted,0.2244897959183673,0.2244897959183673,apy_cho_epi_curve_data.csv,0.0,0.0,1e-12,exact,pass
base_default_LTBI,random,700,nActiveBy20y_AfterStrategy_median,31.0,31.0,apy_cho_epi_curve_data.csv,0.0,0.0,1e-12,exact,pass
base_default_LTBI,random,700,nActiveBy20y_DoNothing_median,37.0,37.0,apy_cho_epi_curve_data.csv,0.0,0.0,1e-12,exact,pass
base_default_LTBI,random,700,nCuredInfection_median,25.0,25.0,apy_cho_epi_curve_data.csv,0.0,0.0,1e-12,exact,pass
base_default_LTBI,random,700,nFalsePositiveTestsBCG_median,9.0,9.0,apy_cho_epi_curve_data.csv,0.0,0.0,1e-12,exact,pass
base_default_LTBI,random,700,nFalsePositiveTestsNoBCG_median,4.0,4.0,apy_cho_epi_curve_data.csv,0.0,0.0,1e-12,exact,pass
base_default_LTBI,random,700,nFalsePositiveTests_median,13.0,13.0,apy_cho_epi_curve_data.csv,0.0,0.0,1e-12,exact,pass
base_default_LTBI,random,700,nFalsePositiveTreated_median,11.0,11.0,apy_cho_epi_curve_data.csv,0.0,0.0,1e-12,exact,pass
base_default_LTBI,random,700,nIGRApos_median,58.0,58.0,apy_cho_epi_curve_data.csv,0.0,0.0,1e-12,exact,pass
base_default_LTBI,random,700,nPreventedActiveTB_median,6.0,6.0,apy_cho_epi_curve_data.csv,0.0,0.0,1e-12,exact,pass
base_default_LTBI,random,700,nScreenedBCG_median,475.0,475.0,apy_cho_epi_curve_data.csv,0.0,0.0,1e-12,exact,pass
base_default_LTBI,random,700,nScreened_high95,700.0,700.0,apy_cho_epi_curve_data.csv,0.0,0.0,1e-12,exact,pass
base_default_LTBI,random,700,nScreened_low95,700.0,700.0,apy_cho_epi_curve_data.csv,0.0,0.0,1e-12,exact,pass
base_default_LTBI,random,700,nScreened_median,700.0,700.0,apy_cho_epi_curve_data.csv,0.0,0.0,1e-12,exact,pass
base_default_LTBI,random,700,nTestPositiveNonActive_median,58.0,58.0,apy_cho_epi_curve_data.csv,0.0,0.0,1e-12,exact,pass
base_default_LTBI,random,700,nTestPositive_median,63.0,63.0,apy_cho_epi_curve_data.csv,0.0,0.0,1e-12,exact,pass
base_default_LTBI,random,700,nTotalCoursesCompleted_median,39.0,39.0,apy_cho_epi_curve_data.csv,0.0,0.0,1e-12,exact,pass
base_default_LTBI,random,700,nTotalCoursesStarted_median,49.0,49.0,apy_cho_epi_curve_data.csv,0.0,0.0,1e-12,exact,pass
base_default_LTBI,random,700,nTruePositiveTests_median,45.0,45.0,apy_cho_epi_curve_data.csv,0.0,0.0,1e-12,exact,pass
base_default_LTBI,random,700,nTruePositiveTreated_median,38.0,38.0,apy_cho_epi_curve_data.csv,0.0,0.0,1e-12,exact,pass
base_default_LTBI,random,700,relativeReduction20y_median,0.1627906976744186,0.1627906976744186,apy_cho_epi_curve_data.csv,0.0,0.0,1e-12,exact,pass
base_default_LTBI,random,700,screenCoverage,0.4666666666666667,0.4666666666666667,apy_cho_epi_curve_data.csv,0.0,0.0,1e-12,exact,pass
base_default_LTBI,random,800,NNS_prevent_one_active_TB,114.28571428571428,114.28571428571428,apy_cho_epi_curve_data.csv,0.0,0.0,1e-12,exact,pass
base_default_LTBI,random,800,NNT_completed_prevent_one_active_TB,6.428571428571429,6.428571428571429,apy_cho_epi_curve_data.csv,0.0,0.0,1e-12,exact,pass
base_default_LTBI,random,800,NNT_started_prevent_one_active_TB,8.0,8.0,apy_cho_epi_curve_data.csv,0.0,0.0,1e-12,exact,pass
base_default_LTBI,random,800,PPV_trueAmongTestPositive,0.7727272727272727,0.7727272727272727,apy_cho_epi_curve_data.csv,0.0,0.0,1e-12,exact,pass
base_default_LTBI,random,800,falsePositiveShareAmongTestPositive,0.2272727272727272,0.2272727272727272,apy_cho_epi_curve_data.csv,0.0,0.0,1e-12,exact,pass
base_default_LTBI,random,800,falsePositiveTestsPerTruePositiveTest,0.2941176470588235,0.2941176470588235,apy_cho_epi_curve_data.csv,0.0,0.0,1e-12,exact,pass
base_default_LTBI,random,800,falsePositiveTreatedPerTruePositiveTreated,0.2727272727272727,0.2727272727272727,apy_cho_epi_curve_data.csv,0.0,0.0,1e-12,exact,pass
base_default_LTBI,random,800,falsePositiveTreatedShareAmongCoursesStarted,0.2142857142857142,0.2142857142857142,apy_cho_epi_curve_data.csv,0.0,0.0,1e-12,exact,pass
base_default_LTBI,random,800,nActiveBy20y_AfterStrategy_median,30.0,30.0,apy_cho_epi_curve_data.csv,0.0,0.0,1e-12,exact,pass
base_default_LTBI,random,800,nActiveBy20y_DoNothing_median,37.0,37.0,apy_cho_epi_curve_data.csv,0.0,0.0,1e-12,exact,pass
base_default_LTBI,random,800,nCuredInfection_median,29.0,29.0,apy_cho_epi_curve_data.csv,0.0,0.0,1e-12,exact,pass
base_default_LTBI,random,800,nFalsePositiveTestsBCG_median,10.0,10.0,apy_cho_epi_curve_data.csv,0.0,0.0,1e-12,exact,pass
base_default_LTBI,random,800,nFalsePositiveTestsNoBCG_median,5.0,5.0,apy_cho_epi_curve_data.csv,0.0,0.0,1e-12,exact,pass
base_default_LTBI,random,800,nFalsePositiveTests_median,15.0,15.0,apy_cho_epi_curve_data.csv,0.0,0.0,1e-12,exact,pass
base_default_LTBI,random,800,nFalsePositiveTreated_median,12.0,12.0,apy_cho_epi_curve_data.csv,0.0,0.0,1e-12,exact,pass
base_default_LTBI,random,800,nIGRApos_median,66.0,66.0,apy_cho_epi_curve_data.csv,0.0,0.0,1e-12,exact,pass
base_default_LTBI,random,800,nPreventedActiveTB_median,7.0,7.0,apy_cho_epi_curve_data.csv,0.0,0.0,1e-12,exact,pass
base_default_LTBI,random,800,nScreenedBCG_median,543.0,543.0,apy_cho_epi_curve_data.csv,0.0,0.0,1e-12,exact,pass
base_default_LTBI,random,800,nScreened_high95,800.0,800.0,apy_cho_epi_curve_data.csv,0.0,0.0,1e-12,exact,pass
base_default_LTBI,random,800,nScreened_low95,800.0,800.0,apy_cho_epi_curve_data.csv,0.0,0.0,1e-12,exact,pass
base_default_LTBI,random,800,nScreened_median,800.0,800.0,apy_cho_epi_curve_data.csv,0.0,0.0,1e-12,exact,pass
base_default_LTBI,random,800,nTestPositiveNonActive_median,66.0,66.0,apy_cho_epi_curve_data.csv,0.0,0.0,1e-12,exact,pass
base_default_LTBI,random,800,nTestPositive_median,72.0,72.0,apy_cho_epi_curve_data.csv,0.0,0.0,1e-12,exact,pass
base_default_LTBI,random,800,nTotalCoursesCompleted_median,45.0,45.0,apy_cho_epi_curve_data.csv,0.0,0.0,1e-12,exact,pass
base_default_LTBI,random,800,nTotalCoursesStarted_median,56.0,56.0,apy_cho_epi_curve_data.csv,0.0,0.0,1e-12,exact,pass
base_default_LTBI,random,800,nTruePositiveTests_median,51.0,51.0,apy_cho_epi_curve_data.csv,0.0,0.0,1e-12,exact,pass
base_default_LTBI,random,800,nTruePositiveTreated_median,44.0,44.0,apy_cho_epi_curve_data.csv,0.0,0.0,1e-12,exact,pass
base_default_LTBI,random,800,relativeReduction20y_median,0.1851851851851851,0.1851851851851851,apy_cho_epi_curve_data.csv,0.0,0.0,1e-12,exact,pass
base_default_LTBI,random,800,screenCoverage,0.5333333333333333,0.5333333333333333,apy_cho_epi_curve_data.csv,0.0,0.0,1e-12,exact,pass
base_default_LTBI,random,900,NNS_prevent_one_active_TB,112.5,112.5,apy_cho_epi_curve_data.csv,0.0,0.0,1e-12,exact,pass
base_default_LTBI,random,900,NNT_completed_prevent_one_active_TB,6.25,6.25,apy_cho_epi_curve_data.csv,0.0,0.0,1e-12,exact,pass
base_default_LTBI,random,900,NNT_started_prevent_one_active_TB,7.875,7.875,apy_cho_epi_curve_data.csv,0.0,0.0,1e-12,exact,pass
base_default_LTBI,random,900,PPV_trueAmongTestPositive,0.7837837837837838,0.7837837837837838,apy_cho_epi_curve_data.csv,0.0,0.0,1e-12,exact,pass
base_default_LTBI,random,900,falsePositiveShareAmongTestPositive,0.2162162162162162,0.2162162162162162,apy_cho_epi_curve_data.csv,0.0,0.0,1e-12,exact,pass
base_default_LTBI,random,900,falsePositiveTestsPerTruePositiveTest,0.2758620689655172,0.2758620689655172,apy_cho_epi_curve_data.csv,0.0,0.0,1e-12,exact,pass
base_default_LTBI,random,900,falsePositiveTreatedPerTruePositiveTreated,0.2857142857142857,0.2857142857142857,apy_cho_epi_curve_data.csv,0.0,0.0,1e-12,exact,pass
base_default_LTBI,random,900,falsePositiveTreatedShareAmongCoursesStarted,0.2222222222222222,0.2222222222222222,apy_cho_epi_curve_data.csv,0.0,0.0,1e-12,exact,pass
base_default_LTBI,random,900,nActiveBy20y_AfterStrategy_median,29.0,29.0,apy_cho_epi_curve_data.csv,0.0,0.0,1e-12,exact,pass
base_default_LTBI,random,900,nActiveBy20y_DoNothing_median,37.0,37.0,apy_cho_epi_curve_data.csv,0.0,0.0,1e-12,exact,pass
base_default_LTBI,random,900,nCuredInfection_median,33.0,33.0,apy_cho_epi_curve_data.csv,0.0,0.0,1e-12,exact,pass
base_default_LTBI,random,900,nFalsePositiveTestsBCG_median,11.0,11.0,apy_cho_epi_curve_data.csv,0.0,0.0,1e-12,exact,pass
base_default_LTBI,random,900,nFalsePositiveTestsNoBCG_median,5.0,5.0,apy_cho_epi_curve_data.csv,0.0,0.0,1e-12,exact,pass
base_default_LTBI,random,900,nFalsePositiveTests_median,16.0,16.0,apy_cho_epi_curve_data.csv,0.0,0.0,1e-12,exact,pass
base_default_LTBI,random,900,nFalsePositiveTreated_median,14.0,14.0,apy_cho_epi_curve_data.csv,0.0,0.0,1e-12,exact,pass
base_default_LTBI,random,900,nIGRApos_median,74.0,74.0,apy_cho_epi_curve_data.csv,0.0,0.0,1e-12,exact,pass
base_default_LTBI,random,900,nPreventedActiveTB_median,8.0,8.0,apy_cho_epi_curve_data.csv,0.0,0.0,1e-12,exact,pass
base_default_LTBI,random,900,nScreenedBCG_median,611.0,611.0,apy_cho_epi_curve_data.csv,0.0,0.0,1e-12,exact,pass
base_default_LTBI,random,900,nScreened_high95,900.0,900.0,apy_cho_epi_curve_data.csv,0.0,0.0,1e-12,exact,pass
base_default_LTBI,random,900,nScreened_low95,900.0,900.0,apy_cho_epi_curve_data.csv,0.0,0.0,1e-12,exact,pass
base_default_LTBI,random,900,nScreened_median,900.0,900.0,apy_cho_epi_curve_data.csv,0.0,0.0,1e-12,exact,pass
base_default_LTBI,random,900,nTestPositiveNonActive_median,74.0,74.0,apy_cho_epi_curve_data.csv,0.0,0.0,1e-12,exact,pass
base_default_LTBI,random,900,nTestPositive_median,81.0,81.0,apy_cho_epi_curve_data.csv,0.0,0.0,1e-12,exact,pass
base_default_LTBI,random,900,nTotalCoursesCompleted_median,50.0,50.0,apy_cho_epi_curve_data.csv,0.0,0.0,1e-12,exact,pass
base_default_LTBI,random,900,nTotalCoursesStarted_median,63.0,63.0,apy_cho_epi_curve_data.csv,0.0,0.0,1e-12,exact,pass
base_default_LTBI,random,900,nTruePositiveTests_median,58.0,58.0,apy_cho_epi_curve_data.csv,0.0,0.0,1e-12,exact,pass
base_default_LTBI,random,900,nTruePositiveTreated_median,49.0,49.0,apy_cho_epi_curve_data.csv,0.0,0.0,1e-12,exact,pass
base_default_LTBI,random,900,relativeReduction20y_median,0.2093023255813953,0.2093023255813953,apy_cho_epi_curve_data.csv,0.0,0.0,1e-12,exact,pass
base_default_LTBI,random,900,screenCoverage,0.6,0.6,apy_cho_epi_curve_data.csv,0.0,0.0,1e-12,exact,pass
base_default_LTBI,random,1000,NNS_prevent_one_active_TB,111.11111111111111,111.11111111111111,apy_cho_epi_curve_data.csv,0.0,0.0,1e-12,exact,pass
base_default_LTBI,random,1000,NNT_completed_prevent_one_active_TB,6.222222222222222,6.222222222222222,apy_cho_epi_curve_data.csv,0.0,0.0,1e-12,exact,pass
base_default_LTBI,random,1000,NNT_started_prevent_one_active_TB,7.777777777777778,7.777777777777778,apy_cho_epi_curve_data.csv,0.0,0.0,1e-12,exact,pass
base_default_LTBI,random,1000,PPV_trueAmongTestPositive,0.7831325301204819,0.7831325301204819,apy_cho_epi_curve_data.csv,0.0,0.0,1e-12,exact,pass
base_default_LTBI,random,1000,falsePositiveShareAmongTestPositive,0.216867469879518,0.216867469879518,apy_cho_epi_curve_data.csv,0.0,0.0,1e-12,exact,pass
base_default_LTBI,random,1000,falsePositiveTestsPerTruePositiveTest,0.2769230769230769,0.2769230769230769,apy_cho_epi_curve_data.csv,0.0,0.0,1e-12,exact,pass
base_default_LTBI,random,1000,falsePositiveTreatedPerTruePositiveTreated,0.2727272727272727,0.2727272727272727,apy_cho_epi_curve_data.csv,0.0,0.0,1e-12,exact,pass
base_default_LTBI,random,1000,falsePositiveTreatedShareAmongCoursesStarted,0.2142857142857142,0.2142857142857142,apy_cho_epi_curve_data.csv,0.0,0.0,1e-12,exact,pass
base_default_LTBI,random,1000,nActiveBy20y_AfterStrategy_median,28.0,28.0,apy_cho_epi_curve_data.csv,0.0,0.0,1e-12,exact,pass
base_default_LTBI,random,1000,nActiveBy20y_DoNothing_median,37.0,37.0,apy_cho_epi_curve_data.csv,0.0,0.0,1e-12,exact,pass
base_default_LTBI,random,1000,nCuredInfection_median,36.0,36.0,apy_cho_epi_curve_data.csv,0.0,0.0,1e-12,exact,pass
base_default_LTBI,random,1000,nFalsePositiveTestsBCG_median,12.0,12.0,apy_cho_epi_curve_data.csv,0.0,0.0,1e-12,exact,pass
base_default_LTBI,random,1000,nFalsePositiveTestsNoBCG_median,6.0,6.0,apy_cho_epi_curve_data.csv,0.0,0.0,1e-12,exact,pass
base_default_LTBI,random,1000,nFalsePositiveTests_median,18.0,18.0,apy_cho_epi_curve_data.csv,0.0,0.0,1e-12,exact,pass
base_default_LTBI,random,1000,nFalsePositiveTreated_median,15.0,15.0,apy_cho_epi_curve_data.csv,0.0,0.0,1e-12,exact,pass
base_default_LTBI,random,1000,nIGRApos_median,83.0,83.0,apy_cho_epi_curve_data.csv,0.0,0.0,1e-12,exact,pass
base_default_LTBI,random,1000,nPreventedActiveTB_median,9.0,9.0,apy_cho_epi_curve_data.csv,0.0,0.0,1e-12,exact,pass
base_default_LTBI,random,1000,nScreenedBCG_median,680.0,680.0,apy_cho_epi_curve_data.csv,0.0,0.0,1e-12,exact,pass
base_default_LTBI,random,1000,nScreened_high95,1000.0,1000.0,apy_cho_epi_curve_data.csv,0.0,0.0,1e-12,exact,pass
base_default_LTBI,random,1000,nScreened_low95,1000.0,1000.0,apy_cho_epi_curve_data.csv,0.0,0.0,1e-12,exact,pass
base_default_LTBI,random,1000,nScreened_median,1000.0,1000.0,apy_cho_epi_curve_data.csv,0.0,0.0,1e-12,exact,pass
base_default_LTBI,random,1000,nTestPositiveNonActive_median,83.0,83.0,apy_cho_epi_curve_data.csv,0.0,0.0,1e-12,exact,pass
base_default_LTBI,random,1000,nTestPositive_median,90.0,90.0,apy_cho_epi_curve_data.csv,0.0,0.0,1e-12,exact,pass
base_default_LTBI,random,1000,nTotalCoursesCompleted_median,56.0,56.0,apy_cho_epi_curve_data.csv,0.0,0.0,1e-12,exact,pass
base_default_LTBI,random,1000,nTotalCoursesStarted_median,70.0,70.0,apy_cho_epi_curve_data.csv,0.0,0.0,1e-12,exact,pass
base_default_LTBI,random,1000,nTruePositiveTests_median,65.0,65.0,apy_cho_epi_curve_data.csv,0.0,0.0,1e-12,exact,pass
base_default_LTBI,random,1000,nTruePositiveTreated_median,55.0,55.0,apy_cho_epi_curve_data.csv,0.0,0.0,1e-12,exact,pass
base_default_LTBI,random,1000,relativeReduction20y_median,0.2352941176470588,0.2352941176470588,apy_cho_epi_curve_data.csv,0.0,0.0,1e-12,exact,pass
base_default_LTBI,random,1000,screenCoverage,0.6666666666666666,0.6666666666666666,apy_cho_epi_curve_data.csv,0.0,0.0,1e-12,exact,pass
base_default_LTBI,random,1100,NNS_prevent_one_active_TB,110.0,110.0,apy_cho_epi_curve_data.csv,0.0,0.0,1e-12,exact,pass
base_default_LTBI,random,1100,NNT_completed_prevent_one_active_TB,6.2,6.2,apy_cho_epi_curve_data.csv,0.0,0.0,1e-12,exact,pass
base_default_LTBI,random,1100,NNT_started_prevent_one_active_TB,7.7,7.7,apy_cho_epi_curve_data.csv,0.0,0.0,1e-12,exact,pass
base_default_LTBI,random,1100,PPV_trueAmongTestPositive,0.7802197802197802,0.7802197802197802,apy_cho_epi_curve_data.csv,0.0,0.0,1e-12,exact,pass
base_default_LTBI,random,1100,falsePositiveShareAmongTestPositive,0.2197802197802197,0.2197802197802197,apy_cho_epi_curve_data.csv,0.0,0.0,1e-12,exact,pass
base_default_LTBI,random,1100,falsePositiveTestsPerTruePositiveTest,0.2816901408450704,0.2816901408450704,apy_cho_epi_curve_data.csv,0.0,0.0,1e-12,exact,pass
base_default_LTBI,random,1100,falsePositiveTreatedPerTruePositiveTreated,0.2833333333333333,0.2833333333333333,apy_cho_epi_curve_data.csv,0.0,0.0,1e-12,exact,pass
base_default_LTBI,random,1100,falsePositiveTreatedShareAmongCoursesStarted,0.2207792207792207,0.2207792207792207,apy_cho_epi_curve_data.csv,0.0,0.0,1e-12,exact,pass
base_default_LTBI,random,1100,nActiveBy20y_AfterStrategy_median,28.0,28.0,apy_cho_epi_curve_data.csv,0.0,0.0,1e-12,exact,pass
base_default_LTBI,random,1100,nActiveBy20y_DoNothing_median,37.0,37.0,apy_cho_epi_curve_data.csv,0.0,0.0,1e-12,exact,pass
base_default_LTBI,random,1100,nCuredInfection_median,40.0,40.0,apy_cho_epi_curve_data.csv,0.0,0.0,1e-12,exact,pass
base_default_LTBI,random,1100,nFalsePositiveTestsBCG_median,14.0,14.0,apy_cho_epi_curve_data.csv,0.0,0.0,1e-12,exact,pass
base_default_LTBI,random,1100,nFalsePositiveTestsNoBCG_median,6.0,6.0,apy_cho_epi_curve_data.csv,0.0,0.0,1e-12,exact,pass
base_default_LTBI,random,1100,nFalsePositiveTests_median,20.0,20.0,apy_cho_epi_curve_data.csv,0.0,0.0,1e-12,exact,pass
base_default_LTBI,random,1100,nFalsePositiveTreated_median,17.0,17.0,apy_cho_epi_curve_data.csv,0.0,0.0,1e-12,exact,pass
base_default_LTBI,random,1100,nIGRApos_median,91.0,91.0,apy_cho_epi_curve_data.csv,0.0,0.0,1e-12,exact,pass
base_default_LTBI,random,1100,nPreventedActiveTB_median,10.0,10.0,apy_cho_epi_curve_data.csv,0.0,0.0,1e-12,exact,pass
base_default_LTBI,random,1100,nScreenedBCG_median,748.0,748.0,apy_cho_epi_curve_data.csv,0.0,0.0,1e-12,exact,pass
base_default_LTBI,random,1100,nScreened_high95,1100.0,1100.0,apy_cho_epi_curve_data.csv,0.0,0.0,1e-12,exact,pass
base_default_LTBI,random,1100,nScreened_low95,1100.0,1100.0,apy_cho_epi_curve_data.csv,0.0,0.0,1e-12,exact,pass
base_default_LTBI,random,1100,nScreened_median,1100.0,1100.0,apy_cho_epi_curve_data.csv,0.0,0.0,1e-12,exact,pass
base_default_LTBI,random,1100,nTestPositiveNonActive_median,91.0,91.0,apy_cho_epi_curve_data.csv,0.0,0.0,1e-12,exact,pass
base_default_LTBI,random,1100,nTestPositive_median,99.0,99.0,apy_cho_epi_curve_data.csv,0.0,0.0,1e-12,exact,pass
base_default_LTBI,random,1100,nTotalCoursesCompleted_median,62.0,62.0,apy_cho_epi_curve_data.csv,0.0,0.0,1e-12,exact,pass
base_default_LTBI,random,1100,nTotalCoursesStarted_median,77.0,77.0,apy_cho_epi_curve_data.csv,0.0,0.0,1e-12,exact,pass
base_default_LTBI,random,1100,nTruePositiveTests_median,71.0,71.0,apy_cho_epi_curve_data.csv,0.0,0.0,1e-12,exact,pass
base_default_LTBI,random,1100,nTruePositiveTreated_median,60.0,60.0,apy_cho_epi_curve_data.csv,0.0,0.0,1e-12,exact,pass
base_default_LTBI,random,1100,relativeReduction20y_median,0.2592592592592592,0.2592592592592592,apy_cho_epi_curve_data.csv,0.0,0.0,1e-12,exact,pass
base_default_LTBI,random,1100,screenCoverage,0.7333333333333333,0.7333333333333333,apy_cho_epi_curve_data.csv,0.0,0.0,1e-12,exact,pass
base_default_LTBI,random,1200,NNS_prevent_one_active_TB,120.0,120.0,apy_cho_epi_curve_data.csv,0.0,0.0,1e-12,exact,pass
base_default_LTBI,random,1200,NNT_completed_prevent_one_active_TB,6.8,6.8,apy_cho_epi_curve_data.csv,0.0,0.0,1e-12,exact,pass
base_default_LTBI,random,1200,NNT_started_prevent_one_active_TB,8.5,8.5,apy_cho_epi_curve_data.csv,0.0,0.0,1e-12,exact,pass
base_default_LTBI,random,1200,PPV_trueAmongTestPositive,0.78,0.78,apy_cho_epi_curve_data.csv,0.0,0.0,1e-12,exact,pass
base_default_LTBI,random,1200,falsePositiveShareAmongTestPositive,0.22,0.22,apy_cho_epi_curve_data.csv,0.0,0.0,1e-12,exact,pass
base_default_LTBI,random,1200,falsePositiveTestsPerTruePositiveTest,0.282051282051282,0.282051282051282,apy_cho_epi_curve_data.csv,0.0,0.0,1e-12,exact,pass
base_default_LTBI,random,1200,falsePositiveTreatedPerTruePositiveTreated,0.2878787878787879,0.2878787878787879,apy_cho_epi_curve_data.csv,0.0,0.0,1e-12,exact,pass
base_default_LTBI,random,1200,falsePositiveTreatedShareAmongCoursesStarted,0.2235294117647059,0.2235294117647059,apy_cho_epi_curve_data.csv,0.0,0.0,1e-12,exact,pass
base_default_LTBI,random,1200,nActiveBy20y_AfterStrategy_median,27.0,27.0,apy_cho_epi_curve_data.csv,0.0,0.0,1e-12,exact,pass
base_default_LTBI,random,1200,nActiveBy20y_DoNothing_median,37.0,37.0,apy_cho_epi_curve_data.csv,0.0,0.0,1e-12,exact,pass
base_default_LTBI,random,1200,nCuredInfection_median,44.0,44.0,apy_cho_epi_curve_data.csv,0.0,0.0,1e-12,exact,pass
base_default_LTBI,random,1200,nFalsePositiveTestsBCG_median,15.0,15.0,apy_cho_epi_curve_data.csv,0.0,0.0,1e-12,exact,pass
base_default_LTBI,random,1200,nFalsePositiveTestsNoBCG_median,7.0,7.0,apy_cho_epi_curve_data.csv,0.0,0.0,1e-12,exact,pass
base_default_LTBI,random,1200,nFalsePositiveTests_median,22.0,22.0,apy_cho_epi_curve_data.csv,0.0,0.0,1e-12,exact,pass
base_default_LTBI,random,1200,nFalsePositiveTreated_median,19.0,19.0,apy_cho_epi_curve_data.csv,0.0,0.0,1e-12,exact,pass
base_default_LTBI,random,1200,nIGRApos_median,100.0,100.0,apy_cho_epi_curve_data.csv,0.0,0.0,1e-12,exact,pass
base_default_LTBI,random,1200,nPreventedActiveTB_median,10.0,10.0,apy_cho_epi_curve_data.csv,0.0,0.0,1e-12,exact,pass
base_default_LTBI,random,1200,nScreenedBCG_median,816.0,816.0,apy_cho_epi_curve_data.csv,0.0,0.0,1e-12,exact,pass
base_default_LTBI,random,1200,nScreened_high95,1200.0,1200.0,apy_cho_epi_curve_data.csv,0.0,0.0,1e-12,exact,pass
base_default_LTBI,random,1200,nScreened_low95,1200.0,1200.0,apy_cho_epi_curve_data.csv,0.0,0.0,1e-12,exact,pass
base_default_LTBI,random,1200,nScreened_median,1200.0,1200.0,apy_cho_epi_curve_data.csv,0.0,0.0,1e-12,exact,pass
base_default_LTBI,random,1200,nTestPositiveNonActive_median,100.0,100.0,apy_cho_epi_curve_data.csv,0.0,0.0,1e-12,exact,pass
base_default_LTBI,random,1200,nTestPositive_median,108.0,108.0,apy_cho_epi_curve_data.csv,0.0,0.0,1e-12,exact,pass
base_default_LTBI,random,1200,nTotalCoursesCompleted_median,68.0,68.0,apy_cho_epi_curve_data.csv,0.0,0.0,1e-12,exact,pass
base_default_LTBI,random,1200,nTotalCoursesStarted_median,85.0,85.0,apy_cho_epi_curve_data.csv,0.0,0.0,1e-12,exact,pass
base_default_LTBI,random,1200,nTruePositiveTests_median,78.0,78.0,apy_cho_epi_curve_data.csv,0.0,0.0,1e-12,exact,pass
base_default_LTBI,random,1200,nTruePositiveTreated_median,66.0,66.0,apy_cho_epi_curve_data.csv,0.0,0.0,1e-12,exact,pass
base_default_LTBI,random,1200,relativeReduction20y_median,0.282051282051282,0.282051282051282,apy_cho_epi_curve_data.csv,0.0,0.0,1e-12,exact,pass
base_default_LTBI,random,1200,screenCoverage,0.8,0.8,apy_cho_epi_curve_data.csv,0.0,0.0,1e-12,exact,pass
base_default_LTBI,random,1300,NNS_prevent_one_active_TB,118.1818181818182,118.1818181818182,apy_cho_epi_curve_data.csv,0.0,0.0,1e-12,exact,pass
base_default_LTBI,random,1300,NNT_completed_prevent_one_active_TB,6.636363636363637,6.636363636363637,apy_cho_epi_curve_data.csv,0.0,0.0,1e-12,exact,pass
base_default_LTBI,random,1300,NNT_started_prevent_one_active_TB,8.272727272727273,8.272727272727273,apy_cho_epi_curve_data.csv,0.0,0.0,1e-12,exact,pass
base_default_LTBI,random,1300,PPV_trueAmongTestPositive,0.7777777777777778,0.7777777777777778,apy_cho_epi_curve_data.csv,0.0,0.0,1e-12,exact,pass
base_default_LTBI,random,1300,falsePositiveShareAmongTestPositive,0.2222222222222222,0.2222222222222222,apy_cho_epi_curve_data.csv,0.0,0.0,1e-12,exact,pass
base_default_LTBI,random,1300,falsePositiveTestsPerTruePositiveTest,0.2857142857142857,0.2857142857142857,apy_cho_epi_curve_data.csv,0.0,0.0,1e-12,exact,pass
base_default_LTBI,random,1300,falsePositiveTreatedPerTruePositiveTreated,0.2816901408450704,0.2816901408450704,apy_cho_epi_curve_data.csv,0.0,0.0,1e-12,exact,pass
base_default_LTBI,random,1300,falsePositiveTreatedShareAmongCoursesStarted,0.2197802197802197,0.2197802197802197,apy_cho_epi_curve_data.csv,0.0,0.0,1e-12,exact,pass
base_default_LTBI,random,1300,nActiveBy20y_AfterStrategy_median,26.0,26.0,apy_cho_epi_curve_data.csv,0.0,0.0,1e-12,exact,pass
base_default_LTBI,random,1300,nActiveBy20y_DoNothing_median,37.0,37.0,apy_cho_epi_curve_data.csv,0.0,0.0,1e-12,exact,pass
base_default_LTBI,random,1300,nCuredInfection_median,47.0,47.0,apy_cho_epi_curve_data.csv,0.0,0.0,1e-12,exact,pass
base_default_LTBI,random,1300,nFalsePositiveTestsBCG_median,16.0,16.0,apy_cho_epi_curve_data.csv,0.0,0.0,1e-12,exact,pass
base_default_LTBI,random,1300,nFalsePositiveTestsNoBCG_median,7.0,7.0,apy_cho_epi_curve_data.csv,0.0,0.0,1e-12,exact,pass
base_default_LTBI,random,1300,nFalsePositiveTests_median,24.0,24.0,apy_cho_epi_curve_data.csv,0.0,0.0,1e-12,exact,pass
base_default_LTBI,random,1300,nFalsePositiveTreated_median,20.0,20.0,apy_cho_epi_curve_data.csv,0.0,0.0,1e-12,exact,pass
base_default_LTBI,random,1300,nIGRApos_median,108.0,108.0,apy_cho_epi_curve_data.csv,0.0,0.0,1e-12,exact,pass
base_default_LTBI,random,1300,nPreventedActiveTB_median,11.0,11.0,apy_cho_epi_curve_data.csv,0.0,0.0,1e-12,exact,pass
base_default_LTBI,random,1300,nScreenedBCG_median,884.0,884.0,apy_cho_epi_curve_data.csv,0.0,0.0,1e-12,exact,pass
base_default_LTBI,random,1300,nScreened_high95,1300.0,1300.0,apy_cho_epi_curve_data.csv,0.0,0.0,1e-12,exact,pass
base_default_LTBI,random,1300,nScreened_low95,1300.0,1300.0,apy_cho_epi_curve_data.csv,0.0,0.0,1e-12,exact,pass
base_default_LTBI,random,1300,nScreened_median,1300.0,1300.0,apy_cho_epi_curve_data.csv,0.0,0.0,1e-12,exact,pass
base_default_LTBI,random,1300,nTestPositiveNonActive_median,108.0,108.0,apy_cho_epi_curve_data.csv,0.0,0.0,1e-12,exact,pass
base_default_LTBI,random,1300,nTestPositive_median,116.0,116.0,apy_cho_epi_curve_data.csv,0.0,0.0,1e-12,exact,pass
base_default_LTBI,random,1300,nTotalCoursesCompleted_median,73.0,73.0,apy_cho_epi_curve_data.csv,0.0,0.0,1e-12,exact,pass
base_default_LTBI,random,1300,nTotalCoursesStarted_median,91.0,91.0,apy_cho_epi_curve_data.csv,0.0,0.0,1e-12,exact,pass
base_default_LTBI,random,1300,nTruePositiveTests_median,84.0,84.0,apy_cho_epi_curve_data.csv,0.0,0.0,1e-12,exact,pass
base_default_LTBI,random,1300,nTruePositiveTreated_median,71.0,71.0,apy_cho_epi_curve_data.csv,0.0,0.0,1e-12,exact,pass
base_default_LTBI,random,1300,relativeReduction20y_median,0.3055555555555556,0.3055555555555556,apy_cho_epi_curve_data.csv,0.0,0.0,1e-12,exact,pass
base_default_LTBI,random,1300,screenCoverage,0.8666666666666667,0.8666666666666667,apy_cho_epi_curve_data.csv,0.0,0.0,1e-12,exact,pass
base_default_LTBI,random,1400,NNS_prevent_one_active_TB,116.66666666666669,116.66666666666669,apy_cho_epi_curve_data.csv,0.0,0.0,1e-12,exact,pass
base_default_LTBI,random,1400,NNT_completed_prevent_one_active_TB,6.583333333333333,6.583333333333333,apy_cho_epi_curve_data.csv,0.0,0.0,1e-12,exact,pass
base_default_LTBI,random,1400,NNT_started_prevent_one_active_TB,8.25,8.25,apy_cho_epi_curve_data.csv,0.0,0.0,1e-12,exact,pass
base_default_LTBI,random,1400,PPV_trueAmongTestPositive,0.7844827586206896,0.7844827586206896,apy_cho_epi_curve_data.csv,0.0,0.0,1e-12,exact,pass
base_default_LTBI,random,1400,falsePositiveShareAmongTestPositive,0.2155172413793103,0.2155172413793103,apy_cho_epi_curve_data.csv,0.0,0.0,1e-12,exact,pass
base_default_LTBI,random,1400,falsePositiveTestsPerTruePositiveTest,0.2747252747252747,0.2747252747252747,apy_cho_epi_curve_data.csv,0.0,0.0,1e-12,exact,pass
base_default_LTBI,random,1400,falsePositiveTreatedPerTruePositiveTreated,0.2857142857142857,0.2857142857142857,apy_cho_epi_curve_data.csv,0.0,0.0,1e-12,exact,pass
base_default_LTBI,random,1400,falsePositiveTreatedShareAmongCoursesStarted,0.2222222222222222,0.2222222222222222,apy_cho_epi_curve_data.csv,0.0,0.0,1e-12,exact,pass
base_default_LTBI,random,1400,nActiveBy20y_AfterStrategy_median,25.0,25.0,apy_cho_epi_curve_data.csv,0.0,0.0,1e-12,exact,pass
base_default_LTBI,random,1400,nActiveBy20y_DoNothing_median,37.0,37.0,apy_cho_epi_curve_data.csv,0.0,0.0,1e-12,exact,pass
base_default_LTBI,random,1400,nCuredInfection_median,51.0,51.0,apy_cho_epi_curve_data.csv,0.0,0.0,1e-12,exact,pass
base_default_LTBI,random,1400,nFalsePositiveTestsBCG_median,17.0,17.0,apy_cho_epi_curve_data.csv,0.0,0.0,1e-12,exact,pass
base_default_LTBI,random,1400,nFalsePositiveTestsNoBCG_median,8.0,8.0,apy_cho_epi_curve_data.csv,0.0,0.0,1e-12,exact,pass
base_default_LTBI,random,1400,nFalsePositiveTests_median,25.0,25.0,apy_cho_epi_curve_data.csv,0.0,0.0,1e-12,exact,pass
base_default_LTBI,random,1400,nFalsePositiveTreated_median,22.0,22.0,apy_cho_epi_curve_data.csv,0.0,0.0,1e-12,exact,pass
base_default_LTBI,random,1400,nIGRApos_median,116.0,116.0,apy_cho_epi_curve_data.csv,0.0,0.0,1e-12,exact,pass
base_default_LTBI,random,1400,nPreventedActiveTB_median,12.0,12.0,apy_cho_epi_curve_data.csv,0.0,0.0,1e-12,exact,pass
base_default_LTBI,random,1400,nScreenedBCG_median,952.0,952.0,apy_cho_epi_curve_data.csv,0.0,0.0,1e-12,exact,pass
base_default_LTBI,random,1400,nScreened_high95,1400.0,1400.0,apy_cho_epi_curve_data.csv,0.0,0.0,1e-12,exact,pass
base_default_LTBI,random,1400,nScreened_low95,1400.0,1400.0,apy_cho_epi_curve_data.csv,0.0,0.0,1e-12,exact,pass
base_default_LTBI,random,1400,nScreened_median,1400.0,1400.0,apy_cho_epi_curve_data.csv,0.0,0.0,1e-12,exact,pass
base_default_LTBI,random,1400,nTestPositiveNonActive_median,116.0,116.0,apy_cho_epi_curve_data.csv,0.0,0.0,1e-12,exact,pass
base_default_LTBI,random,1400,nTestPositive_median,126.0,126.0,apy_cho_epi_curve_data.csv,0.0,0.0,1e-12,exact,pass
base_default_LTBI,random,1400,nTotalCoursesCompleted_median,79.0,79.0,apy_cho_epi_curve_data.csv,0.0,0.0,1e-12,exact,pass
base_default_LTBI,random,1400,nTotalCoursesStarted_median,99.0,99.0,apy_cho_epi_curve_data.csv,0.0,0.0,1e-12,exact,pass
base_default_LTBI,random,1400,nTruePositiveTests_median,91.0,91.0,apy_cho_epi_curve_data.csv,0.0,0.0,1e-12,exact,pass
base_default_LTBI,random,1400,nTruePositiveTreated_median,77.0,77.0,apy_cho_epi_curve_data.csv,0.0,0.0,1e-12,exact,pass
base_default_LTBI,random,1400,relativeReduction20y_median,0.3333333333333333,0.3333333333333333,apy_cho_epi_curve_data.csv,0.0,0.0,1e-12,exact,pass
base_default_LTBI,random,1400,screenCoverage,0.9333333333333332,0.9333333333333332,apy_cho_epi_curve_data.csv,0.0,0.0,1e-12,exact,pass
base_default_LTBI,random,1500,NNS_prevent_one_active_TB,115.3846153846154,115.3846153846154,apy_cho_epi_curve_data.csv,0.0,0.0,1e-12,exact,pass
base_default_LTBI,random,1500,NNT_completed_prevent_one_active_TB,6.538461538461538,6.538461538461538,apy_cho_epi_curve_data.csv,0.0,0.0,1e-12,exact,pass
base_default_LTBI,random,1500,NNT_started_prevent_one_active_TB,8.153846153846153,8.153846153846153,apy_cho_epi_curve_data.csv,0.0,0.0,1e-12,exact,pass
base_default_LTBI,random,1500,PPV_trueAmongTestPositive,0.7741935483870968,0.7741935483870968,apy_cho_epi_curve_data.csv,0.0,0.0,1e-12,exact,pass
base_default_LTBI,random,1500,falsePositiveShareAmongTestPositive,0.2258064516129032,0.2258064516129032,apy_cho_epi_curve_data.csv,0.0,0.0,1e-12,exact,pass
base_default_LTBI,random,1500,falsePositiveTestsPerTruePositiveTest,0.2916666666666667,0.2916666666666667,apy_cho_epi_curve_data.csv,0.0,0.0,1e-12,exact,pass
base_default_LTBI,random,1500,falsePositiveTreatedPerTruePositiveTreated,0.2771084337349397,0.2771084337349397,apy_cho_epi_curve_data.csv,0.0,0.0,1e-12,exact,pass
base_default_LTBI,random,1500,falsePositiveTreatedShareAmongCoursesStarted,0.2169811320754717,0.2169811320754717,apy_cho_epi_curve_data.csv,0.0,0.0,1e-12,exact,pass
base_default_LTBI,random,1500,nActiveBy20y_AfterStrategy_median,24.0,24.0,apy_cho_epi_curve_data.csv,0.0,0.0,1e-12,exact,pass
base_default_LTBI,random,1500,nActiveBy20y_DoNothing_median,37.0,37.0,apy_cho_epi_curve_data.csv,0.0,0.0,1e-12,exact,pass
base_default_LTBI,random,1500,nCuredInfection_median,54.0,54.0,apy_cho_epi_curve_data.csv,0.0,0.0,1e-12,exact,pass
base_default_LTBI,random,1500,nFalsePositiveTestsBCG_median,19.0,19.0,apy_cho_epi_curve_data.csv,0.0,0.0,1e-12,exact,pass
base_default_LTBI,random,1500,nFalsePositiveTestsNoBCG_median,9.0,9.0,apy_cho_epi_curve_data.csv,0.0,0.0,1e-12,exact,pass
base_default_LTBI,random,1500,nFalsePositiveTests_median,28.0,28.0,apy_cho_epi_curve_data.csv,0.0,0.0,1e-12,exact,pass
base_default_LTBI,random,1500,nFalsePositiveTreated_median,23.0,23.0,apy_cho_epi_curve_data.csv,0.0,0.0,1e-12,exact,pass
base_default_LTBI,random,1500,nIGRApos_median,124.0,124.0,apy_cho_epi_curve_data.csv,0.0,0.0,1e-12,exact,pass
base_default_LTBI,random,1500,nPreventedActiveTB_median,13.0,13.0,apy_cho_epi_curve_data.csv,0.0,0.0,1e-12,exact,pass
base_default_LTBI,random,1500,nScreenedBCG_median,1019.0,1019.0,apy_cho_epi_curve_data.csv,0.0,0.0,1e-12,exact,pass
base_default_LTBI,random,1500,nScreened_high95,1500.0,1500.0,apy_cho_epi_curve_data.csv,0.0,0.0,1e-12,exact,pass
base_default_LTBI,random,1500,nScreened_low95,1500.0,1500.0,apy_cho_epi_curve_data.csv,0.0,0.0,1e-12,exact,pass
base_default_LTBI,random,1500,nScreened_median,1500.0,1500.0,apy_cho_epi_curve_data.csv,0.0,0.0,1e-12,exact,pass
base_default_LTBI,random,1500,nTestPositiveNonActive_median,124.0,124.0,apy_cho_epi_curve_data.csv,0.0,0.0,1e-12,exact,pass
base_default_LTBI,random,1500,nTestPositive_median,135.0,135.0,apy_cho_epi_curve_data.csv,0.0,0.0,1e-12,exact,pass
base_default_LTBI,random,1500,nTotalCoursesCompleted_median,85.0,85.0,apy_cho_epi_curve_data.csv,0.0,0.0,1e-12,exact,pass
base_default_LTBI,random,1500,nTotalCoursesStarted_median,106.0,106.0,apy_cho_epi_curve_data.csv,0.0,0.0,1e-12,exact,pass
base_default_LTBI,random,1500,nTruePositiveTests_median,96.0,96.0,apy_cho_epi_curve_data.csv,0.0,0.0,1e-12,exact,pass
base_default_LTBI,random,1500,nTruePositiveTreated_median,83.0,83.0,apy_cho_epi_curve_data.csv,0.0,0.0,1e-12,exact,pass
base_default_LTBI,random,1500,relativeReduction20y_median,0.3478260869565217,0.3478260869565217,apy_cho_epi_curve_data.csv,0.0,0.0,1e-12,exact,pass
base_default_LTBI,random,1500,screenCoverage,1.0,1.0,apy_cho_epi_curve_data.csv,0.0,0.0,1e-12,exact,pass
low_LTBI_1pct,ltbi,0,NNS_prevent_one_active_TB,,,apy_cho_epi_curve_data.csv,0.0,0.0,1e-12,exact,pass
low_LTBI_1pct,ltbi,0,NNT_completed_prevent_one_active_TB,,,apy_cho_epi_curve_data.csv,0.0,0.0,1e-12,exact,pass
low_LTBI_1pct,ltbi,0,NNT_started_prevent_one_active_TB,,,apy_cho_epi_curve_data.csv,0.0,0.0,1e-12,exact,pass
low_LTBI_1pct,ltbi,0,PPV_trueAmongTestPositive,,,apy_cho_epi_curve_data.csv,0.0,0.0,1e-12,exact,pass
low_LTBI_1pct,ltbi,0,falsePositiveShareAmongTestPositive,,,apy_cho_epi_curve_data.csv,0.0,0.0,1e-12,exact,pass
low_LTBI_1pct,ltbi,0,falsePositiveTestsPerTruePositiveTest,,,apy_cho_epi_curve_data.csv,0.0,0.0,1e-12,exact,pass
low_LTBI_1pct,ltbi,0,falsePositiveTreatedPerTruePositiveTreated,,,apy_cho_epi_curve_data.csv,0.0,0.0,1e-12,exact,pass
low_LTBI_1pct,ltbi,0,falsePositiveTreatedShareAmongCoursesStarted,,,apy_cho_epi_curve_data.csv,0.0,0.0,1e-12,exact,pass
low_LTBI_1pct,ltbi,0,nActiveBy20y_AfterStrategy_median,5.0,5.0,apy_cho_epi_curve_data.csv,0.0,0.0,1e-12,exact,pass
low_LTBI_1pct,ltbi,0,nActiveBy20y_DoNothing_median,5.0,5.0,apy_cho_epi_curve_data.csv,0.0,0.0,1e-12,exact,pass
low_LTBI_1pct,ltbi,0,nCuredInfection_median,0.0,0.0,apy_cho_epi_curve_data.csv,0.0,,1e-12,exact,pass
low_LTBI_1pct,ltbi,0,nFalsePositiveTestsBCG_median,0.0,0.0,apy_cho_epi_curve_data.csv,0.0,,1e-12,exact,pass
low_LTBI_1pct,ltbi,0,nFalsePositiveTestsNoBCG_median,0.0,0.0,apy_cho_epi_curve_data.csv,0.0,,1e-12,exact,pass
low_LTBI_1pct,ltbi,0,nFalsePositiveTests_median,0.0,0.0,apy_cho_epi_curve_data.csv,0.0,,1e-12,exact,pass
low_LTBI_1pct,ltbi,0,nFalsePositiveTreated_median,0.0,0.0,apy_cho_epi_curve_data.csv,0.0,,1e-12,exact,pass
low_LTBI_1pct,ltbi,0,nIGRApos_median,0.0,0.0,apy_cho_epi_curve_data.csv,0.0,,1e-12,exact,pass
low_LTBI_1pct,ltbi,0,nPreventedActiveTB_median,0.0,0.0,apy_cho_epi_curve_data.csv,0.0,,1e-12,exact,pass
low_LTBI_1pct,ltbi,0,nScreenedBCG_median,0.0,0.0,apy_cho_epi_curve_data.csv,0.0,,1e-12,exact,pass
low_LTBI_1pct,ltbi,0,nScreened_high95,0.0,0.0,apy_cho_epi_curve_data.csv,0.0,,1e-12,exact,pass
low_LTBI_1pct,ltbi,0,nScreened_low95,0.0,0.0,apy_cho_epi_curve_data.csv,0.0,,1e-12,exact,pass
low_LTBI_1pct,ltbi,0,nScreened_median,0.0,0.0,apy_cho_epi_curve_data.csv,0.0,,1e-12,exact,pass
low_LTBI_1pct,ltbi,0,nTestPositiveNonActive_median,0.0,0.0,apy_cho_epi_curve_data.csv,0.0,,1e-12,exact,pass
low_LTBI_1pct,ltbi,0,nTestPositive_median,0.0,0.0,apy_cho_epi_curve_data.csv,0.0,,1e-12,exact,pass
low_LTBI_1pct,ltbi,0,nTotalCoursesCompleted_median,0.0,0.0,apy_cho_epi_curve_data.csv,0.0,,1e-12,exact,pass
low_LTBI_1pct,ltbi,0,nTotalCoursesStarted_median,0.0,0.0,apy_cho_epi_curve_data.csv,0.0,,1e-12,exact,pass
low_LTBI_1pct,ltbi,0,nTruePositiveTests_median,0.0,0.0,apy_cho_epi_curve_data.csv,0.0,,1e-12,exact,pass
low_LTBI_1pct,ltbi,0,nTruePositiveTreated_median,0.0,0.0,apy_cho_epi_curve_data.csv,0.0,,1e-12,exact,pass
low_LTBI_1pct,ltbi,0,relativeReduction20y_median,0.0,0.0,apy_cho_epi_curve_data.csv,0.0,,1e-12,exact,pass
low_LTBI_1pct,ltbi,0,screenCoverage,0.0,0.0,apy_cho_epi_curve_data.csv,0.0,,1e-12,exact,pass
low_LTBI_1pct,ltbi,50,NNS_prevent_one_active_TB,50.0,50.0,apy_cho_epi_curve_data.csv,0.0,0.0,1e-12,exact,pass
low_LTBI_1pct,ltbi,50,NNT_completed_prevent_one_active_TB,2.0,2.0,apy_cho_epi_curve_data.csv,0.0,0.0,1e-12,exact,pass
low_LTBI_1pct,ltbi,50,NNT_started_prevent_one_active_TB,3.0,3.0,apy_cho_epi_curve_data.csv,0.0,0.0,1e-12,exact,pass
low_LTBI_1pct,ltbi,50,PPV_trueAmongTestPositive,0.75,0.75,apy_cho_epi_curve_data.csv,0.0,0.0,1e-12,exact,pass
low_LTBI_1pct,ltbi,50,falsePositiveShareAmongTestPositive,0.25,0.25,apy_cho_epi_curve_data.csv,0.0,0.0,1e-12,exact,pass
low_LTBI_1pct,ltbi,50,falsePositiveTestsPerTruePositiveTest,0.3333333333333333,0.3333333333333333,apy_cho_epi_curve_data.csv,0.0,0.0,1e-12,exact,pass
low_LTBI_1pct,ltbi,50,falsePositiveTreatedPerTruePositiveTreated,0.5,0.5,apy_cho_epi_curve_data.csv,0.0,0.0,1e-12,exact,pass
low_LTBI_1pct,ltbi,50,falsePositiveTreatedShareAmongCoursesStarted,0.3333333333333333,0.3333333333333333,apy_cho_epi_curve_data.csv,0.0,0.0,1e-12,exact,pass
low_LTBI_1pct,ltbi,50,nActiveBy20y_AfterStrategy_median,4.0,4.0,apy_cho_epi_curve_data.csv,0.0,0.0,1e-12,exact,pass
low_LTBI_1pct,ltbi,50,nActiveBy20y_DoNothing_median,5.0,5.0,apy_cho_epi_curve_data.csv,0.0,0.0,1e-12,exact,pass
low_LTBI_1pct,ltbi,50,nCuredInfection_median,2.0,2.0,apy_cho_epi_curve_data.csv,0.0,0.0,1e-12,exact,pass
low_LTBI_1pct,ltbi,50,nFalsePositiveTestsBCG_median,0.0,0.0,apy_cho_epi_curve_data.csv,0.0,,1e-12,exact,pass
low_LTBI_1pct,ltbi,50,nFalsePositiveTestsNoBCG_median,0.0,0.0,apy_cho_epi_curve_data.csv,0.0,,1e-12,exact,pass
low_LTBI_1pct,ltbi,50,nFalsePositiveTests_median,1.0,1.0,apy_cho_epi_curve_data.csv,0.0,0.0,1e-12,exact,pass
low_LTBI_1pct,ltbi,50,nFalsePositiveTreated_median,1.0,1.0,apy_cho_epi_curve_data.csv,0.0,0.0,1e-12,exact,pass
low_LTBI_1pct,ltbi,50,nIGRApos_median,4.0,4.0,apy_cho_epi_curve_data.csv,0.0,0.0,1e-12,exact,pass
low_LTBI_1pct,ltbi,50,nPreventedActiveTB_median,1.0,1.0,apy_cho_epi_curve_data.csv,0.0,0.0,1e-12,exact,pass
low_LTBI_1pct,ltbi,50,nScreenedBCG_median,34.0,34.0,apy_cho_epi_curve_data.csv,0.0,0.0,1e-12,exact,pass
low_LTBI_1pct,ltbi,50,nScreened_high95,50.0,50.0,apy_cho_epi_curve_data.csv,0.0,0.0,1e-12,exact,pass
low_LTBI_1pct,ltbi,50,nScreened_low95,50.0,50.0,apy_cho_epi_curve_data.csv,0.0,0.0,1e-12,exact,pass
low_LTBI_1pct,ltbi,50,nScreened_median,50.0,50.0,apy_cho_epi_curve_data.csv,0.0,0.0,1e-12,exact,pass
low_LTBI_1pct,ltbi,50,nTestPositiveNonActive_median,4.0,4.0,apy_cho_epi_curve_data.csv,0.0,0.0,1e-12,exact,pass
low_LTBI_1pct,ltbi,50,nTestPositive_median,4.0,4.0,apy_cho_epi_curve_data.csv,0.0,0.0,1e-12,exact,pass
low_LTBI_1pct,ltbi,50,nTotalCoursesCompleted_median,2.0,2.0,apy_cho_epi_curve_data.csv,0.0,0.0,1e-12,exact,pass
low_LTBI_1pct,ltbi,50,nTotalCoursesStarted_median,3.0,3.0,apy_cho_epi_curve_data.csv,0.0,0.0,1e-12,exact,pass
low_LTBI_1pct,ltbi,50,nTruePositiveTests_median,3.0,3.0,apy_cho_epi_curve_data.csv,0.0,0.0,1e-12,exact,pass
low_LTBI_1pct,ltbi,50,nTruePositiveTreated_median,2.0,2.0,apy_cho_epi_curve_data.csv,0.0,0.0,1e-12,exact,pass
low_LTBI_1pct,ltbi,50,relativeReduction20y_median,0.1,0.1,apy_cho_epi_curve_data.csv,0.0,0.0,1e-12,exact,pass
low_LTBI_1pct,ltbi,50,screenCoverage,0.0333333333333333,0.0333333333333333,apy_cho_epi_curve_data.csv,0.0,0.0,1e-12,exact,pass
low_LTBI_1pct,ltbi,100,NNS_prevent_one_active_TB,100.0,100.0,apy_cho_epi_curve_data.csv,0.0,0.0,1e-12,exact,pass
low_LTBI_1pct,ltbi,100,NNT_completed_prevent_one_active_TB,4.0,4.0,apy_cho_epi_curve_data.csv,0.0,0.0,1e-12,exact,pass
low_LTBI_1pct,ltbi,100,NNT_started_prevent_one_active_TB,5.0,5.0,apy_cho_epi_curve_data.csv,0.0,0.0,1e-12,exact,pass
low_LTBI_1pct,ltbi,100,PPV_trueAmongTestPositive,0.6666666666666666,0.6666666666666666,apy_cho_epi_curve_data.csv,0.0,0.0,1e-12,exact,pass
low_LTBI_1pct,ltbi,100,falsePositiveShareAmongTestPositive,0.3333333333333333,0.3333333333333333,apy_cho_epi_curve_data.csv,0.0,0.0,1e-12,exact,pass
low_LTBI_1pct,ltbi,100,falsePositiveTestsPerTruePositiveTest,0.5,0.5,apy_cho_epi_curve_data.csv,0.0,0.0,1e-12,exact,pass
low_LTBI_1pct,ltbi,100,falsePositiveTreatedPerTruePositiveTreated,0.25,0.25,apy_cho_epi_curve_data.csv,0.0,0.0,1e-12,exact,pass
low_LTBI_1pct,ltbi,100,falsePositiveTreatedShareAmongCoursesStarted,0.2,0.2,apy_cho_epi_curve_data.csv,0.0,0.0,1e-12,exact,pass
low_LTBI_1pct,ltbi,100,nActiveBy20y_AfterStrategy_median,4.0,4.0,apy_cho_epi_curve_data.csv,0.0,0.0,1e-12,exact,pass
low_LTBI_1pct,ltbi,100,nActiveBy20y_DoNothing_median,5.0,5.0,apy_cho_epi_curve_data.csv,0.0,0.0,1e-12,exact,pass
low_LTBI_1pct,ltbi,100,nCuredInfection_median,2.0,2.0,apy_cho_epi_curve_data.csv,0.0,0.0,1e-12,exact,pass
low_LTBI_1pct,ltbi,100,nFalsePositiveTestsBCG_median,1.0,1.0,apy_cho_epi_curve_data.csv,0.0,0.0,1e-12,exact,pass
low_LTBI_1pct,ltbi,100,nFalsePositiveTestsNoBCG_median,0.0,0.0,apy_cho_epi_curve_data.csv,0.0,,1e-12,exact,pass
low_LTBI_1pct,ltbi,100,nFalsePositiveTests_median,2.0,2.0,apy_cho_epi_curve_data.csv,0.0,0.0,1e-12,exact,pass
low_LTBI_1pct,ltbi,100,nFalsePositiveTreated_median,1.0,1.0,apy_cho_epi_curve_data.csv,0.0,0.0,1e-12,exact,pass
low_LTBI_1pct,ltbi,100,nIGRApos_median,6.0,6.0,apy_cho_epi_curve_data.csv,0.0,0.0,1e-12,exact,pass
low_LTBI_1pct,ltbi,100,nPreventedActiveTB_median,1.0,1.0,apy_cho_epi_curve_data.csv,0.0,0.0,1e-12,exact,pass
low_LTBI_1pct,ltbi,100,nScreenedBCG_median,68.0,68.0,apy_cho_epi_curve_data.csv,0.0,0.0,1e-12,exact,pass
low_LTBI_1pct,ltbi,100,nScreened_high95,100.0,100.0,apy_cho_epi_curve_data.csv,0.0,0.0,1e-12,exact,pass
low_LTBI_1pct,ltbi,100,nScreened_low95,100.0,100.0,apy_cho_epi_curve_data.csv,0.0,0.0,1e-12,exact,pass
low_LTBI_1pct,ltbi,100,nScreened_median,100.0,100.0,apy_cho_epi_curve_data.csv,0.0,0.0,1e-12,exact,pass
low_LTBI_1pct,ltbi,100,nTestPositiveNonActive_median,6.0,6.0,apy_cho_epi_curve_data.csv,0.0,0.0,1e-12,exact,pass
low_LTBI_1pct,ltbi,100,nTestPositive_median,7.0,7.0,apy_cho_epi_curve_data.csv,0.0,0.0,1e-12,exact,pass
low_LTBI_1pct,ltbi,100,nTotalCoursesCompleted_median,4.0,4.0,apy_cho_epi_curve_data.csv,0.0,0.0,1e-12,exact,pass
low_LTBI_1pct,ltbi,100,nTotalCoursesStarted_median,5.0,5.0,apy_cho_epi_curve_data.csv,0.0,0.0,1e-12,exact,pass
low_LTBI_1pct,ltbi,100,nTruePositiveTests_median,4.0,4.0,apy_cho_epi_curve_data.csv,0.0,0.0,1e-12,exact,pass
low_LTBI_1pct,ltbi,100,nTruePositiveTreated_median,4.0,4.0,apy_cho_epi_curve_data.csv,0.0,0.0,1e-12,exact,pass
low_LTBI_1pct,ltbi,100,relativeReduction20y_median,0.1666666666666666,0.1666666666666666,apy_cho_epi_curve_data.csv,0.0,0.0,1e-12,exact,pass
low_LTBI_1pct,ltbi,100,screenCoverage,0.0666666666666666,0.0666666666666666,apy_cho_epi_curve_data.csv,0.0,0.0,1e-12,exact,pass
low_LTBI_1pct,ltbi,150,NNS_prevent_one_active_TB,150.0,150.0,apy_cho_epi_curve_data.csv,0.0,0.0,1e-12,exact,pass
low_LTBI_1pct,ltbi,150,NNT_completed_prevent_one_active_TB,6.0,6.0,apy_cho_epi_curve_data.csv,0.0,0.0,1e-12,exact,pass
low_LTBI_1pct,ltbi,150,NNT_started_prevent_one_active_TB,7.0,7.0,apy_cho_epi_curve_data.csv,0.0,0.0,1e-12,exact,pass
low_LTBI_1pct,ltbi,150,PPV_trueAmongTestPositive,0.6666666666666666,0.6666666666666666,apy_cho_epi_curve_data.csv,0.0,0.0,1e-12,exact,pass
low_LTBI_1pct,ltbi,150,falsePositiveShareAmongTestPositive,0.3333333333333333,0.3333333333333333,apy_cho_epi_curve_data.csv,0.0,0.0,1e-12,exact,pass
low_LTBI_1pct,ltbi,150,falsePositiveTestsPerTruePositiveTest,0.5,0.5,apy_cho_epi_curve_data.csv,0.0,0.0,1e-12,exact,pass
low_LTBI_1pct,ltbi,150,falsePositiveTreatedPerTruePositiveTreated,0.4,0.4,apy_cho_epi_curve_data.csv,0.0,0.0,1e-12,exact,pass
low_LTBI_1pct,ltbi,150,falsePositiveTreatedShareAmongCoursesStarted,0.2857142857142857,0.2857142857142857,apy_cho_epi_curve_data.csv,0.0,0.0,1e-12,exact,pass
low_LTBI_1pct,ltbi,150,nActiveBy20y_AfterStrategy_median,4.0,4.0,apy_cho_epi_curve_data.csv,0.0,0.0,1e-12,exact,pass
low_LTBI_1pct,ltbi,150,nActiveBy20y_DoNothing_median,5.0,5.0,apy_cho_epi_curve_data.csv,0.0,0.0,1e-12,exact,pass
low_LTBI_1pct,ltbi,150,nCuredInfection_median,3.0,3.0,apy_cho_epi_curve_data.csv,0.0,0.0,1e-12,exact,pass
low_LTBI_1pct,ltbi,150,nFalsePositiveTestsBCG_median,2.0,2.0,apy_cho_epi_curve_data.csv,0.0,0.0,1e-12,exact,pass
low_LTBI_1pct,ltbi,150,nFalsePositiveTestsNoBCG_median,1.0,1.0,apy_cho_epi_curve_data.csv,0.0,0.0,1e-12,exact,pass
low_LTBI_1pct,ltbi,150,nFalsePositiveTests_median,3.0,3.0,apy_cho_epi_curve_data.csv,0.0,0.0,1e-12,exact,pass
low_LTBI_1pct,ltbi,150,nFalsePositiveTreated_median,2.0,2.0,apy_cho_epi_curve_data.csv,0.0,0.0,1e-12,exact,pass
low_LTBI_1pct,ltbi,150,nIGRApos_median,9.0,9.0,apy_cho_epi_curve_data.csv,0.0,0.0,1e-12,exact,pass
low_LTBI_1pct,ltbi,150,nPreventedActiveTB_median,1.0,1.0,apy_cho_epi_curve_data.csv,0.0,0.0,1e-12,exact,pass
low_LTBI_1pct,ltbi,150,nScreenedBCG_median,102.0,102.0,apy_cho_epi_curve_data.csv,0.0,0.0,1e-12,exact,pass
low_LTBI_1pct,ltbi,150,nScreened_high95,150.0,150.0,apy_cho_epi_curve_data.csv,0.0,0.0,1e-12,exact,pass
low_LTBI_1pct,ltbi,150,nScreened_low95,150.0,150.0,apy_cho_epi_curve_data.csv,0.0,0.0,1e-12,exact,pass
low_LTBI_1pct,ltbi,150,nScreened_median,150.0,150.0,apy_cho_epi_curve_data.csv,0.0,0.0,1e-12,exact,pass
low_LTBI_1pct,ltbi,150,nTestPositiveNonActive_median,9.0,9.0,apy_cho_epi_curve_data.csv,0.0,0.0,1e-12,exact,pass
low_LTBI_1pct,ltbi,150,nTestPositive_median,10.0,10.0,apy_cho_epi_curve_data.csv,0.0,0.0,1e-12,exact,pass
low_LTBI_1pct,ltbi,150,nTotalCoursesCompleted_median,6.0,6.0,apy_cho_epi_curve_data.csv,0.0,0.0,1e-12,exact,pass
low_LTBI_1pct,ltbi,150,nTotalCoursesStarted_median,7.0,7.0,apy_cho_epi_curve_data.csv,0.0,0.0,1e-12,exact,pass
low_LTBI_1pct,ltbi,150,nTruePositiveTests_median,6.0,6.0,apy_cho_epi_curve_data.csv,0.0,0.0,1e-12,exact,pass
low_LTBI_1pct,ltbi,150,nTruePositiveTreated_median,5.0,5.0,apy_cho_epi_curve_data.csv,0.0,0.0,1e-12,exact,pass
low_LTBI_1pct,ltbi,150,relativeReduction20y_median,0.2,0.2,apy_cho_epi_curve_data.csv,0.0,0.0,1e-12,exact,pass
low_LTBI_1pct,ltbi,150,screenCoverage,0.1,0.1,apy_cho_epi_curve_data.csv,0.0,0.0,1e-12,exact,pass
low_LTBI_1pct,ltbi,200,NNS_prevent_one_active_TB,200.0,200.0,apy_cho_epi_curve_data.csv,0.0,0.0,1e-12,exact,pass
low_LTBI_1pct,ltbi,200,NNT_completed_prevent_one_active_TB,7.0,7.0,apy_cho_epi_curve_data.csv,0.0,0.0,1e-12,exact,pass
low_LTBI_1pct,ltbi,200,NNT_started_prevent_one_active_TB,9.0,9.0,apy_cho_epi_curve_data.csv,0.0,0.0,1e-12,exact,pass
low_LTBI_1pct,ltbi,200,PPV_trueAmongTestPositive,0.6,0.6,apy_cho_epi_curve_data.csv,0.0,0.0,1e-12,exact,pass
low_LTBI_1pct,ltbi,200,falsePositiveShareAmongTestPositive,0.4,0.4,apy_cho_epi_curve_data.csv,0.0,0.0,1e-12,exact,pass
low_LTBI_1pct,ltbi,200,falsePositiveTestsPerTruePositiveTest,0.6666666666666666,0.6666666666666666,apy_cho_epi_curve_data.csv,0.0,0.0,1e-12,exact,pass
low_LTBI_1pct,ltbi,200,falsePositiveTreatedPerTruePositiveTreated,0.5,0.5,apy_cho_epi_curve_data.csv,0.0,0.0,1e-12,exact,pass
low_LTBI_1pct,ltbi,200,falsePositiveTreatedShareAmongCoursesStarted,0.3333333333333333,0.3333333333333333,apy_cho_epi_curve_data.csv,0.0,0.0,1e-12,exact,pass
low_LTBI_1pct,ltbi,200,nActiveBy20y_AfterStrategy_median,3.0,3.0,apy_cho_epi_curve_data.csv,0.0,0.0,1e-12,exact,pass
low_LTBI_1pct,ltbi,200,nActiveBy20y_DoNothing_median,5.0,5.0,apy_cho_epi_curve_data.csv,0.0,0.0,1e-12,exact,pass
low_LTBI_1pct,ltbi,200,nCuredInfection_median,4.0,4.0,apy_cho_epi_curve_data.csv,0.0,0.0,1e-12,exact,pass
low_LTBI_1pct,ltbi,200,nFalsePositiveTestsBCG_median,2.0,2.0,apy_cho_epi_curve_data.csv,0.0,0.0,1e-12,exact,pass
low_LTBI_1pct,ltbi,200,nFalsePositiveTestsNoBCG_median,1.0,1.0,apy_cho_epi_curve_data.csv,0.0,0.0,1e-12,exact,pass
low_LTBI_1pct,ltbi,200,nFalsePositiveTests_median,4.0,4.0,apy_cho_epi_curve_data.csv,0.0,0.0,1e-12,exact,pass
low_LTBI_1pct,ltbi,200,nFalsePositiveTreated_median,3.0,3.0,apy_cho_epi_curve_data.csv,0.0,0.0,1e-12,exact,pass
low_LTBI_1pct,ltbi,200,nIGRApos_median,10.0,10.0,apy_cho_epi_curve_data.csv,0.0,0.0,1e-12,exact,pass
low_LTBI_1pct,ltbi,200,nPreventedActiveTB_median,1.0,1.0,apy_cho_epi_curve_data.csv,0.0,0.0,1e-12,exact,pass
low_LTBI_1pct,ltbi,200,nScreenedBCG_median,136.0,136.0,apy_cho_epi_curve_data.csv,0.0,0.0,1e-12,exact,pass
low_LTBI_1pct,ltbi,200,nScreened_high95,200.0,200.0,apy_cho_epi_curve_data.csv,0.0,0.0,1e-12,exact,pass
low_LTBI_1pct,ltbi,200,nScreened_low95,200.0,200.0,apy_cho_epi_curve_data.csv,0.0,0.0,1e-12,exact,pass
low_LTBI_1pct,ltbi,200,nScreened_median,200.0,200.0,apy_cho_epi_curve_data.csv,0.0,0.0,1e-12,exact,pass
low_LTBI_1pct,ltbi,200,nTestPositiveNonActive_median,10.0,10.0,apy_cho_epi_curve_data.csv,0.0,0.0,1e-12,exact,pass
low_LTBI_1pct,ltbi,200,nTestPositive_median,12.0,12.0,apy_cho_epi_curve_data.csv,0.0,0.0,1e-12,exact,pass
low_LTBI_1pct,ltbi,200,nTotalCoursesCompleted_median,7.0,7.0,apy_cho_epi_curve_data.csv,0.0,0.0,1e-12,exact,pass
low_LTBI_1pct,ltbi,200,nTotalCoursesStarted_median,9.0,9.0,apy_cho_epi_curve_data.csv,0.0,0.0,1e-12,exact,pass
low_LTBI_1pct,ltbi,200,nTruePositiveTests_median,6.0,6.0,apy_cho_epi_curve_data.csv,0.0,0.0,1e-12,exact,pass
low_LTBI_1pct,ltbi,200,nTruePositiveTreated_median,6.0,6.0,apy_cho_epi_curve_data.csv,0.0,0.0,1e-12,exact,pass
low_LTBI_1pct,ltbi,200,relativeReduction20y_median,0.25,0.25,apy_cho_epi_curve_data.csv,0.0,0.0,1e-12,exact,pass
low_LTBI_1pct,ltbi,200,screenCoverage,0.1333333333333333,0.1333333333333333,apy_cho_epi_curve_data.csv,0.0,0.0,1e-12,exact,pass
low_LTBI_1pct,ltbi,250,NNS_prevent_one_active_TB,250.0,250.0,apy_cho_epi_curve_data.csv,0.0,0.0,1e-12,exact,pass
low_LTBI_1pct,ltbi,250,NNT_completed_prevent_one_active_TB,8.0,8.0,apy_cho_epi_curve_data.csv,0.0,0.0,1e-12,exact,pass
low_LTBI_1pct,ltbi,250,NNT_started_prevent_one_active_TB,10.0,10.0,apy_cho_epi_curve_data.csv,0.0,0.0,1e-12,exact,pass
low_LTBI_1pct,ltbi,250,PPV_trueAmongTestPositive,0.5833333333333334,0.5833333333333334,apy_cho_epi_curve_data.csv,0.0,0.0,1e-12,exact,pass
low_LTBI_1pct,ltbi,250,falsePositiveShareAmongTestPositive,0.4166666666666667,0.4166666666666667,apy_cho_epi_curve_data.csv,0.0,0.0,1e-12,exact,pass
low_LTBI_1pct,ltbi,250,falsePositiveTestsPerTruePositiveTest,0.7142857142857143,0.7142857142857143,apy_cho_epi_curve_data.csv,0.0,0.0,1e-12,exact,pass
low_LTBI_1pct,ltbi,250,falsePositiveTreatedPerTruePositiveTreated,0.6666666666666666,0.6666666666666666,apy_cho_epi_curve_data.csv,0.0,0.0,1e-12,exact,pass
low_LTBI_1pct,ltbi,250,falsePositiveTreatedShareAmongCoursesStarted,0.4,0.4,apy_cho_epi_curve_data.csv,0.0,0.0,1e-12,exact,pass
low_LTBI_1pct,ltbi,250,nActiveBy20y_AfterStrategy_median,3.0,3.0,apy_cho_epi_curve_data.csv,0.0,0.0,1e-12,exact,pass
low_LTBI_1pct,ltbi,250,nActiveBy20y_DoNothing_median,5.0,5.0,apy_cho_epi_curve_data.csv,0.0,0.0,1e-12,exact,pass
low_LTBI_1pct,ltbi,250,nCuredInfection_median,4.0,4.0,apy_cho_epi_curve_data.csv,0.0,0.0,1e-12,exact,pass
low_LTBI_1pct,ltbi,250,nFalsePositiveTestsBCG_median,3.0,3.0,apy_cho_epi_curve_data.csv,0.0,0.0,1e-12,exact,pass
low_LTBI_1pct,ltbi,250,nFalsePositiveTestsNoBCG_median,1.0,1.0,apy_cho_epi_curve_data.csv,0.0,0.0,1e-12,exact,pass
low_LTBI_1pct,ltbi,250,nFalsePositiveTests_median,5.0,5.0,apy_cho_epi_curve_data.csv,0.0,0.0,1e-12,exact,pass
low_LTBI_1pct,ltbi,250,nFalsePositiveTreated_median,4.0,4.0,apy_cho_epi_curve_data.csv,0.0,0.0,1e-12,exact,pass
low_LTBI_1pct,ltbi,250,nIGRApos_median,12.0,12.0,apy_cho_epi_curve_data.csv,0.0,0.0,1e-12,exact,pass
low_LTBI_1pct,ltbi,250,nPreventedActiveTB_median,1.0,1.0,apy_cho_epi_curve_data.csv,0.0,0.0,1e-12,exact,pass
low_LTBI_1pct,ltbi,250,nScreenedBCG_median,170.0,170.0,apy_cho_epi_curve_data.csv,0.0,0.0,1e-12,exact,pass
low_LTBI_1pct,ltbi,250,nScreened_high95,250.0,250.0,apy_cho_epi_curve_data.csv,0.0,0.0,1e-12,exact,pass
low_LTBI_1pct,ltbi,250,nScreened_low95,250.0,250.0,apy_cho_epi_curve_data.csv,0.0,0.0,1e-12,exact,pass
low_LTBI_1pct,ltbi,250,nScreened_median,250.0,250.0,apy_cho_epi_curve_data.csv,0.0,0.0,1e-12,exact,pass
low_LTBI_1pct,ltbi,250,nTestPositiveNonActive_median,12.0,12.0,apy_cho_epi_curve_data.csv,0.0,0.0,1e-12,exact,pass
low_LTBI_1pct,ltbi,250,nTestPositive_median,13.0,13.0,apy_cho_epi_curve_data.csv,0.0,0.0,1e-12,exact,pass
low_LTBI_1pct,ltbi,250,nTotalCoursesCompleted_median,8.0,8.0,apy_cho_epi_curve_data.csv,0.0,0.0,1e-12,exact,pass
low_LTBI_1pct,ltbi,250,nTotalCoursesStarted_median,10.0,10.0,apy_cho_epi_curve_data.csv,0.0,0.0,1e-12,exact,pass
low_LTBI_1pct,ltbi,250,nTruePositiveTests_median,7.0,7.0,apy_cho_epi_curve_data.csv,0.0,0.0,1e-12,exact,pass
low_LTBI_1pct,ltbi,250,nTruePositiveTreated_median,6.0,6.0,apy_cho_epi_curve_data.csv,0.0,0.0,1e-12,exact,pass
low_LTBI_1pct,ltbi,250,relativeReduction20y_median,0.25,0.25,apy_cho_epi_curve_data.csv,0.0,0.0,1e-12,exact,pass
low_LTBI_1pct,ltbi,250,screenCoverage,0.1666666666666666,0.1666666666666666,apy_cho_epi_curve_data.csv,0.0,0.0,1e-12,exact,pass
low_LTBI_1pct,ltbi,300,NNS_prevent_one_active_TB,300.0,300.0,apy_cho_epi_curve_data.csv,0.0,0.0,1e-12,exact,pass
low_LTBI_1pct,ltbi,300,NNT_completed_prevent_one_active_TB,9.0,9.0,apy_cho_epi_curve_data.csv,0.0,0.0,1e-12,exact,pass
low_LTBI_1pct,ltbi,300,NNT_started_prevent_one_active_TB,12.0,12.0,apy_cho_epi_curve_data.csv,0.0,0.0,1e-12,exact,pass
low_LTBI_1pct,ltbi,300,PPV_trueAmongTestPositive,0.5714285714285714,0.5714285714285714,apy_cho_epi_curve_data.csv,0.0,0.0,1e-12,exact,pass
low_LTBI_1pct,ltbi,300,falsePositiveShareAmongTestPositive,0.4285714285714285,0.4285714285714285,apy_cho_epi_curve_data.csv,0.0,0.0,1e-12,exact,pass
low_LTBI_1pct,ltbi,300,falsePositiveTestsPerTruePositiveTest,0.75,0.75,apy_cho_epi_curve_data.csv,0.0,0.0,1e-12,exact,pass
low_LTBI_1pct,ltbi,300,falsePositiveTreatedPerTruePositiveTreated,0.7142857142857143,0.7142857142857143,apy_cho_epi_curve_data.csv,0.0,0.0,1e-12,exact,pass
low_LTBI_1pct,ltbi,300,falsePositiveTreatedShareAmongCoursesStarted,0.4166666666666667,0.4166666666666667,apy_cho_epi_curve_data.csv,0.0,0.0,1e-12,exact,pass
low_LTBI_1pct,ltbi,300,nActiveBy20y_AfterStrategy_median,3.0,3.0,apy_cho_epi_curve_data.csv,0.0,0.0,1e-12,exact,pass
low_LTBI_1pct,ltbi,300,nActiveBy20y_DoNothing_median,5.0,5.0,apy_cho_epi_curve_data.csv,0.0,0.0,1e-12,exact,pass
low_LTBI_1pct,ltbi,300,nCuredInfection_median,4.0,4.0,apy_cho_epi_curve_data.csv,0.0,0.0,1e-12,exact,pass
low_LTBI_1pct,ltbi,300,nFalsePositiveTestsBCG_median,4.0,4.0,apy_cho_epi_curve_data.csv,0.0,0.0,1e-12,exact,pass
low_LTBI_1pct,ltbi,300,nFalsePositiveTestsNoBCG_median,2.0,2.0,apy_cho_epi_curve_data.csv,0.0,0.0,1e-12,exact,pass
low_LTBI_1pct,ltbi,300,nFalsePositiveTests_median,6.0,6.0,apy_cho_epi_curve_data.csv,0.0,0.0,1e-12,exact,pass
low_LTBI_1pct,ltbi,300,nFalsePositiveTreated_median,5.0,5.0,apy_cho_epi_curve_data.csv,0.0,0.0,1e-12,exact,pass
low_LTBI_1pct,ltbi,300,nIGRApos_median,14.0,14.0,apy_cho_epi_curve_data.csv,0.0,0.0,1e-12,exact,pass
low_LTBI_1pct,ltbi,300,nPreventedActiveTB_median,1.0,1.0,apy_cho_epi_curve_data.csv,0.0,0.0,1e-12,exact,pass
low_LTBI_1pct,ltbi,300,nScreenedBCG_median,204.0,204.0,apy_cho_epi_curve_data.csv,0.0,0.0,1e-12,exact,pass
low_LTBI_1pct,ltbi,300,nScreened_high95,300.0,300.0,apy_cho_epi_curve_data.csv,0.0,0.0,1e-12,exact,pass
low_LTBI_1pct,ltbi,300,nScreened_low95,300.0,300.0,apy_cho_epi_curve_data.csv,0.0,0.0,1e-12,exact,pass
low_LTBI_1pct,ltbi,300,nScreened_median,300.0,300.0,apy_cho_epi_curve_data.csv,0.0,0.0,1e-12,exact,pass
low_LTBI_1pct,ltbi,300,nTestPositiveNonActive_median,14.0,14.0,apy_cho_epi_curve_data.csv,0.0,0.0,1e-12,exact,pass
low_LTBI_1pct,ltbi,300,nTestPositive_median,15.0,15.0,apy_cho_epi_curve_data.csv,0.0,0.0,1e-12,exact,pass
low_LTBI_1pct,ltbi,300,nTotalCoursesCompleted_median,9.0,9.0,apy_cho_epi_curve_data.csv,0.0,0.0,1e-12,exact,pass
low_LTBI_1pct,ltbi,300,nTotalCoursesStarted_median,12.0,12.0,apy_cho_epi_curve_data.csv,0.0,0.0,1e-12,exact,pass
low_LTBI_1pct,ltbi,300,nTruePositiveTests_median,8.0,8.0,apy_cho_epi_curve_data.csv,0.0,0.0,1e-12,exact,pass
low_LTBI_1pct,ltbi,300,nTruePositiveTreated_median,7.0,7.0,apy_cho_epi_curve_data.csv,0.0,0.0,1e-12,exact,pass
low_LTBI_1pct,ltbi,300,relativeReduction20y_median,0.25,0.25,apy_cho_epi_curve_data.csv,0.0,0.0,1e-12,exact,pass
low_LTBI_1pct,ltbi,300,screenCoverage,0.2,0.2,apy_cho_epi_curve_data.csv,0.0,0.0,1e-12,exact,pass
low_LTBI_1pct,ltbi,350,NNS_prevent_one_active_TB,350.0,350.0,apy_cho_epi_curve_data.csv,0.0,0.0,1e-12,exact,pass
low_LTBI_1pct,ltbi,350,NNT_completed_prevent_one_active_TB,11.0,11.0,apy_cho_epi_curve_data.csv,0.0,0.0,1e-12,exact,pass
low_LTBI_1pct,ltbi,350,NNT_started_prevent_one_active_TB,13.0,13.0,apy_cho_epi_curve_data.csv,0.0,0.0,1e-12,exact,pass
low_LTBI_1pct,ltbi,350,PPV_trueAmongTestPositive,0.5625,0.5625,apy_cho_epi_curve_data.csv,0.0,0.0,1e-12,exact,pass
low_LTBI_1pct,ltbi,350,falsePositiveShareAmongTestPositive,0.4375,0.4375,apy_cho_epi_curve_data.csv,0.0,0.0,1e-12,exact,pass
low_LTBI_1pct,ltbi,350,falsePositiveTestsPerTruePositiveTest,0.7777777777777778,0.7777777777777778,apy_cho_epi_curve_data.csv,0.0,0.0,1e-12,exact,pass
low_LTBI_1pct,ltbi,350,falsePositiveTreatedPerTruePositiveTreated,0.8571428571428571,0.8571428571428571,apy_cho_epi_curve_data.csv,0.0,0.0,1e-12,exact,pass
low_LTBI_1pct,ltbi,350,falsePositiveTreatedShareAmongCoursesStarted,0.4615384615384615,0.4615384615384615,apy_cho_epi_curve_data.csv,0.0,0.0,1e-12,exact,pass
low_LTBI_1pct,ltbi,350,nActiveBy20y_AfterStrategy_median,3.0,3.0,apy_cho_epi_curve_data.csv,0.0,0.0,1e-12,exact,pass
low_LTBI_1pct,ltbi,350,nActiveBy20y_DoNothing_median,5.0,5.0,apy_cho_epi_curve_data.csv,0.0,0.0,1e-12,exact,pass
low_LTBI_1pct,ltbi,350,nCuredInfection_median,5.0,5.0,apy_cho_epi_curve_data.csv,0.0,0.0,1e-12,exact,pass
low_LTBI_1pct,ltbi,350,nFalsePositiveTestsBCG_median,4.0,4.0,apy_cho_epi_curve_data.csv,0.0,0.0,1e-12,exact,pass
low_LTBI_1pct,ltbi,350,nFalsePositiveTestsNoBCG_median,2.0,2.0,apy_cho_epi_curve_data.csv,0.0,0.0,1e-12,exact,pass
low_LTBI_1pct,ltbi,350,nFalsePositiveTests_median,7.0,7.0,apy_cho_epi_curve_data.csv,0.0,0.0,1e-12,exact,pass
low_LTBI_1pct,ltbi,350,nFalsePositiveTreated_median,6.0,6.0,apy_cho_epi_curve_data.csv,0.0,0.0,1e-12,exact,pass
low_LTBI_1pct,ltbi,350,nIGRApos_median,16.0,16.0,apy_cho_epi_curve_data.csv,0.0,0.0,1e-12,exact,pass
low_LTBI_1pct,ltbi,350,nPreventedActiveTB_median,1.0,1.0,apy_cho_epi_curve_data.csv,0.0,0.0,1e-12,exact,pass
low_LTBI_1pct,ltbi,350,nScreenedBCG_median,238.0,238.0,apy_cho_epi_curve_data.csv,0.0,0.0,1e-12,exact,pass
low_LTBI_1pct,ltbi,350,nScreened_high95,350.0,350.0,apy_cho_epi_curve_data.csv,0.0,0.0,1e-12,exact,pass
low_LTBI_1pct,ltbi,350,nScreened_low95,350.0,350.0,apy_cho_epi_curve_data.csv,0.0,0.0,1e-12,exact,pass
low_LTBI_1pct,ltbi,350,nScreened_median,350.0,350.0,apy_cho_epi_curve_data.csv,0.0,0.0,1e-12,exact,pass
low_LTBI_1pct,ltbi,350,nTestPositiveNonActive_median,16.0,16.0,apy_cho_epi_curve_data.csv,0.0,0.0,1e-12,exact,pass
low_LTBI_1pct,ltbi,350,nTestPositive_median,17.0,17.0,apy_cho_epi_curve_data.csv,0.0,0.0,1e-12,exact,pass
low_LTBI_1pct,ltbi,350,nTotalCoursesCompleted_median,11.0,11.0,apy_cho_epi_curve_data.csv,0.0,0.0,1e-12,exact,pass
low_LTBI_1pct,ltbi,350,nTotalCoursesStarted_median,13.0,13.0,apy_cho_epi_curve_data.csv,0.0,0.0,1e-12,exact,pass
low_LTBI_1pct,ltbi,350,nTruePositiveTests_median,9.0,9.0,apy_cho_epi_curve_data.csv,0.0,0.0,1e-12,exact,pass
low_LTBI_1pct,ltbi,350,nTruePositiveTreated_median,7.0,7.0,apy_cho_epi_curve_data.csv,0.0,0.0,1e-12,exact,pass
low_LTBI_1pct,ltbi,350,relativeReduction20y_median,0.2857142857142857,0.2857142857142857,apy_cho_epi_curve_data.csv,0.0,0.0,1e-12,exact,pass
low_LTBI_1pct,ltbi,350,screenCoverage,0.2333333333333333,0.2333333333333333,apy_cho_epi_curve_data.csv,0.0,0.0,1e-12,exact,pass
low_LTBI_1pct,ltbi,400,NNS_prevent_one_active_TB,400.0,400.0,apy_cho_epi_curve_data.csv,0.0,0.0,1e-12,exact,pass
low_LTBI_1pct,ltbi,400,NNT_completed_prevent_one_active_TB,11.0,11.0,apy_cho_epi_curve_data.csv,0.0,0.0,1e-12,exact,pass
low_LTBI_1pct,ltbi,400,NNT_started_prevent_one_active_TB,14.0,14.0,apy_cho_epi_curve_data.csv,0.0,0.0,1e-12,exact,pass
low_LTBI_1pct,ltbi,400,PPV_trueAmongTestPositive,0.5294117647058824,0.5294117647058824,apy_cho_epi_curve_data.csv,0.0,0.0,1e-12,exact,pass
low_LTBI_1pct,ltbi,400,falsePositiveShareAmongTestPositive,0.4705882352941176,0.4705882352941176,apy_cho_epi_curve_data.csv,0.0,0.0,1e-12,exact,pass
low_LTBI_1pct,ltbi,400,falsePositiveTestsPerTruePositiveTest,0.8888888888888888,0.8888888888888888,apy_cho_epi_curve_data.csv,0.0,0.0,1e-12,exact,pass
low_LTBI_1pct,ltbi,400,falsePositiveTreatedPerTruePositiveTreated,0.75,0.75,apy_cho_epi_curve_data.csv,0.0,0.0,1e-12,exact,pass
low_LTBI_1pct,ltbi,400,falsePositiveTreatedShareAmongCoursesStarted,0.4285714285714285,0.4285714285714285,apy_cho_epi_curve_data.csv,0.0,0.0,1e-12,exact,pass
low_LTBI_1pct,ltbi,400,nActiveBy20y_AfterStrategy_median,3.0,3.0,apy_cho_epi_curve_data.csv,0.0,0.0,1e-12,exact,pass
low_LTBI_1pct,ltbi,400,nActiveBy20y_DoNothing_median,5.0,5.0,apy_cho_epi_curve_data.csv,0.0,0.0,1e-12,exact,pass
low_LTBI_1pct,ltbi,400,nCuredInfection_median,5.0,5.0,apy_cho_epi_curve_data.csv,0.0,0.0,1e-12,exact,pass
low_LTBI_1pct,ltbi,400,nFalsePositiveTestsBCG_median,5.0,5.0,apy_cho_epi_curve_data.csv,0.0,0.0,1e-12,exact,pass
low_LTBI_1pct,ltbi,400,nFalsePositiveTestsNoBCG_median,2.0,2.0,apy_cho_epi_curve_data.csv,0.0,0.0,1e-12,exact,pass
low_LTBI_1pct,ltbi,400,nFalsePositiveTests_median,8.0,8.0,apy_cho_epi_curve_data.csv,0.0,0.0,1e-12,exact,pass
low_LTBI_1pct,ltbi,400,nFalsePositiveTreated_median,6.0,6.0,apy_cho_epi_curve_data.csv,0.0,0.0,1e-12,exact,pass
low_LTBI_1pct,ltbi,400,nIGRApos_median,17.0,17.0,apy_cho_epi_curve_data.csv,0.0,0.0,1e-12,exact,pass
low_LTBI_1pct,ltbi,400,nPreventedActiveTB_median,1.0,1.0,apy_cho_epi_curve_data.csv,0.0,0.0,1e-12,exact,pass
low_LTBI_1pct,ltbi,400,nScreenedBCG_median,272.0,272.0,apy_cho_epi_curve_data.csv,0.0,0.0,1e-12,exact,pass
low_LTBI_1pct,ltbi,400,nScreened_high95,400.0,400.0,apy_cho_epi_curve_data.csv,0.0,0.0,1e-12,exact,pass
low_LTBI_1pct,ltbi,400,nScreened_low95,400.0,400.0,apy_cho_epi_curve_data.csv,0.0,0.0,1e-12,exact,pass
low_LTBI_1pct,ltbi,400,nScreened_median,400.0,400.0,apy_cho_epi_curve_data.csv,0.0,0.0,1e-12,exact,pass
low_LTBI_1pct,ltbi,400,nTestPositiveNonActive_median,17.0,17.0,apy_cho_epi_curve_data.csv,0.0,0.0,1e-12,exact,pass
low_LTBI_1pct,ltbi,400,nTestPositive_median,18.0,18.0,apy_cho_epi_curve_data.csv,0.0,0.0,1e-12,exact,pass
low_LTBI_1pct,ltbi,400,nTotalCoursesCompleted_median,11.0,11.0,apy_cho_epi_curve_data.csv,0.0,0.0,1e-12,exact,pass
low_LTBI_1pct,ltbi,400,nTotalCoursesStarted_median,14.0,14.0,apy_cho_epi_curve_data.csv,0.0,0.0,1e-12,exact,pass
low_LTBI_1pct,ltbi,400,nTruePositiveTests_median,9.0,9.0,apy_cho_epi_curve_data.csv,0.0,0.0,1e-12,exact,pass
low_LTBI_1pct,ltbi,400,nTruePositiveTreated_median,8.0,8.0,apy_cho_epi_curve_data.csv,0.0,0.0,1e-12,exact,pass
low_LTBI_1pct,ltbi,400,relativeReduction20y_median,0.2857142857142857,0.2857142857142857,apy_cho_epi_curve_data.csv,0.0,0.0,1e-12,exact,pass
low_LTBI_1pct,ltbi,400,screenCoverage,0.2666666666666666,0.2666666666666666,apy_cho_epi_curve_data.csv,0.0,0.0,1e-12,exact,pass
low_LTBI_1pct,ltbi,450,NNS_prevent_one_active_TB,450.0,450.0,apy_cho_epi_curve_data.csv,0.0,0.0,1e-12,exact,pass
low_LTBI_1pct,ltbi,450,NNT_completed_prevent_one_active_TB,13.0,13.0,apy_cho_epi_curve_data.csv,0.0,0.0,1e-12,exact,pass
low_LTBI_1pct,ltbi,450,NNT_started_prevent_one_active_TB,16.0,16.0,apy_cho_epi_curve_data.csv,0.0,0.0,1e-12,exact,pass
low_LTBI_1pct,ltbi,450,PPV_trueAmongTestPositive,0.5,0.5,apy_cho_epi_curve_data.csv,0.0,0.0,1e-12,exact,pass
low_LTBI_1pct,ltbi,450,falsePositiveShareAmongTestPositive,0.5,0.5,apy_cho_epi_curve_data.csv,0.0,0.0,1e-12,exact,pass
low_LTBI_1pct,ltbi,450,falsePositiveTestsPerTruePositiveTest,1.0,1.0,apy_cho_epi_curve_data.csv,0.0,0.0,1e-12,exact,pass
low_LTBI_1pct,ltbi,450,falsePositiveTreatedPerTruePositiveTreated,0.7777777777777778,0.7777777777777778,apy_cho_epi_curve_data.csv,0.0,0.0,1e-12,exact,pass
low_LTBI_1pct,ltbi,450,falsePositiveTreatedShareAmongCoursesStarted,0.4375,0.4375,apy_cho_epi_curve_data.csv,0.0,0.0,1e-12,exact,pass
low_LTBI_1pct,ltbi,450,nActiveBy20y_AfterStrategy_median,3.0,3.0,apy_cho_epi_curve_data.csv,0.0,0.0,1e-12,exact,pass
low_LTBI_1pct,ltbi,450,nActiveBy20y_DoNothing_median,5.0,5.0,apy_cho_epi_curve_data.csv,0.0,0.0,1e-12,exact,pass
low_LTBI_1pct,ltbi,450,nCuredInfection_median,5.0,5.0,apy_cho_epi_curve_data.csv,0.0,0.0,1e-12,exact,pass
low_LTBI_1pct,ltbi,450,nFalsePositiveTestsBCG_median,6.0,6.0,apy_cho_epi_curve_data.csv,0.0,0.0,1e-12,exact,pass
low_LTBI_1pct,ltbi,450,nFalsePositiveTestsNoBCG_median,3.0,3.0,apy_cho_epi_curve_data.csv,0.0,0.0,1e-12,exact,pass
low_LTBI_1pct,ltbi,450,nFalsePositiveTests_median,9.0,9.0,apy_cho_epi_curve_data.csv,0.0,0.0,1e-12,exact,pass
low_LTBI_1pct,ltbi,450,nFalsePositiveTreated_median,7.0,7.0,apy_cho_epi_curve_data.csv,0.0,0.0,1e-12,exact,pass
low_LTBI_1pct,ltbi,450,nIGRApos_median,18.0,18.0,apy_cho_epi_curve_data.csv,0.0,0.0,1e-12,exact,pass
low_LTBI_1pct,ltbi,450,nPreventedActiveTB_median,1.0,1.0,apy_cho_epi_curve_data.csv,0.0,0.0,1e-12,exact,pass
low_LTBI_1pct,ltbi,450,nScreenedBCG_median,305.0,305.0,apy_cho_epi_curve_data.csv,0.0,0.0,1e-12,exact,pass
low_LTBI_1pct,ltbi,450,nScreened_high95,450.0,450.0,apy_cho_epi_curve_data.csv,0.0,0.0,1e-12,exact,pass
low_LTBI_1pct,ltbi,450,nScreened_low95,450.0,450.0,apy_cho_epi_curve_data.csv,0.0,0.0,1e-12,exact,pass
low_LTBI_1pct,ltbi,450,nScreened_median,450.0,450.0,apy_cho_epi_curve_data.csv,0.0,0.0,1e-12,exact,pass
low_LTBI_1pct,ltbi,450,nTestPositiveNonActive_median,18.0,18.0,apy_cho_epi_curve_data.csv,0.0,0.0,1e-12,exact,pass
low_LTBI_1pct,ltbi,450,nTestPositive_median,20.0,20.0,apy_cho_epi_curve_data.csv,0.0,0.0,1e-12,exact,pass
low_LTBI_1pct,ltbi,450,nTotalCoursesCompleted_median,13.0,13.0,apy_cho_epi_curve_data.csv,0.0,0.0,1e-12,exact,pass
low_LTBI_1pct,ltbi,450,nTotalCoursesStarted_median,16.0,16.0,apy_cho_epi_curve_data.csv,0.0,0.0,1e-12,exact,pass
low_LTBI_1pct,ltbi,450,nTruePositiveTests_median,9.0,9.0,apy_cho_epi_curve_data.csv,0.0,0.0,1e-12,exact,pass
low_LTBI_1pct,ltbi,450,nTruePositiveTreated_median,9.0,9.0,apy_cho_epi_curve_data.csv,0.0,0.0,1e-12,exact,pass
low_LTBI_1pct,ltbi,450,relativeReduction20y_median,0.3333333333333333,0.3333333333333333,apy_cho_epi_curve_data.csv,0.0,0.0,1e-12,exact,pass
low_LTBI_1pct,ltbi,450,screenCoverage,0.3,0.3,apy_cho_epi_curve_data.csv,0.0,0.0,1e-12,exact,pass
low_LTBI_1pct,ltbi,500,NNS_prevent_one_active_TB,500.0,500.0,apy_cho_epi_curve_data.csv,0.0,0.0,1e-12,exact,pass
low_LTBI_1pct,ltbi,500,NNT_completed_prevent_one_active_TB,13.0,13.0,apy_cho_epi_curve_data.csv,0.0,0.0,1e-12,exact,pass
low_LTBI_1pct,ltbi,500,NNT_started_prevent_one_active_TB,17.0,17.0,apy_cho_epi_curve_data.csv,0.0,0.0,1e-12,exact,pass
low_LTBI_1pct,ltbi,500,PPV_trueAmongTestPositive,0.5,0.5,apy_cho_epi_curve_data.csv,0.0,0.0,1e-12,exact,pass
low_LTBI_1pct,ltbi,500,falsePositiveShareAmongTestPositive,0.5,0.5,apy_cho_epi_curve_data.csv,0.0,0.0,1e-12,exact,pass
low_LTBI_1pct,ltbi,500,falsePositiveTestsPerTruePositiveTest,1.0,1.0,apy_cho_epi_curve_data.csv,0.0,0.0,1e-12,exact,pass
low_LTBI_1pct,ltbi,500,falsePositiveTreatedPerTruePositiveTreated,0.8888888888888888,0.8888888888888888,apy_cho_epi_curve_data.csv,0.0,0.0,1e-12,exact,pass
low_LTBI_1pct,ltbi,500,falsePositiveTreatedShareAmongCoursesStarted,0.4705882352941176,0.4705882352941176,apy_cho_epi_curve_data.csv,0.0,0.0,1e-12,exact,pass
low_LTBI_1pct,ltbi,500,nActiveBy20y_AfterStrategy_median,3.0,3.0,apy_cho_epi_curve_data.csv,0.0,0.0,1e-12,exact,pass
low_LTBI_1pct,ltbi,500,nActiveBy20y_DoNothing_median,5.0,5.0,apy_cho_epi_curve_data.csv,0.0,0.0,1e-12,exact,pass
low_LTBI_1pct,ltbi,500,nCuredInfection_median,6.0,6.0,apy_cho_epi_curve_data.csv,0.0,0.0,1e-12,exact,pass
low_LTBI_1pct,ltbi,500,nFalsePositiveTestsBCG_median,6.0,6.0,apy_cho_epi_curve_data.csv,0.0,0.0,1e-12,exact,pass
low_LTBI_1pct,ltbi,500,nFalsePositiveTestsNoBCG_median,3.0,3.0,apy_cho_epi_curve_data.csv,0.0,0.0,1e-12,exact,pass
low_LTBI_1pct,ltbi,500,nFalsePositiveTests_median,10.0,10.0,apy_cho_epi_curve_data.csv,0.0,0.0,1e-12,exact,pass
low_LTBI_1pct,ltbi,500,nFalsePositiveTreated_median,8.0,8.0,apy_cho_epi_curve_data.csv,0.0,0.0,1e-12,exact,pass
low_LTBI_1pct,ltbi,500,nIGRApos_median,20.0,20.0,apy_cho_epi_curve_data.csv,0.0,0.0,1e-12,exact,pass
low_LTBI_1pct,ltbi,500,nPreventedActiveTB_median,1.0,1.0,apy_cho_epi_curve_data.csv,0.0,0.0,1e-12,exact,pass
low_LTBI_1pct,ltbi,500,nScreenedBCG_median,340.0,340.0,apy_cho_epi_curve_data.csv,0.0,0.0,1e-12,exact,pass
low_LTBI_1pct,ltbi,500,nScreened_high95,500.0,500.0,apy_cho_epi_curve_data.csv,0.0,0.0,1e-12,exact,pass
low_LTBI_1pct,ltbi,500,nScreened_low95,500.0,500.0,apy_cho_epi_curve_data.csv,0.0,0.0,1e-12,exact,pass
low_LTBI_1pct,ltbi,500,nScreened_median,500.0,500.0,apy_cho_epi_curve_data.csv,0.0,0.0,1e-12,exact,pass
low_LTBI_1pct,ltbi,500,nTestPositiveNonActive_median,20.0,20.0,apy_cho_epi_curve_data.csv,0.0,0.0,1e-12,exact,pass
low_LTBI_1pct,ltbi,500,nTestPositive_median,21.0,21.0,apy_cho_epi_curve_data.csv,0.0,0.0,1e-12,exact,pass
low_LTBI_1pct,ltbi,500,nTotalCoursesCompleted_median,13.0,13.0,apy_cho_epi_curve_data.csv,0.0,0.0,1e-12,exact,pass
low_LTBI_1pct,ltbi,500,nTotalCoursesStarted_median,17.0,17.0,apy_cho_epi_curve_data.csv,0.0,0.0,1e-12,exact,pass
low_LTBI_1pct,ltbi,500,nTruePositiveTests_median,10.0,10.0,apy_cho_epi_curve_data.csv,0.0,0.0,1e-12,exact,pass
low_LTBI_1pct,ltbi,500,nTruePositiveTreated_median,9.0,9.0,apy_cho_epi_curve_data.csv,0.0,0.0,1e-12,exact,pass
low_LTBI_1pct,ltbi,500,relativeReduction20y_median,0.3333333333333333,0.3333333333333333,apy_cho_epi_curve_data.csv,0.0,0.0,1e-12,exact,pass
low_LTBI_1pct,ltbi,500,screenCoverage,0.3333333333333333,0.3333333333333333,apy_cho_epi_curve_data.csv,0.0,0.0,1e-12,exact,pass
low_LTBI_1pct,ltbi,600,NNS_prevent_one_active_TB,600.0,600.0,apy_cho_epi_curve_data.csv,0.0,0.0,1e-12,exact,pass
low_LTBI_1pct,ltbi,600,NNT_completed_prevent_one_active_TB,15.0,15.0,apy_cho_epi_curve_data.csv,0.0,0.0,1e-12,exact,pass
low_LTBI_1pct,ltbi,600,NNT_started_prevent_one_active_TB,19.0,19.0,apy_cho_epi_curve_data.csv,0.0,0.0,1e-12,exact,pass
low_LTBI_1pct,ltbi,600,PPV_trueAmongTestPositive,0.5,0.5,apy_cho_epi_curve_data.csv,0.0,0.0,1e-12,exact,pass
low_LTBI_1pct,ltbi,600,falsePositiveShareAmongTestPositive,0.5,0.5,apy_cho_epi_curve_data.csv,0.0,0.0,1e-12,exact,pass
low_LTBI_1pct,ltbi,600,falsePositiveTestsPerTruePositiveTest,1.0,1.0,apy_cho_epi_curve_data.csv,0.0,0.0,1e-12,exact,pass
low_LTBI_1pct,ltbi,600,falsePositiveTreatedPerTruePositiveTreated,1.1111111111111112,1.1111111111111112,apy_cho_epi_curve_data.csv,0.0,0.0,1e-12,exact,pass
low_LTBI_1pct,ltbi,600,falsePositiveTreatedShareAmongCoursesStarted,0.5263157894736842,0.5263157894736842,apy_cho_epi_curve_data.csv,0.0,0.0,1e-12,exact,pass
low_LTBI_1pct,ltbi,600,nActiveBy20y_AfterStrategy_median,3.0,3.0,apy_cho_epi_curve_data.csv,0.0,0.0,1e-12,exact,pass
low_LTBI_1pct,ltbi,600,nActiveBy20y_DoNothing_median,5.0,5.0,apy_cho_epi_curve_data.csv,0.0,0.0,1e-12,exact,pass
low_LTBI_1pct,ltbi,600,nCuredInfection_median,6.0,6.0,apy_cho_epi_curve_data.csv,0.0,0.0,1e-12,exact,pass
low_LTBI_1pct,ltbi,600,nFalsePositiveTestsBCG_median,8.0,8.0,apy_cho_epi_curve_data.csv,0.0,0.0,1e-12,exact,pass
low_LTBI_1pct,ltbi,600,nFalsePositiveTestsNoBCG_median,4.0,4.0,apy_cho_epi_curve_data.csv,0.0,0.0,1e-12,exact,pass
low_LTBI_1pct,ltbi,600,nFalsePositiveTests_median,11.0,11.0,apy_cho_epi_curve_data.csv,0.0,0.0,1e-12,exact,pass
low_LTBI_1pct,ltbi,600,nFalsePositiveTreated_median,10.0,10.0,apy_cho_epi_curve_data.csv,0.0,0.0,1e-12,exact,pass
low_LTBI_1pct,ltbi,600,nIGRApos_median,22.0,22.0,apy_cho_epi_curve_data.csv,0.0,0.0,1e-12,exact,pass
low_LTBI_1pct,ltbi,600,nPreventedActiveTB_median,1.0,1.0,apy_cho_epi_curve_data.csv,0.0,0.0,1e-12,exact,pass
low_LTBI_1pct,ltbi,600,nScreenedBCG_median,408.0,408.0,apy_cho_epi_curve_data.csv,0.0,0.0,1e-12,exact,pass
low_LTBI_1pct,ltbi,600,nScreened_high95,600.0,600.0,apy_cho_epi_curve_data.csv,0.0,0.0,1e-12,exact,pass
low_LTBI_1pct,ltbi,600,nScreened_low95,600.0,600.0,apy_cho_epi_curve_data.csv,0.0,0.0,1e-12,exact,pass
low_LTBI_1pct,ltbi,600,nScreened_median,600.0,600.0,apy_cho_epi_curve_data.csv,0.0,0.0,1e-12,exact,pass
low_LTBI_1pct,ltbi,600,nTestPositiveNonActive_median,22.0,22.0,apy_cho_epi_curve_data.csv,0.0,0.0,1e-12,exact,pass
low_LTBI_1pct,ltbi,600,nTestPositive_median,24.0,24.0,apy_cho_epi_curve_data.csv,0.0,0.0,1e-12,exact,pass
low_LTBI_1pct,ltbi,600,nTotalCoursesCompleted_median,15.0,15.0,apy_cho_epi_curve_data.csv,0.0,0.0,1e-12,exact,pass
low_LTBI_1pct,ltbi,600,nTotalCoursesStarted_median,19.0,19.0,apy_cho_epi_curve_data.csv,0.0,0.0,1e-12,exact,pass
low_LTBI_1pct,ltbi,600,nTruePositiveTests_median,11.0,11.0,apy_cho_epi_curve_data.csv,0.0,0.0,1e-12,exact,pass
low_LTBI_1pct,ltbi,600,nTruePositiveTreated_median,9.0,9.0,apy_cho_epi_curve_data.csv,0.0,0.0,1e-12,exact,pass
low_LTBI_1pct,ltbi,600,relativeReduction20y_median,0.3333333333333333,0.3333333333333333,apy_cho_epi_curve_data.csv,0.0,0.0,1e-12,exact,pass
low_LTBI_1pct,ltbi,600,screenCoverage,0.4,0.4,apy_cho_epi_curve_data.csv,0.0,0.0,1e-12,exact,pass
low_LTBI_1pct,ltbi,700,NNS_prevent_one_active_TB,700.0,700.0,apy_cho_epi_curve_data.csv,0.0,0.0,1e-12,exact,pass
low_LTBI_1pct,ltbi,700,NNT_completed_prevent_one_active_TB,17.0,17.0,apy_cho_epi_curve_data.csv,0.0,0.0,1e-12,exact,pass
low_LTBI_1pct,ltbi,700,NNT_started_prevent_one_active_TB,21.0,21.0,apy_cho_epi_curve_data.csv,0.0,0.0,1e-12,exact,pass
low_LTBI_1pct,ltbi,700,PPV_trueAmongTestPositive,0.44,0.44,apy_cho_epi_curve_data.csv,0.0,0.0,1e-12,exact,pass
low_LTBI_1pct,ltbi,700,falsePositiveShareAmongTestPositive,0.56,0.56,apy_cho_epi_curve_data.csv,0.0,0.0,1e-12,exact,pass
low_LTBI_1pct,ltbi,700,falsePositiveTestsPerTruePositiveTest,1.2727272727272727,1.2727272727272727,apy_cho_epi_curve_data.csv,0.0,0.0,1e-12,exact,pass
low_LTBI_1pct,ltbi,700,falsePositiveTreatedPerTruePositiveTreated,1.1,1.1,apy_cho_epi_curve_data.csv,0.0,0.0,1e-12,exact,pass
low_LTBI_1pct,ltbi,700,falsePositiveTreatedShareAmongCoursesStarted,0.5238095238095238,0.5238095238095238,apy_cho_epi_curve_data.csv,0.0,0.0,1e-12,exact,pass
low_LTBI_1pct,ltbi,700,nActiveBy20y_AfterStrategy_median,3.0,3.0,apy_cho_epi_curve_data.csv,0.0,0.0,1e-12,exact,pass
low_LTBI_1pct,ltbi,700,nActiveBy20y_DoNothing_median,5.0,5.0,apy_cho_epi_curve_data.csv,0.0,0.0,1e-12,exact,pass
low_LTBI_1pct,ltbi,700,nCuredInfection_median,6.0,6.0,apy_cho_epi_curve_data.csv,0.0,0.0,1e-12,exact,pass
low_LTBI_1pct,ltbi,700,nFalsePositiveTestsBCG_median,9.0,9.0,apy_cho_epi_curve_data.csv,0.0,0.0,1e-12,exact,pass
low_LTBI_1pct,ltbi,700,nFalsePositiveTestsNoBCG_median,4.0,4.0,apy_cho_epi_curve_data.csv,0.0,0.0,1e-12,exact,pass
low_LTBI_1pct,ltbi,700,nFalsePositiveTests_median,14.0,14.0,apy_cho_epi_curve_data.csv,0.0,0.0,1e-12,exact,pass
low_LTBI_1pct,ltbi,700,nFalsePositiveTreated_median,11.0,11.0,apy_cho_epi_curve_data.csv,0.0,0.0,1e-12,exact,pass
low_LTBI_1pct,ltbi,700,nIGRApos_median,25.0,25.0,apy_cho_epi_curve_data.csv,0.0,0.0,1e-12,exact,pass
low_LTBI_1pct,ltbi,700,nPreventedActiveTB_median,1.0,1.0,apy_cho_epi_curve_data.csv,0.0,0.0,1e-12,exact,pass
low_LTBI_1pct,ltbi,700,nScreenedBCG_median,475.0,475.0,apy_cho_epi_curve_data.csv,0.0,0.0,1e-12,exact,pass
low_LTBI_1pct,ltbi,700,nScreened_high95,700.0,700.0,apy_cho_epi_curve_data.csv,0.0,0.0,1e-12,exact,pass
low_LTBI_1pct,ltbi,700,nScreened_low95,700.0,700.0,apy_cho_epi_curve_data.csv,0.0,0.0,1e-12,exact,pass
low_LTBI_1pct,ltbi,700,nScreened_median,700.0,700.0,apy_cho_epi_curve_data.csv,0.0,0.0,1e-12,exact,pass
low_LTBI_1pct,ltbi,700,nTestPositiveNonActive_median,25.0,25.0,apy_cho_epi_curve_data.csv,0.0,0.0,1e-12,exact,pass
low_LTBI_1pct,ltbi,700,nTestPositive_median,27.0,27.0,apy_cho_epi_curve_data.csv,0.0,0.0,1e-12,exact,pass
low_LTBI_1pct,ltbi,700,nTotalCoursesCompleted_median,17.0,17.0,apy_cho_epi_curve_data.csv,0.0,0.0,1e-12,exact,pass
low_LTBI_1pct,ltbi,700,nTotalCoursesStarted_median,21.0,21.0,apy_cho_epi_curve_data.csv,0.0,0.0,1e-12,exact,pass
low_LTBI_1pct,ltbi,700,nTruePositiveTests_median,11.0,11.0,apy_cho_epi_curve_data.csv,0.0,0.0,1e-12,exact,pass
low_LTBI_1pct,ltbi,700,nTruePositiveTreated_median,10.0,10.0,apy_cho_epi_curve_data.csv,0.0,0.0,1e-12,exact,pass
low_LTBI_1pct,ltbi,700,relativeReduction20y_median,0.3333333333333333,0.3333333333333333,apy_cho_epi_curve_data.csv,0.0,0.0,1e-12,exact,pass
low_LTBI_1pct,ltbi,700,screenCoverage,0.4666666666666667,0.4666666666666667,apy_cho_epi_curve_data.csv,0.0,0.0,1e-12,exact,pass
low_LTBI_1pct,ltbi,800,NNS_prevent_one_active_TB,400.0,400.0,apy_cho_epi_curve_data.csv,0.0,0.0,1e-12,exact,pass
low_LTBI_1pct,ltbi,800,NNT_completed_prevent_one_active_TB,9.5,9.5,apy_cho_epi_curve_data.csv,0.0,0.0,1e-12,exact,pass
low_LTBI_1pct,ltbi,800,NNT_started_prevent_one_active_TB,11.5,11.5,apy_cho_epi_curve_data.csv,0.0,0.0,1e-12,exact,pass
low_LTBI_1pct,ltbi,800,PPV_trueAmongTestPositive,0.4074074074074074,0.4074074074074074,apy_cho_epi_curve_data.csv,0.0,0.0,1e-12,exact,pass
low_LTBI_1pct,ltbi,800,falsePositiveShareAmongTestPositive,0.5925925925925926,0.5925925925925926,apy_cho_epi_curve_data.csv,0.0,0.0,1e-12,exact,pass
low_LTBI_1pct,ltbi,800,falsePositiveTestsPerTruePositiveTest,1.4545454545454546,1.4545454545454546,apy_cho_epi_curve_data.csv,0.0,0.0,1e-12,exact,pass
low_LTBI_1pct,ltbi,800,falsePositiveTreatedPerTruePositiveTreated,1.3,1.3,apy_cho_epi_curve_data.csv,0.0,0.0,1e-12,exact,pass
low_LTBI_1pct,ltbi,800,falsePositiveTreatedShareAmongCoursesStarted,0.5652173913043478,0.5652173913043478,apy_cho_epi_curve_data.csv,0.0,0.0,1e-12,exact,pass
low_LTBI_1pct,ltbi,800,nActiveBy20y_AfterStrategy_median,3.0,3.0,apy_cho_epi_curve_data.csv,0.0,0.0,1e-12,exact,pass
low_LTBI_1pct,ltbi,800,nActiveBy20y_DoNothing_median,5.0,5.0,apy_cho_epi_curve_data.csv,0.0,0.0,1e-12,exact,pass
low_LTBI_1pct,ltbi,800,nCuredInfection_median,7.0,7.0,apy_cho_epi_curve_data.csv,0.0,0.0,1e-12,exact,pass
low_LTBI_1pct,ltbi,800,nFalsePositiveTestsBCG_median,11.0,11.0,apy_cho_epi_curve_data.csv,0.0,0.0,1e-12,exact,pass
low_LTBI_1pct,ltbi,800,nFalsePositiveTestsNoBCG_median,5.0,5.0,apy_cho_epi_curve_data.csv,0.0,0.0,1e-12,exact,pass
low_LTBI_1pct,ltbi,800,nFalsePositiveTests_median,16.0,16.0,apy_cho_epi_curve_data.csv,0.0,0.0,1e-12,exact,pass
low_LTBI_1pct,ltbi,800,nFalsePositiveTreated_median,13.0,13.0,apy_cho_epi_curve_data.csv,0.0,0.0,1e-12,exact,pass
low_LTBI_1pct,ltbi,800,nIGRApos_median,27.0,27.0,apy_cho_epi_curve_data.csv,0.0,0.0,1e-12,exact,pass
low_LTBI_1pct,ltbi,800,nPreventedActiveTB_median,2.0,2.0,apy_cho_epi_curve_data.csv,0.0,0.0,1e-12,exact,pass
low_LTBI_1pct,ltbi,800,nScreenedBCG_median,544.0,544.0,apy_cho_epi_curve_data.csv,0.0,0.0,1e-12,exact,pass
low_LTBI_1pct,ltbi,800,nScreened_high95,800.0,800.0,apy_cho_epi_curve_data.csv,0.0,0.0,1e-12,exact,pass
low_LTBI_1pct,ltbi,800,nScreened_low95,800.0,800.0,apy_cho_epi_curve_data.csv,0.0,0.0,1e-12,exact,pass
low_LTBI_1pct,ltbi,800,nScreened_median,800.0,800.0,apy_cho_epi_curve_data.csv,0.0,0.0,1e-12,exact,pass
low_LTBI_1pct,ltbi,800,nTestPositiveNonActive_median,27.0,27.0,apy_cho_epi_curve_data.csv,0.0,0.0,1e-12,exact,pass
low_LTBI_1pct,ltbi,800,nTestPositive_median,29.0,29.0,apy_cho_epi_curve_data.csv,0.0,0.0,1e-12,exact,pass
low_LTBI_1pct,ltbi,800,nTotalCoursesCompleted_median,19.0,19.0,apy_cho_epi_curve_data.csv,0.0,0.0,1e-12,exact,pass
low_LTBI_1pct,ltbi,800,nTotalCoursesStarted_median,23.0,23.0,apy_cho_epi_curve_data.csv,0.0,0.0,1e-12,exact,pass
low_LTBI_1pct,ltbi,800,nTruePositiveTests_median,11.0,11.0,apy_cho_epi_curve_data.csv,0.0,0.0,1e-12,exact,pass
low_LTBI_1pct,ltbi,800,nTruePositiveTreated_median,10.0,10.0,apy_cho_epi_curve_data.csv,0.0,0.0,1e-12,exact,pass
low_LTBI_1pct,ltbi,800,relativeReduction20y_median,0.3333333333333333,0.3333333333333333,apy_cho_epi_curve_data.csv,0.0,0.0,1e-12,exact,pass
low_LTBI_1pct,ltbi,800,screenCoverage,0.5333333333333333,0.5333333333333333,apy_cho_epi_curve_data.csv,0.0,0.0,1e-12,exact,pass
low_LTBI_1pct,ltbi,900,NNS_prevent_one_active_TB,450.0,450.0,apy_cho_epi_curve_data.csv,0.0,0.0,1e-12,exact,pass
low_LTBI_1pct,ltbi,900,NNT_completed_prevent_one_active_TB,10.0,10.0,apy_cho_epi_curve_data.csv,0.0,0.0,1e-12,exact,pass
low_LTBI_1pct,ltbi,900,NNT_started_prevent_one_active_TB,12.5,12.5,apy_cho_epi_curve_data.csv,0.0,0.0,1e-12,exact,pass
low_LTBI_1pct,ltbi,900,PPV_trueAmongTestPositive,0.4,0.4,apy_cho_epi_curve_data.csv,0.0,0.0,1e-12,exact,pass
low_LTBI_1pct,ltbi,900,falsePositiveShareAmongTestPositive,0.6,0.6,apy_cho_epi_curve_data.csv,0.0,0.0,1e-12,exact,pass
low_LTBI_1pct,ltbi,900,falsePositiveTestsPerTruePositiveTest,1.5,1.5,apy_cho_epi_curve_data.csv,0.0,0.0,1e-12,exact,pass
low_LTBI_1pct,ltbi,900,falsePositiveTreatedPerTruePositiveTreated,1.5,1.5,apy_cho_epi_curve_data.csv,0.0,0.0,1e-12,exact,pass
low_LTBI_1pct,ltbi,900,falsePositiveTreatedShareAmongCoursesStarted,0.6,0.6,apy_cho_epi_curve_data.csv,0.0,0.0,1e-12,exact,pass
low_LTBI_1pct,ltbi,900,nActiveBy20y_AfterStrategy_median,3.0,3.0,apy_cho_epi_curve_data.csv,0.0,0.0,1e-12,exact,pass
low_LTBI_1pct,ltbi,900,nActiveBy20y_DoNothing_median,5.0,5.0,apy_cho_epi_curve_data.csv,0.0,0.0,1e-12,exact,pass
low_LTBI_1pct,ltbi,900,nCuredInfection_median,7.0,7.0,apy_cho_epi_curve_data.csv,0.0,0.0,1e-12,exact,pass
low_LTBI_1pct,ltbi,900,nFalsePositiveTestsBCG_median,12.0,12.0,apy_cho_epi_curve_data.csv,0.0,0.0,1e-12,exact,pass
low_LTBI_1pct,ltbi,900,nFalsePositiveTestsNoBCG_median,6.0,6.0,apy_cho_epi_curve_data.csv,0.0,0.0,1e-12,exact,pass
low_LTBI_1pct,ltbi,900,nFalsePositiveTests_median,18.0,18.0,apy_cho_epi_curve_data.csv,0.0,0.0,1e-12,exact,pass
low_LTBI_1pct,ltbi,900,nFalsePositiveTreated_median,15.0,15.0,apy_cho_epi_curve_data.csv,0.0,0.0,1e-12,exact,pass
low_LTBI_1pct,ltbi,900,nIGRApos_median,30.0,30.0,apy_cho_epi_curve_data.csv,0.0,0.0,1e-12,exact,pass
low_LTBI_1pct,ltbi,900,nPreventedActiveTB_median,2.0,2.0,apy_cho_epi_curve_data.csv,0.0,0.0,1e-12,exact,pass
low_LTBI_1pct,ltbi,900,nScreenedBCG_median,612.0,612.0,apy_cho_epi_curve_data.csv,0.0,0.0,1e-12,exact,pass
low_LTBI_1pct,ltbi,900,nScreened_high95,900.0,900.0,apy_cho_epi_curve_data.csv,0.0,0.0,1e-12,exact,pass
low_LTBI_1pct,ltbi,900,nScreened_low95,900.0,900.0,apy_cho_epi_curve_data.csv,0.0,0.0,1e-12,exact,pass
low_LTBI_1pct,ltbi,900,nScreened_median,900.0,900.0,apy_cho_epi_curve_data.csv,0.0,0.0,1e-12,exact,pass
low_LTBI_1pct,ltbi,900,nTestPositiveNonActive_median,30.0,30.0,apy_cho_epi_curve_data.csv,0.0,0.0,1e-12,exact,pass
low_LTBI_1pct,ltbi,900,nTestPositive_median,31.0,31.0,apy_cho_epi_curve_data.csv,0.0,0.0,1e-12,exact,pass
low_LTBI_1pct,ltbi,900,nTotalCoursesCompleted_median,20.0,20.0,apy_cho_epi_curve_data.csv,0.0,0.0,1e-12,exact,pass
low_LTBI_1pct,ltbi,900,nTotalCoursesStarted_median,25.0,25.0,apy_cho_epi_curve_data.csv,0.0,0.0,1e-12,exact,pass
low_LTBI_1pct,ltbi,900,nTruePositiveTests_median,12.0,12.0,apy_cho_epi_curve_data.csv,0.0,0.0,1e-12,exact,pass
low_LTBI_1pct,ltbi,900,nTruePositiveTreated_median,10.0,10.0,apy_cho_epi_curve_data.csv,0.0,0.0,1e-12,exact,pass
low_LTBI_1pct,ltbi,900,relativeReduction20y_median,0.3333333333333333,0.3333333333333333,apy_cho_epi_curve_data.csv,0.0,0.0,1e-12,exact,pass
low_LTBI_1pct,ltbi,900,screenCoverage,0.6,0.6,apy_cho_epi_curve_data.csv,0.0,0.0,1e-12,exact,pass
low_LTBI_1pct,ltbi,1000,NNS_prevent_one_active_TB,1000.0,1000.0,apy_cho_epi_curve_data.csv,0.0,0.0,1e-12,exact,pass
low_LTBI_1pct,ltbi,1000,NNT_completed_prevent_one_active_TB,22.0,22.0,apy_cho_epi_curve_data.csv,0.0,0.0,1e-12,exact,pass
low_LTBI_1pct,ltbi,1000,NNT_started_prevent_one_active_TB,27.0,27.0,apy_cho_epi_curve_data.csv,0.0,0.0,1e-12,exact,pass
low_LTBI_1pct,ltbi,1000,PPV_trueAmongTestPositive,0.40625,0.40625,apy_cho_epi_curve_data.csv,0.0,0.0,1e-12,exact,pass
low_LTBI_1pct,ltbi,1000,falsePositiveShareAmongTestPositive,0.59375,0.59375,apy_cho_epi_curve_data.csv,0.0,0.0,1e-12,exact,pass
low_LTBI_1pct,ltbi,1000,falsePositiveTestsPerTruePositiveTest,1.4615384615384617,1.4615384615384617,apy_cho_epi_curve_data.csv,0.0,0.0,1e-12,exact,pass
low_LTBI_1pct,ltbi,1000,falsePositiveTreatedPerTruePositiveTreated,1.7,1.7,apy_cho_epi_curve_data.csv,0.0,0.0,1e-12,exact,pass
low_LTBI_1pct,ltbi,1000,falsePositiveTreatedShareAmongCoursesStarted,0.6296296296296297,0.6296296296296297,apy_cho_epi_curve_data.csv,0.0,0.0,1e-12,exact,pass
low_LTBI_1pct,ltbi,1000,nActiveBy20y_AfterStrategy_median,3.0,3.0,apy_cho_epi_curve_data.csv,0.0,0.0,1e-12,exact,pass
low_LTBI_1pct,ltbi,1000,nActiveBy20y_DoNothing_median,5.0,5.0,apy_cho_epi_curve_data.csv,0.0,0.0,1e-12,exact,pass
low_LTBI_1pct,ltbi,1000,nCuredInfection_median,7.0,7.0,apy_cho_epi_curve_data.csv,0.0,0.0,1e-12,exact,pass
low_LTBI_1pct,ltbi,1000,nFalsePositiveTestsBCG_median,13.0,13.0,apy_cho_epi_curve_data.csv,0.0,0.0,1e-12,exact,pass
low_LTBI_1pct,ltbi,1000,nFalsePositiveTestsNoBCG_median,6.0,6.0,apy_cho_epi_curve_data.csv,0.0,0.0,1e-12,exact,pass
low_LTBI_1pct,ltbi,1000,nFalsePositiveTests_median,19.0,19.0,apy_cho_epi_curve_data.csv,0.0,0.0,1e-12,exact,pass
low_LTBI_1pct,ltbi,1000,nFalsePositiveTreated_median,17.0,17.0,apy_cho_epi_curve_data.csv,0.0,0.0,1e-12,exact,pass
low_LTBI_1pct,ltbi,1000,nIGRApos_median,32.0,32.0,apy_cho_epi_curve_data.csv,0.0,0.0,1e-12,exact,pass
low_LTBI_1pct,ltbi,1000,nPreventedActiveTB_median,1.0,1.0,apy_cho_epi_curve_data.csv,0.0,0.0,1e-12,exact,pass
low_LTBI_1pct,ltbi,1000,nScreenedBCG_median,680.0,680.0,apy_cho_epi_curve_data.csv,0.0,0.0,1e-12,exact,pass
low_LTBI_1pct,ltbi,1000,nScreened_high95,1000.0,1000.0,apy_cho_epi_curve_data.csv,0.0,0.0,1e-12,exact,pass
low_LTBI_1pct,ltbi,1000,nScreened_low95,1000.0,1000.0,apy_cho_epi_curve_data.csv,0.0,0.0,1e-12,exact,pass
low_LTBI_1pct,ltbi,1000,nScreened_median,1000.0,1000.0,apy_cho_epi_curve_data.csv,0.0,0.0,1e-12,exact,pass
low_LTBI_1pct,ltbi,1000,nTestPositiveNonActive_median,32.0,32.0,apy_cho_epi_curve_data.csv,0.0,0.0,1e-12,exact,pass
low_LTBI_1pct,ltbi,1000,nTestPositive_median,33.0,33.0,apy_cho_epi_curve_data.csv,0.0,0.0,1e-12,exact,pass
low_LTBI_1pct,ltbi,1000,nTotalCoursesCompleted_median,22.0,22.0,apy_cho_epi_curve_data.csv,0.0,0.0,1e-12,exact,pass
low_LTBI_1pct,ltbi,1000,nTotalCoursesStarted_median,27.0,27.0,apy_cho_epi_curve_data.csv,0.0,0.0,1e-12,exact,pass
low_LTBI_1pct,ltbi,1000,nTruePositiveTests_median,13.0,13.0,apy_cho_epi_curve_data.csv,0.0,0.0,1e-12,exact,pass
low_LTBI_1pct,ltbi,1000,nTruePositiveTreated_median,10.0,10.0,apy_cho_epi_curve_data.csv,0.0,0.0,1e-12,exact,pass
low_LTBI_1pct,ltbi,1000,relativeReduction20y_median,0.3333333333333333,0.3333333333333333,apy_cho_epi_curve_data.csv,0.0,0.0,1e-12,exact,pass
low_LTBI_1pct,ltbi,1000,screenCoverage,0.6666666666666666,0.6666666666666666,apy_cho_epi_curve_data.csv,0.0,0.0,1e-12,exact,pass
low_LTBI_1pct,ltbi,1100,NNS_prevent_one_active_TB,550.0,550.0,apy_cho_epi_curve_data.csv,0.0,0.0,1e-12,exact,pass
low_LTBI_1pct,ltbi,1100,NNT_completed_prevent_one_active_TB,11.5,11.5,apy_cho_epi_curve_data.csv,0.0,0.0,1e-12,exact,pass
low_LTBI_1pct,ltbi,1100,NNT_started_prevent_one_active_TB,14.5,14.5,apy_cho_epi_curve_data.csv,0.0,0.0,1e-12,exact,pass
low_LTBI_1pct,ltbi,1100,PPV_trueAmongTestPositive,0.3529411764705882,0.3529411764705882,apy_cho_epi_curve_data.csv,0.0,0.0,1e-12,exact,pass
low_LTBI_1pct,ltbi,1100,falsePositiveShareAmongTestPositive,0.6470588235294118,0.6470588235294118,apy_cho_epi_curve_data.csv,0.0,0.0,1e-12,exact,pass
low_LTBI_1pct,ltbi,1100,falsePositiveTestsPerTruePositiveTest,1.8333333333333333,1.8333333333333333,apy_cho_epi_curve_data.csv,0.0,0.0,1e-12,exact,pass
low_LTBI_1pct,ltbi,1100,falsePositiveTreatedPerTruePositiveTreated,1.6363636363636365,1.6363636363636365,apy_cho_epi_curve_data.csv,0.0,0.0,1e-12,exact,pass
low_LTBI_1pct,ltbi,1100,falsePositiveTreatedShareAmongCoursesStarted,0.6206896551724138,0.6206896551724138,apy_cho_epi_curve_data.csv,0.0,0.0,1e-12,exact,pass
low_LTBI_1pct,ltbi,1100,nActiveBy20y_AfterStrategy_median,3.0,3.0,apy_cho_epi_curve_data.csv,0.0,0.0,1e-12,exact,pass
low_LTBI_1pct,ltbi,1100,nActiveBy20y_DoNothing_median,5.0,5.0,apy_cho_epi_curve_data.csv,0.0,0.0,1e-12,exact,pass
low_LTBI_1pct,ltbi,1100,nCuredInfection_median,7.0,7.0,apy_cho_epi_curve_data.csv,0.0,0.0,1e-12,exact,pass
low_LTBI_1pct,ltbi,1100,nFalsePositiveTestsBCG_median,15.0,15.0,apy_cho_epi_curve_data.csv,0.0,0.0,1e-12,exact,pass
low_LTBI_1pct,ltbi,1100,nFalsePositiveTestsNoBCG_median,7.0,7.0,apy_cho_epi_curve_data.csv,0.0,0.0,1e-12,exact,pass
low_LTBI_1pct,ltbi,1100,nFalsePositiveTests_median,22.0,22.0,apy_cho_epi_curve_data.csv,0.0,0.0,1e-12,exact,pass
low_LTBI_1pct,ltbi,1100,nFalsePositiveTreated_median,18.0,18.0,apy_cho_epi_curve_data.csv,0.0,0.0,1e-12,exact,pass
low_LTBI_1pct,ltbi,1100,nIGRApos_median,34.0,34.0,apy_cho_epi_curve_data.csv,0.0,0.0,1e-12,exact,pass
low_LTBI_1pct,ltbi,1100,nPreventedActiveTB_median,2.0,2.0,apy_cho_epi_curve_data.csv,0.0,0.0,1e-12,exact,pass
low_LTBI_1pct,ltbi,1100,nScreenedBCG_median,748.0,748.0,apy_cho_epi_curve_data.csv,0.0,0.0,1e-12,exact,pass
low_LTBI_1pct,ltbi,1100,nScreened_high95,1100.0,1100.0,apy_cho_epi_curve_data.csv,0.0,0.0,1e-12,exact,pass
low_LTBI_1pct,ltbi,1100,nScreened_low95,1100.0,1100.0,apy_cho_epi_curve_data.csv,0.0,0.0,1e-12,exact,pass
low_LTBI_1pct,ltbi,1100,nScreened_median,1100.0,1100.0,apy_cho_epi_curve_data.csv,0.0,0.0,1e-12,exact,pass
low_LTBI_1pct,ltbi,1100,nTestPositiveNonActive_median,34.0,34.0,apy_cho_epi_curve_data.csv,0.0,0.0,1e-12,exact,pass
low_LTBI_1pct,ltbi,1100,nTestPositive_median,35.0,35.0,apy_cho_epi_curve_data.csv,0.0,0.0,1e-12,exact,pass
low_LTBI_1pct,ltbi,1100,nTotalCoursesCompleted_median,23.0,23.0,apy_cho_epi_curve_data.csv,0.0,0.0,1e-12,exact,pass
low_LTBI_1pct,ltbi,1100,nTotalCoursesStarted_median,29.0,29.0,apy_cho_epi_curve_data.csv,0.0,0.0,1e-12,exact,pass
low_LTBI_1pct,ltbi,1100,nTruePositiveTests_median,12.0,12.0,apy_cho_epi_curve_data.csv,0.0,0.0,1e-12,exact,pass
low_LTBI_1pct,ltbi,1100,nTruePositiveTreated_median,11.0,11.0,apy_cho_epi_curve_data.csv,0.0,0.0,1e-12,exact,pass
low_LTBI_1pct,ltbi,1100,relativeReduction20y_median,0.3333333333333333,0.3333333333333333,apy_cho_epi_curve_data.csv,0.0,0.0,1e-12,exact,pass
low_LTBI_1pct,ltbi,1100,screenCoverage,0.7333333333333333,0.7333333333333333,apy_cho_epi_curve_data.csv,0.0,0.0,1e-12,exact,pass
low_LTBI_1pct,ltbi,1200,NNS_prevent_one_active_TB,600.0,600.0,apy_cho_epi_curve_data.csv,0.0,0.0,1e-12,exact,pass
low_LTBI_1pct,ltbi,1200,NNT_completed_prevent_one_active_TB,12.25,12.25,apy_cho_epi_curve_data.csv,0.0,0.0,1e-12,exact,pass
low_LTBI_1pct,ltbi,1200,NNT_started_prevent_one_active_TB,15.5,15.5,apy_cho_epi_curve_data.csv,0.0,0.0,1e-12,exact,pass
low_LTBI_1pct,ltbi,1200,PPV_trueAmongTestPositive,0.3611111111111111,0.3611111111111111,apy_cho_epi_curve_data.csv,0.0,0.0,1e-12,exact,pass
low_LTBI_1pct,ltbi,1200,falsePositiveShareAmongTestPositive,0.6388888888888888,0.6388888888888888,apy_cho_epi_curve_data.csv,0.0,0.0,1e-12,exact,pass
low_LTBI_1pct,ltbi,1200,falsePositiveTestsPerTruePositiveTest,1.7692307692307692,1.7692307692307692,apy_cho_epi_curve_data.csv,0.0,0.0,1e-12,exact,pass
low_LTBI_1pct,ltbi,1200,falsePositiveTreatedPerTruePositiveTreated,1.818181818181818,1.818181818181818,apy_cho_epi_curve_data.csv,0.0,0.0,1e-12,exact,pass
low_LTBI_1pct,ltbi,1200,falsePositiveTreatedShareAmongCoursesStarted,0.6451612903225806,0.6451612903225806,apy_cho_epi_curve_data.csv,0.0,0.0,1e-12,exact,pass
low_LTBI_1pct,ltbi,1200,nActiveBy20y_AfterStrategy_median,3.0,3.0,apy_cho_epi_curve_data.csv,0.0,0.0,1e-12,exact,pass
low_LTBI_1pct,ltbi,1200,nActiveBy20y_DoNothing_median,5.0,5.0,apy_cho_epi_curve_data.csv,0.0,0.0,1e-12,exact,pass
low_LTBI_1pct,ltbi,1200,nCuredInfection_median,7.0,7.0,apy_cho_epi_curve_data.csv,0.0,0.0,1e-12,exact,pass
low_LTBI_1pct,ltbi,1200,nFalsePositiveTestsBCG_median,16.0,16.0,apy_cho_epi_curve_data.csv,0.0,0.0,1e-12,exact,pass
low_LTBI_1pct,ltbi,1200,nFalsePositiveTestsNoBCG_median,7.0,7.0,apy_cho_epi_curve_data.csv,0.0,0.0,1e-12,exact,pass
low_LTBI_1pct,ltbi,1200,nFalsePositiveTests_median,23.0,23.0,apy_cho_epi_curve_data.csv,0.0,0.0,1e-12,exact,pass
low_LTBI_1pct,ltbi,1200,nFalsePositiveTreated_median,20.0,20.0,apy_cho_epi_curve_data.csv,0.0,0.0,1e-12,exact,pass
low_LTBI_1pct,ltbi,1200,nIGRApos_median,36.0,36.0,apy_cho_epi_curve_data.csv,0.0,0.0,1e-12,exact,pass
low_LTBI_1pct,ltbi,1200,nPreventedActiveTB_median,2.0,2.0,apy_cho_epi_curve_data.csv,0.0,0.0,1e-12,exact,pass
low_LTBI_1pct,ltbi,1200,nScreenedBCG_median,816.0,816.0,apy_cho_epi_curve_data.csv,0.0,0.0,1e-12,exact,pass
low_LTBI_1pct,ltbi,1200,nScreened_high95,1200.0,1200.0,apy_cho_epi_curve_data.csv,0.0,0.0,1e-12,exact,pass
low_LTBI_1pct,ltbi,1200,nScreened_low95,1200.0,1200.0,apy_cho_epi_curve_data.csv,0.0,0.0,1e-12,exact,pass
low_LTBI_1pct,ltbi,1200,nScreened_median,1200.0,1200.0,apy_cho_epi_curve_data.csv,0.0,0.0,1e-12,exact,pass
low_LTBI_1pct,ltbi,1200,nTestPositiveNonActive_median,36.0,36.0,apy_cho_epi_curve_data.csv,0.0,0.0,1e-12,exact,pass
low_LTBI_1pct,ltbi,1200,nTestPositive_median,38.0,38.0,apy_cho_epi_curve_data.csv,0.0,0.0,1e-12,exact,pass
low_LTBI_1pct,ltbi,1200,nTotalCoursesCompleted_median,24.5,24.5,apy_cho_epi_curve_data.csv,0.0,0.0,1e-12,exact,pass
low_LTBI_1pct,ltbi,1200,nTotalCoursesStarted_median,31.0,31.0,apy_cho_epi_curve_data.csv,0.0,0.0,1e-12,exact,pass
low_LTBI_1pct,ltbi,1200,nTruePositiveTests_median,13.0,13.0,apy_cho_epi_curve_data.csv,0.0,0.0,1e-12,exact,pass
low_LTBI_1pct,ltbi,1200,nTruePositiveTreated_median,11.0,11.0,apy_cho_epi_curve_data.csv,0.0,0.0,1e-12,exact,pass
low_LTBI_1pct,ltbi,1200,relativeReduction20y_median,0.3333333333333333,0.3333333333333333,apy_cho_epi_curve_data.csv,0.0,0.0,1e-12,exact,pass
low_LTBI_1pct,ltbi,1200,screenCoverage,0.8,0.8,apy_cho_epi_curve_data.csv,0.0,0.0,1e-12,exact,pass
low_LTBI_1pct,ltbi,1300,NNS_prevent_one_active_TB,650.0,650.0,apy_cho_epi_curve_data.csv,0.0,0.0,1e-12,exact,pass
low_LTBI_1pct,ltbi,1300,NNT_completed_prevent_one_active_TB,13.0,13.0,apy_cho_epi_curve_data.csv,0.0,0.0,1e-12,exact,pass
low_LTBI_1pct,ltbi,1300,NNT_started_prevent_one_active_TB,16.5,16.5,apy_cho_epi_curve_data.csv,0.0,0.0,1e-12,exact,pass
low_LTBI_1pct,ltbi,1300,PPV_trueAmongTestPositive,0.3421052631578947,0.3421052631578947,apy_cho_epi_curve_data.csv,0.0,0.0,1e-12,exact,pass
low_LTBI_1pct,ltbi,1300,falsePositiveShareAmongTestPositive,0.6578947368421053,0.6578947368421053,apy_cho_epi_curve_data.csv,0.0,0.0,1e-12,exact,pass
low_LTBI_1pct,ltbi,1300,falsePositiveTestsPerTruePositiveTest,1.9230769230769231,1.9230769230769231,apy_cho_epi_curve_data.csv,0.0,0.0,1e-12,exact,pass
low_LTBI_1pct,ltbi,1300,falsePositiveTreatedPerTruePositiveTreated,2.0,2.0,apy_cho_epi_curve_data.csv,0.0,0.0,1e-12,exact,pass
low_LTBI_1pct,ltbi,1300,falsePositiveTreatedShareAmongCoursesStarted,0.6666666666666666,0.6666666666666666,apy_cho_epi_curve_data.csv,0.0,0.0,1e-12,exact,pass
low_LTBI_1pct,ltbi,1300,nActiveBy20y_AfterStrategy_median,3.0,3.0,apy_cho_epi_curve_data.csv,0.0,0.0,1e-12,exact,pass
low_LTBI_1pct,ltbi,1300,nActiveBy20y_DoNothing_median,5.0,5.0,apy_cho_epi_curve_data.csv,0.0,0.0,1e-12,exact,pass
low_LTBI_1pct,ltbi,1300,nCuredInfection_median,7.0,7.0,apy_cho_epi_curve_data.csv,0.0,0.0,1e-12,exact,pass
low_LTBI_1pct,ltbi,1300,nFalsePositiveTestsBCG_median,17.0,17.0,apy_cho_epi_curve_data.csv,0.0,0.0,1e-12,exact,pass
low_LTBI_1pct,ltbi,1300,nFalsePositiveTestsNoBCG_median,8.0,8.0,apy_cho_epi_curve_data.csv,0.0,0.0,1e-12,exact,pass
low_LTBI_1pct,ltbi,1300,nFalsePositiveTests_median,25.0,25.0,apy_cho_epi_curve_data.csv,0.0,0.0,1e-12,exact,pass
low_LTBI_1pct,ltbi,1300,nFalsePositiveTreated_median,22.0,22.0,apy_cho_epi_curve_data.csv,0.0,0.0,1e-12,exact,pass
low_LTBI_1pct,ltbi,1300,nIGRApos_median,38.0,38.0,apy_cho_epi_curve_data.csv,0.0,0.0,1e-12,exact,pass
low_LTBI_1pct,ltbi,1300,nPreventedActiveTB_median,2.0,2.0,apy_cho_epi_curve_data.csv,0.0,0.0,1e-12,exact,pass
low_LTBI_1pct,ltbi,1300,nScreenedBCG_median,883.0,883.0,apy_cho_epi_curve_data.csv,0.0,0.0,1e-12,exact,pass
low_LTBI_1pct,ltbi,1300,nScreened_high95,1300.0,1300.0,apy_cho_epi_curve_data.csv,0.0,0.0,1e-12,exact,pass
low_LTBI_1pct,ltbi,1300,nScreened_low95,1300.0,1300.0,apy_cho_epi_curve_data.csv,0.0,0.0,1e-12,exact,pass
low_LTBI_1pct,ltbi,1300,nScreened_median,1300.0,1300.0,apy_cho_epi_curve_data.csv,0.0,0.0,1e-12,exact,pass
low_LTBI_1pct,ltbi,1300,nTestPositiveNonActive_median,38.0,38.0,apy_cho_epi_curve_data.csv,0.0,0.0,1e-12,exact,pass
low_LTBI_1pct,ltbi,1300,nTestPositive_median,40.0,40.0,apy_cho_epi_curve_data.csv,0.0,0.0,1e-12,exact,pass
low_LTBI_1pct,ltbi,1300,nTotalCoursesCompleted_median,26.0,26.0,apy_cho_epi_curve_data.csv,0.0,0.0,1e-12,exact,pass
low_LTBI_1pct,ltbi,1300,nTotalCoursesStarted_median,33.0,33.0,apy_cho_epi_curve_data.csv,0.0,0.0,1e-12,exact,pass
low_LTBI_1pct,ltbi,1300,nTruePositiveTests_median,13.0,13.0,apy_cho_epi_curve_data.csv,0.0,0.0,1e-12,exact,pass
low_LTBI_1pct,ltbi,1300,nTruePositiveTreated_median,11.0,11.0,apy_cho_epi_curve_data.csv,0.0,0.0,1e-12,exact,pass
low_LTBI_1pct,ltbi,1300,relativeReduction20y_median,0.3333333333333333,0.3333333333333333,apy_cho_epi_curve_data.csv,0.0,0.0,1e-12,exact,pass
low_LTBI_1pct,ltbi,1300,screenCoverage,0.8666666666666667,0.8666666666666667,apy_cho_epi_curve_data.csv,0.0,0.0,1e-12,exact,pass
low_LTBI_1pct,ltbi,1400,NNS_prevent_one_active_TB,700.0,700.0,apy_cho_epi_curve_data.csv,0.0,0.0,1e-12,exact,pass
low_LTBI_1pct,ltbi,1400,NNT_completed_prevent_one_active_TB,13.5,13.5,apy_cho_epi_curve_data.csv,0.0,0.0,1e-12,exact,pass
low_LTBI_1pct,ltbi,1400,NNT_started_prevent_one_active_TB,17.0,17.0,apy_cho_epi_curve_data.csv,0.0,0.0,1e-12,exact,pass
low_LTBI_1pct,ltbi,1400,PPV_trueAmongTestPositive,0.3,0.3,apy_cho_epi_curve_data.csv,0.0,0.0,1e-12,exact,pass
low_LTBI_1pct,ltbi,1400,falsePositiveShareAmongTestPositive,0.7,0.7,apy_cho_epi_curve_data.csv,0.0,0.0,1e-12,exact,pass
low_LTBI_1pct,ltbi,1400,falsePositiveTestsPerTruePositiveTest,2.333333333333333,2.333333333333333,apy_cho_epi_curve_data.csv,0.0,0.0,1e-12,exact,pass
low_LTBI_1pct,ltbi,1400,falsePositiveTreatedPerTruePositiveTreated,2.090909090909091,2.090909090909091,apy_cho_epi_curve_data.csv,0.0,0.0,1e-12,exact,pass
low_LTBI_1pct,ltbi,1400,falsePositiveTreatedShareAmongCoursesStarted,0.6764705882352942,0.6764705882352942,apy_cho_epi_curve_data.csv,0.0,0.0,1e-12,exact,pass
low_LTBI_1pct,ltbi,1400,nActiveBy20y_AfterStrategy_median,3.0,3.0,apy_cho_epi_curve_data.csv,0.0,0.0,1e-12,exact,pass
low_LTBI_1pct,ltbi,1400,nActiveBy20y_DoNothing_median,5.0,5.0,apy_cho_epi_curve_data.csv,0.0,0.0,1e-12,exact,pass
low_LTBI_1pct,ltbi,1400,nCuredInfection_median,7.0,7.0,apy_cho_epi_curve_data.csv,0.0,0.0,1e-12,exact,pass
low_LTBI_1pct,ltbi,1400,nFalsePositiveTestsBCG_median,19.0,19.0,apy_cho_epi_curve_data.csv,0.0,0.0,1e-12,exact,pass
low_LTBI_1pct,ltbi,1400,nFalsePositiveTestsNoBCG_median,9.0,9.0,apy_cho_epi_curve_data.csv,0.0,0.0,1e-12,exact,pass
low_LTBI_1pct,ltbi,1400,nFalsePositiveTests_median,28.0,28.0,apy_cho_epi_curve_data.csv,0.0,0.0,1e-12,exact,pass
low_LTBI_1pct,ltbi,1400,nFalsePositiveTreated_median,23.0,23.0,apy_cho_epi_curve_data.csv,0.0,0.0,1e-12,exact,pass
low_LTBI_1pct,ltbi,1400,nIGRApos_median,40.0,40.0,apy_cho_epi_curve_data.csv,0.0,0.0,1e-12,exact,pass
low_LTBI_1pct,ltbi,1400,nPreventedActiveTB_median,2.0,2.0,apy_cho_epi_curve_data.csv,0.0,0.0,1e-12,exact,pass
low_LTBI_1pct,ltbi,1400,nScreenedBCG_median,951.0,951.0,apy_cho_epi_curve_data.csv,0.0,0.0,1e-12,exact,pass
low_LTBI_1pct,ltbi,1400,nScreened_high95,1400.0,1400.0,apy_cho_epi_curve_data.csv,0.0,0.0,1e-12,exact,pass
low_LTBI_1pct,ltbi,1400,nScreened_low95,1400.0,1400.0,apy_cho_epi_curve_data.csv,0.0,0.0,1e-12,exact,pass
low_LTBI_1pct,ltbi,1400,nScreened_median,1400.0,1400.0,apy_cho_epi_curve_data.csv,0.0,0.0,1e-12,exact,pass
low_LTBI_1pct,ltbi,1400,nTestPositiveNonActive_median,40.0,40.0,apy_cho_epi_curve_data.csv,0.0,0.0,1e-12,exact,pass
low_LTBI_1pct,ltbi,1400,nTestPositive_median,42.0,42.0,apy_cho_epi_curve_data.csv,0.0,0.0,1e-12,exact,pass
low_LTBI_1pct,ltbi,1400,nTotalCoursesCompleted_median,27.0,27.0,apy_cho_epi_curve_data.csv,0.0,0.0,1e-12,exact,pass
low_LTBI_1pct,ltbi,1400,nTotalCoursesStarted_median,34.0,34.0,apy_cho_epi_curve_data.csv,0.0,0.0,1e-12,exact,pass
low_LTBI_1pct,ltbi,1400,nTruePositiveTests_median,12.0,12.0,apy_cho_epi_curve_data.csv,0.0,0.0,1e-12,exact,pass
low_LTBI_1pct,ltbi,1400,nTruePositiveTreated_median,11.0,11.0,apy_cho_epi_curve_data.csv,0.0,0.0,1e-12,exact,pass
low_LTBI_1pct,ltbi,1400,relativeReduction20y_median,0.3333333333333333,0.3333333333333333,apy_cho_epi_curve_data.csv,0.0,0.0,1e-12,exact,pass
low_LTBI_1pct,ltbi,1400,screenCoverage,0.9333333333333332,0.9333333333333332,apy_cho_epi_curve_data.csv,0.0,0.0,1e-12,exact,pass
low_LTBI_1pct,ltbi,1500,NNS_prevent_one_active_TB,750.0,750.0,apy_cho_epi_curve_data.csv,0.0,0.0,1e-12,exact,pass
low_LTBI_1pct,ltbi,1500,NNT_completed_prevent_one_active_TB,14.5,14.5,apy_cho_epi_curve_data.csv,0.0,0.0,1e-12,exact,pass
low_LTBI_1pct,ltbi,1500,NNT_started_prevent_one_active_TB,18.0,18.0,apy_cho_epi_curve_data.csv,0.0,0.0,1e-12,exact,pass
low_LTBI_1pct,ltbi,1500,PPV_trueAmongTestPositive,0.2857142857142857,0.2857142857142857,apy_cho_epi_curve_data.csv,0.0,0.0,1e-12,exact,pass
low_LTBI_1pct,ltbi,1500,falsePositiveShareAmongTestPositive,0.7142857142857143,0.7142857142857143,apy_cho_epi_curve_data.csv,0.0,0.0,1e-12,exact,pass
low_LTBI_1pct,ltbi,1500,falsePositiveTestsPerTruePositiveTest,2.5,2.5,apy_cho_epi_curve_data.csv,0.0,0.0,1e-12,exact,pass
low_LTBI_1pct,ltbi,1500,falsePositiveTreatedPerTruePositiveTreated,2.272727272727273,2.272727272727273,apy_cho_epi_curve_data.csv,0.0,0.0,1e-12,exact,pass
low_LTBI_1pct,ltbi,1500,falsePositiveTreatedShareAmongCoursesStarted,0.6944444444444444,0.6944444444444444,apy_cho_epi_curve_data.csv,0.0,0.0,1e-12,exact,pass
low_LTBI_1pct,ltbi,1500,nActiveBy20y_AfterStrategy_median,3.0,3.0,apy_cho_epi_curve_data.csv,0.0,0.0,1e-12,exact,pass
low_LTBI_1pct,ltbi,1500,nActiveBy20y_DoNothing_median,5.0,5.0,apy_cho_epi_curve_data.csv,0.0,0.0,1e-12,exact,pass
low_LTBI_1pct,ltbi,1500,nCuredInfection_median,7.0,7.0,apy_cho_epi_curve_data.csv,0.0,0.0,1e-12,exact,pass
low_LTBI_1pct,ltbi,1500,nFalsePositiveTestsBCG_median,20.0,20.0,apy_cho_epi_curve_data.csv,0.0,0.0,1e-12,exact,pass
low_LTBI_1pct,ltbi,1500,nFalsePositiveTestsNoBCG_median,9.0,9.0,apy_cho_epi_curve_data.csv,0.0,0.0,1e-12,exact,pass
low_LTBI_1pct,ltbi,1500,nFalsePositiveTests_median,30.0,30.0,apy_cho_epi_curve_data.csv,0.0,0.0,1e-12,exact,pass
low_LTBI_1pct,ltbi,1500,nFalsePositiveTreated_median,25.0,25.0,apy_cho_epi_curve_data.csv,0.0,0.0,1e-12,exact,pass
low_LTBI_1pct,ltbi,1500,nIGRApos_median,42.0,42.0,apy_cho_epi_curve_data.csv,0.0,0.0,1e-12,exact,pass
low_LTBI_1pct,ltbi,1500,nPreventedActiveTB_median,2.0,2.0,apy_cho_epi_curve_data.csv,0.0,0.0,1e-12,exact,pass
low_LTBI_1pct,ltbi,1500,nScreenedBCG_median,1019.0,1019.0,apy_cho_epi_curve_data.csv,0.0,0.0,1e-12,exact,pass
low_LTBI_1pct,ltbi,1500,nScreened_high95,1500.0,1500.0,apy_cho_epi_curve_data.csv,0.0,0.0,1e-12,exact,pass
low_LTBI_1pct,ltbi,1500,nScreened_low95,1500.0,1500.0,apy_cho_epi_curve_data.csv,0.0,0.0,1e-12,exact,pass
low_LTBI_1pct,ltbi,1500,nScreened_median,1500.0,1500.0,apy_cho_epi_curve_data.csv,0.0,0.0,1e-12,exact,pass
low_LTBI_1pct,ltbi,1500,nTestPositiveNonActive_median,42.0,42.0,apy_cho_epi_curve_data.csv,0.0,0.0,1e-12,exact,pass
low_LTBI_1pct,ltbi,1500,nTestPositive_median,44.0,44.0,apy_cho_epi_curve_data.csv,0.0,0.0,1e-12,exact,pass
low_LTBI_1pct,ltbi,1500,nTotalCoursesCompleted_median,29.0,29.0,apy_cho_epi_curve_data.csv,0.0,0.0,1e-12,exact,pass
low_LTBI_1pct,ltbi,1500,nTotalCoursesStarted_median,36.0,36.0,apy_cho_epi_curve_data.csv,0.0,0.0,1e-12,exact,pass
low_LTBI_1pct,ltbi,1500,nTruePositiveTests_median,12.0,12.0,apy_cho_epi_curve_data.csv,0.0,0.0,1e-12,exact,pass
low_LTBI_1pct,ltbi,1500,nTruePositiveTreated_median,11.0,11.0,apy_cho_epi_curve_data.csv,0.0,0.0,1e-12,exact,pass
low_LTBI_1pct,ltbi,1500,relativeReduction20y_median,0.3333333333333333,0.3333333333333333,apy_cho_epi_curve_data.csv,0.0,0.0,1e-12,exact,pass
low_LTBI_1pct,ltbi,1500,screenCoverage,1.0,1.0,apy_cho_epi_curve_data.csv,0.0,0.0,1e-12,exact,pass
low_LTBI_1pct,prevent,0,NNS_prevent_one_active_TB,,,apy_cho_epi_curve_data.csv,0.0,0.0,1e-12,exact,pass
low_LTBI_1pct,prevent,0,NNT_completed_prevent_one_active_TB,,,apy_cho_epi_curve_data.csv,0.0,0.0,1e-12,exact,pass
low_LTBI_1pct,prevent,0,NNT_started_prevent_one_active_TB,,,apy_cho_epi_curve_data.csv,0.0,0.0,1e-12,exact,pass
low_LTBI_1pct,prevent,0,PPV_trueAmongTestPositive,,,apy_cho_epi_curve_data.csv,0.0,0.0,1e-12,exact,pass
low_LTBI_1pct,prevent,0,falsePositiveShareAmongTestPositive,,,apy_cho_epi_curve_data.csv,0.0,0.0,1e-12,exact,pass
low_LTBI_1pct,prevent,0,falsePositiveTestsPerTruePositiveTest,,,apy_cho_epi_curve_data.csv,0.0,0.0,1e-12,exact,pass
low_LTBI_1pct,prevent,0,falsePositiveTreatedPerTruePositiveTreated,,,apy_cho_epi_curve_data.csv,0.0,0.0,1e-12,exact,pass
low_LTBI_1pct,prevent,0,falsePositiveTreatedShareAmongCoursesStarted,,,apy_cho_epi_curve_data.csv,0.0,0.0,1e-12,exact,pass
low_LTBI_1pct,prevent,0,nActiveBy20y_AfterStrategy_median,5.0,5.0,apy_cho_epi_curve_data.csv,0.0,0.0,1e-12,exact,pass
low_LTBI_1pct,prevent,0,nActiveBy20y_DoNothing_median,5.0,5.0,apy_cho_epi_curve_data.csv,0.0,0.0,1e-12,exact,pass
low_LTBI_1pct,prevent,0,nCuredInfection_median,0.0,0.0,apy_cho_epi_curve_data.csv,0.0,,1e-12,exact,pass
low_LTBI_1pct,prevent,0,nFalsePositiveTestsBCG_median,0.0,0.0,apy_cho_epi_curve_data.csv,0.0,,1e-12,exact,pass
low_LTBI_1pct,prevent,0,nFalsePositiveTestsNoBCG_median,0.0,0.0,apy_cho_epi_curve_data.csv,0.0,,1e-12,exact,pass
low_LTBI_1pct,prevent,0,nFalsePositiveTests_median,0.0,0.0,apy_cho_epi_curve_data.csv,0.0,,1e-12,exact,pass
low_LTBI_1pct,prevent,0,nFalsePositiveTreated_median,0.0,0.0,apy_cho_epi_curve_data.csv,0.0,,1e-12,exact,pass
low_LTBI_1pct,prevent,0,nIGRApos_median,0.0,0.0,apy_cho_epi_curve_data.csv,0.0,,1e-12,exact,pass
low_LTBI_1pct,prevent,0,nPreventedActiveTB_median,0.0,0.0,apy_cho_epi_curve_data.csv,0.0,,1e-12,exact,pass
low_LTBI_1pct,prevent,0,nScreenedBCG_median,0.0,0.0,apy_cho_epi_curve_data.csv,0.0,,1e-12,exact,pass
low_LTBI_1pct,prevent,0,nScreened_high95,0.0,0.0,apy_cho_epi_curve_data.csv,0.0,,1e-12,exact,pass
low_LTBI_1pct,prevent,0,nScreened_low95,0.0,0.0,apy_cho_epi_curve_data.csv,0.0,,1e-12,exact,pass
low_LTBI_1pct,prevent,0,nScreened_median,0.0,0.0,apy_cho_epi_curve_data.csv,0.0,,1e-12,exact,pass
low_LTBI_1pct,prevent,0,nTestPositiveNonActive_median,0.0,0.0,apy_cho_epi_curve_data.csv,0.0,,1e-12,exact,pass
low_LTBI_1pct,prevent,0,nTestPositive_median,0.0,0.0,apy_cho_epi_curve_data.csv,0.0,,1e-12,exact,pass
low_LTBI_1pct,prevent,0,nTotalCoursesCompleted_median,0.0,0.0,apy_cho_epi_curve_data.csv,0.0,,1e-12,exact,pass
low_LTBI_1pct,prevent,0,nTotalCoursesStarted_median,0.0,0.0,apy_cho_epi_curve_data.csv,0.0,,1e-12,exact,pass
low_LTBI_1pct,prevent,0,nTruePositiveTests_median,0.0,0.0,apy_cho_epi_curve_data.csv,0.0,,1e-12,exact,pass
low_LTBI_1pct,prevent,0,nTruePositiveTreated_median,0.0,0.0,apy_cho_epi_curve_data.csv,0.0,,1e-12,exact,pass
low_LTBI_1pct,prevent,0,relativeReduction20y_median,0.0,0.0,apy_cho_epi_curve_data.csv,0.0,,1e-12,exact,pass
low_LTBI_1pct,prevent,0,screenCoverage,0.0,0.0,apy_cho_epi_curve_data.csv,0.0,,1e-12,exact,pass
low_LTBI_1pct,prevent,50,NNS_prevent_one_active_TB,50.0,50.0,apy_cho_epi_curve_data.csv,0.0,0.0,1e-12,exact,pass
low_LTBI_1pct,prevent,50,NNT_completed_prevent_one_active_TB,2.0,2.0,apy_cho_epi_curve_data.csv,0.0,0.0,1e-12,exact,pass
low_LTBI_1pct,prevent,50,NNT_started_prevent_one_active_TB,3.0,3.0,apy_cho_epi_curve_data.csv,0.0,0.0,1e-12,exact,pass
low_LTBI_1pct,prevent,50,PPV_trueAmongTestPositive,0.6666666666666666,0.6666666666666666,apy_cho_epi_curve_data.csv,0.0,0.0,1e-12,exact,pass
low_LTBI_1pct,prevent,50,falsePositiveShareAmongTestPositive,0.3333333333333333,0.3333333333333333,apy_cho_epi_curve_data.csv,0.0,0.0,1e-12,exact,pass
low_LTBI_1pct,prevent,50,falsePositiveTestsPerTruePositiveTest,0.5,0.5,apy_cho_epi_curve_data.csv,0.0,0.0,1e-12,exact,pass
low_LTBI_1pct,prevent,50,falsePositiveTreatedPerTruePositiveTreated,0.5,0.5,apy_cho_epi_curve_data.csv,0.0,0.0,1e-12,exact,pass
low_LTBI_1pct,prevent,50,falsePositiveTreatedShareAmongCoursesStarted,0.3333333333333333,0.3333333333333333,apy_cho_epi_curve_data.csv,0.0,0.0,1e-12,exact,pass
low_LTBI_1pct,prevent,50,nActiveBy20y_AfterStrategy_median,4.0,4.0,apy_cho_epi_curve_data.csv,0.0,0.0,1e-12,exact,pass
low_LTBI_1pct,prevent,50,nActiveBy20y_DoNothing_median,5.0,5.0,apy_cho_epi_curve_data.csv,0.0,0.0,1e-12,exact,pass
low_LTBI_1pct,prevent,50,nCuredInfection_median,1.0,1.0,apy_cho_epi_curve_data.csv,0.0,0.0,1e-12,exact,pass
low_LTBI_1pct,prevent,50,nFalsePositiveTestsBCG_median,0.0,0.0,apy_cho_epi_curve_data.csv,0.0,,1e-12,exact,pass
low_LTBI_1pct,prevent,50,nFalsePositiveTestsNoBCG_median,0.0,0.0,apy_cho_epi_curve_data.csv,0.0,,1e-12,exact,pass
low_LTBI_1pct,prevent,50,nFalsePositiveTests_median,1.0,1.0,apy_cho_epi_curve_data.csv,0.0,0.0,1e-12,exact,pass
low_LTBI_1pct,prevent,50,nFalsePositiveTreated_median,1.0,1.0,apy_cho_epi_curve_data.csv,0.0,0.0,1e-12,exact,pass
low_LTBI_1pct,prevent,50,nIGRApos_median,3.0,3.0,apy_cho_epi_curve_data.csv,0.0,0.0,1e-12,exact,pass
low_LTBI_1pct,prevent,50,nPreventedActiveTB_median,1.0,1.0,apy_cho_epi_curve_data.csv,0.0,0.0,1e-12,exact,pass
low_LTBI_1pct,prevent,50,nScreenedBCG_median,34.0,34.0,apy_cho_epi_curve_data.csv,0.0,0.0,1e-12,exact,pass
low_LTBI_1pct,prevent,50,nScreened_high95,50.0,50.0,apy_cho_epi_curve_data.csv,0.0,0.0,1e-12,exact,pass
low_LTBI_1pct,prevent,50,nScreened_low95,50.0,50.0,apy_cho_epi_curve_data.csv,0.0,0.0,1e-12,exact,pass
low_LTBI_1pct,prevent,50,nScreened_median,50.0,50.0,apy_cho_epi_curve_data.csv,0.0,0.0,1e-12,exact,pass
low_LTBI_1pct,prevent,50,nTestPositiveNonActive_median,3.0,3.0,apy_cho_epi_curve_data.csv,0.0,0.0,1e-12,exact,pass
low_LTBI_1pct,prevent,50,nTestPositive_median,4.0,4.0,apy_cho_epi_curve_data.csv,0.0,0.0,1e-12,exact,pass
low_LTBI_1pct,prevent,50,nTotalCoursesCompleted_median,2.0,2.0,apy_cho_epi_curve_data.csv,0.0,0.0,1e-12,exact,pass
low_LTBI_1pct,prevent,50,nTotalCoursesStarted_median,3.0,3.0,apy_cho_epi_curve_data.csv,0.0,0.0,1e-12,exact,pass
low_LTBI_1pct,prevent,50,nTruePositiveTests_median,2.0,2.0,apy_cho_epi_curve_data.csv,0.0,0.0,1e-12,exact,pass
low_LTBI_1pct,prevent,50,nTruePositiveTreated_median,2.0,2.0,apy_cho_epi_curve_data.csv,0.0,0.0,1e-12,exact,pass
low_LTBI_1pct,prevent,50,relativeReduction20y_median,0.1428571428571428,0.1428571428571428,apy_cho_epi_curve_data.csv,0.0,0.0,1e-12,exact,pass
low_LTBI_1pct,prevent,50,screenCoverage,0.0333333333333333,0.0333333333333333,apy_cho_epi_curve_data.csv,0.0,0.0,1e-12,exact,pass
low_LTBI_1pct,prevent,100,NNS_prevent_one_active_TB,100.0,100.0,apy_cho_epi_curve_data.csv,0.0,0.0,1e-12,exact,pass
low_LTBI_1pct,prevent,100,NNT_completed_prevent_one_active_TB,4.0,4.0,apy_cho_epi_curve_data.csv,0.0,0.0,1e-12,exact,pass
low_LTBI_1pct,prevent,100,NNT_started_prevent_one_active_TB,5.0,5.0,apy_cho_epi_curve_data.csv,0.0,0.0,1e-12,exact,pass
low_LTBI_1pct,prevent,100,PPV_trueAmongTestPositive,0.6666666666666666,0.6666666666666666,apy_cho_epi_curve_data.csv,0.0,0.0,1e-12,exact,pass
low_LTBI_1pct,prevent,100,falsePositiveShareAmongTestPositive,0.3333333333333333,0.3333333333333333,apy_cho_epi_curve_data.csv,0.0,0.0,1e-12,exact,pass
low_LTBI_1pct,prevent,100,falsePositiveTestsPerTruePositiveTest,0.5,0.5,apy_cho_epi_curve_data.csv,0.0,0.0,1e-12,exact,pass
low_LTBI_1pct,prevent,100,falsePositiveTreatedPerTruePositiveTreated,0.25,0.25,apy_cho_epi_curve_data.csv,0.0,0.0,1e-12,exact,pass
low_LTBI_1pct,prevent,100,falsePositiveTreatedShareAmongCoursesStarted,0.2,0.2,apy_cho_epi_curve_data.csv,0.0,0.0,1e-12,exact,pass
low_LTBI_1pct,prevent,100,nActiveBy20y_AfterStrategy_median,4.0,4.0,apy_cho_epi_curve_data.csv,0.0,0.0,1e-12,exact,pass
low_LTBI_1pct,prevent,100,nActiveBy20y_DoNothing_median,5.0,5.0,apy_cho_epi_curve_data.csv,0.0,0.0,1e-12,exact,pass
low_LTBI_1pct,prevent,100,nCuredInfection_median,2.0,2.0,apy_cho_epi_curve_data.csv,0.0,0.0,1e-12,exact,pass
low_LTBI_1pct,prevent,100,nFalsePositiveTestsBCG_median,1.0,1.0,apy_cho_epi_curve_data.csv,0.0,0.0,1e-12,exact,pass
low_LTBI_1pct,prevent,100,nFalsePositiveTestsNoBCG_median,0.0,0.0,apy_cho_epi_curve_data.csv,0.0,,1e-12,exact,pass
low_LTBI_1pct,prevent,100,nFalsePositiveTests_median,2.0,2.0,apy_cho_epi_curve_data.csv,0.0,0.0,1e-12,exact,pass
low_LTBI_1pct,prevent,100,nFalsePositiveTreated_median,1.0,1.0,apy_cho_epi_curve_data.csv,0.0,0.0,1e-12,exact,pass
low_LTBI_1pct,prevent,100,nIGRApos_median,6.0,6.0,apy_cho_epi_curve_data.csv,0.0,0.0,1e-12,exact,pass
low_LTBI_1pct,prevent,100,nPreventedActiveTB_median,1.0,1.0,apy_cho_epi_curve_data.csv,0.0,0.0,1e-12,exact,pass
low_LTBI_1pct,prevent,100,nScreenedBCG_median,68.0,68.0,apy_cho_epi_curve_data.csv,0.0,0.0,1e-12,exact,pass
low_LTBI_1pct,prevent,100,nScreened_high95,100.0,100.0,apy_cho_epi_curve_data.csv,0.0,0.0,1e-12,exact,pass
low_LTBI_1pct,prevent,100,nScreened_low95,100.0,100.0,apy_cho_epi_curve_data.csv,0.0,0.0,1e-12,exact,pass
low_LTBI_1pct,prevent,100,nScreened_median,100.0,100.0,apy_cho_epi_curve_data.csv,0.0,0.0,1e-12,exact,pass
low_LTBI_1pct,prevent,100,nTestPositiveNonActive_median,6.0,6.0,apy_cho_epi_curve_data.csv,0.0,0.0,1e-12,exact,pass
low_LTBI_1pct,prevent,100,nTestPositive_median,7.0,7.0,apy_cho_epi_curve_data.csv,0.0,0.0,1e-12,exact,pass
low_LTBI_1pct,prevent,100,nTotalCoursesCompleted_median,4.0,4.0,apy_cho_epi_curve_data.csv,0.0,0.0,1e-12,exact,pass
low_LTBI_1pct,prevent,100,nTotalCoursesStarted_median,5.0,5.0,apy_cho_epi_curve_data.csv,0.0,0.0,1e-12,exact,pass
low_LTBI_1pct,prevent,100,nTruePositiveTests_median,4.0,4.0,apy_cho_epi_curve_data.csv,0.0,0.0,1e-12,exact,pass
low_LTBI_1pct,prevent,100,nTruePositiveTreated_median,4.0,4.0,apy_cho_epi_curve_data.csv,0.0,0.0,1e-12,exact,pass
low_LTBI_1pct,prevent,100,relativeReduction20y_median,0.2,0.2,apy_cho_epi_curve_data.csv,0.0,0.0,1e-12,exact,pass
low_LTBI_1pct,prevent,100,screenCoverage,0.0666666666666666,0.0666666666666666,apy_cho_epi_curve_data.csv,0.0,0.0,1e-12,exact,pass
low_LTBI_1pct,prevent,150,NNS_prevent_one_active_TB,150.0,150.0,apy_cho_epi_curve_data.csv,0.0,0.0,1e-12,exact,pass
low_LTBI_1pct,prevent,150,NNT_completed_prevent_one_active_TB,5.0,5.0,apy_cho_epi_curve_data.csv,0.0,0.0,1e-12,exact,pass
low_LTBI_1pct,prevent,150,NNT_started_prevent_one_active_TB,7.0,7.0,apy_cho_epi_curve_data.csv,0.0,0.0,1e-12,exact,pass
low_LTBI_1pct,prevent,150,PPV_trueAmongTestPositive,0.625,0.625,apy_cho_epi_curve_data.csv,0.0,0.0,1e-12,exact,pass
low_LTBI_1pct,prevent,150,falsePositiveShareAmongTestPositive,0.375,0.375,apy_cho_epi_curve_data.csv,0.0,0.0,1e-12,exact,pass
low_LTBI_1pct,prevent,150,falsePositiveTestsPerTruePositiveTest,0.6,0.6,apy_cho_epi_curve_data.csv,0.0,0.0,1e-12,exact,pass
low_LTBI_1pct,prevent,150,falsePositiveTreatedPerTruePositiveTreated,0.4,0.4,apy_cho_epi_curve_data.csv,0.0,0.0,1e-12,exact,pass
low_LTBI_1pct,prevent,150,falsePositiveTreatedShareAmongCoursesStarted,0.2857142857142857,0.2857142857142857,apy_cho_epi_curve_data.csv,0.0,0.0,1e-12,exact,pass
low_LTBI_1pct,prevent,150,nActiveBy20y_AfterStrategy_median,3.0,3.0,apy_cho_epi_curve_data.csv,0.0,0.0,1e-12,exact,pass
low_LTBI_1pct,prevent,150,nActiveBy20y_DoNothing_median,5.0,5.0,apy_cho_epi_curve_data.csv,0.0,0.0,1e-12,exact,pass
low_LTBI_1pct,prevent,150,nCuredInfection_median,3.0,3.0,apy_cho_epi_curve_data.csv,0.0,0.0,1e-12,exact,pass
low_LTBI_1pct,prevent,150,nFalsePositiveTestsBCG_median,2.0,2.0,apy_cho_epi_curve_data.csv,0.0,0.0,1e-12,exact,pass
low_LTBI_1pct,prevent,150,nFalsePositiveTestsNoBCG_median,1.0,1.0,apy_cho_epi_curve_data.csv,0.0,0.0,1e-12,exact,pass
low_LTBI_1pct,prevent,150,nFalsePositiveTests_median,3.0,3.0,apy_cho_epi_curve_data.csv,0.0,0.0,1e-12,exact,pass
low_LTBI_1pct,prevent,150,nFalsePositiveTreated_median,2.0,2.0,apy_cho_epi_curve_data.csv,0.0,0.0,1e-12,exact,pass
low_LTBI_1pct,prevent,150,nIGRApos_median,8.0,8.0,apy_cho_epi_curve_data.csv,0.0,0.0,1e-12,exact,pass
low_LTBI_1pct,prevent,150,nPreventedActiveTB_median,1.0,1.0,apy_cho_epi_curve_data.csv,0.0,0.0,1e-12,exact,pass
low_LTBI_1pct,prevent,150,nScreenedBCG_median,102.0,102.0,apy_cho_epi_curve_data.csv,0.0,0.0,1e-12,exact,pass
low_LTBI_1pct,prevent,150,nScreened_high95,150.0,150.0,apy_cho_epi_curve_data.csv,0.0,0.0,1e-12,exact,pass
low_LTBI_1pct,prevent,150,nScreened_low95,150.0,150.0,apy_cho_epi_curve_data.csv,0.0,0.0,1e-12,exact,pass
low_LTBI_1pct,prevent,150,nScreened_median,150.0,150.0,apy_cho_epi_curve_data.csv,0.0,0.0,1e-12,exact,pass
low_LTBI_1pct,prevent,150,nTestPositiveNonActive_median,8.0,8.0,apy_cho_epi_curve_data.csv,0.0,0.0,1e-12,exact,pass
low_LTBI_1pct,prevent,150,nTestPositive_median,9.0,9.0,apy_cho_epi_curve_data.csv,0.0,0.0,1e-12,exact,pass
low_LTBI_1pct,prevent,150,nTotalCoursesCompleted_median,5.0,5.0,apy_cho_epi_curve_data.csv,0.0,0.0,1e-12,exact,pass
low_LTBI_1pct,prevent,150,nTotalCoursesStarted_median,7.0,7.0,apy_cho_epi_curve_data.csv,0.0,0.0,1e-12,exact,pass
low_LTBI_1pct,prevent,150,nTruePositiveTests_median,5.0,5.0,apy_cho_epi_curve_data.csv,0.0,0.0,1e-12,exact,pass
low_LTBI_1pct,prevent,150,nTruePositiveTreated_median,5.0,5.0,apy_cho_epi_curve_data.csv,0.0,0.0,1e-12,exact,pass
low_LTBI_1pct,prevent,150,relativeReduction20y_median,0.25,0.25,apy_cho_epi_curve_data.csv,0.0,0.0,1e-12,exact,pass
low_LTBI_1pct,prevent,150,screenCoverage,0.1,0.1,apy_cho_epi_curve_data.csv,0.0,0.0,1e-12,exact,pass
low_LTBI_1pct,prevent,200,NNS_prevent_one_active_TB,200.0,200.0,apy_cho_epi_curve_data.csv,0.0,0.0,1e-12,exact,pass
low_LTBI_1pct,prevent,200,NNT_completed_prevent_one_active_TB,7.0,7.0,apy_cho_epi_curve_data.csv,0.0,0.0,1e-12,exact,pass
low_LTBI_1pct,prevent,200,NNT_started_prevent_one_active_TB,8.0,8.0,apy_cho_epi_curve_data.csv,0.0,0.0,1e-12,exact,pass
low_LTBI_1pct,prevent,200,PPV_trueAmongTestPositive,0.6,0.6,apy_cho_epi_curve_data.csv,0.0,0.0,1e-12,exact,pass
low_LTBI_1pct,prevent,200,falsePositiveShareAmongTestPositive,0.4,0.4,apy_cho_epi_curve_data.csv,0.0,0.0,1e-12,exact,pass
low_LTBI_1pct,prevent,200,falsePositiveTestsPerTruePositiveTest,0.6666666666666666,0.6666666666666666,apy_cho_epi_curve_data.csv,0.0,0.0,1e-12,exact,pass
low_LTBI_1pct,prevent,200,falsePositiveTreatedPerTruePositiveTreated,0.6,0.6,apy_cho_epi_curve_data.csv,0.0,0.0,1e-12,exact,pass
low_LTBI_1pct,prevent,200,falsePositiveTreatedShareAmongCoursesStarted,0.375,0.375,apy_cho_epi_curve_data.csv,0.0,0.0,1e-12,exact,pass
low_LTBI_1pct,prevent,200,nActiveBy20y_AfterStrategy_median,3.0,3.0,apy_cho_epi_curve_data.csv,0.0,0.0,1e-12,exact,pass
low_LTBI_1pct,prevent,200,nActiveBy20y_DoNothing_median,5.0,5.0,apy_cho_epi_curve_data.csv,0.0,0.0,1e-12,exact,pass
low_LTBI_1pct,prevent,200,nCuredInfection_median,3.0,3.0,apy_cho_epi_curve_data.csv,0.0,0.0,1e-12,exact,pass
low_LTBI_1pct,prevent,200,nFalsePositiveTestsBCG_median,2.0,2.0,apy_cho_epi_curve_data.csv,0.0,0.0,1e-12,exact,pass
low_LTBI_1pct,prevent,200,nFalsePositiveTestsNoBCG_median,1.0,1.0,apy_cho_epi_curve_data.csv,0.0,0.0,1e-12,exact,pass
low_LTBI_1pct,prevent,200,nFalsePositiveTests_median,4.0,4.0,apy_cho_epi_curve_data.csv,0.0,0.0,1e-12,exact,pass
low_LTBI_1pct,prevent,200,nFalsePositiveTreated_median,3.0,3.0,apy_cho_epi_curve_data.csv,0.0,0.0,1e-12,exact,pass
low_LTBI_1pct,prevent,200,nIGRApos_median,10.0,10.0,apy_cho_epi_curve_data.csv,0.0,0.0,1e-12,exact,pass
low_LTBI_1pct,prevent,200,nPreventedActiveTB_median,1.0,1.0,apy_cho_epi_curve_data.csv,0.0,0.0,1e-12,exact,pass
low_LTBI_1pct,prevent,200,nScreenedBCG_median,136.0,136.0,apy_cho_epi_curve_data.csv,0.0,0.0,1e-12,exact,pass
low_LTBI_1pct,prevent,200,nScreened_high95,200.0,200.0,apy_cho_epi_curve_data.csv,0.0,0.0,1e-12,exact,pass
low_LTBI_1pct,prevent,200,nScreened_low95,200.0,200.0,apy_cho_epi_curve_data.csv,0.0,0.0,1e-12,exact,pass
low_LTBI_1pct,prevent,200,nScreened_median,200.0,200.0,apy_cho_epi_curve_data.csv,0.0,0.0,1e-12,exact,pass
low_LTBI_1pct,prevent,200,nTestPositiveNonActive_median,10.0,10.0,apy_cho_epi_curve_data.csv,0.0,0.0,1e-12,exact,pass
low_LTBI_1pct,prevent,200,nTestPositive_median,11.0,11.0,apy_cho_epi_curve_data.csv,0.0,0.0,1e-12,exact,pass
low_LTBI_1pct,prevent,200,nTotalCoursesCompleted_median,7.0,7.0,apy_cho_epi_curve_data.csv,0.0,0.0,1e-12,exact,pass
low_LTBI_1pct,prevent,200,nTotalCoursesStarted_median,8.0,8.0,apy_cho_epi_curve_data.csv,0.0,0.0,1e-12,exact,pass
low_LTBI_1pct,prevent,200,nTruePositiveTests_median,6.0,6.0,apy_cho_epi_curve_data.csv,0.0,0.0,1e-12,exact,pass
low_LTBI_1pct,prevent,200,nTruePositiveTreated_median,5.0,5.0,apy_cho_epi_curve_data.csv,0.0,0.0,1e-12,exact,pass
low_LTBI_1pct,prevent,200,relativeReduction20y_median,0.25,0.25,apy_cho_epi_curve_data.csv,0.0,0.0,1e-12,exact,pass
low_LTBI_1pct,prevent,200,screenCoverage,0.1333333333333333,0.1333333333333333,apy_cho_epi_curve_data.csv,0.0,0.0,1e-12,exact,pass
low_LTBI_1pct,prevent,250,NNS_prevent_one_active_TB,250.0,250.0,apy_cho_epi_curve_data.csv,0.0,0.0,1e-12,exact,pass
low_LTBI_1pct,prevent,250,NNT_completed_prevent_one_active_TB,8.0,8.0,apy_cho_epi_curve_data.csv,0.0,0.0,1e-12,exact,pass
low_LTBI_1pct,prevent,250,NNT_started_prevent_one_active_TB,10.0,10.0,apy_cho_epi_curve_data.csv,0.0,0.0,1e-12,exact,pass
low_LTBI_1pct,prevent,250,PPV_trueAmongTestPositive,0.5454545454545454,0.5454545454545454,apy_cho_epi_curve_data.csv,0.0,0.0,1e-12,exact,pass
low_LTBI_1pct,prevent,250,falsePositiveShareAmongTestPositive,0.4545454545454545,0.4545454545454545,apy_cho_epi_curve_data.csv,0.0,0.0,1e-12,exact,pass
low_LTBI_1pct,prevent,250,falsePositiveTestsPerTruePositiveTest,0.8333333333333334,0.8333333333333334,apy_cho_epi_curve_data.csv,0.0,0.0,1e-12,exact,pass
low_LTBI_1pct,prevent,250,falsePositiveTreatedPerTruePositiveTreated,0.6666666666666666,0.6666666666666666,apy_cho_epi_curve_data.csv,0.0,0.0,1e-12,exact,pass
low_LTBI_1pct,prevent,250,falsePositiveTreatedShareAmongCoursesStarted,0.4,0.4,apy_cho_epi_curve_data.csv,0.0,0.0,1e-12,exact,pass
low_LTBI_1pct,prevent,250,nActiveBy20y_AfterStrategy_median,3.0,3.0,apy_cho_epi_curve_data.csv,0.0,0.0,1e-12,exact,pass
low_LTBI_1pct,prevent,250,nActiveBy20y_DoNothing_median,5.0,5.0,apy_cho_epi_curve_data.csv,0.0,0.0,1e-12,exact,pass
low_LTBI_1pct,prevent,250,nCuredInfection_median,4.0,4.0,apy_cho_epi_curve_data.csv,0.0,0.0,1e-12,exact,pass
low_LTBI_1pct,prevent,250,nFalsePositiveTestsBCG_median,3.0,3.0,apy_cho_epi_curve_data.csv,0.0,0.0,1e-12,exact,pass
low_LTBI_1pct,prevent,250,nFalsePositiveTestsNoBCG_median,1.0,1.0,apy_cho_epi_curve_data.csv,0.0,0.0,1e-12,exact,pass
low_LTBI_1pct,prevent,250,nFalsePositiveTests_median,5.0,5.0,apy_cho_epi_curve_data.csv,0.0,0.0,1e-12,exact,pass
low_LTBI_1pct,prevent,250,nFalsePositiveTreated_median,4.0,4.0,apy_cho_epi_curve_data.csv,0.0,0.0,1e-12,exact,pass
low_LTBI_1pct,prevent,250,nIGRApos_median,11.0,11.0,apy_cho_epi_curve_data.csv,0.0,0.0,1e-12,exact,pass
low_LTBI_1pct,prevent,250,nPreventedActiveTB_median,1.0,1.0,apy_cho_epi_curve_data.csv,0.0,0.0,1e-12,exact,pass
low_LTBI_1pct,prevent,250,nScreenedBCG_median,170.0,170.0,apy_cho_epi_curve_data.csv,0.0,0.0,1e-12,exact,pass
low_LTBI_1pct,prevent,250,nScreened_high95,250.0,250.0,apy_cho_epi_curve_data.csv,0.0,0.0,1e-12,exact,pass
low_LTBI_1pct,prevent,250,nScreened_low95,250.0,250.0,apy_cho_epi_curve_data.csv,0.0,0.0,1e-12,exact,pass
low_LTBI_1pct,prevent,250,nScreened_median,250.0,250.0,apy_cho_epi_curve_data.csv,0.0,0.0,1e-12,exact,pass
low_LTBI_1pct,prevent,250,nTestPositiveNonActive_median,11.0,11.0,apy_cho_epi_curve_data.csv,0.0,0.0,1e-12,exact,pass
low_LTBI_1pct,prevent,250,nTestPositive_median,13.0,13.0,apy_cho_epi_curve_data.csv,0.0,0.0,1e-12,exact,pass
low_LTBI_1pct,prevent,250,nTotalCoursesCompleted_median,8.0,8.0,apy_cho_epi_curve_data.csv,0.0,0.0,1e-12,exact,pass
low_LTBI_1pct,prevent,250,nTotalCoursesStarted_median,10.0,10.0,apy_cho_epi_curve_data.csv,0.0,0.0,1e-12,exact,pass
low_LTBI_1pct,prevent,250,nTruePositiveTests_median,6.0,6.0,apy_cho_epi_curve_data.csv,0.0,0.0,1e-12,exact,pass
low_LTBI_1pct,prevent,250,nTruePositiveTreated_median,6.0,6.0,apy_cho_epi_curve_data.csv,0.0,0.0,1e-12,exact,pass
low_LTBI_1pct,prevent,250,relativeReduction20y_median,0.2857142857142857,0.2857142857142857,apy_cho_epi_curve_data.csv,0.0,0.0,1e-12,exact,pass
low_LTBI_1pct,prevent,250,screenCoverage,0.1666666666666666,0.1666666666666666,apy_cho_epi_curve_data.csv,0.0,0.0,1e-12,exact,pass
low_LTBI_1pct,prevent,300,NNS_prevent_one_active_TB,300.0,300.0,apy_cho_epi_curve_data.csv,0.0,0.0,1e-12,exact,pass
low_LTBI_1pct,prevent,300,NNT_completed_prevent_one_active_TB,9.0,9.0,apy_cho_epi_curve_data.csv,0.0,0.0,1e-12,exact,pass
low_LTBI_1pct,prevent,300,NNT_started_prevent_one_active_TB,11.0,11.0,apy_cho_epi_curve_data.csv,0.0,0.0,1e-12,exact,pass
low_LTBI_1pct,prevent,300,PPV_trueAmongTestPositive,0.5384615384615384,0.5384615384615384,apy_cho_epi_curve_data.csv,0.0,0.0,1e-12,exact,pass
low_LTBI_1pct,prevent,300,falsePositiveShareAmongTestPositive,0.4615384615384615,0.4615384615384615,apy_cho_epi_curve_data.csv,0.0,0.0,1e-12,exact,pass
low_LTBI_1pct,prevent,300,falsePositiveTestsPerTruePositiveTest,0.8571428571428571,0.8571428571428571,apy_cho_epi_curve_data.csv,0.0,0.0,1e-12,exact,pass
low_LTBI_1pct,prevent,300,falsePositiveTreatedPerTruePositiveTreated,0.8333333333333334,0.8333333333333334,apy_cho_epi_curve_data.csv,0.0,0.0,1e-12,exact,pass
low_LTBI_1pct,prevent,300,falsePositiveTreatedShareAmongCoursesStarted,0.4545454545454545,0.4545454545454545,apy_cho_epi_curve_data.csv,0.0,0.0,1e-12,exact,pass
low_LTBI_1pct,prevent,300,nActiveBy20y_AfterStrategy_median,3.0,3.0,apy_cho_epi_curve_data.csv,0.0,0.0,1e-12,exact,pass
low_LTBI_1pct,prevent,300,nActiveBy20y_DoNothing_median,5.0,5.0,apy_cho_epi_curve_data.csv,0.0,0.0,1e-12,exact,pass
low_LTBI_1pct,prevent,300,nCuredInfection_median,4.0,4.0,apy_cho_epi_curve_data.csv,0.0,0.0,1e-12,exact,pass
low_LTBI_1pct,prevent,300,nFalsePositiveTestsBCG_median,4.0,4.0,apy_cho_epi_curve_data.csv,0.0,0.0,1e-12,exact,pass
low_LTBI_1pct,prevent,300,nFalsePositiveTestsNoBCG_median,2.0,2.0,apy_cho_epi_curve_data.csv,0.0,0.0,1e-12,exact,pass
low_LTBI_1pct,prevent,300,nFalsePositiveTests_median,6.0,6.0,apy_cho_epi_curve_data.csv,0.0,0.0,1e-12,exact,pass
low_LTBI_1pct,prevent,300,nFalsePositiveTreated_median,5.0,5.0,apy_cho_epi_curve_data.csv,0.0,0.0,1e-12,exact,pass
low_LTBI_1pct,prevent,300,nIGRApos_median,13.0,13.0,apy_cho_epi_curve_data.csv,0.0,0.0,1e-12,exact,pass
low_LTBI_1pct,prevent,300,nPreventedActiveTB_median,1.0,1.0,apy_cho_epi_curve_data.csv,0.0,0.0,1e-12,exact,pass
low_LTBI_1pct,prevent,300,nScreenedBCG_median,204.0,204.0,apy_cho_epi_curve_data.csv,0.0,0.0,1e-12,exact,pass
low_LTBI_1pct,prevent,300,nScreened_high95,300.0,300.0,apy_cho_epi_curve_data.csv,0.0,0.0,1e-12,exact,pass
low_LTBI_1pct,prevent,300,nScreened_low95,300.0,300.0,apy_cho_epi_curve_data.csv,0.0,0.0,1e-12,exact,pass
low_LTBI_1pct,prevent,300,nScreened_median,300.0,300.0,apy_cho_epi_curve_data.csv,0.0,0.0,1e-12,exact,pass
low_LTBI_1pct,prevent,300,nTestPositiveNonActive_median,13.0,13.0,apy_cho_epi_curve_data.csv,0.0,0.0,1e-12,exact,pass
low_LTBI_1pct,prevent,300,nTestPositive_median,14.0,14.0,apy_cho_epi_curve_data.csv,0.0,0.0,1e-12,exact,pass
low_LTBI_1pct,prevent,300,nTotalCoursesCompleted_median,9.0,9.0,apy_cho_epi_curve_data.csv,0.0,0.0,1e-12,exact,pass
low_LTBI_1pct,prevent,300,nTotalCoursesStarted_median,11.0,11.0,apy_cho_epi_curve_data.csv,0.0,0.0,1e-12,exact,pass
low_LTBI_1pct,prevent,300,nTruePositiveTests_median,7.0,7.0,apy_cho_epi_curve_data.csv,0.0,0.0,1e-12,exact,pass
low_LTBI_1pct,prevent,300,nTruePositiveTreated_median,6.0,6.0,apy_cho_epi_curve_data.csv,0.0,0.0,1e-12,exact,pass
low_LTBI_1pct,prevent,300,relativeReduction20y_median,0.2857142857142857,0.2857142857142857,apy_cho_epi_curve_data.csv,0.0,0.0,1e-12,exact,pass
low_LTBI_1pct,prevent,300,screenCoverage,0.2,0.2,apy_cho_epi_curve_data.csv,0.0,0.0,1e-12,exact,pass
low_LTBI_1pct,prevent,350,NNS_prevent_one_active_TB,350.0,350.0,apy_cho_epi_curve_data.csv,0.0,0.0,1e-12,exact,pass
low_LTBI_1pct,prevent,350,NNT_completed_prevent_one_active_TB,10.0,10.0,apy_cho_epi_curve_data.csv,0.0,0.0,1e-12,exact,pass
low_LTBI_1pct,prevent,350,NNT_started_prevent_one_active_TB,13.0,13.0,apy_cho_epi_curve_data.csv,0.0,0.0,1e-12,exact,pass
low_LTBI_1pct,prevent,350,PPV_trueAmongTestPositive,0.5333333333333333,0.5333333333333333,apy_cho_epi_curve_data.csv,0.0,0.0,1e-12,exact,pass
low_LTBI_1pct,prevent,350,falsePositiveShareAmongTestPositive,0.4666666666666667,0.4666666666666667,apy_cho_epi_curve_data.csv,0.0,0.0,1e-12,exact,pass
low_LTBI_1pct,prevent,350,falsePositiveTestsPerTruePositiveTest,0.875,0.875,apy_cho_epi_curve_data.csv,0.0,0.0,1e-12,exact,pass
low_LTBI_1pct,prevent,350,falsePositiveTreatedPerTruePositiveTreated,0.8571428571428571,0.8571428571428571,apy_cho_epi_curve_data.csv,0.0,0.0,1e-12,exact,pass
low_LTBI_1pct,prevent,350,falsePositiveTreatedShareAmongCoursesStarted,0.4615384615384615,0.4615384615384615,apy_cho_epi_curve_data.csv,0.0,0.0,1e-12,exact,pass
low_LTBI_1pct,prevent,350,nActiveBy20y_AfterStrategy_median,3.0,3.0,apy_cho_epi_curve_data.csv,0.0,0.0,1e-12,exact,pass
low_LTBI_1pct,prevent,350,nActiveBy20y_DoNothing_median,5.0,5.0,apy_cho_epi_curve_data.csv,0.0,0.0,1e-12,exact,pass
low_LTBI_1pct,prevent,350,nCuredInfection_median,4.0,4.0,apy_cho_epi_curve_data.csv,0.0,0.0,1e-12,exact,pass
low_LTBI_1pct,prevent,350,nFalsePositiveTestsBCG_median,4.0,4.0,apy_cho_epi_curve_data.csv,0.0,0.0,1e-12,exact,pass
low_LTBI_1pct,prevent,350,nFalsePositiveTestsNoBCG_median,2.0,2.0,apy_cho_epi_curve_data.csv,0.0,0.0,1e-12,exact,pass
low_LTBI_1pct,prevent,350,nFalsePositiveTests_median,7.0,7.0,apy_cho_epi_curve_data.csv,0.0,0.0,1e-12,exact,pass
low_LTBI_1pct,prevent,350,nFalsePositiveTreated_median,6.0,6.0,apy_cho_epi_curve_data.csv,0.0,0.0,1e-12,exact,pass
low_LTBI_1pct,prevent,350,nIGRApos_median,15.0,15.0,apy_cho_epi_curve_data.csv,0.0,0.0,1e-12,exact,pass
low_LTBI_1pct,prevent,350,nPreventedActiveTB_median,1.0,1.0,apy_cho_epi_curve_data.csv,0.0,0.0,1e-12,exact,pass
low_LTBI_1pct,prevent,350,nScreenedBCG_median,238.0,238.0,apy_cho_epi_curve_data.csv,0.0,0.0,1e-12,exact,pass
low_LTBI_1pct,prevent,350,nScreened_high95,350.0,350.0,apy_cho_epi_curve_data.csv,0.0,0.0,1e-12,exact,pass
low_LTBI_1pct,prevent,350,nScreened_low95,350.0,350.0,apy_cho_epi_curve_data.csv,0.0,0.0,1e-12,exact,pass
low_LTBI_1pct,prevent,350,nScreened_median,350.0,350.0,apy_cho_epi_curve_data.csv,0.0,0.0,1e-12,exact,pass
low_LTBI_1pct,prevent,350,nTestPositiveNonActive_median,15.0,15.0,apy_cho_epi_curve_data.csv,0.0,0.0,1e-12,exact,pass
low_LTBI_1pct,prevent,350,nTestPositive_median,16.0,16.0,apy_cho_epi_curve_data.csv,0.0,0.0,1e-12,exact,pass
low_LTBI_1pct,prevent,350,nTotalCoursesCompleted_median,10.0,10.0,apy_cho_epi_curve_data.csv,0.0,0.0,1e-12,exact,pass
low_LTBI_1pct,prevent,350,nTotalCoursesStarted_median,13.0,13.0,apy_cho_epi_curve_data.csv,0.0,0.0,1e-12,exact,pass
low_LTBI_1pct,prevent,350,nTruePositiveTests_median,8.0,8.0,apy_cho_epi_curve_data.csv,0.0,0.0,1e-12,exact,pass
low_LTBI_1pct,prevent,350,nTruePositiveTreated_median,7.0,7.0,apy_cho_epi_curve_data.csv,0.0,0.0,1e-12,exact,pass
low_LTBI_1pct,prevent,350,relativeReduction20y_median,0.3333333333333333,0.3333333333333333,apy_cho_epi_curve_data.csv,0.0,0.0,1e-12,exact,pass
low_LTBI_1pct,prevent,350,screenCoverage,0.2333333333333333,0.2333333333333333,apy_cho_epi_curve_data.csv,0.0,0.0,1e-12,exact,pass
low_LTBI_1pct,prevent,400,NNS_prevent_one_active_TB,400.0,400.0,apy_cho_epi_curve_data.csv,0.0,0.0,1e-12,exact,pass
low_LTBI_1pct,prevent,400,NNT_completed_prevent_one_active_TB,11.0,11.0,apy_cho_epi_curve_data.csv,0.0,0.0,1e-12,exact,pass
low_LTBI_1pct,prevent,400,NNT_started_prevent_one_active_TB,14.0,14.0,apy_cho_epi_curve_data.csv,0.0,0.0,1e-12,exact,pass
low_LTBI_1pct,prevent,400,PPV_trueAmongTestPositive,0.5,0.5,apy_cho_epi_curve_data.csv,0.0,0.0,1e-12,exact,pass
low_LTBI_1pct,prevent,400,falsePositiveShareAmongTestPositive,0.5,0.5,apy_cho_epi_curve_data.csv,0.0,0.0,1e-12,exact,pass
low_LTBI_1pct,prevent,400,falsePositiveTestsPerTruePositiveTest,1.0,1.0,apy_cho_epi_curve_data.csv,0.0,0.0,1e-12,exact,pass
low_LTBI_1pct,prevent,400,falsePositiveTreatedPerTruePositiveTreated,0.75,0.75,apy_cho_epi_curve_data.csv,0.0,0.0,1e-12,exact,pass
low_LTBI_1pct,prevent,400,falsePositiveTreatedShareAmongCoursesStarted,0.4285714285714285,0.4285714285714285,apy_cho_epi_curve_data.csv,0.0,0.0,1e-12,exact,pass
low_LTBI_1pct,prevent,400,nActiveBy20y_AfterStrategy_median,3.0,3.0,apy_cho_epi_curve_data.csv,0.0,0.0,1e-12,exact,pass
low_LTBI_1pct,prevent,400,nActiveBy20y_DoNothing_median,5.0,5.0,apy_cho_epi_curve_data.csv,0.0,0.0,1e-12,exact,pass
low_LTBI_1pct,prevent,400,nCuredInfection_median,5.0,5.0,apy_cho_epi_curve_data.csv,0.0,0.0,1e-12,exact,pass
low_LTBI_1pct,prevent,400,nFalsePositiveTestsBCG_median,5.0,5.0,apy_cho_epi_curve_data.csv,0.0,0.0,1e-12,exact,pass
low_LTBI_1pct,prevent,400,nFalsePositiveTestsNoBCG_median,2.0,2.0,apy_cho_epi_curve_data.csv,0.0,0.0,1e-12,exact,pass
low_LTBI_1pct,prevent,400,nFalsePositiveTests_median,8.0,8.0,apy_cho_epi_curve_data.csv,0.0,0.0,1e-12,exact,pass
low_LTBI_1pct,prevent,400,nFalsePositiveTreated_median,6.0,6.0,apy_cho_epi_curve_data.csv,0.0,0.0,1e-12,exact,pass
low_LTBI_1pct,prevent,400,nIGRApos_median,16.0,16.0,apy_cho_epi_curve_data.csv,0.0,0.0,1e-12,exact,pass
low_LTBI_1pct,prevent,400,nPreventedActiveTB_median,1.0,1.0,apy_cho_epi_curve_data.csv,0.0,0.0,1e-12,exact,pass
low_LTBI_1pct,prevent,400,nScreenedBCG_median,271.0,271.0,apy_cho_epi_curve_data.csv,0.0,0.0,1e-12,exact,pass
low_LTBI_1pct,prevent,400,nScreened_high95,400.0,400.0,apy_cho_epi_curve_data.csv,0.0,0.0,1e-12,exact,pass
low_LTBI_1pct,prevent,400,nScreened_low95,400.0,400.0,apy_cho_epi_curve_data.csv,0.0,0.0,1e-12,exact,pass
low_LTBI_1pct,prevent,400,nScreened_median,400.0,400.0,apy_cho_epi_curve_data.csv,0.0,0.0,1e-12,exact,pass
low_LTBI_1pct,prevent,400,nTestPositiveNonActive_median,16.0,16.0,apy_cho_epi_curve_data.csv,0.0,0.0,1e-12,exact,pass
low_LTBI_1pct,prevent,400,nTestPositive_median,18.0,18.0,apy_cho_epi_curve_data.csv,0.0,0.0,1e-12,exact,pass
low_LTBI_1pct,prevent,400,nTotalCoursesCompleted_median,11.0,11.0,apy_cho_epi_curve_data.csv,0.0,0.0,1e-12,exact,pass
low_LTBI_1pct,prevent,400,nTotalCoursesStarted_median,14.0,14.0,apy_cho_epi_curve_data.csv,0.0,0.0,1e-12,exact,pass
low_LTBI_1pct,prevent,400,nTruePositiveTests_median,8.0,8.0,apy_cho_epi_curve_data.csv,0.0,0.0,1e-12,exact,pass
low_LTBI_1pct,prevent,400,nTruePositiveTreated_median,8.0,8.0,apy_cho_epi_curve_data.csv,0.0,0.0,1e-12,exact,pass
low_LTBI_1pct,prevent,400,relativeReduction20y_median,0.3333333333333333,0.3333333333333333,apy_cho_epi_curve_data.csv,0.0,0.0,1e-12,exact,pass
low_LTBI_1pct,prevent,400,screenCoverage,0.2666666666666666,0.2666666666666666,apy_cho_epi_curve_data.csv,0.0,0.0,1e-12,exact,pass
low_LTBI_1pct,prevent,450,NNS_prevent_one_active_TB,450.0,450.0,apy_cho_epi_curve_data.csv,0.0,0.0,1e-12,exact,pass
low_LTBI_1pct,prevent,450,NNT_completed_prevent_one_active_TB,12.0,12.0,apy_cho_epi_curve_data.csv,0.0,0.0,1e-12,exact,pass
low_LTBI_1pct,prevent,450,NNT_started_prevent_one_active_TB,15.0,15.0,apy_cho_epi_curve_data.csv,0.0,0.0,1e-12,exact,pass
low_LTBI_1pct,prevent,450,PPV_trueAmongTestPositive,0.5,0.5,apy_cho_epi_curve_data.csv,0.0,0.0,1e-12,exact,pass
low_LTBI_1pct,prevent,450,falsePositiveShareAmongTestPositive,0.5,0.5,apy_cho_epi_curve_data.csv,0.0,0.0,1e-12,exact,pass
low_LTBI_1pct,prevent,450,falsePositiveTestsPerTruePositiveTest,1.0,1.0,apy_cho_epi_curve_data.csv,0.0,0.0,1e-12,exact,pass
low_LTBI_1pct,prevent,450,falsePositiveTreatedPerTruePositiveTreated,0.875,0.875,apy_cho_epi_curve_data.csv,0.0,0.0,1e-12,exact,pass
low_LTBI_1pct,prevent,450,falsePositiveTreatedShareAmongCoursesStarted,0.4666666666666667,0.4666666666666667,apy_cho_epi_curve_data.csv,0.0,0.0,1e-12,exact,pass
low_LTBI_1pct,prevent,450,nActiveBy20y_AfterStrategy_median,3.0,3.0,apy_cho_epi_curve_data.csv,0.0,0.0,1e-12,exact,pass
low_LTBI_1pct,prevent,450,nActiveBy20y_DoNothing_median,5.0,5.0,apy_cho_epi_curve_data.csv,0.0,0.0,1e-12,exact,pass
low_LTBI_1pct,prevent,450,nCuredInfection_median,5.0,5.0,apy_cho_epi_curve_data.csv,0.0,0.0,1e-12,exact,pass
low_LTBI_1pct,prevent,450,nFalsePositiveTestsBCG_median,6.0,6.0,apy_cho_epi_curve_data.csv,0.0,0.0,1e-12,exact,pass
low_LTBI_1pct,prevent,450,nFalsePositiveTestsNoBCG_median,3.0,3.0,apy_cho_epi_curve_data.csv,0.0,0.0,1e-12,exact,pass
low_LTBI_1pct,prevent,450,nFalsePositiveTests_median,9.0,9.0,apy_cho_epi_curve_data.csv,0.0,0.0,1e-12,exact,pass
low_LTBI_1pct,prevent,450,nFalsePositiveTreated_median,7.0,7.0,apy_cho_epi_curve_data.csv,0.0,0.0,1e-12,exact,pass
low_LTBI_1pct,prevent,450,nIGRApos_median,18.0,18.0,apy_cho_epi_curve_data.csv,0.0,0.0,1e-12,exact,pass
low_LTBI_1pct,prevent,450,nPreventedActiveTB_median,1.0,1.0,apy_cho_epi_curve_data.csv,0.0,0.0,1e-12,exact,pass
low_LTBI_1pct,prevent,450,nScreenedBCG_median,306.0,306.0,apy_cho_epi_curve_data.csv,0.0,0.0,1e-12,exact,pass
low_LTBI_1pct,prevent,450,nScreened_high95,450.0,450.0,apy_cho_epi_curve_data.csv,0.0,0.0,1e-12,exact,pass
low_LTBI_1pct,prevent,450,nScreened_low95,450.0,450.0,apy_cho_epi_curve_data.csv,0.0,0.0,1e-12,exact,pass
low_LTBI_1pct,prevent,450,nScreened_median,450.0,450.0,apy_cho_epi_curve_data.csv,0.0,0.0,1e-12,exact,pass
low_LTBI_1pct,prevent,450,nTestPositiveNonActive_median,18.0,18.0,apy_cho_epi_curve_data.csv,0.0,0.0,1e-12,exact,pass
low_LTBI_1pct,prevent,450,nTestPositive_median,19.0,19.0,apy_cho_epi_curve_data.csv,0.0,0.0,1e-12,exact,pass
low_LTBI_1pct,prevent,450,nTotalCoursesCompleted_median,12.0,12.0,apy_cho_epi_curve_data.csv,0.0,0.0,1e-12,exact,pass
low_LTBI_1pct,prevent,450,nTotalCoursesStarted_median,15.0,15.0,apy_cho_epi_curve_data.csv,0.0,0.0,1e-12,exact,pass
low_LTBI_1pct,prevent,450,nTruePositiveTests_median,9.0,9.0,apy_cho_epi_curve_data.csv,0.0,0.0,1e-12,exact,pass
low_LTBI_1pct,prevent,450,nTruePositiveTreated_median,8.0,8.0,apy_cho_epi_curve_data.csv,0.0,0.0,1e-12,exact,pass
low_LTBI_1pct,prevent,450,relativeReduction20y_median,0.3333333333333333,0.3333333333333333,apy_cho_epi_curve_data.csv,0.0,0.0,1e-12,exact,pass
low_LTBI_1pct,prevent,450,screenCoverage,0.3,0.3,apy_cho_epi_curve_data.csv,0.0,0.0,1e-12,exact,pass
low_LTBI_1pct,prevent,500,NNS_prevent_one_active_TB,500.0,500.0,apy_cho_epi_curve_data.csv,0.0,0.0,1e-12,exact,pass
low_LTBI_1pct,prevent,500,NNT_completed_prevent_one_active_TB,13.0,13.0,apy_cho_epi_curve_data.csv,0.0,0.0,1e-12,exact,pass
low_LTBI_1pct,prevent,500,NNT_started_prevent_one_active_TB,16.0,16.0,apy_cho_epi_curve_data.csv,0.0,0.0,1e-12,exact,pass
low_LTBI_1pct,prevent,500,PPV_trueAmongTestPositive,0.4736842105263157,0.4736842105263157,apy_cho_epi_curve_data.csv,0.0,0.0,1e-12,exact,pass
low_LTBI_1pct,prevent,500,falsePositiveShareAmongTestPositive,0.5263157894736842,0.5263157894736842,apy_cho_epi_curve_data.csv,0.0,0.0,1e-12,exact,pass
low_LTBI_1pct,prevent,500,falsePositiveTestsPerTruePositiveTest,1.1111111111111112,1.1111111111111112,apy_cho_epi_curve_data.csv,0.0,0.0,1e-12,exact,pass
low_LTBI_1pct,prevent,500,falsePositiveTreatedPerTruePositiveTreated,1.0,1.0,apy_cho_epi_curve_data.csv,0.0,0.0,1e-12,exact,pass
low_LTBI_1pct,prevent,500,falsePositiveTreatedShareAmongCoursesStarted,0.5,0.5,apy_cho_epi_curve_data.csv,0.0,0.0,1e-12,exact,pass
low_LTBI_1pct,prevent,500,nActiveBy20y_AfterStrategy_median,3.0,3.0,apy_cho_epi_curve_data.csv,0.0,0.0,1e-12,exact,pass
low_LTBI_1pct,prevent,500,nActiveBy20y_DoNothing_median,5.0,5.0,apy_cho_epi_curve_data.csv,0.0,0.0,1e-12,exact,pass
low_LTBI_1pct,prevent,500,nCuredInfection_median,5.0,5.0,apy_cho_epi_curve_data.csv,0.0,0.0,1e-12,exact,pass
low_LTBI_1pct,prevent,500,nFalsePositiveTestsBCG_median,6.0,6.0,apy_cho_epi_curve_data.csv,0.0,0.0,1e-12,exact,pass
low_LTBI_1pct,prevent,500,nFalsePositiveTestsNoBCG_median,3.0,3.0,apy_cho_epi_curve_data.csv,0.0,0.0,1e-12,exact,pass
low_LTBI_1pct,prevent,500,nFalsePositiveTests_median,10.0,10.0,apy_cho_epi_curve_data.csv,0.0,0.0,1e-12,exact,pass
low_LTBI_1pct,prevent,500,nFalsePositiveTreated_median,8.0,8.0,apy_cho_epi_curve_data.csv,0.0,0.0,1e-12,exact,pass
low_LTBI_1pct,prevent,500,nIGRApos_median,19.0,19.0,apy_cho_epi_curve_data.csv,0.0,0.0,1e-12,exact,pass
low_LTBI_1pct,prevent,500,nPreventedActiveTB_median,1.0,1.0,apy_cho_epi_curve_data.csv,0.0,0.0,1e-12,exact,pass
low_LTBI_1pct,prevent,500,nScreenedBCG_median,340.0,340.0,apy_cho_epi_curve_data.csv,0.0,0.0,1e-12,exact,pass
low_LTBI_1pct,prevent,500,nScreened_high95,500.0,500.0,apy_cho_epi_curve_data.csv,0.0,0.0,1e-12,exact,pass
low_LTBI_1pct,prevent,500,nScreened_low95,500.0,500.0,apy_cho_epi_curve_data.csv,0.0,0.0,1e-12,exact,pass
low_LTBI_1pct,prevent,500,nScreened_median,500.0,500.0,apy_cho_epi_curve_data.csv,0.0,0.0,1e-12,exact,pass
low_LTBI_1pct,prevent,500,nTestPositiveNonActive_median,19.0,19.0,apy_cho_epi_curve_data.csv,0.0,0.0,1e-12,exact,pass
low_LTBI_1pct,prevent,500,nTestPositive_median,21.0,21.0,apy_cho_epi_curve_data.csv,0.0,0.0,1e-12,exact,pass
low_LTBI_1pct,prevent,500,nTotalCoursesCompleted_median,13.0,13.0,apy_cho_epi_curve_data.csv,0.0,0.0,1e-12,exact,pass
low_LTBI_1pct,prevent,500,nTotalCoursesStarted_median,16.0,16.0,apy_cho_epi_curve_data.csv,0.0,0.0,1e-12,exact,pass
low_LTBI_1pct,prevent,500,nTruePositiveTests_median,9.0,9.0,apy_cho_epi_curve_data.csv,0.0,0.0,1e-12,exact,pass
low_LTBI_1pct,prevent,500,nTruePositiveTreated_median,8.0,8.0,apy_cho_epi_curve_data.csv,0.0,0.0,1e-12,exact,pass
low_LTBI_1pct,prevent,500,relativeReduction20y_median,0.3333333333333333,0.3333333333333333,apy_cho_epi_curve_data.csv,0.0,0.0,1e-12,exact,pass
low_LTBI_1pct,prevent,500,screenCoverage,0.3333333333333333,0.3333333333333333,apy_cho_epi_curve_data.csv,0.0,0.0,1e-12,exact,pass
low_LTBI_1pct,prevent,600,NNS_prevent_one_active_TB,600.0,600.0,apy_cho_epi_curve_data.csv,0.0,0.0,1e-12,exact,pass
low_LTBI_1pct,prevent,600,NNT_completed_prevent_one_active_TB,15.0,15.0,apy_cho_epi_curve_data.csv,0.0,0.0,1e-12,exact,pass
low_LTBI_1pct,prevent,600,NNT_started_prevent_one_active_TB,19.0,19.0,apy_cho_epi_curve_data.csv,0.0,0.0,1e-12,exact,pass
low_LTBI_1pct,prevent,600,PPV_trueAmongTestPositive,0.4545454545454545,0.4545454545454545,apy_cho_epi_curve_data.csv,0.0,0.0,1e-12,exact,pass
low_LTBI_1pct,prevent,600,falsePositiveShareAmongTestPositive,0.5454545454545454,0.5454545454545454,apy_cho_epi_curve_data.csv,0.0,0.0,1e-12,exact,pass
low_LTBI_1pct,prevent,600,falsePositiveTestsPerTruePositiveTest,1.2,1.2,apy_cho_epi_curve_data.csv,0.0,0.0,1e-12,exact,pass
low_LTBI_1pct,prevent,600,falsePositiveTreatedPerTruePositiveTreated,1.1111111111111112,1.1111111111111112,apy_cho_epi_curve_data.csv,0.0,0.0,1e-12,exact,pass
low_LTBI_1pct,prevent,600,falsePositiveTreatedShareAmongCoursesStarted,0.5263157894736842,0.5263157894736842,apy_cho_epi_curve_data.csv,0.0,0.0,1e-12,exact,pass
low_LTBI_1pct,prevent,600,nActiveBy20y_AfterStrategy_median,3.0,3.0,apy_cho_epi_curve_data.csv,0.0,0.0,1e-12,exact,pass
low_LTBI_1pct,prevent,600,nActiveBy20y_DoNothing_median,5.0,5.0,apy_cho_epi_curve_data.csv,0.0,0.0,1e-12,exact,pass
low_LTBI_1pct,prevent,600,nCuredInfection_median,6.0,6.0,apy_cho_epi_curve_data.csv,0.0,0.0,1e-12,exact,pass
low_LTBI_1pct,prevent,600,nFalsePositiveTestsBCG_median,8.0,8.0,apy_cho_epi_curve_data.csv,0.0,0.0,1e-12,exact,pass
low_LTBI_1pct,prevent,600,nFalsePositiveTestsNoBCG_median,3.0,3.0,apy_cho_epi_curve_data.csv,0.0,0.0,1e-12,exact,pass
low_LTBI_1pct,prevent,600,nFalsePositiveTests_median,12.0,12.0,apy_cho_epi_curve_data.csv,0.0,0.0,1e-12,exact,pass
low_LTBI_1pct,prevent,600,nFalsePositiveTreated_median,10.0,10.0,apy_cho_epi_curve_data.csv,0.0,0.0,1e-12,exact,pass
low_LTBI_1pct,prevent,600,nIGRApos_median,22.0,22.0,apy_cho_epi_curve_data.csv,0.0,0.0,1e-12,exact,pass
low_LTBI_1pct,prevent,600,nPreventedActiveTB_median,1.0,1.0,apy_cho_epi_curve_data.csv,0.0,0.0,1e-12,exact,pass
low_LTBI_1pct,prevent,600,nScreenedBCG_median,408.0,408.0,apy_cho_epi_curve_data.csv,0.0,0.0,1e-12,exact,pass
low_LTBI_1pct,prevent,600,nScreened_high95,600.0,600.0,apy_cho_epi_curve_data.csv,0.0,0.0,1e-12,exact,pass
low_LTBI_1pct,prevent,600,nScreened_low95,600.0,600.0,apy_cho_epi_curve_data.csv,0.0,0.0,1e-12,exact,pass
low_LTBI_1pct,prevent,600,nScreened_median,600.0,600.0,apy_cho_epi_curve_data.csv,0.0,0.0,1e-12,exact,pass
low_LTBI_1pct,prevent,600,nTestPositiveNonActive_median,22.0,22.0,apy_cho_epi_curve_data.csv,0.0,0.0,1e-12,exact,pass
low_LTBI_1pct,prevent,600,nTestPositive_median,23.0,23.0,apy_cho_epi_curve_data.csv,0.0,0.0,1e-12,exact,pass
low_LTBI_1pct,prevent,600,nTotalCoursesCompleted_median,15.0,15.0,apy_cho_epi_curve_data.csv,0.0,0.0,1e-12,exact,pass
low_LTBI_1pct,prevent,600,nTotalCoursesStarted_median,19.0,19.0,apy_cho_epi_curve_data.csv,0.0,0.0,1e-12,exact,pass
low_LTBI_1pct,prevent,600,nTruePositiveTests_median,10.0,10.0,apy_cho_epi_curve_data.csv,0.0,0.0,1e-12,exact,pass
low_LTBI_1pct,prevent,600,nTruePositiveTreated_median,9.0,9.0,apy_cho_epi_curve_data.csv,0.0,0.0,1e-12,exact,pass
low_LTBI_1pct,prevent,600,relativeReduction20y_median,0.3333333333333333,0.3333333333333333,apy_cho_epi_curve_data.csv,0.0,0.0,1e-12,exact,pass
low_LTBI_1pct,prevent,600,screenCoverage,0.4,0.4,apy_cho_epi_curve_data.csv,0.0,0.0,1e-12,exact,pass
low_LTBI_1pct,prevent,700,NNS_prevent_one_active_TB,350.0,350.0,apy_cho_epi_curve_data.csv,0.0,0.0,1e-12,exact,pass
low_LTBI_1pct,prevent,700,NNT_completed_prevent_one_active_TB,8.5,8.5,apy_cho_epi_curve_data.csv,0.0,0.0,1e-12,exact,pass
low_LTBI_1pct,prevent,700,NNT_started_prevent_one_active_TB,10.5,10.5,apy_cho_epi_curve_data.csv,0.0,0.0,1e-12,exact,pass
low_LTBI_1pct,prevent,700,PPV_trueAmongTestPositive,0.44,0.44,apy_cho_epi_curve_data.csv,0.0,0.0,1e-12,exact,pass
low_LTBI_1pct,prevent,700,falsePositiveShareAmongTestPositive,0.56,0.56,apy_cho_epi_curve_data.csv,0.0,0.0,1e-12,exact,pass
low_LTBI_1pct,prevent,700,falsePositiveTestsPerTruePositiveTest,1.2727272727272727,1.2727272727272727,apy_cho_epi_curve_data.csv,0.0,0.0,1e-12,exact,pass
low_LTBI_1pct,prevent,700,falsePositiveTreatedPerTruePositiveTreated,1.3333333333333333,1.3333333333333333,apy_cho_epi_curve_data.csv,0.0,0.0,1e-12,exact,pass
low_LTBI_1pct,prevent,700,falsePositiveTreatedShareAmongCoursesStarted,0.5714285714285714,0.5714285714285714,apy_cho_epi_curve_data.csv,0.0,0.0,1e-12,exact,pass
low_LTBI_1pct,prevent,700,nActiveBy20y_AfterStrategy_median,3.0,3.0,apy_cho_epi_curve_data.csv,0.0,0.0,1e-12,exact,pass
low_LTBI_1pct,prevent,700,nActiveBy20y_DoNothing_median,5.0,5.0,apy_cho_epi_curve_data.csv,0.0,0.0,1e-12,exact,pass
low_LTBI_1pct,prevent,700,nCuredInfection_median,6.0,6.0,apy_cho_epi_curve_data.csv,0.0,0.0,1e-12,exact,pass
low_LTBI_1pct,prevent,700,nFalsePositiveTestsBCG_median,9.0,9.0,apy_cho_epi_curve_data.csv,0.0,0.0,1e-12,exact,pass
low_LTBI_1pct,prevent,700,nFalsePositiveTestsNoBCG_median,4.0,4.0,apy_cho_epi_curve_data.csv,0.0,0.0,1e-12,exact,pass
low_LTBI_1pct,prevent,700,nFalsePositiveTests_median,14.0,14.0,apy_cho_epi_curve_data.csv,0.0,0.0,1e-12,exact,pass
low_LTBI_1pct,prevent,700,nFalsePositiveTreated_median,12.0,12.0,apy_cho_epi_curve_data.csv,0.0,0.0,1e-12,exact,pass
low_LTBI_1pct,prevent,700,nIGRApos_median,25.0,25.0,apy_cho_epi_curve_data.csv,0.0,0.0,1e-12,exact,pass
low_LTBI_1pct,prevent,700,nPreventedActiveTB_median,2.0,2.0,apy_cho_epi_curve_data.csv,0.0,0.0,1e-12,exact,pass
low_LTBI_1pct,prevent,700,nScreenedBCG_median,475.0,475.0,apy_cho_epi_curve_data.csv,0.0,0.0,1e-12,exact,pass
low_LTBI_1pct,prevent,700,nScreened_high95,700.0,700.0,apy_cho_epi_curve_data.csv,0.0,0.0,1e-12,exact,pass
low_LTBI_1pct,prevent,700,nScreened_low95,700.0,700.0,apy_cho_epi_curve_data.csv,0.0,0.0,1e-12,exact,pass
low_LTBI_1pct,prevent,700,nScreened_median,700.0,700.0,apy_cho_epi_curve_data.csv,0.0,0.0,1e-12,exact,pass
low_LTBI_1pct,prevent,700,nTestPositiveNonActive_median,25.0,25.0,apy_cho_epi_curve_data.csv,0.0,0.0,1e-12,exact,pass
low_LTBI_1pct,prevent,700,nTestPositive_median,26.0,26.0,apy_cho_epi_curve_data.csv,0.0,0.0,1e-12,exact,pass
low_LTBI_1pct,prevent,700,nTotalCoursesCompleted_median,17.0,17.0,apy_cho_epi_curve_data.csv,0.0,0.0,1e-12,exact,pass
low_LTBI_1pct,prevent,700,nTotalCoursesStarted_median,21.0,21.0,apy_cho_epi_curve_data.csv,0.0,0.0,1e-12,exact,pass
low_LTBI_1pct,prevent,700,nTruePositiveTests_median,11.0,11.0,apy_cho_epi_curve_data.csv,0.0,0.0,1e-12,exact,pass
low_LTBI_1pct,prevent,700,nTruePositiveTreated_median,9.0,9.0,apy_cho_epi_curve_data.csv,0.0,0.0,1e-12,exact,pass
low_LTBI_1pct,prevent,700,relativeReduction20y_median,0.3333333333333333,0.3333333333333333,apy_cho_epi_curve_data.csv,0.0,0.0,1e-12,exact,pass
low_LTBI_1pct,prevent,700,screenCoverage,0.4666666666666667,0.4666666666666667,apy_cho_epi_curve_data.csv,0.0,0.0,1e-12,exact,pass
low_LTBI_1pct,prevent,800,NNS_prevent_one_active_TB,400.0,400.0,apy_cho_epi_curve_data.csv,0.0,0.0,1e-12,exact,pass
low_LTBI_1pct,prevent,800,NNT_completed_prevent_one_active_TB,9.0,9.0,apy_cho_epi_curve_data.csv,0.0,0.0,1e-12,exact,pass
low_LTBI_1pct,prevent,800,NNT_started_prevent_one_active_TB,11.5,11.5,apy_cho_epi_curve_data.csv,0.0,0.0,1e-12,exact,pass
low_LTBI_1pct,prevent,800,PPV_trueAmongTestPositive,0.4074074074074074,0.4074074074074074,apy_cho_epi_curve_data.csv,0.0,0.0,1e-12,exact,pass
low_LTBI_1pct,prevent,800,falsePositiveShareAmongTestPositive,0.5925925925925926,0.5925925925925926,apy_cho_epi_curve_data.csv,0.0,0.0,1e-12,exact,pass
low_LTBI_1pct,prevent,800,falsePositiveTestsPerTruePositiveTest,1.4545454545454546,1.4545454545454546,apy_cho_epi_curve_data.csv,0.0,0.0,1e-12,exact,pass
low_LTBI_1pct,prevent,800,falsePositiveTreatedPerTruePositiveTreated,1.3,1.3,apy_cho_epi_curve_data.csv,0.0,0.0,1e-12,exact,pass
low_LTBI_1pct,prevent,800,falsePositiveTreatedShareAmongCoursesStarted,0.5652173913043478,0.5652173913043478,apy_cho_epi_curve_data.csv,0.0,0.0,1e-12,exact,pass
low_LTBI_1pct,prevent,800,nActiveBy20y_AfterStrategy_median,3.0,3.0,apy_cho_epi_curve_data.csv,0.0,0.0,1e-12,exact,pass
low_LTBI_1pct,prevent,800,nActiveBy20y_DoNothing_median,5.0,5.0,apy_cho_epi_curve_data.csv,0.0,0.0,1e-12,exact,pass
low_LTBI_1pct,prevent,800,nCuredInfection_median,6.0,6.0,apy_cho_epi_curve_data.csv,0.0,0.0,1e-12,exact,pass
low_LTBI_1pct,prevent,800,nFalsePositiveTestsBCG_median,10.0,10.0,apy_cho_epi_curve_data.csv,0.0,0.0,1e-12,exact,pass
low_LTBI_1pct,prevent,800,nFalsePositiveTestsNoBCG_median,5.0,5.0,apy_cho_epi_curve_data.csv,0.0,0.0,1e-12,exact,pass
low_LTBI_1pct,prevent,800,nFalsePositiveTests_median,16.0,16.0,apy_cho_epi_curve_data.csv,0.0,0.0,1e-12,exact,pass
low_LTBI_1pct,prevent,800,nFalsePositiveTreated_median,13.0,13.0,apy_cho_epi_curve_data.csv,0.0,0.0,1e-12,exact,pass
low_LTBI_1pct,prevent,800,nIGRApos_median,27.0,27.0,apy_cho_epi_curve_data.csv,0.0,0.0,1e-12,exact,pass
low_LTBI_1pct,prevent,800,nPreventedActiveTB_median,2.0,2.0,apy_cho_epi_curve_data.csv,0.0,0.0,1e-12,exact,pass
low_LTBI_1pct,prevent,800,nScreenedBCG_median,543.0,543.0,apy_cho_epi_curve_data.csv,0.0,0.0,1e-12,exact,pass
low_LTBI_1pct,prevent,800,nScreened_high95,800.0,800.0,apy_cho_epi_curve_data.csv,0.0,0.0,1e-12,exact,pass
low_LTBI_1pct,prevent,800,nScreened_low95,800.0,800.0,apy_cho_epi_curve_data.csv,0.0,0.0,1e-12,exact,pass
low_LTBI_1pct,prevent,800,nScreened_median,800.0,800.0,apy_cho_epi_curve_data.csv,0.0,0.0,1e-12,exact,pass
low_LTBI_1pct,prevent,800,nTestPositiveNonActive_median,27.0,27.0,apy_cho_epi_curve_data.csv,0.0,0.0,1e-12,exact,pass
low_LTBI_1pct,prevent,800,nTestPositive_median,28.0,28.0,apy_cho_epi_curve_data.csv,0.0,0.0,1e-12,exact,pass
low_LTBI_1pct,prevent,800,nTotalCoursesCompleted_median,18.0,18.0,apy_cho_epi_curve_data.csv,0.0,0.0,1e-12,exact,pass
low_LTBI_1pct,prevent,800,nTotalCoursesStarted_median,23.0,23.0,apy_cho_epi_curve_data.csv,0.0,0.0,1e-12,exact,pass
low_LTBI_1pct,prevent,800,nTruePositiveTests_median,11.0,11.0,apy_cho_epi_curve_data.csv,0.0,0.0,1e-12,exact,pass
low_LTBI_1pct,prevent,800,nTruePositiveTreated_median,10.0,10.0,apy_cho_epi_curve_data.csv,0.0,0.0,1e-12,exact,pass
low_LTBI_1pct,prevent,800,relativeReduction20y_median,0.3333333333333333,0.3333333333333333,apy_cho_epi_curve_data.csv,0.0,0.0,1e-12,exact,pass
low_LTBI_1pct,prevent,800,screenCoverage,0.5333333333333333,0.5333333333333333,apy_cho_epi_curve_data.csv,0.0,0.0,1e-12,exact,pass
low_LTBI_1pct,prevent,900,NNS_prevent_one_active_TB,450.0,450.0,apy_cho_epi_curve_data.csv,0.0,0.0,1e-12,exact,pass
low_LTBI_1pct,prevent,900,NNT_completed_prevent_one_active_TB,10.0,10.0,apy_cho_epi_curve_data.csv,0.0,0.0,1e-12,exact,pass
low_LTBI_1pct,prevent,900,NNT_started_prevent_one_active_TB,12.5,12.5,apy_cho_epi_curve_data.csv,0.0,0.0,1e-12,exact,pass
low_LTBI_1pct,prevent,900,PPV_trueAmongTestPositive,0.4,0.4,apy_cho_epi_curve_data.csv,0.0,0.0,1e-12,exact,pass
low_LTBI_1pct,prevent,900,falsePositiveShareAmongTestPositive,0.6,0.6,apy_cho_epi_curve_data.csv,0.0,0.0,1e-12,exact,pass
low_LTBI_1pct,prevent,900,falsePositiveTestsPerTruePositiveTest,1.5,1.5,apy_cho_epi_curve_data.csv,0.0,0.0,1e-12,exact,pass
low_LTBI_1pct,prevent,900,falsePositiveTreatedPerTruePositiveTreated,1.5,1.5,apy_cho_epi_curve_data.csv,0.0,0.0,1e-12,exact,pass
low_LTBI_1pct,prevent,900,falsePositiveTreatedShareAmongCoursesStarted,0.6,0.6,apy_cho_epi_curve_data.csv,0.0,0.0,1e-12,exact,pass
low_LTBI_1pct,prevent,900,nActiveBy20y_AfterStrategy_median,3.0,3.0,apy_cho_epi_curve_data.csv,0.0,0.0,1e-12,exact,pass
low_LTBI_1pct,prevent,900,nActiveBy20y_DoNothing_median,5.0,5.0,apy_cho_epi_curve_data.csv,0.0,0.0,1e-12,exact,pass
low_LTBI_1pct,prevent,900,nCuredInfection_median,7.0,7.0,apy_cho_epi_curve_data.csv,0.0,0.0,1e-12,exact,pass
low_LTBI_1pct,prevent,900,nFalsePositiveTestsBCG_median,12.0,12.0,apy_cho_epi_curve_data.csv,0.0,0.0,1e-12,exact,pass
low_LTBI_1pct,prevent,900,nFalsePositiveTestsNoBCG_median,5.0,5.0,apy_cho_epi_curve_data.csv,0.0,0.0,1e-12,exact,pass
low_LTBI_1pct,prevent,900,nFalsePositiveTests_median,18.0,18.0,apy_cho_epi_curve_data.csv,0.0,0.0,1e-12,exact,pass
low_LTBI_1pct,prevent,900,nFalsePositiveTreated_median,15.0,15.0,apy_cho_epi_curve_data.csv,0.0,0.0,1e-12,exact,pass
low_LTBI_1pct,prevent,900,nIGRApos_median,30.0,30.0,apy_cho_epi_curve_data.csv,0.0,0.0,1e-12,exact,pass
low_LTBI_1pct,prevent,900,nPreventedActiveTB_median,2.0,2.0,apy_cho_epi_curve_data.csv,0.0,0.0,1e-12,exact,pass
low_LTBI_1pct,prevent,900,nScreenedBCG_median,611.0,611.0,apy_cho_epi_curve_data.csv,0.0,0.0,1e-12,exact,pass
low_LTBI_1pct,prevent,900,nScreened_high95,900.0,900.0,apy_cho_epi_curve_data.csv,0.0,0.0,1e-12,exact,pass
low_LTBI_1pct,prevent,900,nScreened_low95,900.0,900.0,apy_cho_epi_curve_data.csv,0.0,0.0,1e-12,exact,pass
low_LTBI_1pct,prevent,900,nScreened_median,900.0,900.0,apy_cho_epi_curve_data.csv,0.0,0.0,1e-12,exact,pass
low_LTBI_1pct,prevent,900,nTestPositiveNonActive_median,30.0,30.0,apy_cho_epi_curve_data.csv,0.0,0.0,1e-12,exact,pass
low_LTBI_1pct,prevent,900,nTestPositive_median,31.0,31.0,apy_cho_epi_curve_data.csv,0.0,0.0,1e-12,exact,pass
low_LTBI_1pct,prevent,900,nTotalCoursesCompleted_median,20.0,20.0,apy_cho_epi_curve_data.csv,0.0,0.0,1e-12,exact,pass
low_LTBI_1pct,prevent,900,nTotalCoursesStarted_median,25.0,25.0,apy_cho_epi_curve_data.csv,0.0,0.0,1e-12,exact,pass
low_LTBI_1pct,prevent,900,nTruePositiveTests_median,12.0,12.0,apy_cho_epi_curve_data.csv,0.0,0.0,1e-12,exact,pass
low_LTBI_1pct,prevent,900,nTruePositiveTreated_median,10.0,10.0,apy_cho_epi_curve_data.csv,0.0,0.0,1e-12,exact,pass
low_LTBI_1pct,prevent,900,relativeReduction20y_median,0.3333333333333333,0.3333333333333333,apy_cho_epi_curve_data.csv,0.0,0.0,1e-12,exact,pass
low_LTBI_1pct,prevent,900,screenCoverage,0.6,0.6,apy_cho_epi_curve_data.csv,0.0,0.0,1e-12,exact,pass
low_LTBI_1pct,prevent,1000,NNS_prevent_one_active_TB,500.0,500.0,apy_cho_epi_curve_data.csv,0.0,0.0,1e-12,exact,pass
low_LTBI_1pct,prevent,1000,NNT_completed_prevent_one_active_TB,11.0,11.0,apy_cho_epi_curve_data.csv,0.0,0.0,1e-12,exact,pass
low_LTBI_1pct,prevent,1000,NNT_started_prevent_one_active_TB,13.5,13.5,apy_cho_epi_curve_data.csv,0.0,0.0,1e-12,exact,pass
low_LTBI_1pct,prevent,1000,PPV_trueAmongTestPositive,0.40625,0.40625,apy_cho_epi_curve_data.csv,0.0,0.0,1e-12,exact,pass
low_LTBI_1pct,prevent,1000,falsePositiveShareAmongTestPositive,0.59375,0.59375,apy_cho_epi_curve_data.csv,0.0,0.0,1e-12,exact,pass
low_LTBI_1pct,prevent,1000,falsePositiveTestsPerTruePositiveTest,1.4615384615384617,1.4615384615384617,apy_cho_epi_curve_data.csv,0.0,0.0,1e-12,exact,pass
low_LTBI_1pct,prevent,1000,falsePositiveTreatedPerTruePositiveTreated,1.7,1.7,apy_cho_epi_curve_data.csv,0.0,0.0,1e-12,exact,pass
low_LTBI_1pct,prevent,1000,falsePositiveTreatedShareAmongCoursesStarted,0.6296296296296297,0.6296296296296297,apy_cho_epi_curve_data.csv,0.0,0.0,1e-12,exact,pass
low_LTBI_1pct,prevent,1000,nActiveBy20y_AfterStrategy_median,3.0,3.0,apy_cho_epi_curve_data.csv,0.0,0.0,1e-12,exact,pass
low_LTBI_1pct,prevent,1000,nActiveBy20y_DoNothing_median,5.0,5.0,apy_cho_epi_curve_data.csv,0.0,0.0,1e-12,exact,pass
low_LTBI_1pct,prevent,1000,nCuredInfection_median,7.0,7.0,apy_cho_epi_curve_data.csv,0.0,0.0,1e-12,exact,pass
low_LTBI_1pct,prevent,1000,nFalsePositiveTestsBCG_median,13.0,13.0,apy_cho_epi_curve_data.csv,0.0,0.0,1e-12,exact,pass
low_LTBI_1pct,prevent,1000,nFalsePositiveTestsNoBCG_median,6.0,6.0,apy_cho_epi_curve_data.csv,0.0,0.0,1e-12,exact,pass
low_LTBI_1pct,prevent,1000,nFalsePositiveTests_median,19.0,19.0,apy_cho_epi_curve_data.csv,0.0,0.0,1e-12,exact,pass
low_LTBI_1pct,prevent,1000,nFalsePositiveTreated_median,17.0,17.0,apy_cho_epi_curve_data.csv,0.0,0.0,1e-12,exact,pass
low_LTBI_1pct,prevent,1000,nIGRApos_median,32.0,32.0,apy_cho_epi_curve_data.csv,0.0,0.0,1e-12,exact,pass
low_LTBI_1pct,prevent,1000,nPreventedActiveTB_median,2.0,2.0,apy_cho_epi_curve_data.csv,0.0,0.0,1e-12,exact,pass
low_LTBI_1pct,prevent,1000,nScreenedBCG_median,679.0,679.0,apy_cho_epi_curve_data.csv,0.0,0.0,1e-12,exact,pass
low_LTBI_1pct,prevent,1000,nScreened_high95,1000.0,1000.0,apy_cho_epi_curve_data.csv,0.0,0.0,1e-12,exact,pass
low_LTBI_1pct,prevent,1000,nScreened_low95,1000.0,1000.0,apy_cho_epi_curve_data.csv,0.0,0.0,1e-12,exact,pass
low_LTBI_1pct,prevent,1000,nScreened_median,1000.0,1000.0,apy_cho_epi_curve_data.csv,0.0,0.0,1e-12,exact,pass
low_LTBI_1pct,prevent,1000,nTestPositiveNonActive_median,32.0,32.0,apy_cho_epi_curve_data.csv,0.0,0.0,1e-12,exact,pass
low_LTBI_1pct,prevent,1000,nTestPositive_median,33.0,33.0,apy_cho_epi_curve_data.csv,0.0,0.0,1e-12,exact,pass
low_LTBI_1pct,prevent,1000,nTotalCoursesCompleted_median,22.0,22.0,apy_cho_epi_curve_data.csv,0.0,0.0,1e-12,exact,pass
low_LTBI_1pct,prevent,1000,nTotalCoursesStarted_median,27.0,27.0,apy_cho_epi_curve_data.csv,0.0,0.0,1e-12,exact,pass
low_LTBI_1pct,prevent,1000,nTruePositiveTests_median,13.0,13.0,apy_cho_epi_curve_data.csv,0.0,0.0,1e-12,exact,pass
low_LTBI_1pct,prevent,1000,nTruePositiveTreated_median,10.0,10.0,apy_cho_epi_curve_data.csv,0.0,0.0,1e-12,exact,pass
low_LTBI_1pct,prevent,1000,relativeReduction20y_median,0.3333333333333333,0.3333333333333333,apy_cho_epi_curve_data.csv,0.0,0.0,1e-12,exact,pass
low_LTBI_1pct,prevent,1000,screenCoverage,0.6666666666666666,0.6666666666666666,apy_cho_epi_curve_data.csv,0.0,0.0,1e-12,exact,pass
low_LTBI_1pct,prevent,1100,NNS_prevent_one_active_TB,550.0,550.0,apy_cho_epi_curve_data.csv,0.0,0.0,1e-12,exact,pass
low_LTBI_1pct,prevent,1100,NNT_completed_prevent_one_active_TB,11.5,11.5,apy_cho_epi_curve_data.csv,0.0,0.0,1e-12,exact,pass
low_LTBI_1pct,prevent,1100,NNT_started_prevent_one_active_TB,14.5,14.5,apy_cho_epi_curve_data.csv,0.0,0.0,1e-12,exact,pass
low_LTBI_1pct,prevent,1100,PPV_trueAmongTestPositive,0.3529411764705882,0.3529411764705882,apy_cho_epi_curve_data.csv,0.0,0.0,1e-12,exact,pass
low_LTBI_1pct,prevent,1100,falsePositiveShareAmongTestPositive,0.6470588235294118,0.6470588235294118,apy_cho_epi_curve_data.csv,0.0,0.0,1e-12,exact,pass
low_LTBI_1pct,prevent,1100,falsePositiveTestsPerTruePositiveTest,1.8333333333333333,1.8333333333333333,apy_cho_epi_curve_data.csv,0.0,0.0,1e-12,exact,pass
low_LTBI_1pct,prevent,1100,falsePositiveTreatedPerTruePositiveTreated,1.6363636363636365,1.6363636363636365,apy_cho_epi_curve_data.csv,0.0,0.0,1e-12,exact,pass
low_LTBI_1pct,prevent,1100,falsePositiveTreatedShareAmongCoursesStarted,0.6206896551724138,0.6206896551724138,apy_cho_epi_curve_data.csv,0.0,0.0,1e-12,exact,pass
low_LTBI_1pct,prevent,1100,nActiveBy20y_AfterStrategy_median,3.0,3.0,apy_cho_epi_curve_data.csv,0.0,0.0,1e-12,exact,pass
low_LTBI_1pct,prevent,1100,nActiveBy20y_DoNothing_median,5.0,5.0,apy_cho_epi_curve_data.csv,0.0,0.0,1e-12,exact,pass
low_LTBI_1pct,prevent,1100,nCuredInfection_median,7.0,7.0,apy_cho_epi_curve_data.csv,0.0,0.0,1e-12,exact,pass
low_LTBI_1pct,prevent,1100,nFalsePositiveTestsBCG_median,14.0,14.0,apy_cho_epi_curve_data.csv,0.0,0.0,1e-12,exact,pass
low_LTBI_1pct,prevent,1100,nFalsePositiveTestsNoBCG_median,7.0,7.0,apy_cho_epi_curve_data.csv,0.0,0.0,1e-12,exact,pass
low_LTBI_1pct,prevent,1100,nFalsePositiveTests_median,22.0,22.0,apy_cho_epi_curve_data.csv,0.0,0.0,1e-12,exact,pass
low_LTBI_1pct,prevent,1100,nFalsePositiveTreated_median,18.0,18.0,apy_cho_epi_curve_data.csv,0.0,0.0,1e-12,exact,pass
low_LTBI_1pct,prevent,1100,nIGRApos_median,34.0,34.0,apy_cho_epi_curve_data.csv,0.0,0.0,1e-12,exact,pass
low_LTBI_1pct,prevent,1100,nPreventedActiveTB_median,2.0,2.0,apy_cho_epi_curve_data.csv,0.0,0.0,1e-12,exact,pass
low_LTBI_1pct,prevent,1100,nScreenedBCG_median,748.0,748.0,apy_cho_epi_curve_data.csv,0.0,0.0,1e-12,exact,pass
low_LTBI_1pct,prevent,1100,nScreened_high95,1100.0,1100.0,apy_cho_epi_curve_data.csv,0.0,0.0,1e-12,exact,pass
low_LTBI_1pct,prevent,1100,nScreened_low95,1100.0,1100.0,apy_cho_epi_curve_data.csv,0.0,0.0,1e-12,exact,pass
low_LTBI_1pct,prevent,1100,nScreened_median,1100.0,1100.0,apy_cho_epi_curve_data.csv,0.0,0.0,1e-12,exact,pass
low_LTBI_1pct,prevent,1100,nTestPositiveNonActive_median,34.0,34.0,apy_cho_epi_curve_data.csv,0.0,0.0,1e-12,exact,pass
low_LTBI_1pct,prevent,1100,nTestPositive_median,35.5,35.5,apy_cho_epi_curve_data.csv,0.0,0.0,1e-12,exact,pass
low_LTBI_1pct,prevent,1100,nTotalCoursesCompleted_median,23.0,23.0,apy_cho_epi_curve_data.csv,0.0,0.0,1e-12,exact,pass
low_LTBI_1pct,prevent,1100,nTotalCoursesStarted_median,29.0,29.0,apy_cho_epi_curve_data.csv,0.0,0.0,1e-12,exact,pass
low_LTBI_1pct,prevent,1100,nTruePositiveTests_median,12.0,12.0,apy_cho_epi_curve_data.csv,0.0,0.0,1e-12,exact,pass
low_LTBI_1pct,prevent,1100,nTruePositiveTreated_median,11.0,11.0,apy_cho_epi_curve_data.csv,0.0,0.0,1e-12,exact,pass
low_LTBI_1pct,prevent,1100,relativeReduction20y_median,0.3333333333333333,0.3333333333333333,apy_cho_epi_curve_data.csv,0.0,0.0,1e-12,exact,pass
low_LTBI_1pct,prevent,1100,screenCoverage,0.7333333333333333,0.7333333333333333,apy_cho_epi_curve_data.csv,0.0,0.0,1e-12,exact,pass
low_LTBI_1pct,prevent,1200,NNS_prevent_one_active_TB,600.0,600.0,apy_cho_epi_curve_data.csv,0.0,0.0,1e-12,exact,pass
low_LTBI_1pct,prevent,1200,NNT_completed_prevent_one_active_TB,12.5,12.5,apy_cho_epi_curve_data.csv,0.0,0.0,1e-12,exact,pass
low_LTBI_1pct,prevent,1200,NNT_started_prevent_one_active_TB,15.5,15.5,apy_cho_epi_curve_data.csv,0.0,0.0,1e-12,exact,pass
low_LTBI_1pct,prevent,1200,PPV_trueAmongTestPositive,0.3611111111111111,0.3611111111111111,apy_cho_epi_curve_data.csv,0.0,0.0,1e-12,exact,pass
low_LTBI_1pct,prevent,1200,falsePositiveShareAmongTestPositive,0.6388888888888888,0.6388888888888888,apy_cho_epi_curve_data.csv,0.0,0.0,1e-12,exact,pass
low_LTBI_1pct,prevent,1200,falsePositiveTestsPerTruePositiveTest,1.7692307692307692,1.7692307692307692,apy_cho_epi_curve_data.csv,0.0,0.0,1e-12,exact,pass
low_LTBI_1pct,prevent,1200,falsePositiveTreatedPerTruePositiveTreated,1.818181818181818,1.818181818181818,apy_cho_epi_curve_data.csv,0.0,0.0,1e-12,exact,pass
low_LTBI_1pct,prevent,1200,falsePositiveTreatedShareAmongCoursesStarted,0.6451612903225806,0.6451612903225806,apy_cho_epi_curve_data.csv,0.0,0.0,1e-12,exact,pass
low_LTBI_1pct,prevent,1200,nActiveBy20y_AfterStrategy_median,3.0,3.0,apy_cho_epi_curve_data.csv,0.0,0.0,1e-12,exact,pass
low_LTBI_1pct,prevent,1200,nActiveBy20y_DoNothing_median,5.0,5.0,apy_cho_epi_curve_data.csv,0.0,0.0,1e-12,exact,pass
low_LTBI_1pct,prevent,1200,nCuredInfection_median,7.0,7.0,apy_cho_epi_curve_data.csv,0.0,0.0,1e-12,exact,pass
low_LTBI_1pct,prevent,1200,nFalsePositiveTestsBCG_median,16.0,16.0,apy_cho_epi_curve_data.csv,0.0,0.0,1e-12,exact,pass
low_LTBI_1pct,prevent,1200,nFalsePositiveTestsNoBCG_median,7.0,7.0,apy_cho_epi_curve_data.csv,0.0,0.0,1e-12,exact,pass
low_LTBI_1pct,prevent,1200,nFalsePositiveTests_median,23.0,23.0,apy_cho_epi_curve_data.csv,0.0,0.0,1e-12,exact,pass
low_LTBI_1pct,prevent,1200,nFalsePositiveTreated_median,20.0,20.0,apy_cho_epi_curve_data.csv,0.0,0.0,1e-12,exact,pass
low_LTBI_1pct,prevent,1200,nIGRApos_median,36.0,36.0,apy_cho_epi_curve_data.csv,0.0,0.0,1e-12,exact,pass
low_LTBI_1pct,prevent,1200,nPreventedActiveTB_median,2.0,2.0,apy_cho_epi_curve_data.csv,0.0,0.0,1e-12,exact,pass
low_LTBI_1pct,prevent,1200,nScreenedBCG_median,815.0,815.0,apy_cho_epi_curve_data.csv,0.0,0.0,1e-12,exact,pass
low_LTBI_1pct,prevent,1200,nScreened_high95,1200.0,1200.0,apy_cho_epi_curve_data.csv,0.0,0.0,1e-12,exact,pass
low_LTBI_1pct,prevent,1200,nScreened_low95,1200.0,1200.0,apy_cho_epi_curve_data.csv,0.0,0.0,1e-12,exact,pass
low_LTBI_1pct,prevent,1200,nScreened_median,1200.0,1200.0,apy_cho_epi_curve_data.csv,0.0,0.0,1e-12,exact,pass
low_LTBI_1pct,prevent,1200,nTestPositiveNonActive_median,36.0,36.0,apy_cho_epi_curve_data.csv,0.0,0.0,1e-12,exact,pass
low_LTBI_1pct,prevent,1200,nTestPositive_median,38.0,38.0,apy_cho_epi_curve_data.csv,0.0,0.0,1e-12,exact,pass
low_LTBI_1pct,prevent,1200,nTotalCoursesCompleted_median,25.0,25.0,apy_cho_epi_curve_data.csv,0.0,0.0,1e-12,exact,pass
low_LTBI_1pct,prevent,1200,nTotalCoursesStarted_median,31.0,31.0,apy_cho_epi_curve_data.csv,0.0,0.0,1e-12,exact,pass
low_LTBI_1pct,prevent,1200,nTruePositiveTests_median,13.0,13.0,apy_cho_epi_curve_data.csv,0.0,0.0,1e-12,exact,pass
low_LTBI_1pct,prevent,1200,nTruePositiveTreated_median,11.0,11.0,apy_cho_epi_curve_data.csv,0.0,0.0,1e-12,exact,pass
low_LTBI_1pct,prevent,1200,relativeReduction20y_median,0.3333333333333333,0.3333333333333333,apy_cho_epi_curve_data.csv,0.0,0.0,1e-12,exact,pass
low_LTBI_1pct,prevent,1200,screenCoverage,0.8,0.8,apy_cho_epi_curve_data.csv,0.0,0.0,1e-12,exact,pass
low_LTBI_1pct,prevent,1300,NNS_prevent_one_active_TB,650.0,650.0,apy_cho_epi_curve_data.csv,0.0,0.0,1e-12,exact,pass
low_LTBI_1pct,prevent,1300,NNT_completed_prevent_one_active_TB,13.0,13.0,apy_cho_epi_curve_data.csv,0.0,0.0,1e-12,exact,pass
low_LTBI_1pct,prevent,1300,NNT_started_prevent_one_active_TB,16.0,16.0,apy_cho_epi_curve_data.csv,0.0,0.0,1e-12,exact,pass
low_LTBI_1pct,prevent,1300,PPV_trueAmongTestPositive,0.3421052631578947,0.3421052631578947,apy_cho_epi_curve_data.csv,0.0,0.0,1e-12,exact,pass
low_LTBI_1pct,prevent,1300,falsePositiveShareAmongTestPositive,0.6578947368421053,0.6578947368421053,apy_cho_epi_curve_data.csv,0.0,0.0,1e-12,exact,pass
low_LTBI_1pct,prevent,1300,falsePositiveTestsPerTruePositiveTest,1.9230769230769231,1.9230769230769231,apy_cho_epi_curve_data.csv,0.0,0.0,1e-12,exact,pass
low_LTBI_1pct,prevent,1300,falsePositiveTreatedPerTruePositiveTreated,2.2,2.2,apy_cho_epi_curve_data.csv,0.0,0.0,1e-12,exact,pass
low_LTBI_1pct,prevent,1300,falsePositiveTreatedShareAmongCoursesStarted,0.6875,0.6875,apy_cho_epi_curve_data.csv,0.0,0.0,1e-12,exact,pass
low_LTBI_1pct,prevent,1300,nActiveBy20y_AfterStrategy_median,3.0,3.0,apy_cho_epi_curve_data.csv,0.0,0.0,1e-12,exact,pass
low_LTBI_1pct,prevent,1300,nActiveBy20y_DoNothing_median,5.0,5.0,apy_cho_epi_curve_data.csv,0.0,0.0,1e-12,exact,pass
low_LTBI_1pct,prevent,1300,nCuredInfection_median,7.0,7.0,apy_cho_epi_curve_data.csv,0.0,0.0,1e-12,exact,pass
low_LTBI_1pct,prevent,1300,nFalsePositiveTestsBCG_median,17.0,17.0,apy_cho_epi_curve_data.csv,0.0,0.0,1e-12,exact,pass
low_LTBI_1pct,prevent,1300,nFalsePositiveTestsNoBCG_median,8.0,8.0,apy_cho_epi_curve_data.csv,0.0,0.0,1e-12,exact,pass
low_LTBI_1pct,prevent,1300,nFalsePositiveTests_median,25.0,25.0,apy_cho_epi_curve_data.csv,0.0,0.0,1e-12,exact,pass
low_LTBI_1pct,prevent,1300,nFalsePositiveTreated_median,22.0,22.0,apy_cho_epi_curve_data.csv,0.0,0.0,1e-12,exact,pass
low_LTBI_1pct,prevent,1300,nIGRApos_median,38.0,38.0,apy_cho_epi_curve_data.csv,0.0,0.0,1e-12,exact,pass
low_LTBI_1pct,prevent,1300,nPreventedActiveTB_median,2.0,2.0,apy_cho_epi_curve_data.csv,0.0,0.0,1e-12,exact,pass
low_LTBI_1pct,prevent,1300,nScreenedBCG_median,883.0,883.0,apy_cho_epi_curve_data.csv,0.0,0.0,1e-12,exact,pass
low_LTBI_1pct,prevent,1300,nScreened_high95,1300.0,1300.0,apy_cho_epi_curve_data.csv,0.0,0.0,1e-12,exact,pass
low_LTBI_1pct,prevent,1300,nScreened_low95,1300.0,1300.0,apy_cho_epi_curve_data.csv,0.0,0.0,1e-12,exact,pass
low_LTBI_1pct,prevent,1300,nScreened_median,1300.0,1300.0,apy_cho_epi_curve_data.csv,0.0,0.0,1e-12,exact,pass
low_LTBI_1pct,prevent,1300,nTestPositiveNonActive_median,38.0,38.0,apy_cho_epi_curve_data.csv,0.0,0.0,1e-12,exact,pass
low_LTBI_1pct,prevent,1300,nTestPositive_median,40.0,40.0,apy_cho_epi_curve_data.csv,0.0,0.0,1e-12,exact,pass
low_LTBI_1pct,prevent,1300,nTotalCoursesCompleted_median,26.0,26.0,apy_cho_epi_curve_data.csv,0.0,0.0,1e-12,exact,pass
low_LTBI_1pct,prevent,1300,nTotalCoursesStarted_median,32.0,32.0,apy_cho_epi_curve_data.csv,0.0,0.0,1e-12,exact,pass
low_LTBI_1pct,prevent,1300,nTruePositiveTests_median,13.0,13.0,apy_cho_epi_curve_data.csv,0.0,0.0,1e-12,exact,pass
low_LTBI_1pct,prevent,1300,nTruePositiveTreated_median,10.0,10.0,apy_cho_epi_curve_data.csv,0.0,0.0,1e-12,exact,pass
low_LTBI_1pct,prevent,1300,relativeReduction20y_median,0.3333333333333333,0.3333333333333333,apy_cho_epi_curve_data.csv,0.0,0.0,1e-12,exact,pass
low_LTBI_1pct,prevent,1300,screenCoverage,0.8666666666666667,0.8666666666666667,apy_cho_epi_curve_data.csv,0.0,0.0,1e-12,exact,pass
low_LTBI_1pct,prevent,1400,NNS_prevent_one_active_TB,700.0,700.0,apy_cho_epi_curve_data.csv,0.0,0.0,1e-12,exact,pass
low_LTBI_1pct,prevent,1400,NNT_completed_prevent_one_active_TB,13.5,13.5,apy_cho_epi_curve_data.csv,0.0,0.0,1e-12,exact,pass
low_LTBI_1pct,prevent,1400,NNT_started_prevent_one_active_TB,17.0,17.0,apy_cho_epi_curve_data.csv,0.0,0.0,1e-12,exact,pass
low_LTBI_1pct,prevent,1400,PPV_trueAmongTestPositive,0.3,0.3,apy_cho_epi_curve_data.csv,0.0,0.0,1e-12,exact,pass
low_LTBI_1pct,prevent,1400,falsePositiveShareAmongTestPositive,0.7,0.7,apy_cho_epi_curve_data.csv,0.0,0.0,1e-12,exact,pass
low_LTBI_1pct,prevent,1400,falsePositiveTestsPerTruePositiveTest,2.333333333333333,2.333333333333333,apy_cho_epi_curve_data.csv,0.0,0.0,1e-12,exact,pass
low_LTBI_1pct,prevent,1400,falsePositiveTreatedPerTruePositiveTreated,2.090909090909091,2.090909090909091,apy_cho_epi_curve_data.csv,0.0,0.0,1e-12,exact,pass
low_LTBI_1pct,prevent,1400,falsePositiveTreatedShareAmongCoursesStarted,0.6764705882352942,0.6764705882352942,apy_cho_epi_curve_data.csv,0.0,0.0,1e-12,exact,pass
low_LTBI_1pct,prevent,1400,nActiveBy20y_AfterStrategy_median,3.0,3.0,apy_cho_epi_curve_data.csv,0.0,0.0,1e-12,exact,pass
low_LTBI_1pct,prevent,1400,nActiveBy20y_DoNothing_median,5.0,5.0,apy_cho_epi_curve_data.csv,0.0,0.0,1e-12,exact,pass
low_LTBI_1pct,prevent,1400,nCuredInfection_median,7.0,7.0,apy_cho_epi_curve_data.csv,0.0,0.0,1e-12,exact,pass
low_LTBI_1pct,prevent,1400,nFalsePositiveTestsBCG_median,19.0,19.0,apy_cho_epi_curve_data.csv,0.0,0.0,1e-12,exact,pass
low_LTBI_1pct,prevent,1400,nFalsePositiveTestsNoBCG_median,9.0,9.0,apy_cho_epi_curve_data.csv,0.0,0.0,1e-12,exact,pass
low_LTBI_1pct,prevent,1400,nFalsePositiveTests_median,28.0,28.0,apy_cho_epi_curve_data.csv,0.0,0.0,1e-12,exact,pass
low_LTBI_1pct,prevent,1400,nFalsePositiveTreated_median,23.0,23.0,apy_cho_epi_curve_data.csv,0.0,0.0,1e-12,exact,pass
low_LTBI_1pct,prevent,1400,nIGRApos_median,40.0,40.0,apy_cho_epi_curve_data.csv,0.0,0.0,1e-12,exact,pass
low_LTBI_1pct,prevent,1400,nPreventedActiveTB_median,2.0,2.0,apy_cho_epi_curve_data.csv,0.0,0.0,1e-12,exact,pass
low_LTBI_1pct,prevent,1400,nScreenedBCG_median,951.0,951.0,apy_cho_epi_curve_data.csv,0.0,0.0,1e-12,exact,pass
low_LTBI_1pct,prevent,1400,nScreened_high95,1400.0,1400.0,apy_cho_epi_curve_data.csv,0.0,0.0,1e-12,exact,pass
low_LTBI_1pct,prevent,1400,nScreened_low95,1400.0,1400.0,apy_cho_epi_curve_data.csv,0.0,0.0,1e-12,exact,pass
low_LTBI_1pct,prevent,1400,nScreened_median,1400.0,1400.0,apy_cho_epi_curve_data.csv,0.0,0.0,1e-12,exact,pass
low_LTBI_1pct,prevent,1400,nTestPositiveNonActive_median,40.0,40.0,apy_cho_epi_curve_data.csv,0.0,0.0,1e-12,exact,pass
low_LTBI_1pct,prevent,1400,nTestPositive_median,42.0,42.0,apy_cho_epi_curve_data.csv,0.0,0.0,1e-12,exact,pass
low_LTBI_1pct,prevent,1400,nTotalCoursesCompleted_median,27.0,27.0,apy_cho_epi_curve_data.csv,0.0,0.0,1e-12,exact,pass
low_LTBI_1pct,prevent,1400,nTotalCoursesStarted_median,34.0,34.0,apy_cho_epi_curve_data.csv,0.0,0.0,1e-12,exact,pass
low_LTBI_1pct,prevent,1400,nTruePositiveTests_median,12.0,12.0,apy_cho_epi_curve_data.csv,0.0,0.0,1e-12,exact,pass
low_LTBI_1pct,prevent,1400,nTruePositiveTreated_median,11.0,11.0,apy_cho_epi_curve_data.csv,0.0,0.0,1e-12,exact,pass
low_LTBI_1pct,prevent,1400,relativeReduction20y_median,0.3333333333333333,0.3333333333333333,apy_cho_epi_curve_data.csv,0.0,0.0,1e-12,exact,pass
low_LTBI_1pct,prevent,1400,screenCoverage,0.9333333333333332,0.9333333333333332,apy_cho_epi_curve_data.csv,0.0,0.0,1e-12,exact,pass
low_LTBI_1pct,prevent,1500,NNS_prevent_one_active_TB,750.0,750.0,apy_cho_epi_curve_data.csv,0.0,0.0,1e-12,exact,pass
low_LTBI_1pct,prevent,1500,NNT_completed_prevent_one_active_TB,14.5,14.5,apy_cho_epi_curve_data.csv,0.0,0.0,1e-12,exact,pass
low_LTBI_1pct,prevent,1500,NNT_started_prevent_one_active_TB,18.0,18.0,apy_cho_epi_curve_data.csv,0.0,0.0,1e-12,exact,pass
low_LTBI_1pct,prevent,1500,PPV_trueAmongTestPositive,0.2857142857142857,0.2857142857142857,apy_cho_epi_curve_data.csv,0.0,0.0,1e-12,exact,pass
low_LTBI_1pct,prevent,1500,falsePositiveShareAmongTestPositive,0.7142857142857143,0.7142857142857143,apy_cho_epi_curve_data.csv,0.0,0.0,1e-12,exact,pass
low_LTBI_1pct,prevent,1500,falsePositiveTestsPerTruePositiveTest,2.5,2.5,apy_cho_epi_curve_data.csv,0.0,0.0,1e-12,exact,pass
low_LTBI_1pct,prevent,1500,falsePositiveTreatedPerTruePositiveTreated,2.272727272727273,2.272727272727273,apy_cho_epi_curve_data.csv,0.0,0.0,1e-12,exact,pass
low_LTBI_1pct,prevent,1500,falsePositiveTreatedShareAmongCoursesStarted,0.6944444444444444,0.6944444444444444,apy_cho_epi_curve_data.csv,0.0,0.0,1e-12,exact,pass
low_LTBI_1pct,prevent,1500,nActiveBy20y_AfterStrategy_median,3.0,3.0,apy_cho_epi_curve_data.csv,0.0,0.0,1e-12,exact,pass
low_LTBI_1pct,prevent,1500,nActiveBy20y_DoNothing_median,5.0,5.0,apy_cho_epi_curve_data.csv,0.0,0.0,1e-12,exact,pass
low_LTBI_1pct,prevent,1500,nCuredInfection_median,7.0,7.0,apy_cho_epi_curve_data.csv,0.0,0.0,1e-12,exact,pass
low_LTBI_1pct,prevent,1500,nFalsePositiveTestsBCG_median,20.0,20.0,apy_cho_epi_curve_data.csv,0.0,0.0,1e-12,exact,pass
low_LTBI_1pct,prevent,1500,nFalsePositiveTestsNoBCG_median,9.0,9.0,apy_cho_epi_curve_data.csv,0.0,0.0,1e-12,exact,pass
low_LTBI_1pct,prevent,1500,nFalsePositiveTests_median,30.0,30.0,apy_cho_epi_curve_data.csv,0.0,0.0,1e-12,exact,pass
low_LTBI_1pct,prevent,1500,nFalsePositiveTreated_median,25.0,25.0,apy_cho_epi_curve_data.csv,0.0,0.0,1e-12,exact,pass
low_LTBI_1pct,prevent,1500,nIGRApos_median,42.0,42.0,apy_cho_epi_curve_data.csv,0.0,0.0,1e-12,exact,pass
low_LTBI_1pct,prevent,1500,nPreventedActiveTB_median,2.0,2.0,apy_cho_epi_curve_data.csv,0.0,0.0,1e-12,exact,pass
low_LTBI_1pct,prevent,1500,nScreenedBCG_median,1019.0,1019.0,apy_cho_epi_curve_data.csv,0.0,0.0,1e-12,exact,pass
low_LTBI_1pct,prevent,1500,nScreened_high95,1500.0,1500.0,apy_cho_epi_curve_data.csv,0.0,0.0,1e-12,exact,pass
low_LTBI_1pct,prevent,1500,nScreened_low95,1500.0,1500.0,apy_cho_epi_curve_data.csv,0.0,0.0,1e-12,exact,pass
low_LTBI_1pct,prevent,1500,nScreened_median,1500.0,1500.0,apy_cho_epi_curve_data.csv,0.0,0.0,1e-12,exact,pass
low_LTBI_1pct,prevent,1500,nTestPositiveNonActive_median,42.0,42.0,apy_cho_epi_curve_data.csv,0.0,0.0,1e-12,exact,pass
low_LTBI_1pct,prevent,1500,nTestPositive_median,44.0,44.0,apy_cho_epi_curve_data.csv,0.0,0.0,1e-12,exact,pass
low_LTBI_1pct,prevent,1500,nTotalCoursesCompleted_median,29.0,29.0,apy_cho_epi_curve_data.csv,0.0,0.0,1e-12,exact,pass
low_LTBI_1pct,prevent,1500,nTotalCoursesStarted_median,36.0,36.0,apy_cho_epi_curve_data.csv,0.0,0.0,1e-12,exact,pass
low_LTBI_1pct,prevent,1500,nTruePositiveTests_median,12.0,12.0,apy_cho_epi_curve_data.csv,0.0,0.0,1e-12,exact,pass
low_LTBI_1pct,prevent,1500,nTruePositiveTreated_median,11.0,11.0,apy_cho_epi_curve_data.csv,0.0,0.0,1e-12,exact,pass
low_LTBI_1pct,prevent,1500,relativeReduction20y_median,0.3333333333333333,0.3333333333333333,apy_cho_epi_curve_data.csv,0.0,0.0,1e-12,exact,pass
low_LTBI_1pct,prevent,1500,screenCoverage,1.0,1.0,apy_cho_epi_curve_data.csv,0.0,0.0,1e-12,exact,pass
low_LTBI_1pct,random,0,NNS_prevent_one_active_TB,,,apy_cho_epi_curve_data.csv,0.0,0.0,1e-12,exact,pass
low_LTBI_1pct,random,0,NNT_completed_prevent_one_active_TB,,,apy_cho_epi_curve_data.csv,0.0,0.0,1e-12,exact,pass
low_LTBI_1pct,random,0,NNT_started_prevent_one_active_TB,,,apy_cho_epi_curve_data.csv,0.0,0.0,1e-12,exact,pass
low_LTBI_1pct,random,0,PPV_trueAmongTestPositive,,,apy_cho_epi_curve_data.csv,0.0,0.0,1e-12,exact,pass
low_LTBI_1pct,random,0,falsePositiveShareAmongTestPositive,,,apy_cho_epi_curve_data.csv,0.0,0.0,1e-12,exact,pass
low_LTBI_1pct,random,0,falsePositiveTestsPerTruePositiveTest,,,apy_cho_epi_curve_data.csv,0.0,0.0,1e-12,exact,pass
low_LTBI_1pct,random,0,falsePositiveTreatedPerTruePositiveTreated,,,apy_cho_epi_curve_data.csv,0.0,0.0,1e-12,exact,pass
low_LTBI_1pct,random,0,falsePositiveTreatedShareAmongCoursesStarted,,,apy_cho_epi_curve_data.csv,0.0,0.0,1e-12,exact,pass
low_LTBI_1pct,random,0,nActiveBy20y_AfterStrategy_median,5.0,5.0,apy_cho_epi_curve_data.csv,0.0,0.0,1e-12,exact,pass
low_LTBI_1pct,random,0,nActiveBy20y_DoNothing_median,5.0,5.0,apy_cho_epi_curve_data.csv,0.0,0.0,1e-12,exact,pass
low_LTBI_1pct,random,0,nCuredInfection_median,0.0,0.0,apy_cho_epi_curve_data.csv,0.0,,1e-12,exact,pass
low_LTBI_1pct,random,0,nFalsePositiveTestsBCG_median,0.0,0.0,apy_cho_epi_curve_data.csv,0.0,,1e-12,exact,pass
low_LTBI_1pct,random,0,nFalsePositiveTestsNoBCG_median,0.0,0.0,apy_cho_epi_curve_data.csv,0.0,,1e-12,exact,pass
low_LTBI_1pct,random,0,nFalsePositiveTests_median,0.0,0.0,apy_cho_epi_curve_data.csv,0.0,,1e-12,exact,pass
low_LTBI_1pct,random,0,nFalsePositiveTreated_median,0.0,0.0,apy_cho_epi_curve_data.csv,0.0,,1e-12,exact,pass
low_LTBI_1pct,random,0,nIGRApos_median,0.0,0.0,apy_cho_epi_curve_data.csv,0.0,,1e-12,exact,pass
low_LTBI_1pct,random,0,nPreventedActiveTB_median,0.0,0.0,apy_cho_epi_curve_data.csv,0.0,,1e-12,exact,pass
low_LTBI_1pct,random,0,nScreenedBCG_median,0.0,0.0,apy_cho_epi_curve_data.csv,0.0,,1e-12,exact,pass
low_LTBI_1pct,random,0,nScreened_high95,0.0,0.0,apy_cho_epi_curve_data.csv,0.0,,1e-12,exact,pass
low_LTBI_1pct,random,0,nScreened_low95,0.0,0.0,apy_cho_epi_curve_data.csv,0.0,,1e-12,exact,pass
low_LTBI_1pct,random,0,nScreened_median,0.0,0.0,apy_cho_epi_curve_data.csv,0.0,,1e-12,exact,pass
low_LTBI_1pct,random,0,nTestPositiveNonActive_median,0.0,0.0,apy_cho_epi_curve_data.csv,0.0,,1e-12,exact,pass
low_LTBI_1pct,random,0,nTestPositive_median,0.0,0.0,apy_cho_epi_curve_data.csv,0.0,,1e-12,exact,pass
low_LTBI_1pct,random,0,nTotalCoursesCompleted_median,0.0,0.0,apy_cho_epi_curve_data.csv,0.0,,1e-12,exact,pass
low_LTBI_1pct,random,0,nTotalCoursesStarted_median,0.0,0.0,apy_cho_epi_curve_data.csv,0.0,,1e-12,exact,pass
low_LTBI_1pct,random,0,nTruePositiveTests_median,0.0,0.0,apy_cho_epi_curve_data.csv,0.0,,1e-12,exact,pass
low_LTBI_1pct,random,0,nTruePositiveTreated_median,0.0,0.0,apy_cho_epi_curve_data.csv,0.0,,1e-12,exact,pass
low_LTBI_1pct,random,0,relativeReduction20y_median,0.0,0.0,apy_cho_epi_curve_data.csv,0.0,,1e-12,exact,pass
low_LTBI_1pct,random,0,screenCoverage,0.0,0.0,apy_cho_epi_curve_data.csv,0.0,,1e-12,exact,pass
low_LTBI_1pct,random,50,NNS_prevent_one_active_TB,,,apy_cho_epi_curve_data.csv,0.0,0.0,1e-12,exact,pass
low_LTBI_1pct,random,50,NNT_completed_prevent_one_active_TB,,,apy_cho_epi_curve_data.csv,0.0,0.0,1e-12,exact,pass
low_LTBI_1pct,random,50,NNT_started_prevent_one_active_TB,,,apy_cho_epi_curve_data.csv,0.0,0.0,1e-12,exact,pass
low_LTBI_1pct,random,50,PPV_trueAmongTestPositive,0.0,0.0,apy_cho_epi_curve_data.csv,0.0,,1e-12,exact,pass
low_LTBI_1pct,random,50,falsePositiveShareAmongTestPositive,1.0,1.0,apy_cho_epi_curve_data.csv,0.0,0.0,1e-12,exact,pass
low_LTBI_1pct,random,50,falsePositiveTestsPerTruePositiveTest,,,apy_cho_epi_curve_data.csv,0.0,0.0,1e-12,exact,pass
low_LTBI_1pct,random,50,falsePositiveTreatedPerTruePositiveTreated,,,apy_cho_epi_curve_data.csv,0.0,0.0,1e-12,exact,pass
low_LTBI_1pct,random,50,falsePositiveTreatedShareAmongCoursesStarted,1.0,1.0,apy_cho_epi_curve_data.csv,0.0,0.0,1e-12,exact,pass
low_LTBI_1pct,random,50,nActiveBy20y_AfterStrategy_median,5.0,5.0,apy_cho_epi_curve_data.csv,0.0,0.0,1e-12,exact,pass
low_LTBI_1pct,random,50,nActiveBy20y_DoNothing_median,5.0,5.0,apy_cho_epi_curve_data.csv,0.0,0.0,1e-12,exact,pass
low_LTBI_1pct,random,50,nCuredInfection_median,0.0,0.0,apy_cho_epi_curve_data.csv,0.0,,1e-12,exact,pass
low_LTBI_1pct,random,50,nFalsePositiveTestsBCG_median,0.0,0.0,apy_cho_epi_curve_data.csv,0.0,,1e-12,exact,pass
low_LTBI_1pct,random,50,nFalsePositiveTestsNoBCG_median,0.0,0.0,apy_cho_epi_curve_data.csv,0.0,,1e-12,exact,pass
low_LTBI_1pct,random,50,nFalsePositiveTests_median,1.0,1.0,apy_cho_epi_curve_data.csv,0.0,0.0,1e-12,exact,pass
low_LTBI_1pct,random,50,nFalsePositiveTreated_median,1.0,1.0,apy_cho_epi_curve_data.csv,0.0,0.0,1e-12,exact,pass
low_LTBI_1pct,random,50,nIGRApos_median,1.0,1.0,apy_cho_epi_curve_data.csv,0.0,0.0,1e-12,exact,pass
low_LTBI_1pct,random,50,nPreventedActiveTB_median,0.0,0.0,apy_cho_epi_curve_data.csv,0.0,,1e-12,exact,pass
low_LTBI_1pct,random,50,nScreenedBCG_median,34.0,34.0,apy_cho_epi_curve_data.csv,0.0,0.0,1e-12,exact,pass
low_LTBI_1pct,random,50,nScreened_high95,50.0,50.0,apy_cho_epi_curve_data.csv,0.0,0.0,1e-12,exact,pass
low_LTBI_1pct,random,50,nScreened_low95,50.0,50.0,apy_cho_epi_curve_data.csv,0.0,0.0,1e-12,exact,pass
low_LTBI_1pct,random,50,nScreened_median,50.0,50.0,apy_cho_epi_curve_data.csv,0.0,0.0,1e-12,exact,pass
low_LTBI_1pct,random,50,nTestPositiveNonActive_median,1.0,1.0,apy_cho_epi_curve_data.csv,0.0,0.0,1e-12,exact,pass
low_LTBI_1pct,random,50,nTestPositive_median,1.0,1.0,apy_cho_epi_curve_data.csv,0.0,0.0,1e-12,exact,pass
low_LTBI_1pct,random,50,nTotalCoursesCompleted_median,1.0,1.0,apy_cho_epi_curve_data.csv,0.0,0.0,1e-12,exact,pass
low_LTBI_1pct,random,50,nTotalCoursesStarted_median,1.0,1.0,apy_cho_epi_curve_data.csv,0.0,0.0,1e-12,exact,pass
low_LTBI_1pct,random,50,nTruePositiveTests_median,0.0,0.0,apy_cho_epi_curve_data.csv,0.0,,1e-12,exact,pass
low_LTBI_1pct,random,50,nTruePositiveTreated_median,0.0,0.0,apy_cho_epi_curve_data.csv,0.0,,1e-12,exact,pass
low_LTBI_1pct,random,50,relativeReduction20y_median,0.0,0.0,apy_cho_epi_curve_data.csv,0.0,,1e-12,exact,pass
low_LTBI_1pct,random,50,screenCoverage,0.0333333333333333,0.0333333333333333,apy_cho_epi_curve_data.csv,0.0,0.0,1e-12,exact,pass
low_LTBI_1pct,random,100,NNS_prevent_one_active_TB,,,apy_cho_epi_curve_data.csv,0.0,0.0,1e-12,exact,pass
low_LTBI_1pct,random,100,NNT_completed_prevent_one_active_TB,,,apy_cho_epi_curve_data.csv,0.0,0.0,1e-12,exact,pass
low_LTBI_1pct,random,100,NNT_started_prevent_one_active_TB,,,apy_cho_epi_curve_data.csv,0.0,0.0,1e-12,exact,pass
low_LTBI_1pct,random,100,PPV_trueAmongTestPositive,0.3333333333333333,0.3333333333333333,apy_cho_epi_curve_data.csv,0.0,0.0,1e-12,exact,pass
low_LTBI_1pct,random,100,falsePositiveShareAmongTestPositive,0.6666666666666666,0.6666666666666666,apy_cho_epi_curve_data.csv,0.0,0.0,1e-12,exact,pass
low_LTBI_1pct,random,100,falsePositiveTestsPerTruePositiveTest,2.0,2.0,apy_cho_epi_curve_data.csv,0.0,0.0,1e-12,exact,pass
low_LTBI_1pct,random,100,falsePositiveTreatedPerTruePositiveTreated,,,apy_cho_epi_curve_data.csv,0.0,0.0,1e-12,exact,pass
low_LTBI_1pct,random,100,falsePositiveTreatedShareAmongCoursesStarted,1.0,1.0,apy_cho_epi_curve_data.csv,0.0,0.0,1e-12,exact,pass
low_LTBI_1pct,random,100,nActiveBy20y_AfterStrategy_median,5.0,5.0,apy_cho_epi_curve_data.csv,0.0,0.0,1e-12,exact,pass
low_LTBI_1pct,random,100,nActiveBy20y_DoNothing_median,5.0,5.0,apy_cho_epi_curve_data.csv,0.0,0.0,1e-12,exact,pass
low_LTBI_1pct,random,100,nCuredInfection_median,0.0,0.0,apy_cho_epi_curve_data.csv,0.0,,1e-12,exact,pass
low_LTBI_1pct,random,100,nFalsePositiveTestsBCG_median,1.0,1.0,apy_cho_epi_curve_data.csv,0.0,0.0,1e-12,exact,pass
low_LTBI_1pct,random,100,nFalsePositiveTestsNoBCG_median,0.0,0.0,apy_cho_epi_curve_data.csv,0.0,,1e-12,exact,pass
low_LTBI_1pct,random,100,nFalsePositiveTests_median,2.0,2.0,apy_cho_epi_curve_data.csv,0.0,0.0,1e-12,exact,pass
low_LTBI_1pct,random,100,nFalsePositiveTreated_median,2.0,2.0,apy_cho_epi_curve_data.csv,0.0,0.0,1e-12,exact,pass
low_LTBI_1pct,random,100,nIGRApos_median,3.0,3.0,apy_cho_epi_curve_data.csv,0.0,0.0,1e-12,exact,pass
low_LTBI_1pct,random,100,nPreventedActiveTB_median,0.0,0.0,apy_cho_epi_curve_data.csv,0.0,,1e-12,exact,pass
low_LTBI_1pct,random,100,nScreenedBCG_median,68.0,68.0,apy_cho_epi_curve_data.csv,0.0,0.0,1e-12,exact,pass
low_LTBI_1pct,random,100,nScreened_high95,100.0,100.0,apy_cho_epi_curve_data.csv,0.0,0.0,1e-12,exact,pass
low_LTBI_1pct,random,100,nScreened_low95,100.0,100.0,apy_cho_epi_curve_data.csv,0.0,0.0,1e-12,exact,pass
low_LTBI_1pct,random,100,nScreened_median,100.0,100.0,apy_cho_epi_curve_data.csv,0.0,0.0,1e-12,exact,pass
low_LTBI_1pct,random,100,nTestPositiveNonActive_median,3.0,3.0,apy_cho_epi_curve_data.csv,0.0,0.0,1e-12,exact,pass
low_LTBI_1pct,random,100,nTestPositive_median,3.0,3.0,apy_cho_epi_curve_data.csv,0.0,0.0,1e-12,exact,pass
low_LTBI_1pct,random,100,nTotalCoursesCompleted_median,2.0,2.0,apy_cho_epi_curve_data.csv,0.0,0.0,1e-12,exact,pass
low_LTBI_1pct,random,100,nTotalCoursesStarted_median,2.0,2.0,apy_cho_epi_curve_data.csv,0.0,0.0,1e-12,exact,pass
low_LTBI_1pct,random,100,nTruePositiveTests_median,1.0,1.0,apy_cho_epi_curve_data.csv,0.0,0.0,1e-12,exact,pass
low_LTBI_1pct,random,100,nTruePositiveTreated_median,0.0,0.0,apy_cho_epi_curve_data.csv,0.0,,1e-12,exact,pass
low_LTBI_1pct,random,100,relativeReduction20y_median,0.0,0.0,apy_cho_epi_curve_data.csv,0.0,,1e-12,exact,pass
low_LTBI_1pct,random,100,screenCoverage,0.0666666666666666,0.0666666666666666,apy_cho_epi_curve_data.csv,0.0,0.0,1e-12,exact,pass
low_LTBI_1pct,random,150,NNS_prevent_one_active_TB,,,apy_cho_epi_curve_data.csv,0.0,0.0,1e-12,exact,pass
low_LTBI_1pct,random,150,NNT_completed_prevent_one_active_TB,,,apy_cho_epi_curve_data.csv,0.0,0.0,1e-12,exact,pass
low_LTBI_1pct,random,150,NNT_started_prevent_one_active_TB,,,apy_cho_epi_curve_data.csv,0.0,0.0,1e-12,exact,pass
low_LTBI_1pct,random,150,PPV_trueAmongTestPositive,0.25,0.25,apy_cho_epi_curve_data.csv,0.0,0.0,1e-12,exact,pass
low_LTBI_1pct,random,150,falsePositiveShareAmongTestPositive,0.75,0.75,apy_cho_epi_curve_data.csv,0.0,0.0,1e-12,exact,pass
low_LTBI_1pct,random,150,falsePositiveTestsPerTruePositiveTest,3.0,3.0,apy_cho_epi_curve_data.csv,0.0,0.0,1e-12,exact,pass
low_LTBI_1pct,random,150,falsePositiveTreatedPerTruePositiveTreated,2.0,2.0,apy_cho_epi_curve_data.csv,0.0,0.0,1e-12,exact,pass
low_LTBI_1pct,random,150,falsePositiveTreatedShareAmongCoursesStarted,0.6666666666666666,0.6666666666666666,apy_cho_epi_curve_data.csv,0.0,0.0,1e-12,exact,pass
low_LTBI_1pct,random,150,nActiveBy20y_AfterStrategy_median,5.0,5.0,apy_cho_epi_curve_data.csv,0.0,0.0,1e-12,exact,pass
low_LTBI_1pct,random,150,nActiveBy20y_DoNothing_median,5.0,5.0,apy_cho_epi_curve_data.csv,0.0,0.0,1e-12,exact,pass
low_LTBI_1pct,random,150,nCuredInfection_median,1.0,1.0,apy_cho_epi_curve_data.csv,0.0,0.0,1e-12,exact,pass
low_LTBI_1pct,random,150,nFalsePositiveTestsBCG_median,2.0,2.0,apy_cho_epi_curve_data.csv,0.0,0.0,1e-12,exact,pass
low_LTBI_1pct,random,150,nFalsePositiveTestsNoBCG_median,1.0,1.0,apy_cho_epi_curve_data.csv,0.0,0.0,1e-12,exact,pass
low_LTBI_1pct,random,150,nFalsePositiveTests_median,3.0,3.0,apy_cho_epi_curve_data.csv,0.0,0.0,1e-12,exact,pass
low_LTBI_1pct,random,150,nFalsePositiveTreated_median,2.0,2.0,apy_cho_epi_curve_data.csv,0.0,0.0,1e-12,exact,pass
low_LTBI_1pct,random,150,nIGRApos_median,4.0,4.0,apy_cho_epi_curve_data.csv,0.0,0.0,1e-12,exact,pass
low_LTBI_1pct,random,150,nPreventedActiveTB_median,0.0,0.0,apy_cho_epi_curve_data.csv,0.0,,1e-12,exact,pass
low_LTBI_1pct,random,150,nScreenedBCG_median,102.0,102.0,apy_cho_epi_curve_data.csv,0.0,0.0,1e-12,exact,pass
low_LTBI_1pct,random,150,nScreened_high95,150.0,150.0,apy_cho_epi_curve_data.csv,0.0,0.0,1e-12,exact,pass
low_LTBI_1pct,random,150,nScreened_low95,150.0,150.0,apy_cho_epi_curve_data.csv,0.0,0.0,1e-12,exact,pass
low_LTBI_1pct,random,150,nScreened_median,150.0,150.0,apy_cho_epi_curve_data.csv,0.0,0.0,1e-12,exact,pass
low_LTBI_1pct,random,150,nTestPositiveNonActive_median,4.0,4.0,apy_cho_epi_curve_data.csv,0.0,0.0,1e-12,exact,pass
low_LTBI_1pct,random,150,nTestPositive_median,4.0,4.0,apy_cho_epi_curve_data.csv,0.0,0.0,1e-12,exact,pass
low_LTBI_1pct,random,150,nTotalCoursesCompleted_median,3.0,3.0,apy_cho_epi_curve_data.csv,0.0,0.0,1e-12,exact,pass
low_LTBI_1pct,random,150,nTotalCoursesStarted_median,3.0,3.0,apy_cho_epi_curve_data.csv,0.0,0.0,1e-12,exact,pass
low_LTBI_1pct,random,150,nTruePositiveTests_median,1.0,1.0,apy_cho_epi_curve_data.csv,0.0,0.0,1e-12,exact,pass
low_LTBI_1pct,random,150,nTruePositiveTreated_median,1.0,1.0,apy_cho_epi_curve_data.csv,0.0,0.0,1e-12,exact,pass
low_LTBI_1pct,random,150,relativeReduction20y_median,0.0,0.0,apy_cho_epi_curve_data.csv,0.0,,1e-12,exact,pass
low_LTBI_1pct,random,150,screenCoverage,0.1,0.1,apy_cho_epi_curve_data.csv,0.0,0.0,1e-12,exact,pass
low_LTBI_1pct,random,200,NNS_prevent_one_active_TB,,,apy_cho_epi_curve_data.csv,0.0,0.0,1e-12,exact,pass
low_LTBI_1pct,random,200,NNT_completed_prevent_one_active_TB,,,apy_cho_epi_curve_data.csv,0.0,0.0,1e-12,exact,pass
low_LTBI_1pct,random,200,NNT_started_prevent_one_active_TB,,,apy_cho_epi_curve_data.csv,0.0,0.0,1e-12,exact,pass
low_LTBI_1pct,random,200,PPV_trueAmongTestPositive,0.2,0.2,apy_cho_epi_curve_data.csv,0.0,0.0,1e-12,exact,pass
low_LTBI_1pct,random,200,falsePositiveShareAmongTestPositive,0.8,0.8,apy_cho_epi_curve_data.csv,0.0,0.0,1e-12,exact,pass
low_LTBI_1pct,random,200,falsePositiveTestsPerTruePositiveTest,4.0,4.0,apy_cho_epi_curve_data.csv,0.0,0.0,1e-12,exact,pass
low_LTBI_1pct,random,200,falsePositiveTreatedPerTruePositiveTreated,1.5,1.5,apy_cho_epi_curve_data.csv,0.0,0.0,1e-12,exact,pass
low_LTBI_1pct,random,200,falsePositiveTreatedShareAmongCoursesStarted,0.6,0.6,apy_cho_epi_curve_data.csv,0.0,0.0,1e-12,exact,pass
low_LTBI_1pct,random,200,nActiveBy20y_AfterStrategy_median,4.0,4.0,apy_cho_epi_curve_data.csv,0.0,0.0,1e-12,exact,pass
low_LTBI_1pct,random,200,nActiveBy20y_DoNothing_median,5.0,5.0,apy_cho_epi_curve_data.csv,0.0,0.0,1e-12,exact,pass
low_LTBI_1pct,random,200,nCuredInfection_median,1.0,1.0,apy_cho_epi_curve_data.csv,0.0,0.0,1e-12,exact,pass
low_LTBI_1pct,random,200,nFalsePositiveTestsBCG_median,2.0,2.0,apy_cho_epi_curve_data.csv,0.0,0.0,1e-12,exact,pass
low_LTBI_1pct,random,200,nFalsePositiveTestsNoBCG_median,1.0,1.0,apy_cho_epi_curve_data.csv,0.0,0.0,1e-12,exact,pass
low_LTBI_1pct,random,200,nFalsePositiveTests_median,4.0,4.0,apy_cho_epi_curve_data.csv,0.0,0.0,1e-12,exact,pass
low_LTBI_1pct,random,200,nFalsePositiveTreated_median,3.0,3.0,apy_cho_epi_curve_data.csv,0.0,0.0,1e-12,exact,pass
low_LTBI_1pct,random,200,nIGRApos_median,5.0,5.0,apy_cho_epi_curve_data.csv,0.0,0.0,1e-12,exact,pass
low_LTBI_1pct,random,200,nPreventedActiveTB_median,0.0,0.0,apy_cho_epi_curve_data.csv,0.0,,1e-12,exact,pass
low_LTBI_1pct,random,200,nScreenedBCG_median,136.0,136.0,apy_cho_epi_curve_data.csv,0.0,0.0,1e-12,exact,pass
low_LTBI_1pct,random,200,nScreened_high95,200.0,200.0,apy_cho_epi_curve_data.csv,0.0,0.0,1e-12,exact,pass
low_LTBI_1pct,random,200,nScreened_low95,200.0,200.0,apy_cho_epi_curve_data.csv,0.0,0.0,1e-12,exact,pass
low_LTBI_1pct,random,200,nScreened_median,200.0,200.0,apy_cho_epi_curve_data.csv,0.0,0.0,1e-12,exact,pass
low_LTBI_1pct,random,200,nTestPositiveNonActive_median,5.0,5.0,apy_cho_epi_curve_data.csv,0.0,0.0,1e-12,exact,pass
low_LTBI_1pct,random,200,nTestPositive_median,6.0,6.0,apy_cho_epi_curve_data.csv,0.0,0.0,1e-12,exact,pass
low_LTBI_1pct,random,200,nTotalCoursesCompleted_median,4.0,4.0,apy_cho_epi_curve_data.csv,0.0,0.0,1e-12,exact,pass
low_LTBI_1pct,random,200,nTotalCoursesStarted_median,5.0,5.0,apy_cho_epi_curve_data.csv,0.0,0.0,1e-12,exact,pass
low_LTBI_1pct,random,200,nTruePositiveTests_median,1.0,1.0,apy_cho_epi_curve_data.csv,0.0,0.0,1e-12,exact,pass
low_LTBI_1pct,random,200,nTruePositiveTreated_median,2.0,2.0,apy_cho_epi_curve_data.csv,0.0,0.0,1e-12,exact,pass
low_LTBI_1pct,random,200,relativeReduction20y_median,0.0,0.0,apy_cho_epi_curve_data.csv,0.0,,1e-12,exact,pass
low_LTBI_1pct,random,200,screenCoverage,0.1333333333333333,0.1333333333333333,apy_cho_epi_curve_data.csv,0.0,0.0,1e-12,exact,pass
low_LTBI_1pct,random,250,NNS_prevent_one_active_TB,,,apy_cho_epi_curve_data.csv,0.0,0.0,1e-12,exact,pass
low_LTBI_1pct,random,250,NNT_completed_prevent_one_active_TB,,,apy_cho_epi_curve_data.csv,0.0,0.0,1e-12,exact,pass
low_LTBI_1pct,random,250,NNT_started_prevent_one_active_TB,,,apy_cho_epi_curve_data.csv,0.0,0.0,1e-12,exact,pass
low_LTBI_1pct,random,250,PPV_trueAmongTestPositive,0.2857142857142857,0.2857142857142857,apy_cho_epi_curve_data.csv,0.0,0.0,1e-12,exact,pass
low_LTBI_1pct,random,250,falsePositiveShareAmongTestPositive,0.7142857142857143,0.7142857142857143,apy_cho_epi_curve_data.csv,0.0,0.0,1e-12,exact,pass
low_LTBI_1pct,random,250,falsePositiveTestsPerTruePositiveTest,2.5,2.5,apy_cho_epi_curve_data.csv,0.0,0.0,1e-12,exact,pass
low_LTBI_1pct,random,250,falsePositiveTreatedPerTruePositiveTreated,2.0,2.0,apy_cho_epi_curve_data.csv,0.0,0.0,1e-12,exact,pass
low_LTBI_1pct,random,250,falsePositiveTreatedShareAmongCoursesStarted,0.6666666666666666,0.6666666666666666,apy_cho_epi_curve_data.csv,0.0,0.0,1e-12,exact,pass
low_LTBI_1pct,random,250,nActiveBy20y_AfterStrategy_median,4.0,4.0,apy_cho_epi_curve_data.csv,0.0,0.0,1e-12,exact,pass
low_LTBI_1pct,random,250,nActiveBy20y_DoNothing_median,5.0,5.0,apy_cho_epi_curve_data.csv,0.0,0.0,1e-12,exact,pass
low_LTBI_1pct,random,250,nCuredInfection_median,1.0,1.0,apy_cho_epi_curve_data.csv,0.0,0.0,1e-12,exact,pass
low_LTBI_1pct,random,250,nFalsePositiveTestsBCG_median,3.0,3.0,apy_cho_epi_curve_data.csv,0.0,0.0,1e-12,exact,pass
low_LTBI_1pct,random,250,nFalsePositiveTestsNoBCG_median,1.0,1.0,apy_cho_epi_curve_data.csv,0.0,0.0,1e-12,exact,pass
low_LTBI_1pct,random,250,nFalsePositiveTests_median,5.0,5.0,apy_cho_epi_curve_data.csv,0.0,0.0,1e-12,exact,pass
low_LTBI_1pct,random,250,nFalsePositiveTreated_median,4.0,4.0,apy_cho_epi_curve_data.csv,0.0,0.0,1e-12,exact,pass
low_LTBI_1pct,random,250,nIGRApos_median,7.0,7.0,apy_cho_epi_curve_data.csv,0.0,0.0,1e-12,exact,pass
low_LTBI_1pct,random,250,nPreventedActiveTB_median,0.0,0.0,apy_cho_epi_curve_data.csv,0.0,,1e-12,exact,pass
low_LTBI_1pct,random,250,nScreenedBCG_median,170.0,170.0,apy_cho_epi_curve_data.csv,0.0,0.0,1e-12,exact,pass
low_LTBI_1pct,random,250,nScreened_high95,250.0,250.0,apy_cho_epi_curve_data.csv,0.0,0.0,1e-12,exact,pass
low_LTBI_1pct,random,250,nScreened_low95,250.0,250.0,apy_cho_epi_curve_data.csv,0.0,0.0,1e-12,exact,pass
low_LTBI_1pct,random,250,nScreened_median,250.0,250.0,apy_cho_epi_curve_data.csv,0.0,0.0,1e-12,exact,pass
low_LTBI_1pct,random,250,nTestPositiveNonActive_median,7.0,7.0,apy_cho_epi_curve_data.csv,0.0,0.0,1e-12,exact,pass
low_LTBI_1pct,random,250,nTestPositive_median,7.0,7.0,apy_cho_epi_curve_data.csv,0.0,0.0,1e-12,exact,pass
low_LTBI_1pct,random,250,nTotalCoursesCompleted_median,5.0,5.0,apy_cho_epi_curve_data.csv,0.0,0.0,1e-12,exact,pass
low_LTBI_1pct,random,250,nTotalCoursesStarted_median,6.0,6.0,apy_cho_epi_curve_data.csv,0.0,0.0,1e-12,exact,pass
low_LTBI_1pct,random,250,nTruePositiveTests_median,2.0,2.0,apy_cho_epi_curve_data.csv,0.0,0.0,1e-12,exact,pass
low_LTBI_1pct,random,250,nTruePositiveTreated_median,2.0,2.0,apy_cho_epi_curve_data.csv,0.0,0.0,1e-12,exact,pass
low_LTBI_1pct,random,250,relativeReduction20y_median,0.0,0.0,apy_cho_epi_curve_data.csv,0.0,,1e-12,exact,pass
low_LTBI_1pct,random,250,screenCoverage,0.1666666666666666,0.1666666666666666,apy_cho_epi_curve_data.csv,0.0,0.0,1e-12,exact,pass
low_LTBI_1pct,random,300,NNS_prevent_one_active_TB,,,apy_cho_epi_curve_data.csv,0.0,0.0,1e-12,exact,pass
low_LTBI_1pct,random,300,NNT_completed_prevent_one_active_TB,,,apy_cho_epi_curve_data.csv,0.0,0.0,1e-12,exact,pass
low_LTBI_1pct,random,300,NNT_started_prevent_one_active_TB,,,apy_cho_epi_curve_data.csv,0.0,0.0,1e-12,exact,pass
low_LTBI_1pct,random,300,PPV_trueAmongTestPositive,0.25,0.25,apy_cho_epi_curve_data.csv,0.0,0.0,1e-12,exact,pass
low_LTBI_1pct,random,300,falsePositiveShareAmongTestPositive,0.75,0.75,apy_cho_epi_curve_data.csv,0.0,0.0,1e-12,exact,pass
low_LTBI_1pct,random,300,falsePositiveTestsPerTruePositiveTest,3.0,3.0,apy_cho_epi_curve_data.csv,0.0,0.0,1e-12,exact,pass
low_LTBI_1pct,random,300,falsePositiveTreatedPerTruePositiveTreated,2.5,2.5,apy_cho_epi_curve_data.csv,0.0,0.0,1e-12,exact,pass
low_LTBI_1pct,random,300,falsePositiveTreatedShareAmongCoursesStarted,0.7142857142857143,0.7142857142857143,apy_cho_epi_curve_data.csv,0.0,0.0,1e-12,exact,pass
low_LTBI_1pct,random,300,nActiveBy20y_AfterStrategy_median,4.0,4.0,apy_cho_epi_curve_data.csv,0.0,0.0,1e-12,exact,pass
low_LTBI_1pct,random,300,nActiveBy20y_DoNothing_median,5.0,5.0,apy_cho_epi_curve_data.csv,0.0,0.0,1e-12,exact,pass
low_LTBI_1pct,random,300,nCuredInfection_median,1.0,1.0,apy_cho_epi_curve_data.csv,0.0,0.0,1e-12,exact,pass
low_LTBI_1pct,random,300,nFalsePositiveTestsBCG_median,4.0,4.0,apy_cho_epi_curve_data.csv,0.0,0.0,1e-12,exact,pass
low_LTBI_1pct,random,300,nFalsePositiveTestsNoBCG_median,2.0,2.0,apy_cho_epi_curve_data.csv,0.0,0.0,1e-12,exact,pass
low_LTBI_1pct,random,300,nFalsePositiveTests_median,6.0,6.0,apy_cho_epi_curve_data.csv,0.0,0.0,1e-12,exact,pass
low_LTBI_1pct,random,300,nFalsePositiveTreated_median,5.0,5.0,apy_cho_epi_curve_data.csv,0.0,0.0,1e-12,exact,pass
low_LTBI_1pct,random,300,nIGRApos_median,8.0,8.0,apy_cho_epi_curve_data.csv,0.0,0.0,1e-12,exact,pass
low_LTBI_1pct,random,300,nPreventedActiveTB_median,0.0,0.0,apy_cho_epi_curve_data.csv,0.0,,1e-12,exact,pass
low_LTBI_1pct,random,300,nScreenedBCG_median,204.0,204.0,apy_cho_epi_curve_data.csv,0.0,0.0,1e-12,exact,pass
low_LTBI_1pct,random,300,nScreened_high95,300.0,300.0,apy_cho_epi_curve_data.csv,0.0,0.0,1e-12,exact,pass
low_LTBI_1pct,random,300,nScreened_low95,300.0,300.0,apy_cho_epi_curve_data.csv,0.0,0.0,1e-12,exact,pass
low_LTBI_1pct,random,300,nScreened_median,300.0,300.0,apy_cho_epi_curve_data.csv,0.0,0.0,1e-12,exact,pass
low_LTBI_1pct,random,300,nTestPositiveNonActive_median,8.0,8.0,apy_cho_epi_curve_data.csv,0.0,0.0,1e-12,exact,pass
low_LTBI_1pct,random,300,nTestPositive_median,9.0,9.0,apy_cho_epi_curve_data.csv,0.0,0.0,1e-12,exact,pass
low_LTBI_1pct,random,300,nTotalCoursesCompleted_median,6.0,6.0,apy_cho_epi_curve_data.csv,0.0,0.0,1e-12,exact,pass
low_LTBI_1pct,random,300,nTotalCoursesStarted_median,7.0,7.0,apy_cho_epi_curve_data.csv,0.0,0.0,1e-12,exact,pass
low_LTBI_1pct,random,300,nTruePositiveTests_median,2.0,2.0,apy_cho_epi_curve_data.csv,0.0,0.0,1e-12,exact,pass
low_LTBI_1pct,random,300,nTruePositiveTreated_median,2.0,2.0,apy_cho_epi_curve_data.csv,0.0,0.0,1e-12,exact,pass
low_LTBI_1pct,random,300,relativeReduction20y_median,0.0,0.0,apy_cho_epi_curve_data.csv,0.0,,1e-12,exact,pass
low_LTBI_1pct,random,300,screenCoverage,0.2,0.2,apy_cho_epi_curve_data.csv,0.0,0.0,1e-12,exact,pass
low_LTBI_1pct,random,350,NNS_prevent_one_active_TB,,,apy_cho_epi_curve_data.csv,0.0,0.0,1e-12,exact,pass
low_LTBI_1pct,random,350,NNT_completed_prevent_one_active_TB,,,apy_cho_epi_curve_data.csv,0.0,0.0,1e-12,exact,pass
low_LTBI_1pct,random,350,NNT_started_prevent_one_active_TB,,,apy_cho_epi_curve_data.csv,0.0,0.0,1e-12,exact,pass
low_LTBI_1pct,random,350,PPV_trueAmongTestPositive,0.3,0.3,apy_cho_epi_curve_data.csv,0.0,0.0,1e-12,exact,pass
low_LTBI_1pct,random,350,falsePositiveShareAmongTestPositive,0.7,0.7,apy_cho_epi_curve_data.csv,0.0,0.0,1e-12,exact,pass
low_LTBI_1pct,random,350,falsePositiveTestsPerTruePositiveTest,2.333333333333333,2.333333333333333,apy_cho_epi_curve_data.csv,0.0,0.0,1e-12,exact,pass
low_LTBI_1pct,random,350,falsePositiveTreatedPerTruePositiveTreated,3.0,3.0,apy_cho_epi_curve_data.csv,0.0,0.0,1e-12,exact,pass
low_LTBI_1pct,random,350,falsePositiveTreatedShareAmongCoursesStarted,0.75,0.75,apy_cho_epi_curve_data.csv,0.0,0.0,1e-12,exact,pass
low_LTBI_1pct,random,350,nActiveBy20y_AfterStrategy_median,4.0,4.0,apy_cho_epi_curve_data.csv,0.0,0.0,1e-12,exact,pass
low_LTBI_1pct,random,350,nActiveBy20y_DoNothing_median,5.0,5.0,apy_cho_epi_curve_data.csv,0.0,0.0,1e-12,exact,pass
low_LTBI_1pct,random,350,nCuredInfection_median,2.0,2.0,apy_cho_epi_curve_data.csv,0.0,0.0,1e-12,exact,pass
low_LTBI_1pct,random,350,nFalsePositiveTestsBCG_median,5.0,5.0,apy_cho_epi_curve_data.csv,0.0,0.0,1e-12,exact,pass
low_LTBI_1pct,random,350,nFalsePositiveTestsNoBCG_median,2.0,2.0,apy_cho_epi_curve_data.csv,0.0,0.0,1e-12,exact,pass
low_LTBI_1pct,random,350,nFalsePositiveTests_median,7.0,7.0,apy_cho_epi_curve_data.csv,0.0,0.0,1e-12,exact,pass
low_LTBI_1pct,random,350,nFalsePositiveTreated_median,6.0,6.0,apy_cho_epi_curve_data.csv,0.0,0.0,1e-12,exact,pass
low_LTBI_1pct,random,350,nIGRApos_median,10.0,10.0,apy_cho_epi_curve_data.csv,0.0,0.0,1e-12,exact,pass
low_LTBI_1pct,random,350,nPreventedActiveTB_median,0.0,0.0,apy_cho_epi_curve_data.csv,0.0,,1e-12,exact,pass
low_LTBI_1pct,random,350,nScreenedBCG_median,238.0,238.0,apy_cho_epi_curve_data.csv,0.0,0.0,1e-12,exact,pass
low_LTBI_1pct,random,350,nScreened_high95,350.0,350.0,apy_cho_epi_curve_data.csv,0.0,0.0,1e-12,exact,pass
low_LTBI_1pct,random,350,nScreened_low95,350.0,350.0,apy_cho_epi_curve_data.csv,0.0,0.0,1e-12,exact,pass
low_LTBI_1pct,random,350,nScreened_median,350.0,350.0,apy_cho_epi_curve_data.csv,0.0,0.0,1e-12,exact,pass
low_LTBI_1pct,random,350,nTestPositiveNonActive_median,10.0,10.0,apy_cho_epi_curve_data.csv,0.0,0.0,1e-12,exact,pass
low_LTBI_1pct,random,350,nTestPositive_median,10.0,10.0,apy_cho_epi_curve_data.csv,0.0,0.0,1e-12,exact,pass
low_LTBI_1pct,random,350,nTotalCoursesCompleted_median,7.0,7.0,apy_cho_epi_curve_data.csv,0.0,0.0,1e-12,exact,pass
low_LTBI_1pct,random,350,nTotalCoursesStarted_median,8.0,8.0,apy_cho_epi_curve_data.csv,0.0,0.0,1e-12,exact,pass
low_LTBI_1pct,random,350,nTruePositiveTests_median,3.0,3.0,apy_cho_epi_curve_data.csv,0.0,0.0,1e-12,exact,pass
low_LTBI_1pct,random,350,nTruePositiveTreated_median,2.0,2.0,apy_cho_epi_curve_data.csv,0.0,0.0,1e-12,exact,pass
low_LTBI_1pct,random,350,relativeReduction20y_median,0.0,0.0,apy_cho_epi_curve_data.csv,0.0,,1e-12,exact,pass
low_LTBI_1pct,random,350,screenCoverage,0.2333333333333333,0.2333333333333333,apy_cho_epi_curve_data.csv,0.0,0.0,1e-12,exact,pass
low_LTBI_1pct,random,400,NNS_prevent_one_active_TB,,,apy_cho_epi_curve_data.csv,0.0,0.0,1e-12,exact,pass
low_LTBI_1pct,random,400,NNT_completed_prevent_one_active_TB,,,apy_cho_epi_curve_data.csv,0.0,0.0,1e-12,exact,pass
low_LTBI_1pct,random,400,NNT_started_prevent_one_active_TB,,,apy_cho_epi_curve_data.csv,0.0,0.0,1e-12,exact,pass
low_LTBI_1pct,random,400,PPV_trueAmongTestPositive,0.2727272727272727,0.2727272727272727,apy_cho_epi_curve_data.csv,0.0,0.0,1e-12,exact,pass
low_LTBI_1pct,random,400,falsePositiveShareAmongTestPositive,0.7272727272727273,0.7272727272727273,apy_cho_epi_curve_data.csv,0.0,0.0,1e-12,exact,pass
low_LTBI_1pct,random,400,falsePositiveTestsPerTruePositiveTest,2.6666666666666665,2.6666666666666665,apy_cho_epi_curve_data.csv,0.0,0.0,1e-12,exact,pass
low_LTBI_1pct,random,400,falsePositiveTreatedPerTruePositiveTreated,3.5,3.5,apy_cho_epi_curve_data.csv,0.0,0.0,1e-12,exact,pass
low_LTBI_1pct,random,400,falsePositiveTreatedShareAmongCoursesStarted,0.7777777777777778,0.7777777777777778,apy_cho_epi_curve_data.csv,0.0,0.0,1e-12,exact,pass
low_LTBI_1pct,random,400,nActiveBy20y_AfterStrategy_median,4.0,4.0,apy_cho_epi_curve_data.csv,0.0,0.0,1e-12,exact,pass
low_LTBI_1pct,random,400,nActiveBy20y_DoNothing_median,5.0,5.0,apy_cho_epi_curve_data.csv,0.0,0.0,1e-12,exact,pass
low_LTBI_1pct,random,400,nCuredInfection_median,2.0,2.0,apy_cho_epi_curve_data.csv,0.0,0.0,1e-12,exact,pass
low_LTBI_1pct,random,400,nFalsePositiveTestsBCG_median,5.0,5.0,apy_cho_epi_curve_data.csv,0.0,0.0,1e-12,exact,pass
low_LTBI_1pct,random,400,nFalsePositiveTestsNoBCG_median,2.0,2.0,apy_cho_epi_curve_data.csv,0.0,0.0,1e-12,exact,pass
low_LTBI_1pct,random,400,nFalsePositiveTests_median,8.0,8.0,apy_cho_epi_curve_data.csv,0.0,0.0,1e-12,exact,pass
low_LTBI_1pct,random,400,nFalsePositiveTreated_median,7.0,7.0,apy_cho_epi_curve_data.csv,0.0,0.0,1e-12,exact,pass
low_LTBI_1pct,random,400,nIGRApos_median,11.0,11.0,apy_cho_epi_curve_data.csv,0.0,0.0,1e-12,exact,pass
low_LTBI_1pct,random,400,nPreventedActiveTB_median,0.0,0.0,apy_cho_epi_curve_data.csv,0.0,,1e-12,exact,pass
low_LTBI_1pct,random,400,nScreenedBCG_median,272.0,272.0,apy_cho_epi_curve_data.csv,0.0,0.0,1e-12,exact,pass
low_LTBI_1pct,random,400,nScreened_high95,400.0,400.0,apy_cho_epi_curve_data.csv,0.0,0.0,1e-12,exact,pass
low_LTBI_1pct,random,400,nScreened_low95,400.0,400.0,apy_cho_epi_curve_data.csv,0.0,0.0,1e-12,exact,pass
low_LTBI_1pct,random,400,nScreened_median,400.0,400.0,apy_cho_epi_curve_data.csv,0.0,0.0,1e-12,exact,pass
low_LTBI_1pct,random,400,nTestPositiveNonActive_median,11.0,11.0,apy_cho_epi_curve_data.csv,0.0,0.0,1e-12,exact,pass
low_LTBI_1pct,random,400,nTestPositive_median,11.0,11.0,apy_cho_epi_curve_data.csv,0.0,0.0,1e-12,exact,pass
low_LTBI_1pct,random,400,nTotalCoursesCompleted_median,8.0,8.0,apy_cho_epi_curve_data.csv,0.0,0.0,1e-12,exact,pass
low_LTBI_1pct,random,400,nTotalCoursesStarted_median,9.0,9.0,apy_cho_epi_curve_data.csv,0.0,0.0,1e-12,exact,pass
low_LTBI_1pct,random,400,nTruePositiveTests_median,3.0,3.0,apy_cho_epi_curve_data.csv,0.0,0.0,1e-12,exact,pass
low_LTBI_1pct,random,400,nTruePositiveTreated_median,2.0,2.0,apy_cho_epi_curve_data.csv,0.0,0.0,1e-12,exact,pass
low_LTBI_1pct,random,400,relativeReduction20y_median,0.0,0.0,apy_cho_epi_curve_data.csv,0.0,,1e-12,exact,pass
low_LTBI_1pct,random,400,screenCoverage,0.2666666666666666,0.2666666666666666,apy_cho_epi_curve_data.csv,0.0,0.0,1e-12,exact,pass
low_LTBI_1pct,random,450,NNS_prevent_one_active_TB,,,apy_cho_epi_curve_data.csv,0.0,0.0,1e-12,exact,pass
low_LTBI_1pct,random,450,NNT_completed_prevent_one_active_TB,,,apy_cho_epi_curve_data.csv,0.0,0.0,1e-12,exact,pass
low_LTBI_1pct,random,450,NNT_started_prevent_one_active_TB,,,apy_cho_epi_curve_data.csv,0.0,0.0,1e-12,exact,pass
low_LTBI_1pct,random,450,PPV_trueAmongTestPositive,0.3076923076923077,0.3076923076923077,apy_cho_epi_curve_data.csv,0.0,0.0,1e-12,exact,pass
low_LTBI_1pct,random,450,falsePositiveShareAmongTestPositive,0.6923076923076923,0.6923076923076923,apy_cho_epi_curve_data.csv,0.0,0.0,1e-12,exact,pass
low_LTBI_1pct,random,450,falsePositiveTestsPerTruePositiveTest,2.25,2.25,apy_cho_epi_curve_data.csv,0.0,0.0,1e-12,exact,pass
low_LTBI_1pct,random,450,falsePositiveTreatedPerTruePositiveTreated,1.75,1.75,apy_cho_epi_curve_data.csv,0.0,0.0,1e-12,exact,pass
low_LTBI_1pct,random,450,falsePositiveTreatedShareAmongCoursesStarted,0.6363636363636364,0.6363636363636364,apy_cho_epi_curve_data.csv,0.0,0.0,1e-12,exact,pass
low_LTBI_1pct,random,450,nActiveBy20y_AfterStrategy_median,4.0,4.0,apy_cho_epi_curve_data.csv,0.0,0.0,1e-12,exact,pass
low_LTBI_1pct,random,450,nActiveBy20y_DoNothing_median,5.0,5.0,apy_cho_epi_curve_data.csv,0.0,0.0,1e-12,exact,pass
low_LTBI_1pct,random,450,nCuredInfection_median,2.0,2.0,apy_cho_epi_curve_data.csv,0.0,0.0,1e-12,exact,pass
low_LTBI_1pct,random,450,nFalsePositiveTestsBCG_median,6.0,6.0,apy_cho_epi_curve_data.csv,0.0,0.0,1e-12,exact,pass
low_LTBI_1pct,random,450,nFalsePositiveTestsNoBCG_median,3.0,3.0,apy_cho_epi_curve_data.csv,0.0,0.0,1e-12,exact,pass
low_LTBI_1pct,random,450,nFalsePositiveTests_median,9.0,9.0,apy_cho_epi_curve_data.csv,0.0,0.0,1e-12,exact,pass
low_LTBI_1pct,random,450,nFalsePositiveTreated_median,7.0,7.0,apy_cho_epi_curve_data.csv,0.0,0.0,1e-12,exact,pass
low_LTBI_1pct,random,450,nIGRApos_median,13.0,13.0,apy_cho_epi_curve_data.csv,0.0,0.0,1e-12,exact,pass
low_LTBI_1pct,random,450,nPreventedActiveTB_median,0.0,0.0,apy_cho_epi_curve_data.csv,0.0,,1e-12,exact,pass
low_LTBI_1pct,random,450,nScreenedBCG_median,306.0,306.0,apy_cho_epi_curve_data.csv,0.0,0.0,1e-12,exact,pass
low_LTBI_1pct,random,450,nScreened_high95,450.0,450.0,apy_cho_epi_curve_data.csv,0.0,0.0,1e-12,exact,pass
low_LTBI_1pct,random,450,nScreened_low95,450.0,450.0,apy_cho_epi_curve_data.csv,0.0,0.0,1e-12,exact,pass
low_LTBI_1pct,random,450,nScreened_median,450.0,450.0,apy_cho_epi_curve_data.csv,0.0,0.0,1e-12,exact,pass
low_LTBI_1pct,random,450,nTestPositiveNonActive_median,13.0,13.0,apy_cho_epi_curve_data.csv,0.0,0.0,1e-12,exact,pass
low_LTBI_1pct,random,450,nTestPositive_median,13.0,13.0,apy_cho_epi_curve_data.csv,0.0,0.0,1e-12,exact,pass
low_LTBI_1pct,random,450,nTotalCoursesCompleted_median,9.0,9.0,apy_cho_epi_curve_data.csv,0.0,0.0,1e-12,exact,pass
low_LTBI_1pct,random,450,nTotalCoursesStarted_median,11.0,11.0,apy_cho_epi_curve_data.csv,0.0,0.0,1e-12,exact,pass
low_LTBI_1pct,random,450,nTruePositiveTests_median,4.0,4.0,apy_cho_epi_curve_data.csv,0.0,0.0,1e-12,exact,pass
low_LTBI_1pct,random,450,nTruePositiveTreated_median,4.0,4.0,apy_cho_epi_curve_data.csv,0.0,0.0,1e-12,exact,pass
low_LTBI_1pct,random,450,relativeReduction20y_median,0.0,0.0,apy_cho_epi_curve_data.csv,0.0,,1e-12,exact,pass
low_LTBI_1pct,random,450,screenCoverage,0.3,0.3,apy_cho_epi_curve_data.csv,0.0,0.0,1e-12,exact,pass
low_LTBI_1pct,random,500,NNS_prevent_one_active_TB,,,apy_cho_epi_curve_data.csv,0.0,0.0,1e-12,exact,pass
low_LTBI_1pct,random,500,NNT_completed_prevent_one_active_TB,,,apy_cho_epi_curve_data.csv,0.0,0.0,1e-12,exact,pass
low_LTBI_1pct,random,500,NNT_started_prevent_one_active_TB,,,apy_cho_epi_curve_data.csv,0.0,0.0,1e-12,exact,pass
low_LTBI_1pct,random,500,PPV_trueAmongTestPositive,0.2857142857142857,0.2857142857142857,apy_cho_epi_curve_data.csv,0.0,0.0,1e-12,exact,pass
low_LTBI_1pct,random,500,falsePositiveShareAmongTestPositive,0.7142857142857143,0.7142857142857143,apy_cho_epi_curve_data.csv,0.0,0.0,1e-12,exact,pass
low_LTBI_1pct,random,500,falsePositiveTestsPerTruePositiveTest,2.5,2.5,apy_cho_epi_curve_data.csv,0.0,0.0,1e-12,exact,pass
low_LTBI_1pct,random,500,falsePositiveTreatedPerTruePositiveTreated,2.0,2.0,apy_cho_epi_curve_data.csv,0.0,0.0,1e-12,exact,pass
low_LTBI_1pct,random,500,falsePositiveTreatedShareAmongCoursesStarted,0.6666666666666666,0.6666666666666666,apy_cho_epi_curve_data.csv,0.0,0.0,1e-12,exact,pass
low_LTBI_1pct,random,500,nActiveBy20y_AfterStrategy_median,4.0,4.0,apy_cho_epi_curve_data.csv,0.0,0.0,1e-12,exact,pass
low_LTBI_1pct,random,500,nActiveBy20y_DoNothing_median,5.0,5.0,apy_cho_epi_curve_data.csv,0.0,0.0,1e-12,exact,pass
low_LTBI_1pct,random,500,nCuredInfection_median,2.0,2.0,apy_cho_epi_curve_data.csv,0.0,0.0,1e-12,exact,pass
low_LTBI_1pct,random,500,nFalsePositiveTestsBCG_median,7.0,7.0,apy_cho_epi_curve_data.csv,0.0,0.0,1e-12,exact,pass
low_LTBI_1pct,random,500,nFalsePositiveTestsNoBCG_median,3.0,3.0,apy_cho_epi_curve_data.csv,0.0,0.0,1e-12,exact,pass
low_LTBI_1pct,random,500,nFalsePositiveTests_median,10.0,10.0,apy_cho_epi_curve_data.csv,0.0,0.0,1e-12,exact,pass
low_LTBI_1pct,random,500,nFalsePositiveTreated_median,8.0,8.0,apy_cho_epi_curve_data.csv,0.0,0.0,1e-12,exact,pass
low_LTBI_1pct,random,500,nIGRApos_median,14.0,14.0,apy_cho_epi_curve_data.csv,0.0,0.0,1e-12,exact,pass
low_LTBI_1pct,random,500,nPreventedActiveTB_median,0.0,0.0,apy_cho_epi_curve_data.csv,0.0,,1e-12,exact,pass
low_LTBI_1pct,random,500,nScreenedBCG_median,340.0,340.0,apy_cho_epi_curve_data.csv,0.0,0.0,1e-12,exact,pass
low_LTBI_1pct,random,500,nScreened_high95,500.0,500.0,apy_cho_epi_curve_data.csv,0.0,0.0,1e-12,exact,pass
low_LTBI_1pct,random,500,nScreened_low95,500.0,500.0,apy_cho_epi_curve_data.csv,0.0,0.0,1e-12,exact,pass
low_LTBI_1pct,random,500,nScreened_median,500.0,500.0,apy_cho_epi_curve_data.csv,0.0,0.0,1e-12,exact,pass
low_LTBI_1pct,random,500,nTestPositiveNonActive_median,14.0,14.0,apy_cho_epi_curve_data.csv,0.0,0.0,1e-12,exact,pass
low_LTBI_1pct,random,500,nTestPositive_median,14.0,14.0,apy_cho_epi_curve_data.csv,0.0,0.0,1e-12,exact,pass
low_LTBI_1pct,random,500,nTotalCoursesCompleted_median,10.0,10.0,apy_cho_epi_curve_data.csv,0.0,0.0,1e-12,exact,pass
low_LTBI_1pct,random,500,nTotalCoursesStarted_median,12.0,12.0,apy_cho_epi_curve_data.csv,0.0,0.0,1e-12,exact,pass
low_LTBI_1pct,random,500,nTruePositiveTests_median,4.0,4.0,apy_cho_epi_curve_data.csv,0.0,0.0,1e-12,exact,pass
low_LTBI_1pct,random,500,nTruePositiveTreated_median,4.0,4.0,apy_cho_epi_curve_data.csv,0.0,0.0,1e-12,exact,pass
low_LTBI_1pct,random,500,relativeReduction20y_median,0.0,0.0,apy_cho_epi_curve_data.csv,0.0,,1e-12,exact,pass
low_LTBI_1pct,random,500,screenCoverage,0.3333333333333333,0.3333333333333333,apy_cho_epi_curve_data.csv,0.0,0.0,1e-12,exact,pass
low_LTBI_1pct,random,600,NNS_prevent_one_active_TB,,,apy_cho_epi_curve_data.csv,0.0,0.0,1e-12,exact,pass
low_LTBI_1pct,random,600,NNT_completed_prevent_one_active_TB,,,apy_cho_epi_curve_data.csv,0.0,0.0,1e-12,exact,pass
low_LTBI_1pct,random,600,NNT_started_prevent_one_active_TB,,,apy_cho_epi_curve_data.csv,0.0,0.0,1e-12,exact,pass
low_LTBI_1pct,random,600,PPV_trueAmongTestPositive,0.2941176470588235,0.2941176470588235,apy_cho_epi_curve_data.csv,0.0,0.0,1e-12,exact,pass
low_LTBI_1pct,random,600,falsePositiveShareAmongTestPositive,0.7058823529411765,0.7058823529411765,apy_cho_epi_curve_data.csv,0.0,0.0,1e-12,exact,pass
low_LTBI_1pct,random,600,falsePositiveTestsPerTruePositiveTest,2.4,2.4,apy_cho_epi_curve_data.csv,0.0,0.0,1e-12,exact,pass
low_LTBI_1pct,random,600,falsePositiveTreatedPerTruePositiveTreated,2.5,2.5,apy_cho_epi_curve_data.csv,0.0,0.0,1e-12,exact,pass
low_LTBI_1pct,random,600,falsePositiveTreatedShareAmongCoursesStarted,0.7142857142857143,0.7142857142857143,apy_cho_epi_curve_data.csv,0.0,0.0,1e-12,exact,pass
low_LTBI_1pct,random,600,nActiveBy20y_AfterStrategy_median,4.0,4.0,apy_cho_epi_curve_data.csv,0.0,0.0,1e-12,exact,pass
low_LTBI_1pct,random,600,nActiveBy20y_DoNothing_median,5.0,5.0,apy_cho_epi_curve_data.csv,0.0,0.0,1e-12,exact,pass
low_LTBI_1pct,random,600,nCuredInfection_median,3.0,3.0,apy_cho_epi_curve_data.csv,0.0,0.0,1e-12,exact,pass
low_LTBI_1pct,random,600,nFalsePositiveTestsBCG_median,8.0,8.0,apy_cho_epi_curve_data.csv,0.0,0.0,1e-12,exact,pass
low_LTBI_1pct,random,600,nFalsePositiveTestsNoBCG_median,4.0,4.0,apy_cho_epi_curve_data.csv,0.0,0.0,1e-12,exact,pass
low_LTBI_1pct,random,600,nFalsePositiveTests_median,12.0,12.0,apy_cho_epi_curve_data.csv,0.0,0.0,1e-12,exact,pass
low_LTBI_1pct,random,600,nFalsePositiveTreated_median,10.0,10.0,apy_cho_epi_curve_data.csv,0.0,0.0,1e-12,exact,pass
low_LTBI_1pct,random,600,nIGRApos_median,17.0,17.0,apy_cho_epi_curve_data.csv,0.0,0.0,1e-12,exact,pass
low_LTBI_1pct,random,600,nPreventedActiveTB_median,0.0,0.0,apy_cho_epi_curve_data.csv,0.0,,1e-12,exact,pass
low_LTBI_1pct,random,600,nScreenedBCG_median,408.0,408.0,apy_cho_epi_curve_data.csv,0.0,0.0,1e-12,exact,pass
low_LTBI_1pct,random,600,nScreened_high95,600.0,600.0,apy_cho_epi_curve_data.csv,0.0,0.0,1e-12,exact,pass
low_LTBI_1pct,random,600,nScreened_low95,600.0,600.0,apy_cho_epi_curve_data.csv,0.0,0.0,1e-12,exact,pass
low_LTBI_1pct,random,600,nScreened_median,600.0,600.0,apy_cho_epi_curve_data.csv,0.0,0.0,1e-12,exact,pass
low_LTBI_1pct,random,600,nTestPositiveNonActive_median,17.0,17.0,apy_cho_epi_curve_data.csv,0.0,0.0,1e-12,exact,pass
low_LTBI_1pct,random,600,nTestPositive_median,17.0,17.0,apy_cho_epi_curve_data.csv,0.0,0.0,1e-12,exact,pass
low_LTBI_1pct,random,600,nTotalCoursesCompleted_median,11.5,11.5,apy_cho_epi_curve_data.csv,0.0,0.0,1e-12,exact,pass
low_LTBI_1pct,random,600,nTotalCoursesStarted_median,14.0,14.0,apy_cho_epi_curve_data.csv,0.0,0.0,1e-12,exact,pass
low_LTBI_1pct,random,600,nTruePositiveTests_median,5.0,5.0,apy_cho_epi_curve_data.csv,0.0,0.0,1e-12,exact,pass
low_LTBI_1pct,random,600,nTruePositiveTreated_median,4.0,4.0,apy_cho_epi_curve_data.csv,0.0,0.0,1e-12,exact,pass
low_LTBI_1pct,random,600,relativeReduction20y_median,0.0,0.0,apy_cho_epi_curve_data.csv,0.0,,1e-12,exact,pass
low_LTBI_1pct,random,600,screenCoverage,0.4,0.4,apy_cho_epi_curve_data.csv,0.0,0.0,1e-12,exact,pass
low_LTBI_1pct,random,700,NNS_prevent_one_active_TB,700.0,700.0,apy_cho_epi_curve_data.csv,0.0,0.0,1e-12,exact,pass
low_LTBI_1pct,random,700,NNT_completed_prevent_one_active_TB,13.0,13.0,apy_cho_epi_curve_data.csv,0.0,0.0,1e-12,exact,pass
low_LTBI_1pct,random,700,NNT_started_prevent_one_active_TB,17.0,17.0,apy_cho_epi_curve_data.csv,0.0,0.0,1e-12,exact,pass
low_LTBI_1pct,random,700,PPV_trueAmongTestPositive,0.3,0.3,apy_cho_epi_curve_data.csv,0.0,0.0,1e-12,exact,pass
low_LTBI_1pct,random,700,falsePositiveShareAmongTestPositive,0.7,0.7,apy_cho_epi_curve_data.csv,0.0,0.0,1e-12,exact,pass
low_LTBI_1pct,random,700,falsePositiveTestsPerTruePositiveTest,2.333333333333333,2.333333333333333,apy_cho_epi_curve_data.csv,0.0,0.0,1e-12,exact,pass
low_LTBI_1pct,random,700,falsePositiveTreatedPerTruePositiveTreated,2.4,2.4,apy_cho_epi_curve_data.csv,0.0,0.0,1e-12,exact,pass
low_LTBI_1pct,random,700,falsePositiveTreatedShareAmongCoursesStarted,0.7058823529411765,0.7058823529411765,apy_cho_epi_curve_data.csv,0.0,0.0,1e-12,exact,pass
low_LTBI_1pct,random,700,nActiveBy20y_AfterStrategy_median,4.0,4.0,apy_cho_epi_curve_data.csv,0.0,0.0,1e-12,exact,pass
low_LTBI_1pct,random,700,nActiveBy20y_DoNothing_median,5.0,5.0,apy_cho_epi_curve_data.csv,0.0,0.0,1e-12,exact,pass
low_LTBI_1pct,random,700,nCuredInfection_median,3.0,3.0,apy_cho_epi_curve_data.csv,0.0,0.0,1e-12,exact,pass
low_LTBI_1pct,random,700,nFalsePositiveTestsBCG_median,9.0,9.0,apy_cho_epi_curve_data.csv,0.0,0.0,1e-12,exact,pass
low_LTBI_1pct,random,700,nFalsePositiveTestsNoBCG_median,4.0,4.0,apy_cho_epi_curve_data.csv,0.0,0.0,1e-12,exact,pass
low_LTBI_1pct,random,700,nFalsePositiveTests_median,14.0,14.0,apy_cho_epi_curve_data.csv,0.0,0.0,1e-12,exact,pass
low_LTBI_1pct,random,700,nFalsePositiveTreated_median,12.0,12.0,apy_cho_epi_curve_data.csv,0.0,0.0,1e-12,exact,pass
low_LTBI_1pct,random,700,nIGRApos_median,20.0,20.0,apy_cho_epi_curve_data.csv,0.0,0.0,1e-12,exact,pass
low_LTBI_1pct,random,700,nPreventedActiveTB_median,1.0,1.0,apy_cho_epi_curve_data.csv,0.0,0.0,1e-12,exact,pass
low_LTBI_1pct,random,700,nScreenedBCG_median,476.0,476.0,apy_cho_epi_curve_data.csv,0.0,0.0,1e-12,exact,pass
low_LTBI_1pct,random,700,nScreened_high95,700.0,700.0,apy_cho_epi_curve_data.csv,0.0,0.0,1e-12,exact,pass
low_LTBI_1pct,random,700,nScreened_low95,700.0,700.0,apy_cho_epi_curve_data.csv,0.0,0.0,1e-12,exact,pass
low_LTBI_1pct,random,700,nScreened_median,700.0,700.0,apy_cho_epi_curve_data.csv,0.0,0.0,1e-12,exact,pass
low_LTBI_1pct,random,700,nTestPositiveNonActive_median,20.0,20.0,apy_cho_epi_curve_data.csv,0.0,0.0,1e-12,exact,pass
low_LTBI_1pct,random,700,nTestPositive_median,20.0,20.0,apy_cho_epi_curve_data.csv,0.0,0.0,1e-12,exact,pass
low_LTBI_1pct,random,700,nTotalCoursesCompleted_median,13.0,13.0,apy_cho_epi_curve_data.csv,0.0,0.0,1e-12,exact,pass
low_LTBI_1pct,random,700,nTotalCoursesStarted_median,17.0,17.0,apy_cho_epi_curve_data.csv,0.0,0.0,1e-12,exact,pass
low_LTBI_1pct,random,700,nTruePositiveTests_median,6.0,6.0,apy_cho_epi_curve_data.csv,0.0,0.0,1e-12,exact,pass
low_LTBI_1pct,random,700,nTruePositiveTreated_median,5.0,5.0,apy_cho_epi_curve_data.csv,0.0,0.0,1e-12,exact,pass
low_LTBI_1pct,random,700,relativeReduction20y_median,0.1428571428571428,0.1428571428571428,apy_cho_epi_curve_data.csv,0.0,0.0,1e-12,exact,pass
low_LTBI_1pct,random,700,screenCoverage,0.4666666666666667,0.4666666666666667,apy_cho_epi_curve_data.csv,0.0,0.0,1e-12,exact,pass
low_LTBI_1pct,random,800,NNS_prevent_one_active_TB,800.0,800.0,apy_cho_epi_curve_data.csv,0.0,0.0,1e-12,exact,pass
low_LTBI_1pct,random,800,NNT_completed_prevent_one_active_TB,15.0,15.0,apy_cho_epi_curve_data.csv,0.0,0.0,1e-12,exact,pass
low_LTBI_1pct,random,800,NNT_started_prevent_one_active_TB,19.0,19.0,apy_cho_epi_curve_data.csv,0.0,0.0,1e-12,exact,pass
low_LTBI_1pct,random,800,PPV_trueAmongTestPositive,0.2727272727272727,0.2727272727272727,apy_cho_epi_curve_data.csv,0.0,0.0,1e-12,exact,pass
low_LTBI_1pct,random,800,falsePositiveShareAmongTestPositive,0.7272727272727273,0.7272727272727273,apy_cho_epi_curve_data.csv,0.0,0.0,1e-12,exact,pass
low_LTBI_1pct,random,800,falsePositiveTestsPerTruePositiveTest,2.6666666666666665,2.6666666666666665,apy_cho_epi_curve_data.csv,0.0,0.0,1e-12,exact,pass
low_LTBI_1pct,random,800,falsePositiveTreatedPerTruePositiveTreated,2.1666666666666665,2.1666666666666665,apy_cho_epi_curve_data.csv,0.0,0.0,1e-12,exact,pass
low_LTBI_1pct,random,800,falsePositiveTreatedShareAmongCoursesStarted,0.6842105263157895,0.6842105263157895,apy_cho_epi_curve_data.csv,0.0,0.0,1e-12,exact,pass
low_LTBI_1pct,random,800,nActiveBy20y_AfterStrategy_median,4.0,4.0,apy_cho_epi_curve_data.csv,0.0,0.0,1e-12,exact,pass
low_LTBI_1pct,random,800,nActiveBy20y_DoNothing_median,5.0,5.0,apy_cho_epi_curve_data.csv,0.0,0.0,1e-12,exact,pass
low_LTBI_1pct,random,800,nCuredInfection_median,4.0,4.0,apy_cho_epi_curve_data.csv,0.0,0.0,1e-12,exact,pass
low_LTBI_1pct,random,800,nFalsePositiveTestsBCG_median,11.0,11.0,apy_cho_epi_curve_data.csv,0.0,0.0,1e-12,exact,pass
low_LTBI_1pct,random,800,nFalsePositiveTestsNoBCG_median,5.0,5.0,apy_cho_epi_curve_data.csv,0.0,0.0,1e-12,exact,pass
low_LTBI_1pct,random,800,nFalsePositiveTests_median,16.0,16.0,apy_cho_epi_curve_data.csv,0.0,0.0,1e-12,exact,pass
low_LTBI_1pct,random,800,nFalsePositiveTreated_median,13.0,13.0,apy_cho_epi_curve_data.csv,0.0,0.0,1e-12,exact,pass
low_LTBI_1pct,random,800,nIGRApos_median,22.0,22.0,apy_cho_epi_curve_data.csv,0.0,0.0,1e-12,exact,pass
low_LTBI_1pct,random,800,nPreventedActiveTB_median,1.0,1.0,apy_cho_epi_curve_data.csv,0.0,0.0,1e-12,exact,pass
low_LTBI_1pct,random,800,nScreenedBCG_median,544.0,544.0,apy_cho_epi_curve_data.csv,0.0,0.0,1e-12,exact,pass
low_LTBI_1pct,random,800,nScreened_high95,800.0,800.0,apy_cho_epi_curve_data.csv,0.0,0.0,1e-12,exact,pass
low_LTBI_1pct,random,800,nScreened_low95,800.0,800.0,apy_cho_epi_curve_data.csv,0.0,0.0,1e-12,exact,pass
low_LTBI_1pct,random,800,nScreened_median,800.0,800.0,apy_cho_epi_curve_data.csv,0.0,0.0,1e-12,exact,pass
low_LTBI_1pct,random,800,nTestPositiveNonActive_median,22.0,22.0,apy_cho_epi_curve_data.csv,0.0,0.0,1e-12,exact,pass
low_LTBI_1pct,random,800,nTestPositive_median,23.0,23.0,apy_cho_epi_curve_data.csv,0.0,0.0,1e-12,exact,pass
low_LTBI_1pct,random,800,nTotalCoursesCompleted_median,15.0,15.0,apy_cho_epi_curve_data.csv,0.0,0.0,1e-12,exact,pass
low_LTBI_1pct,random,800,nTotalCoursesStarted_median,19.0,19.0,apy_cho_epi_curve_data.csv,0.0,0.0,1e-12,exact,pass
low_LTBI_1pct,random,800,nTruePositiveTests_median,6.0,6.0,apy_cho_epi_curve_data.csv,0.0,0.0,1e-12,exact,pass
low_LTBI_1pct,random,800,nTruePositiveTreated_median,6.0,6.0,apy_cho_epi_curve_data.csv,0.0,0.0,1e-12,exact,pass
low_LTBI_1pct,random,800,relativeReduction20y_median,0.1666666666666666,0.1666666666666666,apy_cho_epi_curve_data.csv,0.0,0.0,1e-12,exact,pass
low_LTBI_1pct,random,800,screenCoverage,0.5333333333333333,0.5333333333333333,apy_cho_epi_curve_data.csv,0.0,0.0,1e-12,exact,pass
low_LTBI_1pct,random,900,NNS_prevent_one_active_TB,900.0,900.0,apy_cho_epi_curve_data.csv,0.0,0.0,1e-12,exact,pass
low_LTBI_1pct,random,900,NNT_completed_prevent_one_active_TB,17.0,17.0,apy_cho_epi_curve_data.csv,0.0,0.0,1e-12,exact,pass
low_LTBI_1pct,random,900,NNT_started_prevent_one_active_TB,22.0,22.0,apy_cho_epi_curve_data.csv,0.0,0.0,1e-12,exact,pass
low_LTBI_1pct,random,900,PPV_trueAmongTestPositive,0.28,0.28,apy_cho_epi_curve_data.csv,0.0,0.0,1e-12,exact,pass
low_LTBI_1pct,random,900,falsePositiveShareAmongTestPositive,0.72,0.72,apy_cho_epi_curve_data.csv,0.0,0.0,1e-12,exact,pass
low_LTBI_1pct,random,900,falsePositiveTestsPerTruePositiveTest,2.571428571428572,2.571428571428572,apy_cho_epi_curve_data.csv,0.0,0.0,1e-12,exact,pass
low_LTBI_1pct,random,900,falsePositiveTreatedPerTruePositiveTreated,2.142857142857143,2.142857142857143,apy_cho_epi_curve_data.csv,0.0,0.0,1e-12,exact,pass
low_LTBI_1pct,random,900,falsePositiveTreatedShareAmongCoursesStarted,0.6818181818181818,0.6818181818181818,apy_cho_epi_curve_data.csv,0.0,0.0,1e-12,exact,pass
low_LTBI_1pct,random,900,nActiveBy20y_AfterStrategy_median,4.0,4.0,apy_cho_epi_curve_data.csv,0.0,0.0,1e-12,exact,pass
low_LTBI_1pct,random,900,nActiveBy20y_DoNothing_median,5.0,5.0,apy_cho_epi_curve_data.csv,0.0,0.0,1e-12,exact,pass
low_LTBI_1pct,random,900,nCuredInfection_median,4.0,4.0,apy_cho_epi_curve_data.csv,0.0,0.0,1e-12,exact,pass
low_LTBI_1pct,random,900,nFalsePositiveTestsBCG_median,12.0,12.0,apy_cho_epi_curve_data.csv,0.0,0.0,1e-12,exact,pass
low_LTBI_1pct,random,900,nFalsePositiveTestsNoBCG_median,6.0,6.0,apy_cho_epi_curve_data.csv,0.0,0.0,1e-12,exact,pass
low_LTBI_1pct,random,900,nFalsePositiveTests_median,18.0,18.0,apy_cho_epi_curve_data.csv,0.0,0.0,1e-12,exact,pass
low_LTBI_1pct,random,900,nFalsePositiveTreated_median,15.0,15.0,apy_cho_epi_curve_data.csv,0.0,0.0,1e-12,exact,pass
low_LTBI_1pct,random,900,nIGRApos_median,25.0,25.0,apy_cho_epi_curve_data.csv,0.0,0.0,1e-12,exact,pass
low_LTBI_1pct,random,900,nPreventedActiveTB_median,1.0,1.0,apy_cho_epi_curve_data.csv,0.0,0.0,1e-12,exact,pass
low_LTBI_1pct,random,900,nScreenedBCG_median,612.0,612.0,apy_cho_epi_curve_data.csv,0.0,0.0,1e-12,exact,pass
low_LTBI_1pct,random,900,nScreened_high95,900.0,900.0,apy_cho_epi_curve_data.csv,0.0,0.0,1e-12,exact,pass
low_LTBI_1pct,random,900,nScreened_low95,900.0,900.0,apy_cho_epi_curve_data.csv,0.0,0.0,1e-12,exact,pass
low_LTBI_1pct,random,900,nScreened_median,900.0,900.0,apy_cho_epi_curve_data.csv,0.0,0.0,1e-12,exact,pass
low_LTBI_1pct,random,900,nTestPositiveNonActive_median,25.0,25.0,apy_cho_epi_curve_data.csv,0.0,0.0,1e-12,exact,pass
low_LTBI_1pct,random,900,nTestPositive_median,26.0,26.0,apy_cho_epi_curve_data.csv,0.0,0.0,1e-12,exact,pass
low_LTBI_1pct,random,900,nTotalCoursesCompleted_median,17.0,17.0,apy_cho_epi_curve_data.csv,0.0,0.0,1e-12,exact,pass
low_LTBI_1pct,random,900,nTotalCoursesStarted_median,22.0,22.0,apy_cho_epi_curve_data.csv,0.0,0.0,1e-12,exact,pass
low_LTBI_1pct,random,900,nTruePositiveTests_median,7.0,7.0,apy_cho_epi_curve_data.csv,0.0,0.0,1e-12,exact,pass
low_LTBI_1pct,random,900,nTruePositiveTreated_median,7.0,7.0,apy_cho_epi_curve_data.csv,0.0,0.0,1e-12,exact,pass
low_LTBI_1pct,random,900,relativeReduction20y_median,0.1818181818181818,0.1818181818181818,apy_cho_epi_curve_data.csv,0.0,0.0,1e-12,exact,pass
low_LTBI_1pct,random,900,screenCoverage,0.6,0.6,apy_cho_epi_curve_data.csv,0.0,0.0,1e-12,exact,pass
low_LTBI_1pct,random,1000,NNS_prevent_one_active_TB,1000.0,1000.0,apy_cho_epi_curve_data.csv,0.0,0.0,1e-12,exact,pass
low_LTBI_1pct,random,1000,NNT_completed_prevent_one_active_TB,19.0,19.0,apy_cho_epi_curve_data.csv,0.0,0.0,1e-12,exact,pass
low_LTBI_1pct,random,1000,NNT_started_prevent_one_active_TB,24.0,24.0,apy_cho_epi_curve_data.csv,0.0,0.0,1e-12,exact,pass
low_LTBI_1pct,random,1000,PPV_trueAmongTestPositive,0.2857142857142857,0.2857142857142857,apy_cho_epi_curve_data.csv,0.0,0.0,1e-12,exact,pass
low_LTBI_1pct,random,1000,falsePositiveShareAmongTestPositive,0.7142857142857143,0.7142857142857143,apy_cho_epi_curve_data.csv,0.0,0.0,1e-12,exact,pass
low_LTBI_1pct,random,1000,falsePositiveTestsPerTruePositiveTest,2.5,2.5,apy_cho_epi_curve_data.csv,0.0,0.0,1e-12,exact,pass
low_LTBI_1pct,random,1000,falsePositiveTreatedPerTruePositiveTreated,2.4285714285714284,2.4285714285714284,apy_cho_epi_curve_data.csv,0.0,0.0,1e-12,exact,pass
low_LTBI_1pct,random,1000,falsePositiveTreatedShareAmongCoursesStarted,0.7083333333333334,0.7083333333333334,apy_cho_epi_curve_data.csv,0.0,0.0,1e-12,exact,pass
low_LTBI_1pct,random,1000,nActiveBy20y_AfterStrategy_median,4.0,4.0,apy_cho_epi_curve_data.csv,0.0,0.0,1e-12,exact,pass
low_LTBI_1pct,random,1000,nActiveBy20y_DoNothing_median,5.0,5.0,apy_cho_epi_curve_data.csv,0.0,0.0,1e-12,exact,pass
low_LTBI_1pct,random,1000,nCuredInfection_median,5.0,5.0,apy_cho_epi_curve_data.csv,0.0,0.0,1e-12,exact,pass
low_LTBI_1pct,random,1000,nFalsePositiveTestsBCG_median,13.0,13.0,apy_cho_epi_curve_data.csv,0.0,0.0,1e-12,exact,pass
low_LTBI_1pct,random,1000,nFalsePositiveTestsNoBCG_median,6.0,6.0,apy_cho_epi_curve_data.csv,0.0,0.0,1e-12,exact,pass
low_LTBI_1pct,random,1000,nFalsePositiveTests_median,20.0,20.0,apy_cho_epi_curve_data.csv,0.0,0.0,1e-12,exact,pass
low_LTBI_1pct,random,1000,nFalsePositiveTreated_median,17.0,17.0,apy_cho_epi_curve_data.csv,0.0,0.0,1e-12,exact,pass
low_LTBI_1pct,random,1000,nIGRApos_median,28.0,28.0,apy_cho_epi_curve_data.csv,0.0,0.0,1e-12,exact,pass
low_LTBI_1pct,random,1000,nPreventedActiveTB_median,1.0,1.0,apy_cho_epi_curve_data.csv,0.0,0.0,1e-12,exact,pass
low_LTBI_1pct,random,1000,nScreenedBCG_median,680.0,680.0,apy_cho_epi_curve_data.csv,0.0,0.0,1e-12,exact,pass
low_LTBI_1pct,random,1000,nScreened_high95,1000.0,1000.0,apy_cho_epi_curve_data.csv,0.0,0.0,1e-12,exact,pass
low_LTBI_1pct,random,1000,nScreened_low95,1000.0,1000.0,apy_cho_epi_curve_data.csv,0.0,0.0,1e-12,exact,pass
low_LTBI_1pct,random,1000,nScreened_median,1000.0,1000.0,apy_cho_epi_curve_data.csv,0.0,0.0,1e-12,exact,pass
low_LTBI_1pct,random,1000,nTestPositiveNonActive_median,28.0,28.0,apy_cho_epi_curve_data.csv,0.0,0.0,1e-12,exact,pass
low_LTBI_1pct,random,1000,nTestPositive_median,29.0,29.0,apy_cho_epi_curve_data.csv,0.0,0.0,1e-12,exact,pass
low_LTBI_1pct,random,1000,nTotalCoursesCompleted_median,19.0,19.0,apy_cho_epi_curve_data.csv,0.0,0.0,1e-12,exact,pass
low_LTBI_1pct,random,1000,nTotalCoursesStarted_median,24.0,24.0,apy_cho_epi_curve_data.csv,0.0,0.0,1e-12,exact,pass
low_LTBI_1pct,random,1000,nTruePositiveTests_median,8.0,8.0,apy_cho_epi_curve_data.csv,0.0,0.0,1e-12,exact,pass
low_LTBI_1pct,random,1000,nTruePositiveTreated_median,7.0,7.0,apy_cho_epi_curve_data.csv,0.0,0.0,1e-12,exact,pass
low_LTBI_1pct,random,1000,relativeReduction20y_median,0.2,0.2,apy_cho_epi_curve_data.csv,0.0,0.0,1e-12,exact,pass
low_LTBI_1pct,random,1000,screenCoverage,0.6666666666666666,0.6666666666666666,apy_cho_epi_curve_data.csv,0.0,0.0,1e-12,exact,pass
low_LTBI_1pct,random,1100,NNS_prevent_one_active_TB,1100.0,1100.0,apy_cho_epi_curve_data.csv,0.0,0.0,1e-12,exact,pass
low_LTBI_1pct,random,1100,NNT_completed_prevent_one_active_TB,21.0,21.0,apy_cho_epi_curve_data.csv,0.0,0.0,1e-12,exact,pass
low_LTBI_1pct,random,1100,NNT_started_prevent_one_active_TB,26.0,26.0,apy_cho_epi_curve_data.csv,0.0,0.0,1e-12,exact,pass
low_LTBI_1pct,random,1100,PPV_trueAmongTestPositive,0.3225806451612903,0.3225806451612903,apy_cho_epi_curve_data.csv,0.0,0.0,1e-12,exact,pass
low_LTBI_1pct,random,1100,falsePositiveShareAmongTestPositive,0.6774193548387096,0.6774193548387096,apy_cho_epi_curve_data.csv,0.0,0.0,1e-12,exact,pass
low_LTBI_1pct,random,1100,falsePositiveTestsPerTruePositiveTest,2.1,2.1,apy_cho_epi_curve_data.csv,0.0,0.0,1e-12,exact,pass
low_LTBI_1pct,random,1100,falsePositiveTreatedPerTruePositiveTreated,2.25,2.25,apy_cho_epi_curve_data.csv,0.0,0.0,1e-12,exact,pass
low_LTBI_1pct,random,1100,falsePositiveTreatedShareAmongCoursesStarted,0.6923076923076923,0.6923076923076923,apy_cho_epi_curve_data.csv,0.0,0.0,1e-12,exact,pass
low_LTBI_1pct,random,1100,nActiveBy20y_AfterStrategy_median,3.0,3.0,apy_cho_epi_curve_data.csv,0.0,0.0,1e-12,exact,pass
low_LTBI_1pct,random,1100,nActiveBy20y_DoNothing_median,5.0,5.0,apy_cho_epi_curve_data.csv,0.0,0.0,1e-12,exact,pass
low_LTBI_1pct,random,1100,nCuredInfection_median,5.0,5.0,apy_cho_epi_curve_data.csv,0.0,0.0,1e-12,exact,pass
low_LTBI_1pct,random,1100,nFalsePositiveTestsBCG_median,15.0,15.0,apy_cho_epi_curve_data.csv,0.0,0.0,1e-12,exact,pass
low_LTBI_1pct,random,1100,nFalsePositiveTestsNoBCG_median,7.0,7.0,apy_cho_epi_curve_data.csv,0.0,0.0,1e-12,exact,pass
low_LTBI_1pct,random,1100,nFalsePositiveTests_median,21.0,21.0,apy_cho_epi_curve_data.csv,0.0,0.0,1e-12,exact,pass
low_LTBI_1pct,random,1100,nFalsePositiveTreated_median,18.0,18.0,apy_cho_epi_curve_data.csv,0.0,0.0,1e-12,exact,pass
low_LTBI_1pct,random,1100,nIGRApos_median,31.0,31.0,apy_cho_epi_curve_data.csv,0.0,0.0,1e-12,exact,pass
low_LTBI_1pct,random,1100,nPreventedActiveTB_median,1.0,1.0,apy_cho_epi_curve_data.csv,0.0,0.0,1e-12,exact,pass
low_LTBI_1pct,random,1100,nScreenedBCG_median,748.0,748.0,apy_cho_epi_curve_data.csv,0.0,0.0,1e-12,exact,pass
low_LTBI_1pct,random,1100,nScreened_high95,1100.0,1100.0,apy_cho_epi_curve_data.csv,0.0,0.0,1e-12,exact,pass
low_LTBI_1pct,random,1100,nScreened_low95,1100.0,1100.0,apy_cho_epi_curve_data.csv,0.0,0.0,1e-12,exact,pass
low_LTBI_1pct,random,1100,nScreened_median,1100.0,1100.0,apy_cho_epi_curve_data.csv,0.0,0.0,1e-12,exact,pass
low_LTBI_1pct,random,1100,nTestPositiveNonActive_median,31.0,31.0,apy_cho_epi_curve_data.csv,0.0,0.0,1e-12,exact,pass
low_LTBI_1pct,random,1100,nTestPositive_median,32.0,32.0,apy_cho_epi_curve_data.csv,0.0,0.0,1e-12,exact,pass
low_LTBI_1pct,random,1100,nTotalCoursesCompleted_median,21.0,21.0,apy_cho_epi_curve_data.csv,0.0,0.0,1e-12,exact,pass
low_LTBI_1pct,random,1100,nTotalCoursesStarted_median,26.0,26.0,apy_cho_epi_curve_data.csv,0.0,0.0,1e-12,exact,pass
low_LTBI_1pct,random,1100,nTruePositiveTests_median,10.0,10.0,apy_cho_epi_curve_data.csv,0.0,0.0,1e-12,exact,pass
low_LTBI_1pct,random,1100,nTruePositiveTreated_median,8.0,8.0,apy_cho_epi_curve_data.csv,0.0,0.0,1e-12,exact,pass
low_LTBI_1pct,random,1100,relativeReduction20y_median,0.25,0.25,apy_cho_epi_curve_data.csv,0.0,0.0,1e-12,exact,pass
low_LTBI_1pct,random,1100,screenCoverage,0.7333333333333333,0.7333333333333333,apy_cho_epi_curve_data.csv,0.0,0.0,1e-12,exact,pass
low_LTBI_1pct,random,1200,NNS_prevent_one_active_TB,1200.0,1200.0,apy_cho_epi_curve_data.csv,0.0,0.0,1e-12,exact,pass
low_LTBI_1pct,random,1200,NNT_completed_prevent_one_active_TB,23.0,23.0,apy_cho_epi_curve_data.csv,0.0,0.0,1e-12,exact,pass
low_LTBI_1pct,random,1200,NNT_started_prevent_one_active_TB,29.0,29.0,apy_cho_epi_curve_data.csv,0.0,0.0,1e-12,exact,pass
low_LTBI_1pct,random,1200,PPV_trueAmongTestPositive,0.3235294117647059,0.3235294117647059,apy_cho_epi_curve_data.csv,0.0,0.0,1e-12,exact,pass
low_LTBI_1pct,random,1200,falsePositiveShareAmongTestPositive,0.6764705882352942,0.6764705882352942,apy_cho_epi_curve_data.csv,0.0,0.0,1e-12,exact,pass
low_LTBI_1pct,random,1200,falsePositiveTestsPerTruePositiveTest,2.090909090909091,2.090909090909091,apy_cho_epi_curve_data.csv,0.0,0.0,1e-12,exact,pass
low_LTBI_1pct,random,1200,falsePositiveTreatedPerTruePositiveTreated,2.2222222222222223,2.2222222222222223,apy_cho_epi_curve_data.csv,0.0,0.0,1e-12,exact,pass
low_LTBI_1pct,random,1200,falsePositiveTreatedShareAmongCoursesStarted,0.6896551724137931,0.6896551724137931,apy_cho_epi_curve_data.csv,0.0,0.0,1e-12,exact,pass
low_LTBI_1pct,random,1200,nActiveBy20y_AfterStrategy_median,3.0,3.0,apy_cho_epi_curve_data.csv,0.0,0.0,1e-12,exact,pass
low_LTBI_1pct,random,1200,nActiveBy20y_DoNothing_median,5.0,5.0,apy_cho_epi_curve_data.csv,0.0,0.0,1e-12,exact,pass
low_LTBI_1pct,random,1200,nCuredInfection_median,6.0,6.0,apy_cho_epi_curve_data.csv,0.0,0.0,1e-12,exact,pass
low_LTBI_1pct,random,1200,nFalsePositiveTestsBCG_median,16.0,16.0,apy_cho_epi_curve_data.csv,0.0,0.0,1e-12,exact,pass
low_LTBI_1pct,random,1200,nFalsePositiveTestsNoBCG_median,7.0,7.0,apy_cho_epi_curve_data.csv,0.0,0.0,1e-12,exact,pass
low_LTBI_1pct,random,1200,nFalsePositiveTests_median,23.0,23.0,apy_cho_epi_curve_data.csv,0.0,0.0,1e-12,exact,pass
low_LTBI_1pct,random,1200,nFalsePositiveTreated_median,20.0,20.0,apy_cho_epi_curve_data.csv,0.0,0.0,1e-12,exact,pass
low_LTBI_1pct,random,1200,nIGRApos_median,34.0,34.0,apy_cho_epi_curve_data.csv,0.0,0.0,1e-12,exact,pass
low_LTBI_1pct,random,1200,nPreventedActiveTB_median,1.0,1.0,apy_cho_epi_curve_data.csv,0.0,0.0,1e-12,exact,pass
low_LTBI_1pct,random,1200,nScreenedBCG_median,816.0,816.0,apy_cho_epi_curve_data.csv,0.0,0.0,1e-12,exact,pass
low_LTBI_1pct,random,1200,nScreened_high95,1200.0,1200.0,apy_cho_epi_curve_data.csv,0.0,0.0,1e-12,exact,pass
low_LTBI_1pct,random,1200,nScreened_low95,1200.0,1200.0,apy_cho_epi_curve_data.csv,0.0,0.0,1e-12,exact,pass
low_LTBI_1pct,random,1200,nScreened_median,1200.0,1200.0,apy_cho_epi_curve_data.csv,0.0,0.0,1e-12,exact,pass
low_LTBI_1pct,random,1200,nTestPositiveNonActive_median,34.0,34.0,apy_cho_epi_curve_data.csv,0.0,0.0,1e-12,exact,pass
low_LTBI_1pct,random,1200,nTestPositive_median,35.0,35.0,apy_cho_epi_curve_data.csv,0.0,0.0,1e-12,exact,pass
low_LTBI_1pct,random,1200,nTotalCoursesCompleted_median,23.0,23.0,apy_cho_epi_curve_data.csv,0.0,0.0,1e-12,exact,pass
low_LTBI_1pct,random,1200,nTotalCoursesStarted_median,29.0,29.0,apy_cho_epi_curve_data.csv,0.0,0.0,1e-12,exact,pass
low_LTBI_1pct,random,1200,nTruePositiveTests_median,11.0,11.0,apy_cho_epi_curve_data.csv,0.0,0.0,1e-12,exact,pass
low_LTBI_1pct,random,1200,nTruePositiveTreated_median,9.0,9.0,apy_cho_epi_curve_data.csv,0.0,0.0,1e-12,exact,pass
low_LTBI_1pct,random,1200,relativeReduction20y_median,0.25,0.25,apy_cho_epi_curve_data.csv,0.0,0.0,1e-12,exact,pass
low_LTBI_1pct,random,1200,screenCoverage,0.8,0.8,apy_cho_epi_curve_data.csv,0.0,0.0,1e-12,exact,pass
low_LTBI_1pct,random,1300,NNS_prevent_one_active_TB,1300.0,1300.0,apy_cho_epi_curve_data.csv,0.0,0.0,1e-12,exact,pass
low_LTBI_1pct,random,1300,NNT_completed_prevent_one_active_TB,25.0,25.0,apy_cho_epi_curve_data.csv,0.0,0.0,1e-12,exact,pass
low_LTBI_1pct,random,1300,NNT_started_prevent_one_active_TB,31.0,31.0,apy_cho_epi_curve_data.csv,0.0,0.0,1e-12,exact,pass
low_LTBI_1pct,random,1300,PPV_trueAmongTestPositive,0.3055555555555556,0.3055555555555556,apy_cho_epi_curve_data.csv,0.0,0.0,1e-12,exact,pass
low_LTBI_1pct,random,1300,falsePositiveShareAmongTestPositive,0.6944444444444444,0.6944444444444444,apy_cho_epi_curve_data.csv,0.0,0.0,1e-12,exact,pass
low_LTBI_1pct,random,1300,falsePositiveTestsPerTruePositiveTest,2.272727272727273,2.272727272727273,apy_cho_epi_curve_data.csv,0.0,0.0,1e-12,exact,pass
low_LTBI_1pct,random,1300,falsePositiveTreatedPerTruePositiveTreated,2.4444444444444446,2.4444444444444446,apy_cho_epi_curve_data.csv,0.0,0.0,1e-12,exact,pass
low_LTBI_1pct,random,1300,falsePositiveTreatedShareAmongCoursesStarted,0.7096774193548387,0.7096774193548387,apy_cho_epi_curve_data.csv,0.0,0.0,1e-12,exact,pass
low_LTBI_1pct,random,1300,nActiveBy20y_AfterStrategy_median,3.0,3.0,apy_cho_epi_curve_data.csv,0.0,0.0,1e-12,exact,pass
low_LTBI_1pct,random,1300,nActiveBy20y_DoNothing_median,5.0,5.0,apy_cho_epi_curve_data.csv,0.0,0.0,1e-12,exact,pass
low_LTBI_1pct,random,1300,nCuredInfection_median,6.0,6.0,apy_cho_epi_curve_data.csv,0.0,0.0,1e-12,exact,pass
low_LTBI_1pct,random,1300,nFalsePositiveTestsBCG_median,17.0,17.0,apy_cho_epi_curve_data.csv,0.0,0.0,1e-12,exact,pass
low_LTBI_1pct,random,1300,nFalsePositiveTestsNoBCG_median,8.0,8.0,apy_cho_epi_curve_data.csv,0.0,0.0,1e-12,exact,pass
low_LTBI_1pct,random,1300,nFalsePositiveTests_median,25.0,25.0,apy_cho_epi_curve_data.csv,0.0,0.0,1e-12,exact,pass
low_LTBI_1pct,random,1300,nFalsePositiveTreated_median,22.0,22.0,apy_cho_epi_curve_data.csv,0.0,0.0,1e-12,exact,pass
low_LTBI_1pct,random,1300,nIGRApos_median,36.0,36.0,apy_cho_epi_curve_data.csv,0.0,0.0,1e-12,exact,pass
low_LTBI_1pct,random,1300,nPreventedActiveTB_median,1.0,1.0,apy_cho_epi_curve_data.csv,0.0,0.0,1e-12,exact,pass
low_LTBI_1pct,random,1300,nScreenedBCG_median,884.0,884.0,apy_cho_epi_curve_data.csv,0.0,0.0,1e-12,exact,pass
low_LTBI_1pct,random,1300,nScreened_high95,1300.0,1300.0,apy_cho_epi_curve_data.csv,0.0,0.0,1e-12,exact,pass
low_LTBI_1pct,random,1300,nScreened_low95,1300.0,1300.0,apy_cho_epi_curve_data.csv,0.0,0.0,1e-12,exact,pass
low_LTBI_1pct,random,1300,nScreened_median,1300.0,1300.0,apy_cho_epi_curve_data.csv,0.0,0.0,1e-12,exact,pass
low_LTBI_1pct,random,1300,nTestPositiveNonActive_median,36.0,36.0,apy_cho_epi_curve_data.csv,0.0,0.0,1e-12,exact,pass
low_LTBI_1pct,random,1300,nTestPositive_median,38.0,38.0,apy_cho_epi_curve_data.csv,0.0,0.0,1e-12,exact,pass
low_LTBI_1pct,random,1300,nTotalCoursesCompleted_median,25.0,25.0,apy_cho_epi_curve_data.csv,0.0,0.0,1e-12,exact,pass
low_LTBI_1pct,random,1300,nTotalCoursesStarted_median,31.0,31.0,apy_cho_epi_curve_data.csv,0.0,0.0,1e-12,exact,pass
low_LTBI_1pct,random,1300,nTruePositiveTests_median,11.0,11.0,apy_cho_epi_curve_data.csv,0.0,0.0,1e-12,exact,pass
low_LTBI_1pct,random,1300,nTruePositiveTreated_median,9.0,9.0,apy_cho_epi_curve_data.csv,0.0,0.0,1e-12,exact,pass
low_LTBI_1pct,random,1300,relativeReduction20y_median,0.2857142857142857,0.2857142857142857,apy_cho_epi_curve_data.csv,0.0,0.0,1e-12,exact,pass
low_LTBI_1pct,random,1300,screenCoverage,0.8666666666666667,0.8666666666666667,apy_cho_epi_curve_data.csv,0.0,0.0,1e-12,exact,pass
low_LTBI_1pct,random,1400,NNS_prevent_one_active_TB,1400.0,1400.0,apy_cho_epi_curve_data.csv,0.0,0.0,1e-12,exact,pass
low_LTBI_1pct,random,1400,NNT_completed_prevent_one_active_TB,27.0,27.0,apy_cho_epi_curve_data.csv,0.0,0.0,1e-12,exact,pass
low_LTBI_1pct,random,1400,NNT_started_prevent_one_active_TB,34.0,34.0,apy_cho_epi_curve_data.csv,0.0,0.0,1e-12,exact,pass
low_LTBI_1pct,random,1400,PPV_trueAmongTestPositive,0.3076923076923077,0.3076923076923077,apy_cho_epi_curve_data.csv,0.0,0.0,1e-12,exact,pass
low_LTBI_1pct,random,1400,falsePositiveShareAmongTestPositive,0.6923076923076923,0.6923076923076923,apy_cho_epi_curve_data.csv,0.0,0.0,1e-12,exact,pass
low_LTBI_1pct,random,1400,falsePositiveTestsPerTruePositiveTest,2.25,2.25,apy_cho_epi_curve_data.csv,0.0,0.0,1e-12,exact,pass
low_LTBI_1pct,random,1400,falsePositiveTreatedPerTruePositiveTreated,2.090909090909091,2.090909090909091,apy_cho_epi_curve_data.csv,0.0,0.0,1e-12,exact,pass
low_LTBI_1pct,random,1400,falsePositiveTreatedShareAmongCoursesStarted,0.6764705882352942,0.6764705882352942,apy_cho_epi_curve_data.csv,0.0,0.0,1e-12,exact,pass
low_LTBI_1pct,random,1400,nActiveBy20y_AfterStrategy_median,3.0,3.0,apy_cho_epi_curve_data.csv,0.0,0.0,1e-12,exact,pass
low_LTBI_1pct,random,1400,nActiveBy20y_DoNothing_median,5.0,5.0,apy_cho_epi_curve_data.csv,0.0,0.0,1e-12,exact,pass
low_LTBI_1pct,random,1400,nCuredInfection_median,7.0,7.0,apy_cho_epi_curve_data.csv,0.0,0.0,1e-12,exact,pass
low_LTBI_1pct,random,1400,nFalsePositiveTestsBCG_median,19.0,19.0,apy_cho_epi_curve_data.csv,0.0,0.0,1e-12,exact,pass
low_LTBI_1pct,random,1400,nFalsePositiveTestsNoBCG_median,9.0,9.0,apy_cho_epi_curve_data.csv,0.0,0.0,1e-12,exact,pass
low_LTBI_1pct,random,1400,nFalsePositiveTests_median,27.0,27.0,apy_cho_epi_curve_data.csv,0.0,0.0,1e-12,exact,pass
low_LTBI_1pct,random,1400,nFalsePositiveTreated_median,23.0,23.0,apy_cho_epi_curve_data.csv,0.0,0.0,1e-12,exact,pass
low_LTBI_1pct,random,1400,nIGRApos_median,39.0,39.0,apy_cho_epi_curve_data.csv,0.0,0.0,1e-12,exact,pass
low_LTBI_1pct,random,1400,nPreventedActiveTB_median,1.0,1.0,apy_cho_epi_curve_data.csv,0.0,0.0,1e-12,exact,pass
low_LTBI_1pct,random,1400,nScreenedBCG_median,952.0,952.0,apy_cho_epi_curve_data.csv,0.0,0.0,1e-12,exact,pass
low_LTBI_1pct,random,1400,nScreened_high95,1400.0,1400.0,apy_cho_epi_curve_data.csv,0.0,0.0,1e-12,exact,pass
low_LTBI_1pct,random,1400,nScreened_low95,1400.0,1400.0,apy_cho_epi_curve_data.csv,0.0,0.0,1e-12,exact,pass
low_LTBI_1pct,random,1400,nScreened_median,1400.0,1400.0,apy_cho_epi_curve_data.csv,0.0,0.0,1e-12,exact,pass
low_LTBI_1pct,random,1400,nTestPositiveNonActive_median,39.0,39.0,apy_cho_epi_curve_data.csv,0.0,0.0,1e-12,exact,pass
low_LTBI_1pct,random,1400,nTestPositive_median,40.0,40.0,apy_cho_epi_curve_data.csv,0.0,0.0,1e-12,exact,pass
low_LTBI_1pct,random,1400,nTotalCoursesCompleted_median,27.0,27.0,apy_cho_epi_curve_data.csv,0.0,0.0,1e-12,exact,pass
low_LTBI_1pct,random,1400,nTotalCoursesStarted_median,34.0,34.0,apy_cho_epi_curve_data.csv,0.0,0.0,1e-12,exact,pass
low_LTBI_1pct,random,1400,nTruePositiveTests_median,12.0,12.0,apy_cho_epi_curve_data.csv,0.0,0.0,1e-12,exact,pass
low_LTBI_1pct,random,1400,nTruePositiveTreated_median,11.0,11.0,apy_cho_epi_curve_data.csv,0.0,0.0,1e-12,exact,pass
low_LTBI_1pct,random,1400,relativeReduction20y_median,0.3333333333333333,0.3333333333333333,apy_cho_epi_curve_data.csv,0.0,0.0,1e-12,exact,pass
low_LTBI_1pct,random,1400,screenCoverage,0.9333333333333332,0.9333333333333332,apy_cho_epi_curve_data.csv,0.0,0.0,1e-12,exact,pass
low_LTBI_1pct,random,1500,NNS_prevent_one_active_TB,750.0,750.0,apy_cho_epi_curve_data.csv,0.0,0.0,1e-12,exact,pass
low_LTBI_1pct,random,1500,NNT_completed_prevent_one_active_TB,14.0,14.0,apy_cho_epi_curve_data.csv,0.0,0.0,1e-12,exact,pass
low_LTBI_1pct,random,1500,NNT_started_prevent_one_active_TB,18.0,18.0,apy_cho_epi_curve_data.csv,0.0,0.0,1e-12,exact,pass
low_LTBI_1pct,random,1500,PPV_trueAmongTestPositive,0.3095238095238095,0.3095238095238095,apy_cho_epi_curve_data.csv,0.0,0.0,1e-12,exact,pass
low_LTBI_1pct,random,1500,falsePositiveShareAmongTestPositive,0.6904761904761905,0.6904761904761905,apy_cho_epi_curve_data.csv,0.0,0.0,1e-12,exact,pass
low_LTBI_1pct,random,1500,falsePositiveTestsPerTruePositiveTest,2.230769230769231,2.230769230769231,apy_cho_epi_curve_data.csv,0.0,0.0,1e-12,exact,pass
low_LTBI_1pct,random,1500,falsePositiveTreatedPerTruePositiveTreated,2.272727272727273,2.272727272727273,apy_cho_epi_curve_data.csv,0.0,0.0,1e-12,exact,pass
low_LTBI_1pct,random,1500,falsePositiveTreatedShareAmongCoursesStarted,0.6944444444444444,0.6944444444444444,apy_cho_epi_curve_data.csv,0.0,0.0,1e-12,exact,pass
low_LTBI_1pct,random,1500,nActiveBy20y_AfterStrategy_median,3.0,3.0,apy_cho_epi_curve_data.csv,0.0,0.0,1e-12,exact,pass
low_LTBI_1pct,random,1500,nActiveBy20y_DoNothing_median,5.0,5.0,apy_cho_epi_curve_data.csv,0.0,0.0,1e-12,exact,pass
low_LTBI_1pct,random,1500,nCuredInfection_median,7.0,7.0,apy_cho_epi_curve_data.csv,0.0,0.0,1e-12,exact,pass
low_LTBI_1pct,random,1500,nFalsePositiveTestsBCG_median,20.0,20.0,apy_cho_epi_curve_data.csv,0.0,0.0,1e-12,exact,pass
low_LTBI_1pct,random,1500,nFalsePositiveTestsNoBCG_median,9.0,9.0,apy_cho_epi_curve_data.csv,0.0,0.0,1e-12,exact,pass
low_LTBI_1pct,random,1500,nFalsePositiveTests_median,29.0,29.0,apy_cho_epi_curve_data.csv,0.0,0.0,1e-12,exact,pass
low_LTBI_1pct,random,1500,nFalsePositiveTreated_median,25.0,25.0,apy_cho_epi_curve_data.csv,0.0,0.0,1e-12,exact,pass
low_LTBI_1pct,random,1500,nIGRApos_median,42.0,42.0,apy_cho_epi_curve_data.csv,0.0,0.0,1e-12,exact,pass
low_LTBI_1pct,random,1500,nPreventedActiveTB_median,2.0,2.0,apy_cho_epi_curve_data.csv,0.0,0.0,1e-12,exact,pass
low_LTBI_1pct,random,1500,nScreenedBCG_median,1019.0,1019.0,apy_cho_epi_curve_data.csv,0.0,0.0,1e-12,exact,pass
low_LTBI_1pct,random,1500,nScreened_high95,1500.0,1500.0,apy_cho_epi_curve_data.csv,0.0,0.0,1e-12,exact,pass
low_LTBI_1pct,random,1500,nScreened_low95,1500.0,1500.0,apy_cho_epi_curve_data.csv,0.0,0.0,1e-12,exact,pass
low_LTBI_1pct,random,1500,nScreened_median,1500.0,1500.0,apy_cho_epi_curve_data.csv,0.0,0.0,1e-12,exact,pass
low_LTBI_1pct,random,1500,nTestPositiveNonActive_median,42.0,42.0,apy_cho_epi_curve_data.csv,0.0,0.0,1e-12,exact,pass
low_LTBI_1pct,random,1500,nTestPositive_median,44.0,44.0,apy_cho_epi_curve_data.csv,0.0,0.0,1e-12,exact,pass
low_LTBI_1pct,random,1500,nTotalCoursesCompleted_median,28.0,28.0,apy_cho_epi_curve_data.csv,0.0,0.0,1e-12,exact,pass
low_LTBI_1pct,random,1500,nTotalCoursesStarted_median,36.0,36.0,apy_cho_epi_curve_data.csv,0.0,0.0,1e-12,exact,pass
low_LTBI_1pct,random,1500,nTruePositiveTests_median,13.0,13.0,apy_cho_epi_curve_data.csv,0.0,0.0,1e-12,exact,pass
low_LTBI_1pct,random,1500,nTruePositiveTreated_median,11.0,11.0,apy_cho_epi_curve_data.csv,0.0,0.0,1e-12,exact,pass
low_LTBI_1pct,random,1500,relativeReduction20y_median,0.3333333333333333,0.3333333333333333,apy_cho_epi_curve_data.csv,0.0,0.0,1e-12,exact,pass
low_LTBI_1pct,random,1500,screenCoverage,1.0,1.0,apy_cho_epi_curve_data.csv,0.0,0.0,1e-12,exact,pass
LTBI_0_5pct,ltbi,0,expected_NNS_prevent_TB,,,apy_prevalence_scenario_grid.csv,0.0,0.0,1e-12,exact,pass
LTBI_0_5pct,ltbi,0,expected_PPV,,,apy_prevalence_scenario_grid.csv,0.0,0.0,1e-12,exact,pass
LTBI_0_5pct,ltbi,0,expected_active_TB_prevented,0.0,0.0,apy_prevalence_scenario_grid.csv,0.0,,1e-12,exact,pass
LTBI_0_5pct,ltbi,0,expected_false_positive_share,,,apy_prevalence_scenario_grid.csv,0.0,0.0,1e-12,exact,pass
LTBI_0_5pct,ltbi,0,expected_false_positive_tests,0.0,0.0,apy_prevalence_scenario_grid.csv,0.0,,1e-12,exact,pass
LTBI_0_5pct,ltbi,0,expected_test_positive_nonactive,0.0,0.0,apy_prevalence_scenario_grid.csv,0.0,,1e-12,exact,pass
LTBI_0_5pct,ltbi,0,expected_true_positive_tests,0.0,0.0,apy_prevalence_scenario_grid.csv,0.0,,1e-12,exact,pass
LTBI_0_5pct,ltbi,0,ltbi_prevalence,0.005,0.005,apy_prevalence_scenario_grid.csv,0.0,0.0,1e-12,exact,pass
LTBI_0_5pct,ltbi,0,screenCoverage,0.0,0.0,apy_prevalence_scenario_grid.csv,0.0,,1e-12,exact,pass
LTBI_0_5pct,ltbi,50,expected_NNS_prevent_TB,,,apy_prevalence_scenario_grid.csv,0.0,0.0,1e-12,exact,pass
LTBI_0_5pct,ltbi,50,expected_PPV,0.5,0.5,apy_prevalence_scenario_grid.csv,0.0,0.0,1e-12,exact,pass
LTBI_0_5pct,ltbi,50,expected_active_TB_prevented,0.0,0.0,apy_prevalence_scenario_grid.csv,0.0,,1e-12,exact,pass
LTBI_0_5pct,ltbi,50,expected_false_positive_share,0.5,0.5,apy_prevalence_scenario_grid.csv,0.0,0.0,1e-12,exact,pass
LTBI_0_5pct,ltbi,50,expected_false_positive_tests,1.0,1.0,apy_prevalence_scenario_grid.csv,0.0,0.0,1e-12,exact,pass
LTBI_0_5pct,ltbi,50,expected_test_positive_nonactive,2.0,2.0,apy_prevalence_scenario_grid.csv,0.0,0.0,1e-12,exact,pass
LTBI_0_5pct,ltbi,50,expected_true_positive_tests,1.0,1.0,apy_prevalence_scenario_grid.csv,0.0,0.0,1e-12,exact,pass
LTBI_0_5pct,ltbi,50,ltbi_prevalence,0.005,0.005,apy_prevalence_scenario_grid.csv,0.0,0.0,1e-12,exact,pass
LTBI_0_5pct,ltbi,50,screenCoverage,0.0333333333333333,0.0333333333333333,apy_prevalence_scenario_grid.csv,0.0,0.0,1e-12,exact,pass
LTBI_0_5pct,ltbi,100,expected_NNS_prevent_TB,,,apy_prevalence_scenario_grid.csv,0.0,0.0,1e-12,exact,pass
LTBI_0_5pct,ltbi,100,expected_PPV,0.5,0.5,apy_prevalence_scenario_grid.csv,0.0,0.0,1e-12,exact,pass
LTBI_0_5pct,ltbi,100,expected_active_TB_prevented,0.0,0.0,apy_prevalence_scenario_grid.csv,0.0,,1e-12,exact,pass
LTBI_0_5pct,ltbi,100,expected_false_positive_share,0.5,0.5,apy_prevalence_scenario_grid.csv,0.0,0.0,1e-12,exact,pass
LTBI_0_5pct,ltbi,100,expected_false_positive_tests,2.0,2.0,apy_prevalence_scenario_grid.csv,0.0,0.0,1e-12,exact,pass
LTBI_0_5pct,ltbi,100,expected_test_positive_nonactive,4.0,4.0,apy_prevalence_scenario_grid.csv,0.0,0.0,1e-12,exact,pass
LTBI_0_5pct,ltbi,100,expected_true_positive_tests,2.0,2.0,apy_prevalence_scenario_grid.csv,0.0,0.0,1e-12,exact,pass
LTBI_0_5pct,ltbi,100,ltbi_prevalence,0.005,0.005,apy_prevalence_scenario_grid.csv,0.0,0.0,1e-12,exact,pass
LTBI_0_5pct,ltbi,100,screenCoverage,0.0666666666666666,0.0666666666666666,apy_prevalence_scenario_grid.csv,0.0,0.0,1e-12,exact,pass
LTBI_0_5pct,ltbi,150,expected_NNS_prevent_TB,,,apy_prevalence_scenario_grid.csv,0.0,0.0,1e-12,exact,pass
LTBI_0_5pct,ltbi,150,expected_PPV,0.5,0.5,apy_prevalence_scenario_grid.csv,0.0,0.0,1e-12,exact,pass
LTBI_0_5pct,ltbi,150,expected_active_TB_prevented,0.0,0.0,apy_prevalence_scenario_grid.csv,0.0,,1e-12,exact,pass
LTBI_0_5pct,ltbi,150,expected_false_positive_share,0.5,0.5,apy_prevalence_scenario_grid.csv,0.0,0.0,1e-12,exact,pass
LTBI_0_5pct,ltbi,150,expected_false_positive_tests,3.0,3.0,apy_prevalence_scenario_grid.csv,0.0,0.0,1e-12,exact,pass
LTBI_0_5pct,ltbi,150,expected_test_positive_nonactive,6.0,6.0,apy_prevalence_scenario_grid.csv,0.0,0.0,1e-12,exact,pass
LTBI_0_5pct,ltbi,150,expected_true_positive_tests,3.0,3.0,apy_prevalence_scenario_grid.csv,0.0,0.0,1e-12,exact,pass
LTBI_0_5pct,ltbi,150,ltbi_prevalence,0.005,0.005,apy_prevalence_scenario_grid.csv,0.0,0.0,1e-12,exact,pass
LTBI_0_5pct,ltbi,150,screenCoverage,0.1,0.1,apy_prevalence_scenario_grid.csv,0.0,0.0,1e-12,exact,pass
LTBI_0_5pct,ltbi,200,expected_NNS_prevent_TB,,,apy_prevalence_scenario_grid.csv,0.0,0.0,1e-12,exact,pass
LTBI_0_5pct,ltbi,200,expected_PPV,0.4285714285714285,0.4285714285714285,apy_prevalence_scenario_grid.csv,0.0,0.0,1e-12,exact,pass
LTBI_0_5pct,ltbi,200,expected_active_TB_prevented,0.0,0.0,apy_prevalence_scenario_grid.csv,0.0,,1e-12,exact,pass
LTBI_0_5pct,ltbi,200,expected_false_positive_share,0.5714285714285714,0.5714285714285714,apy_prevalence_scenario_grid.csv,0.0,0.0,1e-12,exact,pass
LTBI_0_5pct,ltbi,200,expected_false_positive_tests,4.0,4.0,apy_prevalence_scenario_grid.csv,0.0,0.0,1e-12,exact,pass
LTBI_0_5pct,ltbi,200,expected_test_positive_nonactive,7.0,7.0,apy_prevalence_scenario_grid.csv,0.0,0.0,1e-12,exact,pass
LTBI_0_5pct,ltbi,200,expected_true_positive_tests,3.0,3.0,apy_prevalence_scenario_grid.csv,0.0,0.0,1e-12,exact,pass
LTBI_0_5pct,ltbi,200,ltbi_prevalence,0.005,0.005,apy_prevalence_scenario_grid.csv,0.0,0.0,1e-12,exact,pass
LTBI_0_5pct,ltbi,200,screenCoverage,0.1333333333333333,0.1333333333333333,apy_prevalence_scenario_grid.csv,0.0,0.0,1e-12,exact,pass
LTBI_0_5pct,ltbi,300,expected_NNS_prevent_TB,,,apy_prevalence_scenario_grid.csv,0.0,0.0,1e-12,exact,pass
LTBI_0_5pct,ltbi,300,expected_PPV,0.4,0.4,apy_prevalence_scenario_grid.csv,0.0,0.0,1e-12,exact,pass
LTBI_0_5pct,ltbi,300,expected_active_TB_prevented,0.0,0.0,apy_prevalence_scenario_grid.csv,0.0,,1e-12,exact,pass
LTBI_0_5pct,ltbi,300,expected_false_positive_share,0.6,0.6,apy_prevalence_scenario_grid.csv,0.0,0.0,1e-12,exact,pass
LTBI_0_5pct,ltbi,300,expected_false_positive_tests,6.0,6.0,apy_prevalence_scenario_grid.csv,0.0,0.0,1e-12,exact,pass
LTBI_0_5pct,ltbi,300,expected_test_positive_nonactive,10.0,10.0,apy_prevalence_scenario_grid.csv,0.0,0.0,1e-12,exact,pass
LTBI_0_5pct,ltbi,300,expected_true_positive_tests,4.0,4.0,apy_prevalence_scenario_grid.csv,0.0,0.0,1e-12,exact,pass
LTBI_0_5pct,ltbi,300,ltbi_prevalence,0.005,0.005,apy_prevalence_scenario_grid.csv,0.0,0.0,1e-12,exact,pass
LTBI_0_5pct,ltbi,300,screenCoverage,0.2,0.2,apy_prevalence_scenario_grid.csv,0.0,0.0,1e-12,exact,pass
LTBI_0_5pct,ltbi,450,expected_NNS_prevent_TB,450.0,450.0,apy_prevalence_scenario_grid.csv,0.0,0.0,1e-12,exact,pass
LTBI_0_5pct,ltbi,450,expected_PPV,0.3571428571428571,0.3571428571428571,apy_prevalence_scenario_grid.csv,0.0,0.0,1e-12,exact,pass
LTBI_0_5pct,ltbi,450,expected_active_TB_prevented,1.0,1.0,apy_prevalence_scenario_grid.csv,0.0,0.0,1e-12,exact,pass
LTBI_0_5pct,ltbi,450,expected_false_positive_share,0.6428571428571429,0.6428571428571429,apy_prevalence_scenario_grid.csv,0.0,0.0,1e-12,exact,pass
LTBI_0_5pct,ltbi,450,expected_false_positive_tests,9.0,9.0,apy_prevalence_scenario_grid.csv,0.0,0.0,1e-12,exact,pass
LTBI_0_5pct,ltbi,450,expected_test_positive_nonactive,14.0,14.0,apy_prevalence_scenario_grid.csv,0.0,0.0,1e-12,exact,pass
LTBI_0_5pct,ltbi,450,expected_true_positive_tests,5.0,5.0,apy_prevalence_scenario_grid.csv,0.0,0.0,1e-12,exact,pass
LTBI_0_5pct,ltbi,450,ltbi_prevalence,0.005,0.005,apy_prevalence_scenario_grid.csv,0.0,0.0,1e-12,exact,pass
LTBI_0_5pct,ltbi,450,screenCoverage,0.3,0.3,apy_prevalence_scenario_grid.csv,0.0,0.0,1e-12,exact,pass
LTBI_0_5pct,ltbi,600,expected_NNS_prevent_TB,600.0,600.0,apy_prevalence_scenario_grid.csv,0.0,0.0,1e-12,exact,pass
LTBI_0_5pct,ltbi,600,expected_PPV,0.2941176470588235,0.2941176470588235,apy_prevalence_scenario_grid.csv,0.0,0.0,1e-12,exact,pass
LTBI_0_5pct,ltbi,600,expected_active_TB_prevented,1.0,1.0,apy_prevalence_scenario_grid.csv,0.0,0.0,1e-12,exact,pass
LTBI_0_5pct,ltbi,600,expected_false_positive_share,0.7058823529411765,0.7058823529411765,apy_prevalence_scenario_grid.csv,0.0,0.0,1e-12,exact,pass
LTBI_0_5pct,ltbi,600,expected_false_positive_tests,12.0,12.0,apy_prevalence_scenario_grid.csv,0.0,0.0,1e-12,exact,pass
LTBI_0_5pct,ltbi,600,expected_test_positive_nonactive,17.0,17.0,apy_prevalence_scenario_grid.csv,0.0,0.0,1e-12,exact,pass
LTBI_0_5pct,ltbi,600,expected_true_positive_tests,5.0,5.0,apy_prevalence_scenario_grid.csv,0.0,0.0,1e-12,exact,pass
LTBI_0_5pct,ltbi,600,ltbi_prevalence,0.005,0.005,apy_prevalence_scenario_grid.csv,0.0,0.0,1e-12,exact,pass
LTBI_0_5pct,ltbi,600,screenCoverage,0.4,0.4,apy_prevalence_scenario_grid.csv,0.0,0.0,1e-12,exact,pass
LTBI_0_5pct,ltbi,1000,expected_NNS_prevent_TB,1000.0,1000.0,apy_prevalence_scenario_grid.csv,0.0,0.0,1e-12,exact,pass
LTBI_0_5pct,ltbi,1000,expected_PPV,0.2307692307692307,0.2307692307692307,apy_prevalence_scenario_grid.csv,0.0,0.0,1e-12,exact,pass
LTBI_0_5pct,ltbi,1000,expected_active_TB_prevented,1.0,1.0,apy_prevalence_scenario_grid.csv,0.0,0.0,1e-12,exact,pass
LTBI_0_5pct,ltbi,1000,expected_false_positive_share,0.7692307692307693,0.7692307692307693,apy_prevalence_scenario_grid.csv,0.0,0.0,1e-12,exact,pass
LTBI_0_5pct,ltbi,1000,expected_false_positive_tests,20.0,20.0,apy_prevalence_scenario_grid.csv,0.0,0.0,1e-12,exact,pass
LTBI_0_5pct,ltbi,1000,expected_test_positive_nonactive,26.0,26.0,apy_prevalence_scenario_grid.csv,0.0,0.0,1e-12,exact,pass
LTBI_0_5pct,ltbi,1000,expected_true_positive_tests,6.0,6.0,apy_prevalence_scenario_grid.csv,0.0,0.0,1e-12,exact,pass
LTBI_0_5pct,ltbi,1000,ltbi_prevalence,0.005,0.005,apy_prevalence_scenario_grid.csv,0.0,0.0,1e-12,exact,pass
LTBI_0_5pct,ltbi,1000,screenCoverage,0.6666666666666666,0.6666666666666666,apy_prevalence_scenario_grid.csv,0.0,0.0,1e-12,exact,pass
LTBI_0_5pct,ltbi,1500,expected_NNS_prevent_TB,1500.0,1500.0,apy_prevalence_scenario_grid.csv,0.0,0.0,1e-12,exact,pass
LTBI_0_5pct,ltbi,1500,expected_PPV,0.1666666666666666,0.1666666666666666,apy_prevalence_scenario_grid.csv,0.0,0.0,1e-12,exact,pass
LTBI_0_5pct,ltbi,1500,expected_active_TB_prevented,1.0,1.0,apy_prevalence_scenario_grid.csv,0.0,0.0,1e-12,exact,pass
LTBI_0_5pct,ltbi,1500,expected_false_positive_share,0.8333333333333334,0.8333333333333334,apy_prevalence_scenario_grid.csv,0.0,0.0,1e-12,exact,pass
LTBI_0_5pct,ltbi,1500,expected_false_positive_tests,30.0,30.0,apy_prevalence_scenario_grid.csv,0.0,0.0,1e-12,exact,pass
LTBI_0_5pct,ltbi,1500,expected_test_positive_nonactive,36.0,36.0,apy_prevalence_scenario_grid.csv,0.0,0.0,1e-12,exact,pass
LTBI_0_5pct,ltbi,1500,expected_true_positive_tests,6.0,6.0,apy_prevalence_scenario_grid.csv,0.0,0.0,1e-12,exact,pass
LTBI_0_5pct,ltbi,1500,ltbi_prevalence,0.005,0.005,apy_prevalence_scenario_grid.csv,0.0,0.0,1e-12,exact,pass
LTBI_0_5pct,ltbi,1500,screenCoverage,1.0,1.0,apy_prevalence_scenario_grid.csv,0.0,0.0,1e-12,exact,pass
LTBI_0_5pct,prevent,0,expected_NNS_prevent_TB,,,apy_prevalence_scenario_grid.csv,0.0,0.0,1e-12,exact,pass
LTBI_0_5pct,prevent,0,expected_PPV,,,apy_prevalence_scenario_grid.csv,0.0,0.0,1e-12,exact,pass
LTBI_0_5pct,prevent,0,expected_active_TB_prevented,0.0,0.0,apy_prevalence_scenario_grid.csv,0.0,,1e-12,exact,pass
LTBI_0_5pct,prevent,0,expected_false_positive_share,,,apy_prevalence_scenario_grid.csv,0.0,0.0,1e-12,exact,pass
LTBI_0_5pct,prevent,0,expected_false_positive_tests,0.0,0.0,apy_prevalence_scenario_grid.csv,0.0,,1e-12,exact,pass
LTBI_0_5pct,prevent,0,expected_test_positive_nonactive,0.0,0.0,apy_prevalence_scenario_grid.csv,0.0,,1e-12,exact,pass
LTBI_0_5pct,prevent,0,expected_true_positive_tests,0.0,0.0,apy_prevalence_scenario_grid.csv,0.0,,1e-12,exact,pass
LTBI_0_5pct,prevent,0,ltbi_prevalence,0.005,0.005,apy_prevalence_scenario_grid.csv,0.0,0.0,1e-12,exact,pass
LTBI_0_5pct,prevent,0,screenCoverage,0.0,0.0,apy_prevalence_scenario_grid.csv,0.0,,1e-12,exact,pass
LTBI_0_5pct,prevent,50,expected_NNS_prevent_TB,,,apy_prevalence_scenario_grid.csv,0.0,0.0,1e-12,exact,pass
LTBI_0_5pct,prevent,50,expected_PPV,0.5,0.5,apy_prevalence_scenario_grid.csv,0.0,0.0,1e-12,exact,pass
LTBI_0_5pct,prevent,50,expected_active_TB_prevented,0.0,0.0,apy_prevalence_scenario_grid.csv,0.0,,1e-12,exact,pass
LTBI_0_5pct,prevent,50,expected_false_positive_share,0.5,0.5,apy_prevalence_scenario_grid.csv,0.0,0.0,1e-12,exact,pass
LTBI_0_5pct,prevent,50,expected_false_positive_tests,1.0,1.0,apy_prevalence_scenario_grid.csv,0.0,0.0,1e-12,exact,pass
LTBI_0_5pct,prevent,50,expected_test_positive_nonactive,2.0,2.0,apy_prevalence_scenario_grid.csv,0.0,0.0,1e-12,exact,pass
LTBI_0_5pct,prevent,50,expected_true_positive_tests,1.0,1.0,apy_prevalence_scenario_grid.csv,0.0,0.0,1e-12,exact,pass
LTBI_0_5pct,prevent,50,ltbi_prevalence,0.005,0.005,apy_prevalence_scenario_grid.csv,0.0,0.0,1e-12,exact,pass
LTBI_0_5pct,prevent,50,screenCoverage,0.0333333333333333,0.0333333333333333,apy_prevalence_scenario_grid.csv,0.0,0.0,1e-12,exact,pass
LTBI_0_5pct,prevent,100,expected_NNS_prevent_TB,,,apy_prevalence_scenario_grid.csv,0.0,0.0,1e-12,exact,pass
LTBI_0_5pct,prevent,100,expected_PPV,0.5,0.5,apy_prevalence_scenario_grid.csv,0.0,0.0,1e-12,exact,pass
LTBI_0_5pct,prevent,100,expected_active_TB_prevented,0.0,0.0,apy_prevalence_scenario_grid.csv,0.0,,1e-12,exact,pass
LTBI_0_5pct,prevent,100,expected_false_positive_share,0.5,0.5,apy_prevalence_scenario_grid.csv,0.0,0.0,1e-12,exact,pass
LTBI_0_5pct,prevent,100,expected_false_positive_tests,2.0,2.0,apy_prevalence_scenario_grid.csv,0.0,0.0,1e-12,exact,pass
LTBI_0_5pct,prevent,100,expected_test_positive_nonactive,4.0,4.0,apy_prevalence_scenario_grid.csv,0.0,0.0,1e-12,exact,pass
LTBI_0_5pct,prevent,100,expected_true_positive_tests,2.0,2.0,apy_prevalence_scenario_grid.csv,0.0,0.0,1e-12,exact,pass
LTBI_0_5pct,prevent,100,ltbi_prevalence,0.005,0.005,apy_prevalence_scenario_grid.csv,0.0,0.0,1e-12,exact,pass
LTBI_0_5pct,prevent,100,screenCoverage,0.0666666666666666,0.0666666666666666,apy_prevalence_scenario_grid.csv,0.0,0.0,1e-12,exact,pass
LTBI_0_5pct,prevent,150,expected_NNS_prevent_TB,,,apy_prevalence_scenario_grid.csv,0.0,0.0,1e-12,exact,pass
LTBI_0_5pct,prevent,150,expected_PPV,0.4,0.4,apy_prevalence_scenario_grid.csv,0.0,0.0,1e-12,exact,pass
LTBI_0_5pct,prevent,150,expected_active_TB_prevented,0.0,0.0,apy_prevalence_scenario_grid.csv,0.0,,1e-12,exact,pass
LTBI_0_5pct,prevent,150,expected_false_positive_share,0.6,0.6,apy_prevalence_scenario_grid.csv,0.0,0.0,1e-12,exact,pass
LTBI_0_5pct,prevent,150,expected_false_positive_tests,3.0,3.0,apy_prevalence_scenario_grid.csv,0.0,0.0,1e-12,exact,pass
LTBI_0_5pct,prevent,150,expected_test_positive_nonactive,5.0,5.0,apy_prevalence_scenario_grid.csv,0.0,0.0,1e-12,exact,pass
LTBI_0_5pct,prevent,150,expected_true_positive_tests,2.0,2.0,apy_prevalence_scenario_grid.csv,0.0,0.0,1e-12,exact,pass
LTBI_0_5pct,prevent,150,ltbi_prevalence,0.005,0.005,apy_prevalence_scenario_grid.csv,0.0,0.0,1e-12,exact,pass
LTBI_0_5pct,prevent,150,screenCoverage,0.1,0.1,apy_prevalence_scenario_grid.csv,0.0,0.0,1e-12,exact,pass
LTBI_0_5pct,prevent,200,expected_NNS_prevent_TB,,,apy_prevalence_scenario_grid.csv,0.0,0.0,1e-12,exact,pass
LTBI_0_5pct,prevent,200,expected_PPV,0.4285714285714285,0.4285714285714285,apy_prevalence_scenario_grid.csv,0.0,0.0,1e-12,exact,pass
LTBI_0_5pct,prevent,200,expected_active_TB_prevented,0.0,0.0,apy_prevalence_scenario_grid.csv,0.0,,1e-12,exact,pass
LTBI_0_5pct,prevent,200,expected_false_positive_share,0.5714285714285714,0.5714285714285714,apy_prevalence_scenario_grid.csv,0.0,0.0,1e-12,exact,pass
LTBI_0_5pct,prevent,200,expected_false_positive_tests,4.0,4.0,apy_prevalence_scenario_grid.csv,0.0,0.0,1e-12,exact,pass
LTBI_0_5pct,prevent,200,expected_test_positive_nonactive,7.0,7.0,apy_prevalence_scenario_grid.csv,0.0,0.0,1e-12,exact,pass
LTBI_0_5pct,prevent,200,expected_true_positive_tests,3.0,3.0,apy_prevalence_scenario_grid.csv,0.0,0.0,1e-12,exact,pass
LTBI_0_5pct,prevent,200,ltbi_prevalence,0.005,0.005,apy_prevalence_scenario_grid.csv,0.0,0.0,1e-12,exact,pass
LTBI_0_5pct,prevent,200,screenCoverage,0.1333333333333333,0.1333333333333333,apy_prevalence_scenario_grid.csv,0.0,0.0,1e-12,exact,pass
LTBI_0_5pct,prevent,300,expected_NNS_prevent_TB,300.0,300.0,apy_prevalence_scenario_grid.csv,0.0,0.0,1e-12,exact,pass
LTBI_0_5pct,prevent,300,expected_PPV,0.3333333333333333,0.3333333333333333,apy_prevalence_scenario_grid.csv,0.0,0.0,1e-12,exact,pass
LTBI_0_5pct,prevent,300,expected_active_TB_prevented,1.0,1.0,apy_prevalence_scenario_grid.csv,0.0,0.0,1e-12,exact,pass
LTBI_0_5pct,prevent,300,expected_false_positive_share,0.6666666666666666,0.6666666666666666,apy_prevalence_scenario_grid.csv,0.0,0.0,1e-12,exact,pass
LTBI_0_5pct,prevent,300,expected_false_positive_tests,6.0,6.0,apy_prevalence_scenario_grid.csv,0.0,0.0,1e-12,exact,pass
LTBI_0_5pct,prevent,300,expected_test_positive_nonactive,9.0,9.0,apy_prevalence_scenario_grid.csv,0.0,0.0,1e-12,exact,pass
LTBI_0_5pct,prevent,300,expected_true_positive_tests,3.0,3.0,apy_prevalence_scenario_grid.csv,0.0,0.0,1e-12,exact,pass
LTBI_0_5pct,prevent,300,ltbi_prevalence,0.005,0.005,apy_prevalence_scenario_grid.csv,0.0,0.0,1e-12,exact,pass
LTBI_0_5pct,prevent,300,screenCoverage,0.2,0.2,apy_prevalence_scenario_grid.csv,0.0,0.0,1e-12,exact,pass
LTBI_0_5pct,prevent,450,expected_NNS_prevent_TB,450.0,450.0,apy_prevalence_scenario_grid.csv,0.0,0.0,1e-12,exact,pass
LTBI_0_5pct,prevent,450,expected_PPV,0.3076923076923077,0.3076923076923077,apy_prevalence_scenario_grid.csv,0.0,0.0,1e-12,exact,pass
LTBI_0_5pct,prevent,450,expected_active_TB_prevented,1.0,1.0,apy_prevalence_scenario_grid.csv,0.0,0.0,1e-12,exact,pass
LTBI_0_5pct,prevent,450,expected_false_positive_share,0.6923076923076923,0.6923076923076923,apy_prevalence_scenario_grid.csv,0.0,0.0,1e-12,exact,pass
LTBI_0_5pct,prevent,450,expected_false_positive_tests,9.0,9.0,apy_prevalence_scenario_grid.csv,0.0,0.0,1e-12,exact,pass
LTBI_0_5pct,prevent,450,expected_test_positive_nonactive,13.0,13.0,apy_prevalence_scenario_grid.csv,0.0,0.0,1e-12,exact,pass
LTBI_0_5pct,prevent,450,expected_true_positive_tests,4.0,4.0,apy_prevalence_scenario_grid.csv,0.0,0.0,1e-12,exact,pass
LTBI_0_5pct,prevent,450,ltbi_prevalence,0.005,0.005,apy_prevalence_scenario_grid.csv,0.0,0.0,1e-12,exact,pass
LTBI_0_5pct,prevent,450,screenCoverage,0.3,0.3,apy_prevalence_scenario_grid.csv,0.0,0.0,1e-12,exact,pass
LTBI_0_5pct,prevent,600,expected_NNS_prevent_TB,600.0,600.0,apy_prevalence_scenario_grid.csv,0.0,0.0,1e-12,exact,pass
LTBI_0_5pct,prevent,600,expected_PPV,0.2941176470588235,0.2941176470588235,apy_prevalence_scenario_grid.csv,0.0,0.0,1e-12,exact,pass
LTBI_0_5pct,prevent,600,expected_active_TB_prevented,1.0,1.0,apy_prevalence_scenario_grid.csv,0.0,0.0,1e-12,exact,pass
LTBI_0_5pct,prevent,600,expected_false_positive_share,0.7058823529411765,0.7058823529411765,apy_prevalence_scenario_grid.csv,0.0,0.0,1e-12,exact,pass
LTBI_0_5pct,prevent,600,expected_false_positive_tests,12.0,12.0,apy_prevalence_scenario_grid.csv,0.0,0.0,1e-12,exact,pass
LTBI_0_5pct,prevent,600,expected_test_positive_nonactive,17.0,17.0,apy_prevalence_scenario_grid.csv,0.0,0.0,1e-12,exact,pass
LTBI_0_5pct,prevent,600,expected_true_positive_tests,5.0,5.0,apy_prevalence_scenario_grid.csv,0.0,0.0,1e-12,exact,pass
LTBI_0_5pct,prevent,600,ltbi_prevalence,0.005,0.005,apy_prevalence_scenario_grid.csv,0.0,0.0,1e-12,exact,pass
LTBI_0_5pct,prevent,600,screenCoverage,0.4,0.4,apy_prevalence_scenario_grid.csv,0.0,0.0,1e-12,exact,pass
LTBI_0_5pct,prevent,1000,expected_NNS_prevent_TB,1000.0,1000.0,apy_prevalence_scenario_grid.csv,0.0,0.0,1e-12,exact,pass
LTBI_0_5pct,prevent,1000,expected_PPV,0.2307692307692307,0.2307692307692307,apy_prevalence_scenario_grid.csv,0.0,0.0,1e-12,exact,pass
LTBI_0_5pct,prevent,1000,expected_active_TB_prevented,1.0,1.0,apy_prevalence_scenario_grid.csv,0.0,0.0,1e-12,exact,pass
LTBI_0_5pct,prevent,1000,expected_false_positive_share,0.7692307692307693,0.7692307692307693,apy_prevalence_scenario_grid.csv,0.0,0.0,1e-12,exact,pass
LTBI_0_5pct,prevent,1000,expected_false_positive_tests,20.0,20.0,apy_prevalence_scenario_grid.csv,0.0,0.0,1e-12,exact,pass
LTBI_0_5pct,prevent,1000,expected_test_positive_nonactive,26.0,26.0,apy_prevalence_scenario_grid.csv,0.0,0.0,1e-12,exact,pass
LTBI_0_5pct,prevent,1000,expected_true_positive_tests,6.0,6.0,apy_prevalence_scenario_grid.csv,0.0,0.0,1e-12,exact,pass
LTBI_0_5pct,prevent,1000,ltbi_prevalence,0.005,0.005,apy_prevalence_scenario_grid.csv,0.0,0.0,1e-12,exact,pass
LTBI_0_5pct,prevent,1000,screenCoverage,0.6666666666666666,0.6666666666666666,apy_prevalence_scenario_grid.csv,0.0,0.0,1e-12,exact,pass
LTBI_0_5pct,prevent,1500,expected_NNS_prevent_TB,1500.0,1500.0,apy_prevalence_scenario_grid.csv,0.0,0.0,1e-12,exact,pass
LTBI_0_5pct,prevent,1500,expected_PPV,0.1666666666666666,0.1666666666666666,apy_prevalence_scenario_grid.csv,0.0,0.0,1e-12,exact,pass
LTBI_0_5pct,prevent,1500,expected_active_TB_prevented,1.0,1.0,apy_prevalence_scenario_grid.csv,0.0,0.0,1e-12,exact,pass
LTBI_0_5pct,prevent,1500,expected_false_positive_share,0.8333333333333334,0.8333333333333334,apy_prevalence_scenario_grid.csv,0.0,0.0,1e-12,exact,pass
LTBI_0_5pct,prevent,1500,expected_false_positive_tests,30.0,30.0,apy_prevalence_scenario_grid.csv,0.0,0.0,1e-12,exact,pass
LTBI_0_5pct,prevent,1500,expected_test_positive_nonactive,36.0,36.0,apy_prevalence_scenario_grid.csv,0.0,0.0,1e-12,exact,pass
LTBI_0_5pct,prevent,1500,expected_true_positive_tests,6.0,6.0,apy_prevalence_scenario_grid.csv,0.0,0.0,1e-12,exact,pass
LTBI_0_5pct,prevent,1500,ltbi_prevalence,0.005,0.005,apy_prevalence_scenario_grid.csv,0.0,0.0,1e-12,exact,pass
LTBI_0_5pct,prevent,1500,screenCoverage,1.0,1.0,apy_prevalence_scenario_grid.csv,0.0,0.0,1e-12,exact,pass
LTBI_0_5pct,random,0,expected_NNS_prevent_TB,,,apy_prevalence_scenario_grid.csv,0.0,0.0,1e-12,exact,pass
LTBI_0_5pct,random,0,expected_PPV,,,apy_prevalence_scenario_grid.csv,0.0,0.0,1e-12,exact,pass
LTBI_0_5pct,random,0,expected_active_TB_prevented,0.0,0.0,apy_prevalence_scenario_grid.csv,0.0,,1e-12,exact,pass
LTBI_0_5pct,random,0,expected_false_positive_share,,,apy_prevalence_scenario_grid.csv,0.0,0.0,1e-12,exact,pass
LTBI_0_5pct,random,0,expected_false_positive_tests,0.0,0.0,apy_prevalence_scenario_grid.csv,0.0,,1e-12,exact,pass
LTBI_0_5pct,random,0,expected_test_positive_nonactive,0.0,0.0,apy_prevalence_scenario_grid.csv,0.0,,1e-12,exact,pass
LTBI_0_5pct,random,0,expected_true_positive_tests,0.0,0.0,apy_prevalence_scenario_grid.csv,0.0,,1e-12,exact,pass
LTBI_0_5pct,random,0,ltbi_prevalence,0.005,0.005,apy_prevalence_scenario_grid.csv,0.0,0.0,1e-12,exact,pass
LTBI_0_5pct,random,0,screenCoverage,0.0,0.0,apy_prevalence_scenario_grid.csv,0.0,,1e-12,exact,pass
LTBI_0_5pct,random,50,expected_NNS_prevent_TB,,,apy_prevalence_scenario_grid.csv,0.0,0.0,1e-12,exact,pass
LTBI_0_5pct,random,50,expected_PPV,0.0,0.0,apy_prevalence_scenario_grid.csv,0.0,,1e-12,exact,pass
LTBI_0_5pct,random,50,expected_active_TB_prevented,0.0,0.0,apy_prevalence_scenario_grid.csv,0.0,,1e-12,exact,pass
LTBI_0_5pct,random,50,expected_false_positive_share,1.0,1.0,apy_prevalence_scenario_grid.csv,0.0,0.0,1e-12,exact,pass
LTBI_0_5pct,random,50,expected_false_positive_tests,1.0,1.0,apy_prevalence_scenario_grid.csv,0.0,0.0,1e-12,exact,pass
LTBI_0_5pct,random,50,expected_test_positive_nonactive,1.0,1.0,apy_prevalence_scenario_grid.csv,0.0,0.0,1e-12,exact,pass
LTBI_0_5pct,random,50,expected_true_positive_tests,0.0,0.0,apy_prevalence_scenario_grid.csv,0.0,,1e-12,exact,pass
LTBI_0_5pct,random,50,ltbi_prevalence,0.005,0.005,apy_prevalence_scenario_grid.csv,0.0,0.0,1e-12,exact,pass
LTBI_0_5pct,random,50,screenCoverage,0.0333333333333333,0.0333333333333333,apy_prevalence_scenario_grid.csv,0.0,0.0,1e-12,exact,pass
LTBI_0_5pct,random,100,expected_NNS_prevent_TB,,,apy_prevalence_scenario_grid.csv,0.0,0.0,1e-12,exact,pass
LTBI_0_5pct,random,100,expected_PPV,0.0,0.0,apy_prevalence_scenario_grid.csv,0.0,,1e-12,exact,pass
LTBI_0_5pct,random,100,expected_active_TB_prevented,0.0,0.0,apy_prevalence_scenario_grid.csv,0.0,,1e-12,exact,pass
LTBI_0_5pct,random,100,expected_false_positive_share,1.0,1.0,apy_prevalence_scenario_grid.csv,0.0,0.0,1e-12,exact,pass
LTBI_0_5pct,random,100,expected_false_positive_tests,2.0,2.0,apy_prevalence_scenario_grid.csv,0.0,0.0,1e-12,exact,pass
LTBI_0_5pct,random,100,expected_test_positive_nonactive,2.0,2.0,apy_prevalence_scenario_grid.csv,0.0,0.0,1e-12,exact,pass
LTBI_0_5pct,random,100,expected_true_positive_tests,0.0,0.0,apy_prevalence_scenario_grid.csv,0.0,,1e-12,exact,pass
LTBI_0_5pct,random,100,ltbi_prevalence,0.005,0.005,apy_prevalence_scenario_grid.csv,0.0,0.0,1e-12,exact,pass
LTBI_0_5pct,random,100,screenCoverage,0.0666666666666666,0.0666666666666666,apy_prevalence_scenario_grid.csv,0.0,0.0,1e-12,exact,pass
LTBI_0_5pct,random,150,expected_NNS_prevent_TB,,,apy_prevalence_scenario_grid.csv,0.0,0.0,1e-12,exact,pass
LTBI_0_5pct,random,150,expected_PPV,0.0,0.0,apy_prevalence_scenario_grid.csv,0.0,,1e-12,exact,pass
LTBI_0_5pct,random,150,expected_active_TB_prevented,0.0,0.0,apy_prevalence_scenario_grid.csv,0.0,,1e-12,exact,pass
LTBI_0_5pct,random,150,expected_false_positive_share,1.0,1.0,apy_prevalence_scenario_grid.csv,0.0,0.0,1e-12,exact,pass
LTBI_0_5pct,random,150,expected_false_positive_tests,3.0,3.0,apy_prevalence_scenario_grid.csv,0.0,0.0,1e-12,exact,pass
LTBI_0_5pct,random,150,expected_test_positive_nonactive,3.0,3.0,apy_prevalence_scenario_grid.csv,0.0,0.0,1e-12,exact,pass
LTBI_0_5pct,random,150,expected_true_positive_tests,0.0,0.0,apy_prevalence_scenario_grid.csv,0.0,,1e-12,exact,pass
LTBI_0_5pct,random,150,ltbi_prevalence,0.005,0.005,apy_prevalence_scenario_grid.csv,0.0,0.0,1e-12,exact,pass
LTBI_0_5pct,random,150,screenCoverage,0.1,0.1,apy_prevalence_scenario_grid.csv,0.0,0.0,1e-12,exact,pass
LTBI_0_5pct,random,200,expected_NNS_prevent_TB,,,apy_prevalence_scenario_grid.csv,0.0,0.0,1e-12,exact,pass
LTBI_0_5pct,random,200,expected_PPV,0.2,0.2,apy_prevalence_scenario_grid.csv,0.0,0.0,1e-12,exact,pass
LTBI_0_5pct,random,200,expected_active_TB_prevented,0.0,0.0,apy_prevalence_scenario_grid.csv,0.0,,1e-12,exact,pass
LTBI_0_5pct,random,200,expected_false_positive_share,0.8,0.8,apy_prevalence_scenario_grid.csv,0.0,0.0,1e-12,exact,pass
LTBI_0_5pct,random,200,expected_false_positive_tests,4.0,4.0,apy_prevalence_scenario_grid.csv,0.0,0.0,1e-12,exact,pass
LTBI_0_5pct,random,200,expected_test_positive_nonactive,5.0,5.0,apy_prevalence_scenario_grid.csv,0.0,0.0,1e-12,exact,pass
LTBI_0_5pct,random,200,expected_true_positive_tests,1.0,1.0,apy_prevalence_scenario_grid.csv,0.0,0.0,1e-12,exact,pass
LTBI_0_5pct,random,200,ltbi_prevalence,0.005,0.005,apy_prevalence_scenario_grid.csv,0.0,0.0,1e-12,exact,pass
LTBI_0_5pct,random,200,screenCoverage,0.1333333333333333,0.1333333333333333,apy_prevalence_scenario_grid.csv,0.0,0.0,1e-12,exact,pass
LTBI_0_5pct,random,300,expected_NNS_prevent_TB,,,apy_prevalence_scenario_grid.csv,0.0,0.0,1e-12,exact,pass
LTBI_0_5pct,random,300,expected_PPV,0.1428571428571428,0.1428571428571428,apy_prevalence_scenario_grid.csv,0.0,0.0,1e-12,exact,pass
LTBI_0_5pct,random,300,expected_active_TB_prevented,0.0,0.0,apy_prevalence_scenario_grid.csv,0.0,,1e-12,exact,pass
LTBI_0_5pct,random,300,expected_false_positive_share,0.8571428571428571,0.8571428571428571,apy_prevalence_scenario_grid.csv,0.0,0.0,1e-12,exact,pass
LTBI_0_5pct,random,300,expected_false_positive_tests,6.0,6.0,apy_prevalence_scenario_grid.csv,0.0,0.0,1e-12,exact,pass
LTBI_0_5pct,random,300,expected_test_positive_nonactive,7.0,7.0,apy_prevalence_scenario_grid.csv,0.0,0.0,1e-12,exact,pass
LTBI_0_5pct,random,300,expected_true_positive_tests,1.0,1.0,apy_prevalence_scenario_grid.csv,0.0,0.0,1e-12,exact,pass
LTBI_0_5pct,random,300,ltbi_prevalence,0.005,0.005,apy_prevalence_scenario_grid.csv,0.0,0.0,1e-12,exact,pass
LTBI_0_5pct,random,300,screenCoverage,0.2,0.2,apy_prevalence_scenario_grid.csv,0.0,0.0,1e-12,exact,pass
LTBI_0_5pct,random,450,expected_NNS_prevent_TB,,,apy_prevalence_scenario_grid.csv,0.0,0.0,1e-12,exact,pass
LTBI_0_5pct,random,450,expected_PPV,0.1818181818181818,0.1818181818181818,apy_prevalence_scenario_grid.csv,0.0,0.0,1e-12,exact,pass
LTBI_0_5pct,random,450,expected_active_TB_prevented,0.0,0.0,apy_prevalence_scenario_grid.csv,0.0,,1e-12,exact,pass
LTBI_0_5pct,random,450,expected_false_positive_share,0.8181818181818182,0.8181818181818182,apy_prevalence_scenario_grid.csv,0.0,0.0,1e-12,exact,pass
LTBI_0_5pct,random,450,expected_false_positive_tests,9.0,9.0,apy_prevalence_scenario_grid.csv,0.0,0.0,1e-12,exact,pass
LTBI_0_5pct,random,450,expected_test_positive_nonactive,11.0,11.0,apy_prevalence_scenario_grid.csv,0.0,0.0,1e-12,exact,pass
LTBI_0_5pct,random,450,expected_true_positive_tests,2.0,2.0,apy_prevalence_scenario_grid.csv,0.0,0.0,1e-12,exact,pass
LTBI_0_5pct,random,450,ltbi_prevalence,0.005,0.005,apy_prevalence_scenario_grid.csv,0.0,0.0,1e-12,exact,pass
LTBI_0_5pct,random,450,screenCoverage,0.3,0.3,apy_prevalence_scenario_grid.csv,0.0,0.0,1e-12,exact,pass
LTBI_0_5pct,random,600,expected_NNS_prevent_TB,,,apy_prevalence_scenario_grid.csv,0.0,0.0,1e-12,exact,pass
LTBI_0_5pct,random,600,expected_PPV,0.1428571428571428,0.1428571428571428,apy_prevalence_scenario_grid.csv,0.0,0.0,1e-12,exact,pass
LTBI_0_5pct,random,600,expected_active_TB_prevented,0.0,0.0,apy_prevalence_scenario_grid.csv,0.0,,1e-12,exact,pass
LTBI_0_5pct,random,600,expected_false_positive_share,0.8571428571428571,0.8571428571428571,apy_prevalence_scenario_grid.csv,0.0,0.0,1e-12,exact,pass
LTBI_0_5pct,random,600,expected_false_positive_tests,12.0,12.0,apy_prevalence_scenario_grid.csv,0.0,0.0,1e-12,exact,pass
LTBI_0_5pct,random,600,expected_test_positive_nonactive,14.0,14.0,apy_prevalence_scenario_grid.csv,0.0,0.0,1e-12,exact,pass
LTBI_0_5pct,random,600,expected_true_positive_tests,2.0,2.0,apy_prevalence_scenario_grid.csv,0.0,0.0,1e-12,exact,pass
LTBI_0_5pct,random,600,ltbi_prevalence,0.005,0.005,apy_prevalence_scenario_grid.csv,0.0,0.0,1e-12,exact,pass
LTBI_0_5pct,random,600,screenCoverage,0.4,0.4,apy_prevalence_scenario_grid.csv,0.0,0.0,1e-12,exact,pass
LTBI_0_5pct,random,1000,expected_NNS_prevent_TB,,,apy_prevalence_scenario_grid.csv,0.0,0.0,1e-12,exact,pass
LTBI_0_5pct,random,1000,expected_PPV,0.1666666666666666,0.1666666666666666,apy_prevalence_scenario_grid.csv,0.0,0.0,1e-12,exact,pass
LTBI_0_5pct,random,1000,expected_active_TB_prevented,0.0,0.0,apy_prevalence_scenario_grid.csv,0.0,,1e-12,exact,pass
LTBI_0_5pct,random,1000,expected_false_positive_share,0.8333333333333334,0.8333333333333334,apy_prevalence_scenario_grid.csv,0.0,0.0,1e-12,exact,pass
LTBI_0_5pct,random,1000,expected_false_positive_tests,20.0,20.0,apy_prevalence_scenario_grid.csv,0.0,0.0,1e-12,exact,pass
LTBI_0_5pct,random,1000,expected_test_positive_nonactive,24.0,24.0,apy_prevalence_scenario_grid.csv,0.0,0.0,1e-12,exact,pass
LTBI_0_5pct,random,1000,expected_true_positive_tests,4.0,4.0,apy_prevalence_scenario_grid.csv,0.0,0.0,1e-12,exact,pass
LTBI_0_5pct,random,1000,ltbi_prevalence,0.005,0.005,apy_prevalence_scenario_grid.csv,0.0,0.0,1e-12,exact,pass
LTBI_0_5pct,random,1000,screenCoverage,0.6666666666666666,0.6666666666666666,apy_prevalence_scenario_grid.csv,0.0,0.0,1e-12,exact,pass
LTBI_0_5pct,random,1500,expected_NNS_prevent_TB,1500.0,1500.0,apy_prevalence_scenario_grid.csv,0.0,0.0,1e-12,exact,pass
LTBI_0_5pct,random,1500,expected_PPV,0.1944444444444444,0.1944444444444444,apy_prevalence_scenario_grid.csv,0.0,0.0,1e-12,exact,pass
LTBI_0_5pct,random,1500,expected_active_TB_prevented,1.0,1.0,apy_prevalence_scenario_grid.csv,0.0,0.0,1e-12,exact,pass
LTBI_0_5pct,random,1500,expected_false_positive_share,0.8055555555555556,0.8055555555555556,apy_prevalence_scenario_grid.csv,0.0,0.0,1e-12,exact,pass
LTBI_0_5pct,random,1500,expected_false_positive_tests,29.0,29.0,apy_prevalence_scenario_grid.csv,0.0,0.0,1e-12,exact,pass
LTBI_0_5pct,random,1500,expected_test_positive_nonactive,36.0,36.0,apy_prevalence_scenario_grid.csv,0.0,0.0,1e-12,exact,pass
LTBI_0_5pct,random,1500,expected_true_positive_tests,7.0,7.0,apy_prevalence_scenario_grid.csv,0.0,0.0,1e-12,exact,pass
LTBI_0_5pct,random,1500,ltbi_prevalence,0.005,0.005,apy_prevalence_scenario_grid.csv,0.0,0.0,1e-12,exact,pass
LTBI_0_5pct,random,1500,screenCoverage,1.0,1.0,apy_prevalence_scenario_grid.csv,0.0,0.0,1e-12,exact,pass
LTBI_10pct,ltbi,0,expected_NNS_prevent_TB,,,apy_prevalence_scenario_grid.csv,0.0,0.0,1e-12,exact,pass
LTBI_10pct,ltbi,0,expected_PPV,,,apy_prevalence_scenario_grid.csv,0.0,0.0,1e-12,exact,pass
LTBI_10pct,ltbi,0,expected_active_TB_prevented,0.0,0.0,apy_prevalence_scenario_grid.csv,0.0,,1e-12,exact,pass
LTBI_10pct,ltbi,0,expected_false_positive_share,,,apy_prevalence_scenario_grid.csv,0.0,0.0,1e-12,exact,pass
LTBI_10pct,ltbi,0,expected_false_positive_tests,0.0,0.0,apy_prevalence_scenario_grid.csv,0.0,,1e-12,exact,pass
LTBI_10pct,ltbi,0,expected_test_positive_nonactive,0.0,0.0,apy_prevalence_scenario_grid.csv,0.0,,1e-12,exact,pass
LTBI_10pct,ltbi,0,expected_true_positive_tests,0.0,0.0,apy_prevalence_scenario_grid.csv,0.0,,1e-12,exact,pass
LTBI_10pct,ltbi,0,ltbi_prevalence,0.1,0.1,apy_prevalence_scenario_grid.csv,0.0,0.0,1e-12,exact,pass
LTBI_10pct,ltbi,0,screenCoverage,0.0,0.0,apy_prevalence_scenario_grid.csv,0.0,,1e-12,exact,pass
LTBI_10pct,ltbi,50,expected_NNS_prevent_TB,10.0,10.0,apy_prevalence_scenario_grid.csv,0.0,0.0,1e-12,exact,pass
LTBI_10pct,ltbi,50,expected_PPV,1.0,1.0,apy_prevalence_scenario_grid.csv,0.0,0.0,1e-12,exact,pass
LTBI_10pct,ltbi,50,expected_active_TB_prevented,5.0,5.0,apy_prevalence_scenario_grid.csv,0.0,0.0,1e-12,exact,pass
LTBI_10pct,ltbi,50,expected_false_positive_share,0.0,0.0,apy_prevalence_scenario_grid.csv,0.0,,1e-12,exact,pass
LTBI_10pct,ltbi,50,expected_false_positive_tests,0.0,0.0,apy_prevalence_scenario_grid.csv,0.0,,1e-12,exact,pass
LTBI_10pct,ltbi,50,expected_test_positive_nonactive,22.0,22.0,apy_prevalence_scenario_grid.csv,0.0,0.0,1e-12,exact,pass
LTBI_10pct,ltbi,50,expected_true_positive_tests,22.0,22.0,apy_prevalence_scenario_grid.csv,0.0,0.0,1e-12,exact,pass
LTBI_10pct,ltbi,50,ltbi_prevalence,0.1,0.1,apy_prevalence_scenario_grid.csv,0.0,0.0,1e-12,exact,pass
LTBI_10pct,ltbi,50,screenCoverage,0.0333333333333333,0.0333333333333333,apy_prevalence_scenario_grid.csv,0.0,0.0,1e-12,exact,pass
LTBI_10pct,ltbi,100,expected_NNS_prevent_TB,12.5,12.5,apy_prevalence_scenario_grid.csv,0.0,0.0,1e-12,exact,pass
LTBI_10pct,ltbi,100,expected_PPV,0.9743589743589745,0.9743589743589745,apy_prevalence_scenario_grid.csv,0.0,0.0,1e-12,exact,pass
LTBI_10pct,ltbi,100,expected_active_TB_prevented,8.0,8.0,apy_prevalence_scenario_grid.csv,0.0,0.0,1e-12,exact,pass
LTBI_10pct,ltbi,100,expected_false_positive_share,0.0256410256410256,0.0256410256410256,apy_prevalence_scenario_grid.csv,0.0,0.0,1e-12,exact,pass
LTBI_10pct,ltbi,100,expected_false_positive_tests,1.0,1.0,apy_prevalence_scenario_grid.csv,0.0,0.0,1e-12,exact,pass
LTBI_10pct,ltbi,100,expected_test_positive_nonactive,39.0,39.0,apy_prevalence_scenario_grid.csv,0.0,0.0,1e-12,exact,pass
LTBI_10pct,ltbi,100,expected_true_positive_tests,38.0,38.0,apy_prevalence_scenario_grid.csv,0.0,0.0,1e-12,exact,pass
LTBI_10pct,ltbi,100,ltbi_prevalence,0.1,0.1,apy_prevalence_scenario_grid.csv,0.0,0.0,1e-12,exact,pass
LTBI_10pct,ltbi,100,screenCoverage,0.0666666666666666,0.0666666666666666,apy_prevalence_scenario_grid.csv,0.0,0.0,1e-12,exact,pass
LTBI_10pct,ltbi,150,expected_NNS_prevent_TB,15.0,15.0,apy_prevalence_scenario_grid.csv,0.0,0.0,1e-12,exact,pass
LTBI_10pct,ltbi,150,expected_PPV,0.9607843137254902,0.9607843137254902,apy_prevalence_scenario_grid.csv,0.0,0.0,1e-12,exact,pass
LTBI_10pct,ltbi,150,expected_active_TB_prevented,10.0,10.0,apy_prevalence_scenario_grid.csv,0.0,0.0,1e-12,exact,pass
LTBI_10pct,ltbi,150,expected_false_positive_share,0.0392156862745098,0.0392156862745098,apy_prevalence_scenario_grid.csv,0.0,0.0,1e-12,exact,pass
LTBI_10pct,ltbi,150,expected_false_positive_tests,2.0,2.0,apy_prevalence_scenario_grid.csv,0.0,0.0,1e-12,exact,pass
LTBI_10pct,ltbi,150,expected_test_positive_nonactive,51.0,51.0,apy_prevalence_scenario_grid.csv,0.0,0.0,1e-12,exact,pass
LTBI_10pct,ltbi,150,expected_true_positive_tests,49.0,49.0,apy_prevalence_scenario_grid.csv,0.0,0.0,1e-12,exact,pass
LTBI_10pct,ltbi,150,ltbi_prevalence,0.1,0.1,apy_prevalence_scenario_grid.csv,0.0,0.0,1e-12,exact,pass
LTBI_10pct,ltbi,150,screenCoverage,0.1,0.1,apy_prevalence_scenario_grid.csv,0.0,0.0,1e-12,exact,pass
LTBI_10pct,ltbi,200,expected_NNS_prevent_TB,18.181818181818183,18.181818181818183,apy_prevalence_scenario_grid.csv,0.0,0.0,1e-12,exact,pass
LTBI_10pct,ltbi,200,expected_PPV,0.9682539682539684,0.9682539682539684,apy_prevalence_scenario_grid.csv,0.0,0.0,1e-12,exact,pass
LTBI_10pct,ltbi,200,expected_active_TB_prevented,11.0,11.0,apy_prevalence_scenario_grid.csv,0.0,0.0,1e-12,exact,pass
LTBI_10pct,ltbi,200,expected_false_positive_share,0.0317460317460317,0.0317460317460317,apy_prevalence_scenario_grid.csv,0.0,0.0,1e-12,exact,pass
LTBI_10pct,ltbi,200,expected_false_positive_tests,2.0,2.0,apy_prevalence_scenario_grid.csv,0.0,0.0,1e-12,exact,pass
LTBI_10pct,ltbi,200,expected_test_positive_nonactive,63.0,63.0,apy_prevalence_scenario_grid.csv,0.0,0.0,1e-12,exact,pass
LTBI_10pct,ltbi,200,expected_true_positive_tests,61.0,61.0,apy_prevalence_scenario_grid.csv,0.0,0.0,1e-12,exact,pass
LTBI_10pct,ltbi,200,ltbi_prevalence,0.1,0.1,apy_prevalence_scenario_grid.csv,0.0,0.0,1e-12,exact,pass
LTBI_10pct,ltbi,200,screenCoverage,0.1333333333333333,0.1333333333333333,apy_prevalence_scenario_grid.csv,0.0,0.0,1e-12,exact,pass
LTBI_10pct,ltbi,300,expected_NNS_prevent_TB,23.07692307692308,23.07692307692308,apy_prevalence_scenario_grid.csv,0.0,0.0,1e-12,exact,pass
LTBI_10pct,ltbi,300,expected_PPV,0.95,0.95,apy_prevalence_scenario_grid.csv,0.0,0.0,1e-12,exact,pass
LTBI_10pct,ltbi,300,expected_active_TB_prevented,13.0,13.0,apy_prevalence_scenario_grid.csv,0.0,0.0,1e-12,exact,pass
LTBI_10pct,ltbi,300,expected_false_positive_share,0.05,0.05,apy_prevalence_scenario_grid.csv,0.0,0.0,1e-12,exact,pass
LTBI_10pct,ltbi,300,expected_false_positive_tests,4.0,4.0,apy_prevalence_scenario_grid.csv,0.0,0.0,1e-12,exact,pass
LTBI_10pct,ltbi,300,expected_test_positive_nonactive,80.0,80.0,apy_prevalence_scenario_grid.csv,0.0,0.0,1e-12,exact,pass
LTBI_10pct,ltbi,300,expected_true_positive_tests,76.0,76.0,apy_prevalence_scenario_grid.csv,0.0,0.0,1e-12,exact,pass
LTBI_10pct,ltbi,300,ltbi_prevalence,0.1,0.1,apy_prevalence_scenario_grid.csv,0.0,0.0,1e-12,exact,pass
LTBI_10pct,ltbi,300,screenCoverage,0.2,0.2,apy_prevalence_scenario_grid.csv,0.0,0.0,1e-12,exact,pass
LTBI_10pct,ltbi,450,expected_NNS_prevent_TB,30.0,30.0,apy_prevalence_scenario_grid.csv,0.0,0.0,1e-12,exact,pass
LTBI_10pct,ltbi,450,expected_PPV,0.93,0.93,apy_prevalence_scenario_grid.csv,0.0,0.0,1e-12,exact,pass
LTBI_10pct,ltbi,450,expected_active_TB_prevented,15.0,15.0,apy_prevalence_scenario_grid.csv,0.0,0.0,1e-12,exact,pass
LTBI_10pct,ltbi,450,expected_false_positive_share,0.07,0.07,apy_prevalence_scenario_grid.csv,0.0,0.0,1e-12,exact,pass
LTBI_10pct,ltbi,450,expected_false_positive_tests,7.0,7.0,apy_prevalence_scenario_grid.csv,0.0,0.0,1e-12,exact,pass
LTBI_10pct,ltbi,450,expected_test_positive_nonactive,100.0,100.0,apy_prevalence_scenario_grid.csv,0.0,0.0,1e-12,exact,pass
LTBI_10pct,ltbi,450,expected_true_positive_tests,93.0,93.0,apy_prevalence_scenario_grid.csv,0.0,0.0,1e-12,exact,pass
LTBI_10pct,ltbi,450,ltbi_prevalence,0.1,0.1,apy_prevalence_scenario_grid.csv,0.0,0.0,1e-12,exact,pass
LTBI_10pct,ltbi,450,screenCoverage,0.3,0.3,apy_prevalence_scenario_grid.csv,0.0,0.0,1e-12,exact,pass
LTBI_10pct,ltbi,600,expected_NNS_prevent_TB,37.5,37.5,apy_prevalence_scenario_grid.csv,0.0,0.0,1e-12,exact,pass
LTBI_10pct,ltbi,600,expected_PPV,0.9217391304347826,0.9217391304347826,apy_prevalence_scenario_grid.csv,0.0,0.0,1e-12,exact,pass
LTBI_10pct,ltbi,600,expected_active_TB_prevented,16.0,16.0,apy_prevalence_scenario_grid.csv,0.0,0.0,1e-12,exact,pass
LTBI_10pct,ltbi,600,expected_false_positive_share,0.0782608695652174,0.0782608695652174,apy_prevalence_scenario_grid.csv,0.0,0.0,1e-12,exact,pass
LTBI_10pct,ltbi,600,expected_false_positive_tests,9.0,9.0,apy_prevalence_scenario_grid.csv,0.0,0.0,1e-12,exact,pass
LTBI_10pct,ltbi,600,expected_test_positive_nonactive,115.0,115.0,apy_prevalence_scenario_grid.csv,0.0,0.0,1e-12,exact,pass
LTBI_10pct,ltbi,600,expected_true_positive_tests,106.0,106.0,apy_prevalence_scenario_grid.csv,0.0,0.0,1e-12,exact,pass
LTBI_10pct,ltbi,600,ltbi_prevalence,0.1,0.1,apy_prevalence_scenario_grid.csv,0.0,0.0,1e-12,exact,pass
LTBI_10pct,ltbi,600,screenCoverage,0.4,0.4,apy_prevalence_scenario_grid.csv,0.0,0.0,1e-12,exact,pass
LTBI_10pct,ltbi,1000,expected_NNS_prevent_TB,58.8235294117647,58.8235294117647,apy_prevalence_scenario_grid.csv,0.0,0.0,1e-12,exact,pass
LTBI_10pct,ltbi,1000,expected_PPV,0.8794326241134752,0.8794326241134752,apy_prevalence_scenario_grid.csv,0.0,0.0,1e-12,exact,pass
LTBI_10pct,ltbi,1000,expected_active_TB_prevented,17.0,17.0,apy_prevalence_scenario_grid.csv,0.0,0.0,1e-12,exact,pass
LTBI_10pct,ltbi,1000,expected_false_positive_share,0.1205673758865248,0.1205673758865248,apy_prevalence_scenario_grid.csv,0.0,0.0,1e-12,exact,pass
LTBI_10pct,ltbi,1000,expected_false_positive_tests,17.0,17.0,apy_prevalence_scenario_grid.csv,0.0,0.0,1e-12,exact,pass
LTBI_10pct,ltbi,1000,expected_test_positive_nonactive,141.0,141.0,apy_prevalence_scenario_grid.csv,0.0,0.0,1e-12,exact,pass
LTBI_10pct,ltbi,1000,expected_true_positive_tests,124.0,124.0,apy_prevalence_scenario_grid.csv,0.0,0.0,1e-12,exact,pass
LTBI_10pct,ltbi,1000,ltbi_prevalence,0.1,0.1,apy_prevalence_scenario_grid.csv,0.0,0.0,1e-12,exact,pass
LTBI_10pct,ltbi,1000,screenCoverage,0.6666666666666666,0.6666666666666666,apy_prevalence_scenario_grid.csv,0.0,0.0,1e-12,exact,pass
LTBI_10pct,ltbi,1500,expected_NNS_prevent_TB,88.23529411764706,88.23529411764706,apy_prevalence_scenario_grid.csv,0.0,0.0,1e-12,exact,pass
LTBI_10pct,ltbi,1500,expected_PPV,0.8258064516129032,0.8258064516129032,apy_prevalence_scenario_grid.csv,0.0,0.0,1e-12,exact,pass
LTBI_10pct,ltbi,1500,expected_active_TB_prevented,17.0,17.0,apy_prevalence_scenario_grid.csv,0.0,0.0,1e-12,exact,pass
LTBI_10pct,ltbi,1500,expected_false_positive_share,0.1741935483870967,0.1741935483870967,apy_prevalence_scenario_grid.csv,0.0,0.0,1e-12,exact,pass
LTBI_10pct,ltbi,1500,expected_false_positive_tests,27.0,27.0,apy_prevalence_scenario_grid.csv,0.0,0.0,1e-12,exact,pass
LTBI_10pct,ltbi,1500,expected_test_positive_nonactive,155.0,155.0,apy_prevalence_scenario_grid.csv,0.0,0.0,1e-12,exact,pass
LTBI_10pct,ltbi,1500,expected_true_positive_tests,128.0,128.0,apy_prevalence_scenario_grid.csv,0.0,0.0,1e-12,exact,pass
LTBI_10pct,ltbi,1500,ltbi_prevalence,0.1,0.1,apy_prevalence_scenario_grid.csv,0.0,0.0,1e-12,exact,pass
LTBI_10pct,ltbi,1500,screenCoverage,1.0,1.0,apy_prevalence_scenario_grid.csv,0.0,0.0,1e-12,exact,pass
LTBI_10pct,prevent,0,expected_NNS_prevent_TB,,,apy_prevalence_scenario_grid.csv,0.0,0.0,1e-12,exact,pass
LTBI_10pct,prevent,0,expected_PPV,,,apy_prevalence_scenario_grid.csv,0.0,0.0,1e-12,exact,pass
LTBI_10pct,prevent,0,expected_active_TB_prevented,0.0,0.0,apy_prevalence_scenario_grid.csv,0.0,,1e-12,exact,pass
LTBI_10pct,prevent,0,expected_false_positive_share,,,apy_prevalence_scenario_grid.csv,0.0,0.0,1e-12,exact,pass
LTBI_10pct,prevent,0,expected_false_positive_tests,0.0,0.0,apy_prevalence_scenario_grid.csv,0.0,,1e-12,exact,pass
LTBI_10pct,prevent,0,expected_test_positive_nonactive,0.0,0.0,apy_prevalence_scenario_grid.csv,0.0,,1e-12,exact,pass
LTBI_10pct,prevent,0,expected_true_positive_tests,0.0,0.0,apy_prevalence_scenario_grid.csv,0.0,,1e-12,exact,pass
LTBI_10pct,prevent,0,ltbi_prevalence,0.1,0.1,apy_prevalence_scenario_grid.csv,0.0,0.0,1e-12,exact,pass
LTBI_10pct,prevent,0,screenCoverage,0.0,0.0,apy_prevalence_scenario_grid.csv,0.0,,1e-12,exact,pass
LTBI_10pct,prevent,50,expected_NNS_prevent_TB,8.333333333333334,8.333333333333334,apy_prevalence_scenario_grid.csv,0.0,0.0,1e-12,exact,pass
LTBI_10pct,prevent,50,expected_PPV,1.0,1.0,apy_prevalence_scenario_grid.csv,0.0,0.0,1e-12,exact,pass
LTBI_10pct,prevent,50,expected_active_TB_prevented,6.0,6.0,apy_prevalence_scenario_grid.csv,0.0,0.0,1e-12,exact,pass
LTBI_10pct,prevent,50,expected_false_positive_share,0.0,0.0,apy_prevalence_scenario_grid.csv,0.0,,1e-12,exact,pass
LTBI_10pct,prevent,50,expected_false_positive_tests,0.0,0.0,apy_prevalence_scenario_grid.csv,0.0,,1e-12,exact,pass
LTBI_10pct,prevent,50,expected_test_positive_nonactive,19.0,19.0,apy_prevalence_scenario_grid.csv,0.0,0.0,1e-12,exact,pass
LTBI_10pct,prevent,50,expected_true_positive_tests,19.0,19.0,apy_prevalence_scenario_grid.csv,0.0,0.0,1e-12,exact,pass
LTBI_10pct,prevent,50,ltbi_prevalence,0.1,0.1,apy_prevalence_scenario_grid.csv,0.0,0.0,1e-12,exact,pass
LTBI_10pct,prevent,50,screenCoverage,0.0333333333333333,0.0333333333333333,apy_prevalence_scenario_grid.csv,0.0,0.0,1e-12,exact,pass
LTBI_10pct,prevent,100,expected_NNS_prevent_TB,11.11111111111111,11.11111111111111,apy_prevalence_scenario_grid.csv,0.0,0.0,1e-12,exact,pass
LTBI_10pct,prevent,100,expected_PPV,0.9696969696969696,0.9696969696969696,apy_prevalence_scenario_grid.csv,0.0,0.0,1e-12,exact,pass
LTBI_10pct,prevent,100,expected_active_TB_prevented,9.0,9.0,apy_prevalence_scenario_grid.csv,0.0,0.0,1e-12,exact,pass
LTBI_10pct,prevent,100,expected_false_positive_share,0.0303030303030303,0.0303030303030303,apy_prevalence_scenario_grid.csv,0.0,0.0,1e-12,exact,pass
LTBI_10pct,prevent,100,expected_false_positive_tests,1.0,1.0,apy_prevalence_scenario_grid.csv,0.0,0.0,1e-12,exact,pass
LTBI_10pct,prevent,100,expected_test_positive_nonactive,33.0,33.0,apy_prevalence_scenario_grid.csv,0.0,0.0,1e-12,exact,pass
LTBI_10pct,prevent,100,expected_true_positive_tests,32.0,32.0,apy_prevalence_scenario_grid.csv,0.0,0.0,1e-12,exact,pass
LTBI_10pct,prevent,100,ltbi_prevalence,0.1,0.1,apy_prevalence_scenario_grid.csv,0.0,0.0,1e-12,exact,pass
LTBI_10pct,prevent,100,screenCoverage,0.0666666666666666,0.0666666666666666,apy_prevalence_scenario_grid.csv,0.0,0.0,1e-12,exact,pass
LTBI_10pct,prevent,150,expected_NNS_prevent_TB,13.636363636363637,13.636363636363637,apy_prevalence_scenario_grid.csv,0.0,0.0,1e-12,exact,pass
LTBI_10pct,prevent,150,expected_PPV,0.9545454545454546,0.9545454545454546,apy_prevalence_scenario_grid.csv,0.0,0.0,1e-12,exact,pass
LTBI_10pct,prevent,150,expected_active_TB_prevented,11.0,11.0,apy_prevalence_scenario_grid.csv,0.0,0.0,1e-12,exact,pass
LTBI_10pct,prevent,150,expected_false_positive_share,0.0454545454545454,0.0454545454545454,apy_prevalence_scenario_grid.csv,0.0,0.0,1e-12,exact,pass
LTBI_10pct,prevent,150,expected_false_positive_tests,2.0,2.0,apy_prevalence_scenario_grid.csv,0.0,0.0,1e-12,exact,pass
LTBI_10pct,prevent,150,expected_test_positive_nonactive,44.0,44.0,apy_prevalence_scenario_grid.csv,0.0,0.0,1e-12,exact,pass
LTBI_10pct,prevent,150,expected_true_positive_tests,42.0,42.0,apy_prevalence_scenario_grid.csv,0.0,0.0,1e-12,exact,pass
LTBI_10pct,prevent,150,ltbi_prevalence,0.1,0.1,apy_prevalence_scenario_grid.csv,0.0,0.0,1e-12,exact,pass
LTBI_10pct,prevent,150,screenCoverage,0.1,0.1,apy_prevalence_scenario_grid.csv,0.0,0.0,1e-12,exact,pass
LTBI_10pct,prevent,200,expected_NNS_prevent_TB,15.384615384615383,15.384615384615383,apy_prevalence_scenario_grid.csv,0.0,0.0,1e-12,exact,pass
LTBI_10pct,prevent,200,expected_PPV,0.9629629629629628,0.9629629629629628,apy_prevalence_scenario_grid.csv,0.0,0.0,1e-12,exact,pass
LTBI_10pct,prevent,200,expected_active_TB_prevented,13.0,13.0,apy_prevalence_scenario_grid.csv,0.0,0.0,1e-12,exact,pass
LTBI_10pct,prevent,200,expected_false_positive_share,0.037037037037037,0.037037037037037,apy_prevalence_scenario_grid.csv,0.0,0.0,1e-12,exact,pass
LTBI_10pct,prevent,200,expected_false_positive_tests,2.0,2.0,apy_prevalence_scenario_grid.csv,0.0,0.0,1e-12,exact,pass
LTBI_10pct,prevent,200,expected_test_positive_nonactive,54.0,54.0,apy_prevalence_scenario_grid.csv,0.0,0.0,1e-12,exact,pass
LTBI_10pct,prevent,200,expected_true_positive_tests,52.0,52.0,apy_prevalence_scenario_grid.csv,0.0,0.0,1e-12,exact,pass
LTBI_10pct,prevent,200,ltbi_prevalence,0.1,0.1,apy_prevalence_scenario_grid.csv,0.0,0.0,1e-12,exact,pass
LTBI_10pct,prevent,200,screenCoverage,0.1333333333333333,0.1333333333333333,apy_prevalence_scenario_grid.csv,0.0,0.0,1e-12,exact,pass
LTBI_10pct,prevent,300,expected_NNS_prevent_TB,21.428571428571427,21.428571428571427,apy_prevalence_scenario_grid.csv,0.0,0.0,1e-12,exact,pass
LTBI_10pct,prevent,300,expected_PPV,0.9444444444444444,0.9444444444444444,apy_prevalence_scenario_grid.csv,0.0,0.0,1e-12,exact,pass
LTBI_10pct,prevent,300,expected_active_TB_prevented,14.0,14.0,apy_prevalence_scenario_grid.csv,0.0,0.0,1e-12,exact,pass
LTBI_10pct,prevent,300,expected_false_positive_share,0.0555555555555555,0.0555555555555555,apy_prevalence_scenario_grid.csv,0.0,0.0,1e-12,exact,pass
LTBI_10pct,prevent,300,expected_false_positive_tests,4.0,4.0,apy_prevalence_scenario_grid.csv,0.0,0.0,1e-12,exact,pass
LTBI_10pct,prevent,300,expected_test_positive_nonactive,72.0,72.0,apy_prevalence_scenario_grid.csv,0.0,0.0,1e-12,exact,pass
LTBI_10pct,prevent,300,expected_true_positive_tests,68.0,68.0,apy_prevalence_scenario_grid.csv,0.0,0.0,1e-12,exact,pass
LTBI_10pct,prevent,300,ltbi_prevalence,0.1,0.1,apy_prevalence_scenario_grid.csv,0.0,0.0,1e-12,exact,pass
LTBI_10pct,prevent,300,screenCoverage,0.2,0.2,apy_prevalence_scenario_grid.csv,0.0,0.0,1e-12,exact,pass
LTBI_10pct,prevent,450,expected_NNS_prevent_TB,28.125,28.125,apy_prevalence_scenario_grid.csv,0.0,0.0,1e-12,exact,pass
LTBI_10pct,prevent,450,expected_PPV,0.9247311827956988,0.9247311827956988,apy_prevalence_scenario_grid.csv,0.0,0.0,1e-12,exact,pass
LTBI_10pct,prevent,450,expected_active_TB_prevented,16.0,16.0,apy_prevalence_scenario_grid.csv,0.0,0.0,1e-12,exact,pass
LTBI_10pct,prevent,450,expected_false_positive_share,0.075268817204301,0.075268817204301,apy_prevalence_scenario_grid.csv,0.0,0.0,1e-12,exact,pass
LTBI_10pct,prevent,450,expected_false_positive_tests,7.0,7.0,apy_prevalence_scenario_grid.csv,0.0,0.0,1e-12,exact,pass
LTBI_10pct,prevent,450,expected_test_positive_nonactive,93.0,93.0,apy_prevalence_scenario_grid.csv,0.0,0.0,1e-12,exact,pass
LTBI_10pct,prevent,450,expected_true_positive_tests,86.0,86.0,apy_prevalence_scenario_grid.csv,0.0,0.0,1e-12,exact,pass
LTBI_10pct,prevent,450,ltbi_prevalence,0.1,0.1,apy_prevalence_scenario_grid.csv,0.0,0.0,1e-12,exact,pass
LTBI_10pct,prevent,450,screenCoverage,0.3,0.3,apy_prevalence_scenario_grid.csv,0.0,0.0,1e-12,exact,pass
LTBI_10pct,prevent,600,expected_NNS_prevent_TB,35.294117647058826,35.294117647058826,apy_prevalence_scenario_grid.csv,0.0,0.0,1e-12,exact,pass
LTBI_10pct,prevent,600,expected_PPV,0.9174311926605504,0.9174311926605504,apy_prevalence_scenario_grid.csv,0.0,0.0,1e-12,exact,pass
LTBI_10pct,prevent,600,expected_active_TB_prevented,17.0,17.0,apy_prevalence_scenario_grid.csv,0.0,0.0,1e-12,exact,pass
LTBI_10pct,prevent,600,expected_false_positive_share,0.0825688073394495,0.0825688073394495,apy_prevalence_scenario_grid.csv,0.0,0.0,1e-12,exact,pass
LTBI_10pct,prevent,600,expected_false_positive_tests,9.0,9.0,apy_prevalence_scenario_grid.csv,0.0,0.0,1e-12,exact,pass
LTBI_10pct,prevent,600,expected_test_positive_nonactive,109.0,109.0,apy_prevalence_scenario_grid.csv,0.0,0.0,1e-12,exact,pass
LTBI_10pct,prevent,600,expected_true_positive_tests,100.0,100.0,apy_prevalence_scenario_grid.csv,0.0,0.0,1e-12,exact,pass
LTBI_10pct,prevent,600,ltbi_prevalence,0.1,0.1,apy_prevalence_scenario_grid.csv,0.0,0.0,1e-12,exact,pass
LTBI_10pct,prevent,600,screenCoverage,0.4,0.4,apy_prevalence_scenario_grid.csv,0.0,0.0,1e-12,exact,pass
LTBI_10pct,prevent,1000,expected_NNS_prevent_TB,58.8235294117647,58.8235294117647,apy_prevalence_scenario_grid.csv,0.0,0.0,1e-12,exact,pass
LTBI_10pct,prevent,1000,expected_PPV,0.8785714285714286,0.8785714285714286,apy_prevalence_scenario_grid.csv,0.0,0.0,1e-12,exact,pass
LTBI_10pct,prevent,1000,expected_active_TB_prevented,17.0,17.0,apy_prevalence_scenario_grid.csv,0.0,0.0,1e-12,exact,pass
LTBI_10pct,prevent,1000,expected_false_positive_share,0.1214285714285714,0.1214285714285714,apy_prevalence_scenario_grid.csv,0.0,0.0,1e-12,exact,pass
LTBI_10pct,prevent,1000,expected_false_positive_tests,17.0,17.0,apy_prevalence_scenario_grid.csv,0.0,0.0,1e-12,exact,pass
LTBI_10pct,prevent,1000,expected_test_positive_nonactive,140.0,140.0,apy_prevalence_scenario_grid.csv,0.0,0.0,1e-12,exact,pass
LTBI_10pct,prevent,1000,expected_true_positive_tests,123.0,123.0,apy_prevalence_scenario_grid.csv,0.0,0.0,1e-12,exact,pass
LTBI_10pct,prevent,1000,ltbi_prevalence,0.1,0.1,apy_prevalence_scenario_grid.csv,0.0,0.0,1e-12,exact,pass
LTBI_10pct,prevent,1000,screenCoverage,0.6666666666666666,0.6666666666666666,apy_prevalence_scenario_grid.csv,0.0,0.0,1e-12,exact,pass
LTBI_10pct,prevent,1500,expected_NNS_prevent_TB,88.23529411764706,88.23529411764706,apy_prevalence_scenario_grid.csv,0.0,0.0,1e-12,exact,pass
LTBI_10pct,prevent,1500,expected_PPV,0.8258064516129032,0.8258064516129032,apy_prevalence_scenario_grid.csv,0.0,0.0,1e-12,exact,pass
LTBI_10pct,prevent,1500,expected_active_TB_prevented,17.0,17.0,apy_prevalence_scenario_grid.csv,0.0,0.0,1e-12,exact,pass
LTBI_10pct,prevent,1500,expected_false_positive_share,0.1741935483870967,0.1741935483870967,apy_prevalence_scenario_grid.csv,0.0,0.0,1e-12,exact,pass
LTBI_10pct,prevent,1500,expected_false_positive_tests,27.0,27.0,apy_prevalence_scenario_grid.csv,0.0,0.0,1e-12,exact,pass
LTBI_10pct,prevent,1500,expected_test_positive_nonactive,155.0,155.0,apy_prevalence_scenario_grid.csv,0.0,0.0,1e-12,exact,pass
LTBI_10pct,prevent,1500,expected_true_positive_tests,128.0,128.0,apy_prevalence_scenario_grid.csv,0.0,0.0,1e-12,exact,pass
LTBI_10pct,prevent,1500,ltbi_prevalence,0.1,0.1,apy_prevalence_scenario_grid.csv,0.0,0.0,1e-12,exact,pass
LTBI_10pct,prevent,1500,screenCoverage,1.0,1.0,apy_prevalence_scenario_grid.csv,0.0,0.0,1e-12,exact,pass
LTBI_10pct,random,0,expected_NNS_prevent_TB,,,apy_prevalence_scenario_grid.csv,0.0,0.0,1e-12,exact,pass
LTBI_10pct,random,0,expected_PPV,,,apy_prevalence_scenario_grid.csv,0.0,0.0,1e-12,exact,pass
LTBI_10pct,random,0,expected_active_TB_prevented,0.0,0.0,apy_prevalence_scenario_grid.csv,0.0,,1e-12,exact,pass
LTBI_10pct,random,0,expected_false_positive_share,,,apy_prevalence_scenario_grid.csv,0.0,0.0,1e-12,exact,pass
LTBI_10pct,random,0,expected_false_positive_tests,0.0,0.0,apy_prevalence_scenario_grid.csv,0.0,,1e-12,exact,pass
LTBI_10pct,random,0,expected_test_positive_nonactive,0.0,0.0,apy_prevalence_scenario_grid.csv,0.0,,1e-12,exact,pass
LTBI_10pct,random,0,expected_true_positive_tests,0.0,0.0,apy_prevalence_scenario_grid.csv,0.0,,1e-12,exact,pass
LTBI_10pct,random,0,ltbi_prevalence,0.1,0.1,apy_prevalence_scenario_grid.csv,0.0,0.0,1e-12,exact,pass
LTBI_10pct,random,0,screenCoverage,0.0,0.0,apy_prevalence_scenario_grid.csv,0.0,,1e-12,exact,pass
LTBI_10pct,random,50,expected_NNS_prevent_TB,,,apy_prevalence_scenario_grid.csv,0.0,0.0,1e-12,exact,pass
LTBI_10pct,random,50,expected_PPV,0.8,0.8,apy_prevalence_scenario_grid.csv,0.0,0.0,1e-12,exact,pass
LTBI_10pct,random,50,expected_active_TB_prevented,0.0,0.0,apy_prevalence_scenario_grid.csv,0.0,,1e-12,exact,pass
LTBI_10pct,random,50,expected_false_positive_share,0.2,0.2,apy_prevalence_scenario_grid.csv,0.0,0.0,1e-12,exact,pass
LTBI_10pct,random,50,expected_false_positive_tests,1.0,1.0,apy_prevalence_scenario_grid.csv,0.0,0.0,1e-12,exact,pass
LTBI_10pct,random,50,expected_test_positive_nonactive,5.0,5.0,apy_prevalence_scenario_grid.csv,0.0,0.0,1e-12,exact,pass
LTBI_10pct,random,50,expected_true_positive_tests,4.0,4.0,apy_prevalence_scenario_grid.csv,0.0,0.0,1e-12,exact,pass
LTBI_10pct,random,50,ltbi_prevalence,0.1,0.1,apy_prevalence_scenario_grid.csv,0.0,0.0,1e-12,exact,pass
LTBI_10pct,random,50,screenCoverage,0.0333333333333333,0.0333333333333333,apy_prevalence_scenario_grid.csv,0.0,0.0,1e-12,exact,pass
LTBI_10pct,random,100,expected_NNS_prevent_TB,100.0,100.0,apy_prevalence_scenario_grid.csv,0.0,0.0,1e-12,exact,pass
LTBI_10pct,random,100,expected_PPV,0.8,0.8,apy_prevalence_scenario_grid.csv,0.0,0.0,1e-12,exact,pass
LTBI_10pct,random,100,expected_active_TB_prevented,1.0,1.0,apy_prevalence_scenario_grid.csv,0.0,0.0,1e-12,exact,pass
LTBI_10pct,random,100,expected_false_positive_share,0.2,0.2,apy_prevalence_scenario_grid.csv,0.0,0.0,1e-12,exact,pass
LTBI_10pct,random,100,expected_false_positive_tests,2.0,2.0,apy_prevalence_scenario_grid.csv,0.0,0.0,1e-12,exact,pass
LTBI_10pct,random,100,expected_test_positive_nonactive,10.0,10.0,apy_prevalence_scenario_grid.csv,0.0,0.0,1e-12,exact,pass
LTBI_10pct,random,100,expected_true_positive_tests,8.0,8.0,apy_prevalence_scenario_grid.csv,0.0,0.0,1e-12,exact,pass
LTBI_10pct,random,100,ltbi_prevalence,0.1,0.1,apy_prevalence_scenario_grid.csv,0.0,0.0,1e-12,exact,pass
LTBI_10pct,random,100,screenCoverage,0.0666666666666666,0.0666666666666666,apy_prevalence_scenario_grid.csv,0.0,0.0,1e-12,exact,pass
LTBI_10pct,random,150,expected_NNS_prevent_TB,75.0,75.0,apy_prevalence_scenario_grid.csv,0.0,0.0,1e-12,exact,pass
LTBI_10pct,random,150,expected_PPV,0.8,0.8,apy_prevalence_scenario_grid.csv,0.0,0.0,1e-12,exact,pass
LTBI_10pct,random,150,expected_active_TB_prevented,2.0,2.0,apy_prevalence_scenario_grid.csv,0.0,0.0,1e-12,exact,pass
LTBI_10pct,random,150,expected_false_positive_share,0.2,0.2,apy_prevalence_scenario_grid.csv,0.0,0.0,1e-12,exact,pass
LTBI_10pct,random,150,expected_false_positive_tests,3.0,3.0,apy_prevalence_scenario_grid.csv,0.0,0.0,1e-12,exact,pass
LTBI_10pct,random,150,expected_test_positive_nonactive,15.0,15.0,apy_prevalence_scenario_grid.csv,0.0,0.0,1e-12,exact,pass
LTBI_10pct,random,150,expected_true_positive_tests,12.0,12.0,apy_prevalence_scenario_grid.csv,0.0,0.0,1e-12,exact,pass
LTBI_10pct,random,150,ltbi_prevalence,0.1,0.1,apy_prevalence_scenario_grid.csv,0.0,0.0,1e-12,exact,pass
LTBI_10pct,random,150,screenCoverage,0.1,0.1,apy_prevalence_scenario_grid.csv,0.0,0.0,1e-12,exact,pass
LTBI_10pct,random,200,expected_NNS_prevent_TB,100.0,100.0,apy_prevalence_scenario_grid.csv,0.0,0.0,1e-12,exact,pass
LTBI_10pct,random,200,expected_PPV,0.85,0.85,apy_prevalence_scenario_grid.csv,0.0,0.0,1e-12,exact,pass
LTBI_10pct,random,200,expected_active_TB_prevented,2.0,2.0,apy_prevalence_scenario_grid.csv,0.0,0.0,1e-12,exact,pass
LTBI_10pct,random,200,expected_false_positive_share,0.15,0.15,apy_prevalence_scenario_grid.csv,0.0,0.0,1e-12,exact,pass
LTBI_10pct,random,200,expected_false_positive_tests,3.0,3.0,apy_prevalence_scenario_grid.csv,0.0,0.0,1e-12,exact,pass
LTBI_10pct,random,200,expected_test_positive_nonactive,20.0,20.0,apy_prevalence_scenario_grid.csv,0.0,0.0,1e-12,exact,pass
LTBI_10pct,random,200,expected_true_positive_tests,17.0,17.0,apy_prevalence_scenario_grid.csv,0.0,0.0,1e-12,exact,pass
LTBI_10pct,random,200,ltbi_prevalence,0.1,0.1,apy_prevalence_scenario_grid.csv,0.0,0.0,1e-12,exact,pass
LTBI_10pct,random,200,screenCoverage,0.1333333333333333,0.1333333333333333,apy_prevalence_scenario_grid.csv,0.0,0.0,1e-12,exact,pass
LTBI_10pct,random,300,expected_NNS_prevent_TB,100.0,100.0,apy_prevalence_scenario_grid.csv,0.0,0.0,1e-12,exact,pass
LTBI_10pct,random,300,expected_PPV,0.8387096774193549,0.8387096774193549,apy_prevalence_scenario_grid.csv,0.0,0.0,1e-12,exact,pass
LTBI_10pct,random,300,expected_active_TB_prevented,3.0,3.0,apy_prevalence_scenario_grid.csv,0.0,0.0,1e-12,exact,pass
LTBI_10pct,random,300,expected_false_positive_share,0.1612903225806451,0.1612903225806451,apy_prevalence_scenario_grid.csv,0.0,0.0,1e-12,exact,pass
LTBI_10pct,random,300,expected_false_positive_tests,5.0,5.0,apy_prevalence_scenario_grid.csv,0.0,0.0,1e-12,exact,pass
LTBI_10pct,random,300,expected_test_positive_nonactive,31.0,31.0,apy_prevalence_scenario_grid.csv,0.0,0.0,1e-12,exact,pass
LTBI_10pct,random,300,expected_true_positive_tests,26.0,26.0,apy_prevalence_scenario_grid.csv,0.0,0.0,1e-12,exact,pass
LTBI_10pct,random,300,ltbi_prevalence,0.1,0.1,apy_prevalence_scenario_grid.csv,0.0,0.0,1e-12,exact,pass
LTBI_10pct,random,300,screenCoverage,0.2,0.2,apy_prevalence_scenario_grid.csv,0.0,0.0,1e-12,exact,pass
LTBI_10pct,random,450,expected_NNS_prevent_TB,90.0,90.0,apy_prevalence_scenario_grid.csv,0.0,0.0,1e-12,exact,pass
LTBI_10pct,random,450,expected_PPV,0.8260869565217391,0.8260869565217391,apy_prevalence_scenario_grid.csv,0.0,0.0,1e-12,exact,pass
LTBI_10pct,random,450,expected_active_TB_prevented,5.0,5.0,apy_prevalence_scenario_grid.csv,0.0,0.0,1e-12,exact,pass
LTBI_10pct,random,450,expected_false_positive_share,0.1739130434782608,0.1739130434782608,apy_prevalence_scenario_grid.csv,0.0,0.0,1e-12,exact,pass
LTBI_10pct,random,450,expected_false_positive_tests,8.0,8.0,apy_prevalence_scenario_grid.csv,0.0,0.0,1e-12,exact,pass
LTBI_10pct,random,450,expected_test_positive_nonactive,46.0,46.0,apy_prevalence_scenario_grid.csv,0.0,0.0,1e-12,exact,pass
LTBI_10pct,random,450,expected_true_positive_tests,38.0,38.0,apy_prevalence_scenario_grid.csv,0.0,0.0,1e-12,exact,pass
LTBI_10pct,random,450,ltbi_prevalence,0.1,0.1,apy_prevalence_scenario_grid.csv,0.0,0.0,1e-12,exact,pass
LTBI_10pct,random,450,screenCoverage,0.3,0.3,apy_prevalence_scenario_grid.csv,0.0,0.0,1e-12,exact,pass
LTBI_10pct,random,600,expected_NNS_prevent_TB,85.71428571428571,85.71428571428571,apy_prevalence_scenario_grid.csv,0.0,0.0,1e-12,exact,pass
LTBI_10pct,random,600,expected_PPV,0.8225806451612904,0.8225806451612904,apy_prevalence_scenario_grid.csv,0.0,0.0,1e-12,exact,pass
LTBI_10pct,random,600,expected_active_TB_prevented,7.0,7.0,apy_prevalence_scenario_grid.csv,0.0,0.0,1e-12,exact,pass
LTBI_10pct,random,600,expected_false_positive_share,0.1774193548387097,0.1774193548387097,apy_prevalence_scenario_grid.csv,0.0,0.0,1e-12,exact,pass
LTBI_10pct,random,600,expected_false_positive_tests,11.0,11.0,apy_prevalence_scenario_grid.csv,0.0,0.0,1e-12,exact,pass
LTBI_10pct,random,600,expected_test_positive_nonactive,62.0,62.0,apy_prevalence_scenario_grid.csv,0.0,0.0,1e-12,exact,pass
LTBI_10pct,random,600,expected_true_positive_tests,51.0,51.0,apy_prevalence_scenario_grid.csv,0.0,0.0,1e-12,exact,pass
LTBI_10pct,random,600,ltbi_prevalence,0.1,0.1,apy_prevalence_scenario_grid.csv,0.0,0.0,1e-12,exact,pass
LTBI_10pct,random,600,screenCoverage,0.4,0.4,apy_prevalence_scenario_grid.csv,0.0,0.0,1e-12,exact,pass
LTBI_10pct,random,1000,expected_NNS_prevent_TB,90.9090909090909,90.9090909090909,apy_prevalence_scenario_grid.csv,0.0,0.0,1e-12,exact,pass
LTBI_10pct,random,1000,expected_PPV,0.8252427184466019,0.8252427184466019,apy_prevalence_scenario_grid.csv,0.0,0.0,1e-12,exact,pass
LTBI_10pct,random,1000,expected_active_TB_prevented,11.0,11.0,apy_prevalence_scenario_grid.csv,0.0,0.0,1e-12,exact,pass
LTBI_10pct,random,1000,expected_false_positive_share,0.174757281553398,0.174757281553398,apy_prevalence_scenario_grid.csv,0.0,0.0,1e-12,exact,pass
LTBI_10pct,random,1000,expected_false_positive_tests,18.0,18.0,apy_prevalence_scenario_grid.csv,0.0,0.0,1e-12,exact,pass
LTBI_10pct,random,1000,expected_test_positive_nonactive,103.0,103.0,apy_prevalence_scenario_grid.csv,0.0,0.0,1e-12,exact,pass
LTBI_10pct,random,1000,expected_true_positive_tests,85.0,85.0,apy_prevalence_scenario_grid.csv,0.0,0.0,1e-12,exact,pass
LTBI_10pct,random,1000,ltbi_prevalence,0.1,0.1,apy_prevalence_scenario_grid.csv,0.0,0.0,1e-12,exact,pass
LTBI_10pct,random,1000,screenCoverage,0.6666666666666666,0.6666666666666666,apy_prevalence_scenario_grid.csv,0.0,0.0,1e-12,exact,pass
LTBI_10pct,random,1500,expected_NNS_prevent_TB,88.23529411764706,88.23529411764706,apy_prevalence_scenario_grid.csv,0.0,0.0,1e-12,exact,pass
LTBI_10pct,random,1500,expected_PPV,0.8258064516129032,0.8258064516129032,apy_prevalence_scenario_grid.csv,0.0,0.0,1e-12,exact,pass
LTBI_10pct,random,1500,expected_active_TB_prevented,17.0,17.0,apy_prevalence_scenario_grid.csv,0.0,0.0,1e-12,exact,pass
LTBI_10pct,random,1500,expected_false_positive_share,0.1741935483870967,0.1741935483870967,apy_prevalence_scenario_grid.csv,0.0,0.0,1e-12,exact,pass
LTBI_10pct,random,1500,expected_false_positive_tests,27.0,27.0,apy_prevalence_scenario_grid.csv,0.0,0.0,1e-12,exact,pass
LTBI_10pct,random,1500,expected_test_positive_nonactive,155.0,155.0,apy_prevalence_scenario_grid.csv,0.0,0.0,1e-12,exact,pass
LTBI_10pct,random,1500,expected_true_positive_tests,128.0,128.0,apy_prevalence_scenario_grid.csv,0.0,0.0,1e-12,exact,pass
LTBI_10pct,random,1500,ltbi_prevalence,0.1,0.1,apy_prevalence_scenario_grid.csv,0.0,0.0,1e-12,exact,pass
LTBI_10pct,random,1500,screenCoverage,1.0,1.0,apy_prevalence_scenario_grid.csv,0.0,0.0,1e-12,exact,pass
LTBI_1pct,ltbi,0,expected_NNS_prevent_TB,,,apy_prevalence_scenario_grid.csv,0.0,0.0,1e-12,exact,pass
LTBI_1pct,ltbi,0,expected_PPV,,,apy_prevalence_scenario_grid.csv,0.0,0.0,1e-12,exact,pass
LTBI_1pct,ltbi,0,expected_active_TB_prevented,0.0,0.0,apy_prevalence_scenario_grid.csv,0.0,,1e-12,exact,pass
LTBI_1pct,ltbi,0,expected_false_positive_share,,,apy_prevalence_scenario_grid.csv,0.0,0.0,1e-12,exact,pass
LTBI_1pct,ltbi,0,expected_false_positive_tests,0.0,0.0,apy_prevalence_scenario_grid.csv,0.0,,1e-12,exact,pass
LTBI_1pct,ltbi,0,expected_test_positive_nonactive,0.0,0.0,apy_prevalence_scenario_grid.csv,0.0,,1e-12,exact,pass
LTBI_1pct,ltbi,0,expected_true_positive_tests,0.0,0.0,apy_prevalence_scenario_grid.csv,0.0,,1e-12,exact,pass
LTBI_1pct,ltbi,0,ltbi_prevalence,0.01,0.01,apy_prevalence_scenario_grid.csv,0.0,0.0,1e-12,exact,pass
LTBI_1pct,ltbi,0,screenCoverage,0.0,0.0,apy_prevalence_scenario_grid.csv,0.0,,1e-12,exact,pass
LTBI_1pct,ltbi,50,expected_NNS_prevent_TB,50.0,50.0,apy_prevalence_scenario_grid.csv,0.0,0.0,1e-12,exact,pass
LTBI_1pct,ltbi,50,expected_PPV,0.75,0.75,apy_prevalence_scenario_grid.csv,0.0,0.0,1e-12,exact,pass
LTBI_1pct,ltbi,50,expected_active_TB_prevented,1.0,1.0,apy_prevalence_scenario_grid.csv,0.0,0.0,1e-12,exact,pass
LTBI_1pct,ltbi,50,expected_false_positive_share,0.25,0.25,apy_prevalence_scenario_grid.csv,0.0,0.0,1e-12,exact,pass
LTBI_1pct,ltbi,50,expected_false_positive_tests,1.0,1.0,apy_prevalence_scenario_grid.csv,0.0,0.0,1e-12,exact,pass
LTBI_1pct,ltbi,50,expected_test_positive_nonactive,4.0,4.0,apy_prevalence_scenario_grid.csv,0.0,0.0,1e-12,exact,pass
LTBI_1pct,ltbi,50,expected_true_positive_tests,3.0,3.0,apy_prevalence_scenario_grid.csv,0.0,0.0,1e-12,exact,pass
LTBI_1pct,ltbi,50,ltbi_prevalence,0.01,0.01,apy_prevalence_scenario_grid.csv,0.0,0.0,1e-12,exact,pass
LTBI_1pct,ltbi,50,screenCoverage,0.0333333333333333,0.0333333333333333,apy_prevalence_scenario_grid.csv,0.0,0.0,1e-12,exact,pass
LTBI_1pct,ltbi,100,expected_NNS_prevent_TB,100.0,100.0,apy_prevalence_scenario_grid.csv,0.0,0.0,1e-12,exact,pass
LTBI_1pct,ltbi,100,expected_PPV,0.6666666666666666,0.6666666666666666,apy_prevalence_scenario_grid.csv,0.0,0.0,1e-12,exact,pass
LTBI_1pct,ltbi,100,expected_active_TB_prevented,1.0,1.0,apy_prevalence_scenario_grid.csv,0.0,0.0,1e-12,exact,pass
LTBI_1pct,ltbi,100,expected_false_positive_share,0.3333333333333333,0.3333333333333333,apy_prevalence_scenario_grid.csv,0.0,0.0,1e-12,exact,pass
LTBI_1pct,ltbi,100,expected_false_positive_tests,2.0,2.0,apy_prevalence_scenario_grid.csv,0.0,0.0,1e-12,exact,pass
LTBI_1pct,ltbi,100,expected_test_positive_nonactive,6.0,6.0,apy_prevalence_scenario_grid.csv,0.0,0.0,1e-12,exact,pass
LTBI_1pct,ltbi,100,expected_true_positive_tests,4.0,4.0,apy_prevalence_scenario_grid.csv,0.0,0.0,1e-12,exact,pass
LTBI_1pct,ltbi,100,ltbi_prevalence,0.01,0.01,apy_prevalence_scenario_grid.csv,0.0,0.0,1e-12,exact,pass
LTBI_1pct,ltbi,100,screenCoverage,0.0666666666666666,0.0666666666666666,apy_prevalence_scenario_grid.csv,0.0,0.0,1e-12,exact,pass
LTBI_1pct,ltbi,150,expected_NNS_prevent_TB,150.0,150.0,apy_prevalence_scenario_grid.csv,0.0,0.0,1e-12,exact,pass
LTBI_1pct,ltbi,150,expected_PPV,0.6666666666666666,0.6666666666666666,apy_prevalence_scenario_grid.csv,0.0,0.0,1e-12,exact,pass
LTBI_1pct,ltbi,150,expected_active_TB_prevented,1.0,1.0,apy_prevalence_scenario_grid.csv,0.0,0.0,1e-12,exact,pass
LTBI_1pct,ltbi,150,expected_false_positive_share,0.3333333333333333,0.3333333333333333,apy_prevalence_scenario_grid.csv,0.0,0.0,1e-12,exact,pass
LTBI_1pct,ltbi,150,expected_false_positive_tests,3.0,3.0,apy_prevalence_scenario_grid.csv,0.0,0.0,1e-12,exact,pass
LTBI_1pct,ltbi,150,expected_test_positive_nonactive,9.0,9.0,apy_prevalence_scenario_grid.csv,0.0,0.0,1e-12,exact,pass
LTBI_1pct,ltbi,150,expected_true_positive_tests,6.0,6.0,apy_prevalence_scenario_grid.csv,0.0,0.0,1e-12,exact,pass
LTBI_1pct,ltbi,150,ltbi_prevalence,0.01,0.01,apy_prevalence_scenario_grid.csv,0.0,0.0,1e-12,exact,pass
LTBI_1pct,ltbi,150,screenCoverage,0.1,0.1,apy_prevalence_scenario_grid.csv,0.0,0.0,1e-12,exact,pass
LTBI_1pct,ltbi,200,expected_NNS_prevent_TB,200.0,200.0,apy_prevalence_scenario_grid.csv,0.0,0.0,1e-12,exact,pass
LTBI_1pct,ltbi,200,expected_PPV,0.6,0.6,apy_prevalence_scenario_grid.csv,0.0,0.0,1e-12,exact,pass
LTBI_1pct,ltbi,200,expected_active_TB_prevented,1.0,1.0,apy_prevalence_scenario_grid.csv,0.0,0.0,1e-12,exact,pass
LTBI_1pct,ltbi,200,expected_false_positive_share,0.4,0.4,apy_prevalence_scenario_grid.csv,0.0,0.0,1e-12,exact,pass
LTBI_1pct,ltbi,200,expected_false_positive_tests,4.0,4.0,apy_prevalence_scenario_grid.csv,0.0,0.0,1e-12,exact,pass
LTBI_1pct,ltbi,200,expected_test_positive_nonactive,10.0,10.0,apy_prevalence_scenario_grid.csv,0.0,0.0,1e-12,exact,pass
LTBI_1pct,ltbi,200,expected_true_positive_tests,6.0,6.0,apy_prevalence_scenario_grid.csv,0.0,0.0,1e-12,exact,pass
LTBI_1pct,ltbi,200,ltbi_prevalence,0.01,0.01,apy_prevalence_scenario_grid.csv,0.0,0.0,1e-12,exact,pass
LTBI_1pct,ltbi,200,screenCoverage,0.1333333333333333,0.1333333333333333,apy_prevalence_scenario_grid.csv,0.0,0.0,1e-12,exact,pass
LTBI_1pct,ltbi,300,expected_NNS_prevent_TB,300.0,300.0,apy_prevalence_scenario_grid.csv,0.0,0.0,1e-12,exact,pass
LTBI_1pct,ltbi,300,expected_PPV,0.5714285714285714,0.5714285714285714,apy_prevalence_scenario_grid.csv,0.0,0.0,1e-12,exact,pass
LTBI_1pct,ltbi,300,expected_active_TB_prevented,1.0,1.0,apy_prevalence_scenario_grid.csv,0.0,0.0,1e-12,exact,pass
LTBI_1pct,ltbi,300,expected_false_positive_share,0.4285714285714285,0.4285714285714285,apy_prevalence_scenario_grid.csv,0.0,0.0,1e-12,exact,pass
LTBI_1pct,ltbi,300,expected_false_positive_tests,6.0,6.0,apy_prevalence_scenario_grid.csv,0.0,0.0,1e-12,exact,pass
LTBI_1pct,ltbi,300,expected_test_positive_nonactive,14.0,14.0,apy_prevalence_scenario_grid.csv,0.0,0.0,1e-12,exact,pass
LTBI_1pct,ltbi,300,expected_true_positive_tests,8.0,8.0,apy_prevalence_scenario_grid.csv,0.0,0.0,1e-12,exact,pass
LTBI_1pct,ltbi,300,ltbi_prevalence,0.01,0.01,apy_prevalence_scenario_grid.csv,0.0,0.0,1e-12,exact,pass
LTBI_1pct,ltbi,300,screenCoverage,0.2,0.2,apy_prevalence_scenario_grid.csv,0.0,0.0,1e-12,exact,pass
LTBI_1pct,ltbi,450,expected_NNS_prevent_TB,450.0,450.0,apy_prevalence_scenario_grid.csv,0.0,0.0,1e-12,exact,pass
LTBI_1pct,ltbi,450,expected_PPV,0.5,0.5,apy_prevalence_scenario_grid.csv,0.0,0.0,1e-12,exact,pass
LTBI_1pct,ltbi,450,expected_active_TB_prevented,1.0,1.0,apy_prevalence_scenario_grid.csv,0.0,0.0,1e-12,exact,pass
LTBI_1pct,ltbi,450,expected_false_positive_share,0.5,0.5,apy_prevalence_scenario_grid.csv,0.0,0.0,1e-12,exact,pass
LTBI_1pct,ltbi,450,expected_false_positive_tests,9.0,9.0,apy_prevalence_scenario_grid.csv,0.0,0.0,1e-12,exact,pass
LTBI_1pct,ltbi,450,expected_test_positive_nonactive,18.0,18.0,apy_prevalence_scenario_grid.csv,0.0,0.0,1e-12,exact,pass
LTBI_1pct,ltbi,450,expected_true_positive_tests,9.0,9.0,apy_prevalence_scenario_grid.csv,0.0,0.0,1e-12,exact,pass
LTBI_1pct,ltbi,450,ltbi_prevalence,0.01,0.01,apy_prevalence_scenario_grid.csv,0.0,0.0,1e-12,exact,pass
LTBI_1pct,ltbi,450,screenCoverage,0.3,0.3,apy_prevalence_scenario_grid.csv,0.0,0.0,1e-12,exact,pass
LTBI_1pct,ltbi,600,expected_NNS_prevent_TB,600.0,600.0,apy_prevalence_scenario_grid.csv,0.0,0.0,1e-12,exact,pass
LTBI_1pct,ltbi,600,expected_PPV,0.5,0.5,apy_prevalence_scenario_grid.csv,0.0,0.0,1e-12,exact,pass
LTBI_1pct,ltbi,600,expected_active_TB_prevented,1.0,1.0,apy_prevalence_scenario_grid.csv,0.0,0.0,1e-12,exact,pass
LTBI_1pct,ltbi,600,expected_false_positive_share,0.5,0.5,apy_prevalence_scenario_grid.csv,0.0,0.0,1e-12,exact,pass
LTBI_1pct,ltbi,600,expected_false_positive_tests,11.0,11.0,apy_prevalence_scenario_grid.csv,0.0,0.0,1e-12,exact,pass
LTBI_1pct,ltbi,600,expected_test_positive_nonactive,22.0,22.0,apy_prevalence_scenario_grid.csv,0.0,0.0,1e-12,exact,pass
LTBI_1pct,ltbi,600,expected_true_positive_tests,11.0,11.0,apy_prevalence_scenario_grid.csv,0.0,0.0,1e-12,exact,pass
LTBI_1pct,ltbi,600,ltbi_prevalence,0.01,0.01,apy_prevalence_scenario_grid.csv,0.0,0.0,1e-12,exact,pass
LTBI_1pct,ltbi,600,screenCoverage,0.4,0.4,apy_prevalence_scenario_grid.csv,0.0,0.0,1e-12,exact,pass
LTBI_1pct,ltbi,1000,expected_NNS_prevent_TB,1000.0,1000.0,apy_prevalence_scenario_grid.csv,0.0,0.0,1e-12,exact,pass
LTBI_1pct,ltbi,1000,expected_PPV,0.40625,0.40625,apy_prevalence_scenario_grid.csv,0.0,0.0,1e-12,exact,pass
LTBI_1pct,ltbi,1000,expected_active_TB_prevented,1.0,1.0,apy_prevalence_scenario_grid.csv,0.0,0.0,1e-12,exact,pass
LTBI_1pct,ltbi,1000,expected_false_positive_share,0.59375,0.59375,apy_prevalence_scenario_grid.csv,0.0,0.0,1e-12,exact,pass
LTBI_1pct,ltbi,1000,expected_false_positive_tests,19.0,19.0,apy_prevalence_scenario_grid.csv,0.0,0.0,1e-12,exact,pass
LTBI_1pct,ltbi,1000,expected_test_positive_nonactive,32.0,32.0,apy_prevalence_scenario_grid.csv,0.0,0.0,1e-12,exact,pass
LTBI_1pct,ltbi,1000,expected_true_positive_tests,13.0,13.0,apy_prevalence_scenario_grid.csv,0.0,0.0,1e-12,exact,pass
LTBI_1pct,ltbi,1000,ltbi_prevalence,0.01,0.01,apy_prevalence_scenario_grid.csv,0.0,0.0,1e-12,exact,pass
LTBI_1pct,ltbi,1000,screenCoverage,0.6666666666666666,0.6666666666666666,apy_prevalence_scenario_grid.csv,0.0,0.0,1e-12,exact,pass
LTBI_1pct,ltbi,1500,expected_NNS_prevent_TB,750.0,750.0,apy_prevalence_scenario_grid.csv,0.0,0.0,1e-12,exact,pass
LTBI_1pct,ltbi,1500,expected_PPV,0.2857142857142857,0.2857142857142857,apy_prevalence_scenario_grid.csv,0.0,0.0,1e-12,exact,pass
LTBI_1pct,ltbi,1500,expected_active_TB_prevented,2.0,2.0,apy_prevalence_scenario_grid.csv,0.0,0.0,1e-12,exact,pass
LTBI_1pct,ltbi,1500,expected_false_positive_share,0.7142857142857143,0.7142857142857143,apy_prevalence_scenario_grid.csv,0.0,0.0,1e-12,exact,pass
LTBI_1pct,ltbi,1500,expected_false_positive_tests,30.0,30.0,apy_prevalence_scenario_grid.csv,0.0,0.0,1e-12,exact,pass
LTBI_1pct,ltbi,1500,expected_test_positive_nonactive,42.0,42.0,apy_prevalence_scenario_grid.csv,0.0,0.0,1e-12,exact,pass
LTBI_1pct,ltbi,1500,expected_true_positive_tests,12.0,12.0,apy_prevalence_scenario_grid.csv,0.0,0.0,1e-12,exact,pass
LTBI_1pct,ltbi,1500,ltbi_prevalence,0.01,0.01,apy_prevalence_scenario_grid.csv,0.0,0.0,1e-12,exact,pass
LTBI_1pct,ltbi,1500,screenCoverage,1.0,1.0,apy_prevalence_scenario_grid.csv,0.0,0.0,1e-12,exact,pass
LTBI_1pct,prevent,0,expected_NNS_prevent_TB,,,apy_prevalence_scenario_grid.csv,0.0,0.0,1e-12,exact,pass
LTBI_1pct,prevent,0,expected_PPV,,,apy_prevalence_scenario_grid.csv,0.0,0.0,1e-12,exact,pass
LTBI_1pct,prevent,0,expected_active_TB_prevented,0.0,0.0,apy_prevalence_scenario_grid.csv,0.0,,1e-12,exact,pass
LTBI_1pct,prevent,0,expected_false_positive_share,,,apy_prevalence_scenario_grid.csv,0.0,0.0,1e-12,exact,pass
LTBI_1pct,prevent,0,expected_false_positive_tests,0.0,0.0,apy_prevalence_scenario_grid.csv,0.0,,1e-12,exact,pass
LTBI_1pct,prevent,0,expected_test_positive_nonactive,0.0,0.0,apy_prevalence_scenario_grid.csv,0.0,,1e-12,exact,pass
LTBI_1pct,prevent,0,expected_true_positive_tests,0.0,0.0,apy_prevalence_scenario_grid.csv,0.0,,1e-12,exact,pass
LTBI_1pct,prevent,0,ltbi_prevalence,0.01,0.01,apy_prevalence_scenario_grid.csv,0.0,0.0,1e-12,exact,pass
LTBI_1pct,prevent,0,screenCoverage,0.0,0.0,apy_prevalence_scenario_grid.csv,0.0,,1e-12,exact,pass
LTBI_1pct,prevent,50,expected_NNS_prevent_TB,50.0,50.0,apy_prevalence_scenario_grid.csv,0.0,0.0,1e-12,exact,pass
LTBI_1pct,prevent,50,expected_PPV,0.6666666666666666,0.6666666666666666,apy_prevalence_scenario_grid.csv,0.0,0.0,1e-12,exact,pass
LTBI_1pct,prevent,50,expected_active_TB_prevented,1.0,1.0,apy_prevalence_scenario_grid.csv,0.0,0.0,1e-12,exact,pass
LTBI_1pct,prevent,50,expected_false_positive_share,0.3333333333333333,0.3333333333333333,apy_prevalence_scenario_grid.csv,0.0,0.0,1e-12,exact,pass
LTBI_1pct,prevent,50,expected_false_positive_tests,1.0,1.0,apy_prevalence_scenario_grid.csv,0.0,0.0,1e-12,exact,pass
LTBI_1pct,prevent,50,expected_test_positive_nonactive,3.0,3.0,apy_prevalence_scenario_grid.csv,0.0,0.0,1e-12,exact,pass
LTBI_1pct,prevent,50,expected_true_positive_tests,2.0,2.0,apy_prevalence_scenario_grid.csv,0.0,0.0,1e-12,exact,pass
LTBI_1pct,prevent,50,ltbi_prevalence,0.01,0.01,apy_prevalence_scenario_grid.csv,0.0,0.0,1e-12,exact,pass
LTBI_1pct,prevent,50,screenCoverage,0.0333333333333333,0.0333333333333333,apy_prevalence_scenario_grid.csv,0.0,0.0,1e-12,exact,pass
LTBI_1pct,prevent,100,expected_NNS_prevent_TB,100.0,100.0,apy_prevalence_scenario_grid.csv,0.0,0.0,1e-12,exact,pass
LTBI_1pct,prevent,100,expected_PPV,0.6666666666666666,0.6666666666666666,apy_prevalence_scenario_grid.csv,0.0,0.0,1e-12,exact,pass
LTBI_1pct,prevent,100,expected_active_TB_prevented,1.0,1.0,apy_prevalence_scenario_grid.csv,0.0,0.0,1e-12,exact,pass
LTBI_1pct,prevent,100,expected_false_positive_share,0.3333333333333333,0.3333333333333333,apy_prevalence_scenario_grid.csv,0.0,0.0,1e-12,exact,pass
LTBI_1pct,prevent,100,expected_false_positive_tests,2.0,2.0,apy_prevalence_scenario_grid.csv,0.0,0.0,1e-12,exact,pass
LTBI_1pct,prevent,100,expected_test_positive_nonactive,6.0,6.0,apy_prevalence_scenario_grid.csv,0.0,0.0,1e-12,exact,pass
LTBI_1pct,prevent,100,expected_true_positive_tests,4.0,4.0,apy_prevalence_scenario_grid.csv,0.0,0.0,1e-12,exact,pass
LTBI_1pct,prevent,100,ltbi_prevalence,0.01,0.01,apy_prevalence_scenario_grid.csv,0.0,0.0,1e-12,exact,pass
LTBI_1pct,prevent,100,screenCoverage,0.0666666666666666,0.0666666666666666,apy_prevalence_scenario_grid.csv,0.0,0.0,1e-12,exact,pass
LTBI_1pct,prevent,150,expected_NNS_prevent_TB,150.0,150.0,apy_prevalence_scenario_grid.csv,0.0,0.0,1e-12,exact,pass
LTBI_1pct,prevent,150,expected_PPV,0.625,0.625,apy_prevalence_scenario_grid.csv,0.0,0.0,1e-12,exact,pass
LTBI_1pct,prevent,150,expected_active_TB_prevented,1.0,1.0,apy_prevalence_scenario_grid.csv,0.0,0.0,1e-12,exact,pass
LTBI_1pct,prevent,150,expected_false_positive_share,0.375,0.375,apy_prevalence_scenario_grid.csv,0.0,0.0,1e-12,exact,pass
LTBI_1pct,prevent,150,expected_false_positive_tests,3.0,3.0,apy_prevalence_scenario_grid.csv,0.0,0.0,1e-12,exact,pass
LTBI_1pct,prevent,150,expected_test_positive_nonactive,8.0,8.0,apy_prevalence_scenario_grid.csv,0.0,0.0,1e-12,exact,pass
LTBI_1pct,prevent,150,expected_true_positive_tests,5.0,5.0,apy_prevalence_scenario_grid.csv,0.0,0.0,1e-12,exact,pass
LTBI_1pct,prevent,150,ltbi_prevalence,0.01,0.01,apy_prevalence_scenario_grid.csv,0.0,0.0,1e-12,exact,pass
LTBI_1pct,prevent,150,screenCoverage,0.1,0.1,apy_prevalence_scenario_grid.csv,0.0,0.0,1e-12,exact,pass
LTBI_1pct,prevent,200,expected_NNS_prevent_TB,200.0,200.0,apy_prevalence_scenario_grid.csv,0.0,0.0,1e-12,exact,pass
LTBI_1pct,prevent,200,expected_PPV,0.6,0.6,apy_prevalence_scenario_grid.csv,0.0,0.0,1e-12,exact,pass
LTBI_1pct,prevent,200,expected_active_TB_prevented,1.0,1.0,apy_prevalence_scenario_grid.csv,0.0,0.0,1e-12,exact,pass
LTBI_1pct,prevent,200,expected_false_positive_share,0.4,0.4,apy_prevalence_scenario_grid.csv,0.0,0.0,1e-12,exact,pass
LTBI_1pct,prevent,200,expected_false_positive_tests,4.0,4.0,apy_prevalence_scenario_grid.csv,0.0,0.0,1e-12,exact,pass
LTBI_1pct,prevent,200,expected_test_positive_nonactive,10.0,10.0,apy_prevalence_scenario_grid.csv,0.0,0.0,1e-12,exact,pass
LTBI_1pct,prevent,200,expected_true_positive_tests,6.0,6.0,apy_prevalence_scenario_grid.csv,0.0,0.0,1e-12,exact,pass
LTBI_1pct,prevent,200,ltbi_prevalence,0.01,0.01,apy_prevalence_scenario_grid.csv,0.0,0.0,1e-12,exact,pass
LTBI_1pct,prevent,200,screenCoverage,0.1333333333333333,0.1333333333333333,apy_prevalence_scenario_grid.csv,0.0,0.0,1e-12,exact,pass
LTBI_1pct,prevent,300,expected_NNS_prevent_TB,300.0,300.0,apy_prevalence_scenario_grid.csv,0.0,0.0,1e-12,exact,pass
LTBI_1pct,prevent,300,expected_PPV,0.5384615384615384,0.5384615384615384,apy_prevalence_scenario_grid.csv,0.0,0.0,1e-12,exact,pass
LTBI_1pct,prevent,300,expected_active_TB_prevented,1.0,1.0,apy_prevalence_scenario_grid.csv,0.0,0.0,1e-12,exact,pass
LTBI_1pct,prevent,300,expected_false_positive_share,0.4615384615384615,0.4615384615384615,apy_prevalence_scenario_grid.csv,0.0,0.0,1e-12,exact,pass
LTBI_1pct,prevent,300,expected_false_positive_tests,6.0,6.0,apy_prevalence_scenario_grid.csv,0.0,0.0,1e-12,exact,pass
LTBI_1pct,prevent,300,expected_test_positive_nonactive,13.0,13.0,apy_prevalence_scenario_grid.csv,0.0,0.0,1e-12,exact,pass
LTBI_1pct,prevent,300,expected_true_positive_tests,7.0,7.0,apy_prevalence_scenario_grid.csv,0.0,0.0,1e-12,exact,pass
LTBI_1pct,prevent,300,ltbi_prevalence,0.01,0.01,apy_prevalence_scenario_grid.csv,0.0,0.0,1e-12,exact,pass
LTBI_1pct,prevent,300,screenCoverage,0.2,0.2,apy_prevalence_scenario_grid.csv,0.0,0.0,1e-12,exact,pass
LTBI_1pct,prevent,450,expected_NNS_prevent_TB,450.0,450.0,apy_prevalence_scenario_grid.csv,0.0,0.0,1e-12,exact,pass
LTBI_1pct,prevent,450,expected_PPV,0.5,0.5,apy_prevalence_scenario_grid.csv,0.0,0.0,1e-12,exact,pass
LTBI_1pct,prevent,450,expected_active_TB_prevented,1.0,1.0,apy_prevalence_scenario_grid.csv,0.0,0.0,1e-12,exact,pass
LTBI_1pct,prevent,450,expected_false_positive_share,0.5,0.5,apy_prevalence_scenario_grid.csv,0.0,0.0,1e-12,exact,pass
LTBI_1pct,prevent,450,expected_false_positive_tests,9.0,9.0,apy_prevalence_scenario_grid.csv,0.0,0.0,1e-12,exact,pass
LTBI_1pct,prevent,450,expected_test_positive_nonactive,18.0,18.0,apy_prevalence_scenario_grid.csv,0.0,0.0,1e-12,exact,pass
LTBI_1pct,prevent,450,expected_true_positive_tests,9.0,9.0,apy_prevalence_scenario_grid.csv,0.0,0.0,1e-12,exact,pass
LTBI_1pct,prevent,450,ltbi_prevalence,0.01,0.01,apy_prevalence_scenario_grid.csv,0.0,0.0,1e-12,exact,pass
LTBI_1pct,prevent,450,screenCoverage,0.3,0.3,apy_prevalence_scenario_grid.csv,0.0,0.0,1e-12,exact,pass
LTBI_1pct,prevent,600,expected_NNS_prevent_TB,600.0,600.0,apy_prevalence_scenario_grid.csv,0.0,0.0,1e-12,exact,pass
LTBI_1pct,prevent,600,expected_PPV,0.4545454545454545,0.4545454545454545,apy_prevalence_scenario_grid.csv,0.0,0.0,1e-12,exact,pass
LTBI_1pct,prevent,600,expected_active_TB_prevented,1.0,1.0,apy_prevalence_scenario_grid.csv,0.0,0.0,1e-12,exact,pass
LTBI_1pct,prevent,600,expected_false_positive_share,0.5454545454545454,0.5454545454545454,apy_prevalence_scenario_grid.csv,0.0,0.0,1e-12,exact,pass
LTBI_1pct,prevent,600,expected_false_positive_tests,12.0,12.0,apy_prevalence_scenario_grid.csv,0.0,0.0,1e-12,exact,pass
LTBI_1pct,prevent,600,expected_test_positive_nonactive,22.0,22.0,apy_prevalence_scenario_grid.csv,0.0,0.0,1e-12,exact,pass
LTBI_1pct,prevent,600,expected_true_positive_tests,10.0,10.0,apy_prevalence_scenario_grid.csv,0.0,0.0,1e-12,exact,pass
LTBI_1pct,prevent,600,ltbi_prevalence,0.01,0.01,apy_prevalence_scenario_grid.csv,0.0,0.0,1e-12,exact,pass
LTBI_1pct,prevent,600,screenCoverage,0.4,0.4,apy_prevalence_scenario_grid.csv,0.0,0.0,1e-12,exact,pass
LTBI_1pct,prevent,1000,expected_NNS_prevent_TB,500.0,500.0,apy_prevalence_scenario_grid.csv,0.0,0.0,1e-12,exact,pass
LTBI_1pct,prevent,1000,expected_PPV,0.40625,0.40625,apy_prevalence_scenario_grid.csv,0.0,0.0,1e-12,exact,pass
LTBI_1pct,prevent,1000,expected_active_TB_prevented,2.0,2.0,apy_prevalence_scenario_grid.csv,0.0,0.0,1e-12,exact,pass
LTBI_1pct,prevent,1000,expected_false_positive_share,0.59375,0.59375,apy_prevalence_scenario_grid.csv,0.0,0.0,1e-12,exact,pass
LTBI_1pct,prevent,1000,expected_false_positive_tests,19.0,19.0,apy_prevalence_scenario_grid.csv,0.0,0.0,1e-12,exact,pass
LTBI_1pct,prevent,1000,expected_test_positive_nonactive,32.0,32.0,apy_prevalence_scenario_grid.csv,0.0,0.0,1e-12,exact,pass
LTBI_1pct,prevent,1000,expected_true_positive_tests,13.0,13.0,apy_prevalence_scenario_grid.csv,0.0,0.0,1e-12,exact,pass
LTBI_1pct,prevent,1000,ltbi_prevalence,0.01,0.01,apy_prevalence_scenario_grid.csv,0.0,0.0,1e-12,exact,pass
LTBI_1pct,prevent,1000,screenCoverage,0.6666666666666666,0.6666666666666666,apy_prevalence_scenario_grid.csv,0.0,0.0,1e-12,exact,pass
LTBI_1pct,prevent,1500,expected_NNS_prevent_TB,750.0,750.0,apy_prevalence_scenario_grid.csv,0.0,0.0,1e-12,exact,pass
LTBI_1pct,prevent,1500,expected_PPV,0.2857142857142857,0.2857142857142857,apy_prevalence_scenario_grid.csv,0.0,0.0,1e-12,exact,pass
LTBI_1pct,prevent,1500,expected_active_TB_prevented,2.0,2.0,apy_prevalence_scenario_grid.csv,0.0,0.0,1e-12,exact,pass
LTBI_1pct,prevent,1500,expected_false_positive_share,0.7142857142857143,0.7142857142857143,apy_prevalence_scenario_grid.csv,0.0,0.0,1e-12,exact,pass
LTBI_1pct,prevent,1500,expected_false_positive_tests,30.0,30.0,apy_prevalence_scenario_grid.csv,0.0,0.0,1e-12,exact,pass
LTBI_1pct,prevent,1500,expected_test_positive_nonactive,42.0,42.0,apy_prevalence_scenario_grid.csv,0.0,0.0,1e-12,exact,pass
LTBI_1pct,prevent,1500,expected_true_positive_tests,12.0,12.0,apy_prevalence_scenario_grid.csv,0.0,0.0,1e-12,exact,pass
LTBI_1pct,prevent,1500,ltbi_prevalence,0.01,0.01,apy_prevalence_scenario_grid.csv,0.0,0.0,1e-12,exact,pass
LTBI_1pct,prevent,1500,screenCoverage,1.0,1.0,apy_prevalence_scenario_grid.csv,0.0,0.0,1e-12,exact,pass
LTBI_1pct,random,0,expected_NNS_prevent_TB,,,apy_prevalence_scenario_grid.csv,0.0,0.0,1e-12,exact,pass
LTBI_1pct,random,0,expected_PPV,,,apy_prevalence_scenario_grid.csv,0.0,0.0,1e-12,exact,pass
LTBI_1pct,random,0,expected_active_TB_prevented,0.0,0.0,apy_prevalence_scenario_grid.csv,0.0,,1e-12,exact,pass
LTBI_1pct,random,0,expected_false_positive_share,,,apy_prevalence_scenario_grid.csv,0.0,0.0,1e-12,exact,pass
LTBI_1pct,random,0,expected_false_positive_tests,0.0,0.0,apy_prevalence_scenario_grid.csv,0.0,,1e-12,exact,pass
LTBI_1pct,random,0,expected_test_positive_nonactive,0.0,0.0,apy_prevalence_scenario_grid.csv,0.0,,1e-12,exact,pass
LTBI_1pct,random,0,expected_true_positive_tests,0.0,0.0,apy_prevalence_scenario_grid.csv,0.0,,1e-12,exact,pass
LTBI_1pct,random,0,ltbi_prevalence,0.01,0.01,apy_prevalence_scenario_grid.csv,0.0,0.0,1e-12,exact,pass
LTBI_1pct,random,0,screenCoverage,0.0,0.0,apy_prevalence_scenario_grid.csv,0.0,,1e-12,exact,pass
LTBI_1pct,random,50,expected_NNS_prevent_TB,,,apy_prevalence_scenario_grid.csv,0.0,0.0,1e-12,exact,pass
LTBI_1pct,random,50,expected_PPV,0.0,0.0,apy_prevalence_scenario_grid.csv,0.0,,1e-12,exact,pass
LTBI_1pct,random,50,expected_active_TB_prevented,0.0,0.0,apy_prevalence_scenario_grid.csv,0.0,,1e-12,exact,pass
LTBI_1pct,random,50,expected_false_positive_share,1.0,1.0,apy_prevalence_scenario_grid.csv,0.0,0.0,1e-12,exact,pass
LTBI_1pct,random,50,expected_false_positive_tests,1.0,1.0,apy_prevalence_scenario_grid.csv,0.0,0.0,1e-12,exact,pass
LTBI_1pct,random,50,expected_test_positive_nonactive,1.0,1.0,apy_prevalence_scenario_grid.csv,0.0,0.0,1e-12,exact,pass
LTBI_1pct,random,50,expected_true_positive_tests,0.0,0.0,apy_prevalence_scenario_grid.csv,0.0,,1e-12,exact,pass
LTBI_1pct,random,50,ltbi_prevalence,0.01,0.01,apy_prevalence_scenario_grid.csv,0.0,0.0,1e-12,exact,pass
LTBI_1pct,random,50,screenCoverage,0.0333333333333333,0.0333333333333333,apy_prevalence_scenario_grid.csv,0.0,0.0,1e-12,exact,pass
LTBI_1pct,random,100,expected_NNS_prevent_TB,,,apy_prevalence_scenario_grid.csv,0.0,0.0,1e-12,exact,pass
LTBI_1pct,random,100,expected_PPV,0.3333333333333333,0.3333333333333333,apy_prevalence_scenario_grid.csv,0.0,0.0,1e-12,exact,pass
LTBI_1pct,random,100,expected_active_TB_prevented,0.0,0.0,apy_prevalence_scenario_grid.csv,0.0,,1e-12,exact,pass
LTBI_1pct,random,100,expected_false_positive_share,0.6666666666666666,0.6666666666666666,apy_prevalence_scenario_grid.csv,0.0,0.0,1e-12,exact,pass
LTBI_1pct,random,100,expected_false_positive_tests,2.0,2.0,apy_prevalence_scenario_grid.csv,0.0,0.0,1e-12,exact,pass
LTBI_1pct,random,100,expected_test_positive_nonactive,3.0,3.0,apy_prevalence_scenario_grid.csv,0.0,0.0,1e-12,exact,pass
LTBI_1pct,random,100,expected_true_positive_tests,1.0,1.0,apy_prevalence_scenario_grid.csv,0.0,0.0,1e-12,exact,pass
LTBI_1pct,random,100,ltbi_prevalence,0.01,0.01,apy_prevalence_scenario_grid.csv,0.0,0.0,1e-12,exact,pass
LTBI_1pct,random,100,screenCoverage,0.0666666666666666,0.0666666666666666,apy_prevalence_scenario_grid.csv,0.0,0.0,1e-12,exact,pass
LTBI_1pct,random,150,expected_NNS_prevent_TB,,,apy_prevalence_scenario_grid.csv,0.0,0.0,1e-12,exact,pass
LTBI_1pct,random,150,expected_PPV,0.25,0.25,apy_prevalence_scenario_grid.csv,0.0,0.0,1e-12,exact,pass
LTBI_1pct,random,150,expected_active_TB_prevented,0.0,0.0,apy_prevalence_scenario_grid.csv,0.0,,1e-12,exact,pass
LTBI_1pct,random,150,expected_false_positive_share,0.75,0.75,apy_prevalence_scenario_grid.csv,0.0,0.0,1e-12,exact,pass
LTBI_1pct,random,150,expected_false_positive_tests,3.0,3.0,apy_prevalence_scenario_grid.csv,0.0,0.0,1e-12,exact,pass
LTBI_1pct,random,150,expected_test_positive_nonactive,4.0,4.0,apy_prevalence_scenario_grid.csv,0.0,0.0,1e-12,exact,pass
LTBI_1pct,random,150,expected_true_positive_tests,1.0,1.0,apy_prevalence_scenario_grid.csv,0.0,0.0,1e-12,exact,pass
LTBI_1pct,random,150,ltbi_prevalence,0.01,0.01,apy_prevalence_scenario_grid.csv,0.0,0.0,1e-12,exact,pass
LTBI_1pct,random,150,screenCoverage,0.1,0.1,apy_prevalence_scenario_grid.csv,0.0,0.0,1e-12,exact,pass
LTBI_1pct,random,200,expected_NNS_prevent_TB,,,apy_prevalence_scenario_grid.csv,0.0,0.0,1e-12,exact,pass
LTBI_1pct,random,200,expected_PPV,0.2,0.2,apy_prevalence_scenario_grid.csv,0.0,0.0,1e-12,exact,pass
LTBI_1pct,random,200,expected_active_TB_prevented,0.0,0.0,apy_prevalence_scenario_grid.csv,0.0,,1e-12,exact,pass
LTBI_1pct,random,200,expected_false_positive_share,0.8,0.8,apy_prevalence_scenario_grid.csv,0.0,0.0,1e-12,exact,pass
LTBI_1pct,random,200,expected_false_positive_tests,4.0,4.0,apy_prevalence_scenario_grid.csv,0.0,0.0,1e-12,exact,pass
LTBI_1pct,random,200,expected_test_positive_nonactive,5.0,5.0,apy_prevalence_scenario_grid.csv,0.0,0.0,1e-12,exact,pass
LTBI_1pct,random,200,expected_true_positive_tests,1.0,1.0,apy_prevalence_scenario_grid.csv,0.0,0.0,1e-12,exact,pass
LTBI_1pct,random,200,ltbi_prevalence,0.01,0.01,apy_prevalence_scenario_grid.csv,0.0,0.0,1e-12,exact,pass
LTBI_1pct,random,200,screenCoverage,0.1333333333333333,0.1333333333333333,apy_prevalence_scenario_grid.csv,0.0,0.0,1e-12,exact,pass
LTBI_1pct,random,300,expected_NNS_prevent_TB,,,apy_prevalence_scenario_grid.csv,0.0,0.0,1e-12,exact,pass
LTBI_1pct,random,300,expected_PPV,0.25,0.25,apy_prevalence_scenario_grid.csv,0.0,0.0,1e-12,exact,pass
LTBI_1pct,random,300,expected_active_TB_prevented,0.0,0.0,apy_prevalence_scenario_grid.csv,0.0,,1e-12,exact,pass
LTBI_1pct,random,300,expected_false_positive_share,0.75,0.75,apy_prevalence_scenario_grid.csv,0.0,0.0,1e-12,exact,pass
LTBI_1pct,random,300,expected_false_positive_tests,6.0,6.0,apy_prevalence_scenario_grid.csv,0.0,0.0,1e-12,exact,pass
LTBI_1pct,random,300,expected_test_positive_nonactive,8.0,8.0,apy_prevalence_scenario_grid.csv,0.0,0.0,1e-12,exact,pass
LTBI_1pct,random,300,expected_true_positive_tests,2.0,2.0,apy_prevalence_scenario_grid.csv,0.0,0.0,1e-12,exact,pass
LTBI_1pct,random,300,ltbi_prevalence,0.01,0.01,apy_prevalence_scenario_grid.csv,0.0,0.0,1e-12,exact,pass
LTBI_1pct,random,300,screenCoverage,0.2,0.2,apy_prevalence_scenario_grid.csv,0.0,0.0,1e-12,exact,pass
LTBI_1pct,random,450,expected_NNS_prevent_TB,,,apy_prevalence_scenario_grid.csv,0.0,0.0,1e-12,exact,pass
LTBI_1pct,random,450,expected_PPV,0.3076923076923077,0.3076923076923077,apy_prevalence_scenario_grid.csv,0.0,0.0,1e-12,exact,pass
LTBI_1pct,random,450,expected_active_TB_prevented,0.0,0.0,apy_prevalence_scenario_grid.csv,0.0,,1e-12,exact,pass
LTBI_1pct,random,450,expected_false_positive_share,0.6923076923076923,0.6923076923076923,apy_prevalence_scenario_grid.csv,0.0,0.0,1e-12,exact,pass
LTBI_1pct,random,450,expected_false_positive_tests,9.0,9.0,apy_prevalence_scenario_grid.csv,0.0,0.0,1e-12,exact,pass
LTBI_1pct,random,450,expected_test_positive_nonactive,13.0,13.0,apy_prevalence_scenario_grid.csv,0.0,0.0,1e-12,exact,pass
LTBI_1pct,random,450,expected_true_positive_tests,4.0,4.0,apy_prevalence_scenario_grid.csv,0.0,0.0,1e-12,exact,pass
LTBI_1pct,random,450,ltbi_prevalence,0.01,0.01,apy_prevalence_scenario_grid.csv,0.0,0.0,1e-12,exact,pass
LTBI_1pct,random,450,screenCoverage,0.3,0.3,apy_prevalence_scenario_grid.csv,0.0,0.0,1e-12,exact,pass
LTBI_1pct,random,600,expected_NNS_prevent_TB,,,apy_prevalence_scenario_grid.csv,0.0,0.0,1e-12,exact,pass
LTBI_1pct,random,600,expected_PPV,0.2941176470588235,0.2941176470588235,apy_prevalence_scenario_grid.csv,0.0,0.0,1e-12,exact,pass
LTBI_1pct,random,600,expected_active_TB_prevented,0.0,0.0,apy_prevalence_scenario_grid.csv,0.0,,1e-12,exact,pass
LTBI_1pct,random,600,expected_false_positive_share,0.7058823529411765,0.7058823529411765,apy_prevalence_scenario_grid.csv,0.0,0.0,1e-12,exact,pass
LTBI_1pct,random,600,expected_false_positive_tests,12.0,12.0,apy_prevalence_scenario_grid.csv,0.0,0.0,1e-12,exact,pass
LTBI_1pct,random,600,expected_test_positive_nonactive,17.0,17.0,apy_prevalence_scenario_grid.csv,0.0,0.0,1e-12,exact,pass
LTBI_1pct,random,600,expected_true_positive_tests,5.0,5.0,apy_prevalence_scenario_grid.csv,0.0,0.0,1e-12,exact,pass
LTBI_1pct,random,600,ltbi_prevalence,0.01,0.01,apy_prevalence_scenario_grid.csv,0.0,0.0,1e-12,exact,pass
LTBI_1pct,random,600,screenCoverage,0.4,0.4,apy_prevalence_scenario_grid.csv,0.0,0.0,1e-12,exact,pass
LTBI_1pct,random,1000,expected_NNS_prevent_TB,1000.0,1000.0,apy_prevalence_scenario_grid.csv,0.0,0.0,1e-12,exact,pass
LTBI_1pct,random,1000,expected_PPV,0.2857142857142857,0.2857142857142857,apy_prevalence_scenario_grid.csv,0.0,0.0,1e-12,exact,pass
LTBI_1pct,random,1000,expected_active_TB_prevented,1.0,1.0,apy_prevalence_scenario_grid.csv,0.0,0.0,1e-12,exact,pass
LTBI_1pct,random,1000,expected_false_positive_share,0.7142857142857143,0.7142857142857143,apy_prevalence_scenario_grid.csv,0.0,0.0,1e-12,exact,pass
LTBI_1pct,random,1000,expected_false_positive_tests,20.0,20.0,apy_prevalence_scenario_grid.csv,0.0,0.0,1e-12,exact,pass
LTBI_1pct,random,1000,expected_test_positive_nonactive,28.0,28.0,apy_prevalence_scenario_grid.csv,0.0,0.0,1e-12,exact,pass
LTBI_1pct,random,1000,expected_true_positive_tests,8.0,8.0,apy_prevalence_scenario_grid.csv,0.0,0.0,1e-12,exact,pass
LTBI_1pct,random,1000,ltbi_prevalence,0.01,0.01,apy_prevalence_scenario_grid.csv,0.0,0.0,1e-12,exact,pass
LTBI_1pct,random,1000,screenCoverage,0.6666666666666666,0.6666666666666666,apy_prevalence_scenario_grid.csv,0.0,0.0,1e-12,exact,pass
LTBI_1pct,random,1500,expected_NNS_prevent_TB,750.0,750.0,apy_prevalence_scenario_grid.csv,0.0,0.0,1e-12,exact,pass
LTBI_1pct,random,1500,expected_PPV,0.3095238095238095,0.3095238095238095,apy_prevalence_scenario_grid.csv,0.0,0.0,1e-12,exact,pass
LTBI_1pct,random,1500,expected_active_TB_prevented,2.0,2.0,apy_prevalence_scenario_grid.csv,0.0,0.0,1e-12,exact,pass
LTBI_1pct,random,1500,expected_false_positive_share,0.6904761904761905,0.6904761904761905,apy_prevalence_scenario_grid.csv,0.0,0.0,1e-12,exact,pass
LTBI_1pct,random,1500,expected_false_positive_tests,29.0,29.0,apy_prevalence_scenario_grid.csv,0.0,0.0,1e-12,exact,pass
LTBI_1pct,random,1500,expected_test_positive_nonactive,42.0,42.0,apy_prevalence_scenario_grid.csv,0.0,0.0,1e-12,exact,pass
LTBI_1pct,random,1500,expected_true_positive_tests,13.0,13.0,apy_prevalence_scenario_grid.csv,0.0,0.0,1e-12,exact,pass
LTBI_1pct,random,1500,ltbi_prevalence,0.01,0.01,apy_prevalence_scenario_grid.csv,0.0,0.0,1e-12,exact,pass
LTBI_1pct,random,1500,screenCoverage,1.0,1.0,apy_prevalence_scenario_grid.csv,0.0,0.0,1e-12,exact,pass
LTBI_2pct,ltbi,0,expected_NNS_prevent_TB,,,apy_prevalence_scenario_grid.csv,0.0,0.0,1e-12,exact,pass
LTBI_2pct,ltbi,0,expected_PPV,,,apy_prevalence_scenario_grid.csv,0.0,0.0,1e-12,exact,pass
LTBI_2pct,ltbi,0,expected_active_TB_prevented,0.0,0.0,apy_prevalence_scenario_grid.csv,0.0,,1e-12,exact,pass
LTBI_2pct,ltbi,0,expected_false_positive_share,,,apy_prevalence_scenario_grid.csv,0.0,0.0,1e-12,exact,pass
LTBI_2pct,ltbi,0,expected_false_positive_tests,0.0,0.0,apy_prevalence_scenario_grid.csv,0.0,,1e-12,exact,pass
LTBI_2pct,ltbi,0,expected_test_positive_nonactive,0.0,0.0,apy_prevalence_scenario_grid.csv,0.0,,1e-12,exact,pass
LTBI_2pct,ltbi,0,expected_true_positive_tests,0.0,0.0,apy_prevalence_scenario_grid.csv,0.0,,1e-12,exact,pass
LTBI_2pct,ltbi,0,ltbi_prevalence,0.02,0.02,apy_prevalence_scenario_grid.csv,0.0,0.0,1e-12,exact,pass
LTBI_2pct,ltbi,0,screenCoverage,0.0,0.0,apy_prevalence_scenario_grid.csv,0.0,,1e-12,exact,pass
LTBI_2pct,ltbi,50,expected_NNS_prevent_TB,50.0,50.0,apy_prevalence_scenario_grid.csv,0.0,0.0,1e-12,exact,pass
LTBI_2pct,ltbi,50,expected_PPV,0.8333333333333334,0.8333333333333334,apy_prevalence_scenario_grid.csv,0.0,0.0,1e-12,exact,pass
LTBI_2pct,ltbi,50,expected_active_TB_prevented,1.0,1.0,apy_prevalence_scenario_grid.csv,0.0,0.0,1e-12,exact,pass
LTBI_2pct,ltbi,50,expected_false_positive_share,0.1666666666666666,0.1666666666666666,apy_prevalence_scenario_grid.csv,0.0,0.0,1e-12,exact,pass
LTBI_2pct,ltbi,50,expected_false_positive_tests,1.0,1.0,apy_prevalence_scenario_grid.csv,0.0,0.0,1e-12,exact,pass
LTBI_2pct,ltbi,50,expected_test_positive_nonactive,6.0,6.0,apy_prevalence_scenario_grid.csv,0.0,0.0,1e-12,exact,pass
LTBI_2pct,ltbi,50,expected_true_positive_tests,5.0,5.0,apy_prevalence_scenario_grid.csv,0.0,0.0,1e-12,exact,pass
LTBI_2pct,ltbi,50,ltbi_prevalence,0.02,0.02,apy_prevalence_scenario_grid.csv,0.0,0.0,1e-12,exact,pass
LTBI_2pct,ltbi,50,screenCoverage,0.0333333333333333,0.0333333333333333,apy_prevalence_scenario_grid.csv,0.0,0.0,1e-12,exact,pass
LTBI_2pct,ltbi,100,expected_NNS_prevent_TB,50.0,50.0,apy_prevalence_scenario_grid.csv,0.0,0.0,1e-12,exact,pass
LTBI_2pct,ltbi,100,expected_PPV,0.8181818181818182,0.8181818181818182,apy_prevalence_scenario_grid.csv,0.0,0.0,1e-12,exact,pass
LTBI_2pct,ltbi,100,expected_active_TB_prevented,2.0,2.0,apy_prevalence_scenario_grid.csv,0.0,0.0,1e-12,exact,pass
LTBI_2pct,ltbi,100,expected_false_positive_share,0.1818181818181818,0.1818181818181818,apy_prevalence_scenario_grid.csv,0.0,0.0,1e-12,exact,pass
LTBI_2pct,ltbi,100,expected_false_positive_tests,2.0,2.0,apy_prevalence_scenario_grid.csv,0.0,0.0,1e-12,exact,pass
LTBI_2pct,ltbi,100,expected_test_positive_nonactive,11.0,11.0,apy_prevalence_scenario_grid.csv,0.0,0.0,1e-12,exact,pass
LTBI_2pct,ltbi,100,expected_true_positive_tests,9.0,9.0,apy_prevalence_scenario_grid.csv,0.0,0.0,1e-12,exact,pass
LTBI_2pct,ltbi,100,ltbi_prevalence,0.02,0.02,apy_prevalence_scenario_grid.csv,0.0,0.0,1e-12,exact,pass
LTBI_2pct,ltbi,100,screenCoverage,0.0666666666666666,0.0666666666666666,apy_prevalence_scenario_grid.csv,0.0,0.0,1e-12,exact,pass
LTBI_2pct,ltbi,150,expected_NNS_prevent_TB,75.0,75.0,apy_prevalence_scenario_grid.csv,0.0,0.0,1e-12,exact,pass
LTBI_2pct,ltbi,150,expected_PPV,0.7857142857142857,0.7857142857142857,apy_prevalence_scenario_grid.csv,0.0,0.0,1e-12,exact,pass
LTBI_2pct,ltbi,150,expected_active_TB_prevented,2.0,2.0,apy_prevalence_scenario_grid.csv,0.0,0.0,1e-12,exact,pass
LTBI_2pct,ltbi,150,expected_false_positive_share,0.2142857142857142,0.2142857142857142,apy_prevalence_scenario_grid.csv,0.0,0.0,1e-12,exact,pass
LTBI_2pct,ltbi,150,expected_false_positive_tests,3.0,3.0,apy_prevalence_scenario_grid.csv,0.0,0.0,1e-12,exact,pass
LTBI_2pct,ltbi,150,expected_test_positive_nonactive,14.0,14.0,apy_prevalence_scenario_grid.csv,0.0,0.0,1e-12,exact,pass
LTBI_2pct,ltbi,150,expected_true_positive_tests,11.0,11.0,apy_prevalence_scenario_grid.csv,0.0,0.0,1e-12,exact,pass
LTBI_2pct,ltbi,150,ltbi_prevalence,0.02,0.02,apy_prevalence_scenario_grid.csv,0.0,0.0,1e-12,exact,pass
LTBI_2pct,ltbi,150,screenCoverage,0.1,0.1,apy_prevalence_scenario_grid.csv,0.0,0.0,1e-12,exact,pass
LTBI_2pct,ltbi,200,expected_NNS_prevent_TB,100.0,100.0,apy_prevalence_scenario_grid.csv,0.0,0.0,1e-12,exact,pass
LTBI_2pct,ltbi,200,expected_PPV,0.7647058823529411,0.7647058823529411,apy_prevalence_scenario_grid.csv,0.0,0.0,1e-12,exact,pass
LTBI_2pct,ltbi,200,expected_active_TB_prevented,2.0,2.0,apy_prevalence_scenario_grid.csv,0.0,0.0,1e-12,exact,pass
LTBI_2pct,ltbi,200,expected_false_positive_share,0.2352941176470588,0.2352941176470588,apy_prevalence_scenario_grid.csv,0.0,0.0,1e-12,exact,pass
LTBI_2pct,ltbi,200,expected_false_positive_tests,4.0,4.0,apy_prevalence_scenario_grid.csv,0.0,0.0,1e-12,exact,pass
LTBI_2pct,ltbi,200,expected_test_positive_nonactive,17.0,17.0,apy_prevalence_scenario_grid.csv,0.0,0.0,1e-12,exact,pass
LTBI_2pct,ltbi,200,expected_true_positive_tests,13.0,13.0,apy_prevalence_scenario_grid.csv,0.0,0.0,1e-12,exact,pass
LTBI_2pct,ltbi,200,ltbi_prevalence,0.02,0.02,apy_prevalence_scenario_grid.csv,0.0,0.0,1e-12,exact,pass
LTBI_2pct,ltbi,200,screenCoverage,0.1333333333333333,0.1333333333333333,apy_prevalence_scenario_grid.csv,0.0,0.0,1e-12,exact,pass
LTBI_2pct,ltbi,300,expected_NNS_prevent_TB,100.0,100.0,apy_prevalence_scenario_grid.csv,0.0,0.0,1e-12,exact,pass
LTBI_2pct,ltbi,300,expected_PPV,0.7727272727272727,0.7727272727272727,apy_prevalence_scenario_grid.csv,0.0,0.0,1e-12,exact,pass
LTBI_2pct,ltbi,300,expected_active_TB_prevented,3.0,3.0,apy_prevalence_scenario_grid.csv,0.0,0.0,1e-12,exact,pass
LTBI_2pct,ltbi,300,expected_false_positive_share,0.2272727272727272,0.2272727272727272,apy_prevalence_scenario_grid.csv,0.0,0.0,1e-12,exact,pass
LTBI_2pct,ltbi,300,expected_false_positive_tests,5.0,5.0,apy_prevalence_scenario_grid.csv,0.0,0.0,1e-12,exact,pass
LTBI_2pct,ltbi,300,expected_test_positive_nonactive,22.0,22.0,apy_prevalence_scenario_grid.csv,0.0,0.0,1e-12,exact,pass
LTBI_2pct,ltbi,300,expected_true_positive_tests,17.0,17.0,apy_prevalence_scenario_grid.csv,0.0,0.0,1e-12,exact,pass
LTBI_2pct,ltbi,300,ltbi_prevalence,0.02,0.02,apy_prevalence_scenario_grid.csv,0.0,0.0,1e-12,exact,pass
LTBI_2pct,ltbi,300,screenCoverage,0.2,0.2,apy_prevalence_scenario_grid.csv,0.0,0.0,1e-12,exact,pass
LTBI_2pct,ltbi,450,expected_NNS_prevent_TB,150.0,150.0,apy_prevalence_scenario_grid.csv,0.0,0.0,1e-12,exact,pass
LTBI_2pct,ltbi,450,expected_PPV,0.7142857142857143,0.7142857142857143,apy_prevalence_scenario_grid.csv,0.0,0.0,1e-12,exact,pass
LTBI_2pct,ltbi,450,expected_active_TB_prevented,3.0,3.0,apy_prevalence_scenario_grid.csv,0.0,0.0,1e-12,exact,pass
LTBI_2pct,ltbi,450,expected_false_positive_share,0.2857142857142857,0.2857142857142857,apy_prevalence_scenario_grid.csv,0.0,0.0,1e-12,exact,pass
LTBI_2pct,ltbi,450,expected_false_positive_tests,8.0,8.0,apy_prevalence_scenario_grid.csv,0.0,0.0,1e-12,exact,pass
LTBI_2pct,ltbi,450,expected_test_positive_nonactive,28.0,28.0,apy_prevalence_scenario_grid.csv,0.0,0.0,1e-12,exact,pass
LTBI_2pct,ltbi,450,expected_true_positive_tests,20.0,20.0,apy_prevalence_scenario_grid.csv,0.0,0.0,1e-12,exact,pass
LTBI_2pct,ltbi,450,ltbi_prevalence,0.02,0.02,apy_prevalence_scenario_grid.csv,0.0,0.0,1e-12,exact,pass
LTBI_2pct,ltbi,450,screenCoverage,0.3,0.3,apy_prevalence_scenario_grid.csv,0.0,0.0,1e-12,exact,pass
LTBI_2pct,ltbi,600,expected_NNS_prevent_TB,200.0,200.0,apy_prevalence_scenario_grid.csv,0.0,0.0,1e-12,exact,pass
LTBI_2pct,ltbi,600,expected_PPV,0.6666666666666666,0.6666666666666666,apy_prevalence_scenario_grid.csv,0.0,0.0,1e-12,exact,pass
LTBI_2pct,ltbi,600,expected_active_TB_prevented,3.0,3.0,apy_prevalence_scenario_grid.csv,0.0,0.0,1e-12,exact,pass
LTBI_2pct,ltbi,600,expected_false_positive_share,0.3333333333333333,0.3333333333333333,apy_prevalence_scenario_grid.csv,0.0,0.0,1e-12,exact,pass
LTBI_2pct,ltbi,600,expected_false_positive_tests,11.0,11.0,apy_prevalence_scenario_grid.csv,0.0,0.0,1e-12,exact,pass
LTBI_2pct,ltbi,600,expected_test_positive_nonactive,33.0,33.0,apy_prevalence_scenario_grid.csv,0.0,0.0,1e-12,exact,pass
LTBI_2pct,ltbi,600,expected_true_positive_tests,22.0,22.0,apy_prevalence_scenario_grid.csv,0.0,0.0,1e-12,exact,pass
LTBI_2pct,ltbi,600,ltbi_prevalence,0.02,0.02,apy_prevalence_scenario_grid.csv,0.0,0.0,1e-12,exact,pass
LTBI_2pct,ltbi,600,screenCoverage,0.4,0.4,apy_prevalence_scenario_grid.csv,0.0,0.0,1e-12,exact,pass
LTBI_2pct,ltbi,1000,expected_NNS_prevent_TB,333.3333333333333,333.3333333333333,apy_prevalence_scenario_grid.csv,0.0,0.0,1e-12,exact,pass
LTBI_2pct,ltbi,1000,expected_PPV,0.5681818181818182,0.5681818181818182,apy_prevalence_scenario_grid.csv,0.0,0.0,1e-12,exact,pass
LTBI_2pct,ltbi,1000,expected_active_TB_prevented,3.0,3.0,apy_prevalence_scenario_grid.csv,0.0,0.0,1e-12,exact,pass
LTBI_2pct,ltbi,1000,expected_false_positive_share,0.4318181818181818,0.4318181818181818,apy_prevalence_scenario_grid.csv,0.0,0.0,1e-12,exact,pass
LTBI_2pct,ltbi,1000,expected_false_positive_tests,19.0,19.0,apy_prevalence_scenario_grid.csv,0.0,0.0,1e-12,exact,pass
LTBI_2pct,ltbi,1000,expected_test_positive_nonactive,44.0,44.0,apy_prevalence_scenario_grid.csv,0.0,0.0,1e-12,exact,pass
LTBI_2pct,ltbi,1000,expected_true_positive_tests,25.0,25.0,apy_prevalence_scenario_grid.csv,0.0,0.0,1e-12,exact,pass
LTBI_2pct,ltbi,1000,ltbi_prevalence,0.02,0.02,apy_prevalence_scenario_grid.csv,0.0,0.0,1e-12,exact,pass
LTBI_2pct,ltbi,1000,screenCoverage,0.6666666666666666,0.6666666666666666,apy_prevalence_scenario_grid.csv,0.0,0.0,1e-12,exact,pass
LTBI_2pct,ltbi,1500,expected_NNS_prevent_TB,500.0,500.0,apy_prevalence_scenario_grid.csv,0.0,0.0,1e-12,exact,pass
LTBI_2pct,ltbi,1500,expected_PPV,0.4727272727272727,0.4727272727272727,apy_prevalence_scenario_grid.csv,0.0,0.0,1e-12,exact,pass
LTBI_2pct,ltbi,1500,expected_active_TB_prevented,3.0,3.0,apy_prevalence_scenario_grid.csv,0.0,0.0,1e-12,exact,pass
LTBI_2pct,ltbi,1500,expected_false_positive_share,0.5272727272727272,0.5272727272727272,apy_prevalence_scenario_grid.csv,0.0,0.0,1e-12,exact,pass
LTBI_2pct,ltbi,1500,expected_false_positive_tests,29.0,29.0,apy_prevalence_scenario_grid.csv,0.0,0.0,1e-12,exact,pass
LTBI_2pct,ltbi,1500,expected_test_positive_nonactive,55.0,55.0,apy_prevalence_scenario_grid.csv,0.0,0.0,1e-12,exact,pass
LTBI_2pct,ltbi,1500,expected_true_positive_tests,26.0,26.0,apy_prevalence_scenario_grid.csv,0.0,0.0,1e-12,exact,pass
LTBI_2pct,ltbi,1500,ltbi_prevalence,0.02,0.02,apy_prevalence_scenario_grid.csv,0.0,0.0,1e-12,exact,pass
LTBI_2pct,ltbi,1500,screenCoverage,1.0,1.0,apy_prevalence_scenario_grid.csv,0.0,0.0,1e-12,exact,pass
LTBI_2pct,prevent,0,expected_NNS_prevent_TB,,,apy_prevalence_scenario_grid.csv,0.0,0.0,1e-12,exact,pass
LTBI_2pct,prevent,0,expected_PPV,,,apy_prevalence_scenario_grid.csv,0.0,0.0,1e-12,exact,pass
LTBI_2pct,prevent,0,expected_active_TB_prevented,0.0,0.0,apy_prevalence_scenario_grid.csv,0.0,,1e-12,exact,pass
LTBI_2pct,prevent,0,expected_false_positive_share,,,apy_prevalence_scenario_grid.csv,0.0,0.0,1e-12,exact,pass
LTBI_2pct,prevent,0,expected_false_positive_tests,0.0,0.0,apy_prevalence_scenario_grid.csv,0.0,,1e-12,exact,pass
LTBI_2pct,prevent,0,expected_test_positive_nonactive,0.0,0.0,apy_prevalence_scenario_grid.csv,0.0,,1e-12,exact,pass
LTBI_2pct,prevent,0,expected_true_positive_tests,0.0,0.0,apy_prevalence_scenario_grid.csv,0.0,,1e-12,exact,pass
LTBI_2pct,prevent,0,ltbi_prevalence,0.02,0.02,apy_prevalence_scenario_grid.csv,0.0,0.0,1e-12,exact,pass
LTBI_2pct,prevent,0,screenCoverage,0.0,0.0,apy_prevalence_scenario_grid.csv,0.0,,1e-12,exact,pass
LTBI_2pct,prevent,50,expected_NNS_prevent_TB,50.0,50.0,apy_prevalence_scenario_grid.csv,0.0,0.0,1e-12,exact,pass
LTBI_2pct,prevent,50,expected_PPV,0.8333333333333334,0.8333333333333334,apy_prevalence_scenario_grid.csv,0.0,0.0,1e-12,exact,pass
LTBI_2pct,prevent,50,expected_active_TB_prevented,1.0,1.0,apy_prevalence_scenario_grid.csv,0.0,0.0,1e-12,exact,pass
LTBI_2pct,prevent,50,expected_false_positive_share,0.1666666666666666,0.1666666666666666,apy_prevalence_scenario_grid.csv,0.0,0.0,1e-12,exact,pass
LTBI_2pct,prevent,50,expected_false_positive_tests,1.0,1.0,apy_prevalence_scenario_grid.csv,0.0,0.0,1e-12,exact,pass
LTBI_2pct,prevent,50,expected_test_positive_nonactive,6.0,6.0,apy_prevalence_scenario_grid.csv,0.0,0.0,1e-12,exact,pass
LTBI_2pct,prevent,50,expected_true_positive_tests,5.0,5.0,apy_prevalence_scenario_grid.csv,0.0,0.0,1e-12,exact,pass
LTBI_2pct,prevent,50,ltbi_prevalence,0.02,0.02,apy_prevalence_scenario_grid.csv,0.0,0.0,1e-12,exact,pass
LTBI_2pct,prevent,50,screenCoverage,0.0333333333333333,0.0333333333333333,apy_prevalence_scenario_grid.csv,0.0,0.0,1e-12,exact,pass
LTBI_2pct,prevent,100,expected_NNS_prevent_TB,50.0,50.0,apy_prevalence_scenario_grid.csv,0.0,0.0,1e-12,exact,pass
LTBI_2pct,prevent,100,expected_PPV,0.7777777777777778,0.7777777777777778,apy_prevalence_scenario_grid.csv,0.0,0.0,1e-12,exact,pass
LTBI_2pct,prevent,100,expected_active_TB_prevented,2.0,2.0,apy_prevalence_scenario_grid.csv,0.0,0.0,1e-12,exact,pass
LTBI_2pct,prevent,100,expected_false_positive_share,0.2222222222222222,0.2222222222222222,apy_prevalence_scenario_grid.csv,0.0,0.0,1e-12,exact,pass
LTBI_2pct,prevent,100,expected_false_positive_tests,2.0,2.0,apy_prevalence_scenario_grid.csv,0.0,0.0,1e-12,exact,pass
LTBI_2pct,prevent,100,expected_test_positive_nonactive,9.0,9.0,apy_prevalence_scenario_grid.csv,0.0,0.0,1e-12,exact,pass
LTBI_2pct,prevent,100,expected_true_positive_tests,7.0,7.0,apy_prevalence_scenario_grid.csv,0.0,0.0,1e-12,exact,pass
LTBI_2pct,prevent,100,ltbi_prevalence,0.02,0.02,apy_prevalence_scenario_grid.csv,0.0,0.0,1e-12,exact,pass
LTBI_2pct,prevent,100,screenCoverage,0.0666666666666666,0.0666666666666666,apy_prevalence_scenario_grid.csv,0.0,0.0,1e-12,exact,pass
LTBI_2pct,prevent,150,expected_NNS_prevent_TB,75.0,75.0,apy_prevalence_scenario_grid.csv,0.0,0.0,1e-12,exact,pass
LTBI_2pct,prevent,150,expected_PPV,0.75,0.75,apy_prevalence_scenario_grid.csv,0.0,0.0,1e-12,exact,pass
LTBI_2pct,prevent,150,expected_active_TB_prevented,2.0,2.0,apy_prevalence_scenario_grid.csv,0.0,0.0,1e-12,exact,pass
LTBI_2pct,prevent,150,expected_false_positive_share,0.25,0.25,apy_prevalence_scenario_grid.csv,0.0,0.0,1e-12,exact,pass
LTBI_2pct,prevent,150,expected_false_positive_tests,3.0,3.0,apy_prevalence_scenario_grid.csv,0.0,0.0,1e-12,exact,pass
LTBI_2pct,prevent,150,expected_test_positive_nonactive,12.0,12.0,apy_prevalence_scenario_grid.csv,0.0,0.0,1e-12,exact,pass
LTBI_2pct,prevent,150,expected_true_positive_tests,9.0,9.0,apy_prevalence_scenario_grid.csv,0.0,0.0,1e-12,exact,pass
LTBI_2pct,prevent,150,ltbi_prevalence,0.02,0.02,apy_prevalence_scenario_grid.csv,0.0,0.0,1e-12,exact,pass
LTBI_2pct,prevent,150,screenCoverage,0.1,0.1,apy_prevalence_scenario_grid.csv,0.0,0.0,1e-12,exact,pass
LTBI_2pct,prevent,200,expected_NNS_prevent_TB,66.66666666666667,66.66666666666667,apy_prevalence_scenario_grid.csv,0.0,0.0,1e-12,exact,pass
LTBI_2pct,prevent,200,expected_PPV,0.7333333333333333,0.7333333333333333,apy_prevalence_scenario_grid.csv,0.0,0.0,1e-12,exact,pass
LTBI_2pct,prevent,200,expected_active_TB_prevented,3.0,3.0,apy_prevalence_scenario_grid.csv,0.0,0.0,1e-12,exact,pass
LTBI_2pct,prevent,200,expected_false_positive_share,0.2666666666666666,0.2666666666666666,apy_prevalence_scenario_grid.csv,0.0,0.0,1e-12,exact,pass
LTBI_2pct,prevent,200,expected_false_positive_tests,4.0,4.0,apy_prevalence_scenario_grid.csv,0.0,0.0,1e-12,exact,pass
LTBI_2pct,prevent,200,expected_test_positive_nonactive,15.0,15.0,apy_prevalence_scenario_grid.csv,0.0,0.0,1e-12,exact,pass
LTBI_2pct,prevent,200,expected_true_positive_tests,11.0,11.0,apy_prevalence_scenario_grid.csv,0.0,0.0,1e-12,exact,pass
LTBI_2pct,prevent,200,ltbi_prevalence,0.02,0.02,apy_prevalence_scenario_grid.csv,0.0,0.0,1e-12,exact,pass
LTBI_2pct,prevent,200,screenCoverage,0.1333333333333333,0.1333333333333333,apy_prevalence_scenario_grid.csv,0.0,0.0,1e-12,exact,pass
LTBI_2pct,prevent,300,expected_NNS_prevent_TB,100.0,100.0,apy_prevalence_scenario_grid.csv,0.0,0.0,1e-12,exact,pass
LTBI_2pct,prevent,300,expected_PPV,0.75,0.75,apy_prevalence_scenario_grid.csv,0.0,0.0,1e-12,exact,pass
LTBI_2pct,prevent,300,expected_active_TB_prevented,3.0,3.0,apy_prevalence_scenario_grid.csv,0.0,0.0,1e-12,exact,pass
LTBI_2pct,prevent,300,expected_false_positive_share,0.25,0.25,apy_prevalence_scenario_grid.csv,0.0,0.0,1e-12,exact,pass
LTBI_2pct,prevent,300,expected_false_positive_tests,5.0,5.0,apy_prevalence_scenario_grid.csv,0.0,0.0,1e-12,exact,pass
LTBI_2pct,prevent,300,expected_test_positive_nonactive,20.0,20.0,apy_prevalence_scenario_grid.csv,0.0,0.0,1e-12,exact,pass
LTBI_2pct,prevent,300,expected_true_positive_tests,15.0,15.0,apy_prevalence_scenario_grid.csv,0.0,0.0,1e-12,exact,pass
LTBI_2pct,prevent,300,ltbi_prevalence,0.02,0.02,apy_prevalence_scenario_grid.csv,0.0,0.0,1e-12,exact,pass
LTBI_2pct,prevent,300,screenCoverage,0.2,0.2,apy_prevalence_scenario_grid.csv,0.0,0.0,1e-12,exact,pass
LTBI_2pct,prevent,450,expected_NNS_prevent_TB,150.0,150.0,apy_prevalence_scenario_grid.csv,0.0,0.0,1e-12,exact,pass
LTBI_2pct,prevent,450,expected_PPV,0.7037037037037037,0.7037037037037037,apy_prevalence_scenario_grid.csv,0.0,0.0,1e-12,exact,pass
LTBI_2pct,prevent,450,expected_active_TB_prevented,3.0,3.0,apy_prevalence_scenario_grid.csv,0.0,0.0,1e-12,exact,pass
LTBI_2pct,prevent,450,expected_false_positive_share,0.2962962962962963,0.2962962962962963,apy_prevalence_scenario_grid.csv,0.0,0.0,1e-12,exact,pass
LTBI_2pct,prevent,450,expected_false_positive_tests,8.0,8.0,apy_prevalence_scenario_grid.csv,0.0,0.0,1e-12,exact,pass
LTBI_2pct,prevent,450,expected_test_positive_nonactive,27.0,27.0,apy_prevalence_scenario_grid.csv,0.0,0.0,1e-12,exact,pass
LTBI_2pct,prevent,450,expected_true_positive_tests,19.0,19.0,apy_prevalence_scenario_grid.csv,0.0,0.0,1e-12,exact,pass
LTBI_2pct,prevent,450,ltbi_prevalence,0.02,0.02,apy_prevalence_scenario_grid.csv,0.0,0.0,1e-12,exact,pass
LTBI_2pct,prevent,450,screenCoverage,0.3,0.3,apy_prevalence_scenario_grid.csv,0.0,0.0,1e-12,exact,pass
LTBI_2pct,prevent,600,expected_NNS_prevent_TB,200.0,200.0,apy_prevalence_scenario_grid.csv,0.0,0.0,1e-12,exact,pass
LTBI_2pct,prevent,600,expected_PPV,0.65625,0.65625,apy_prevalence_scenario_grid.csv,0.0,0.0,1e-12,exact,pass
LTBI_2pct,prevent,600,expected_active_TB_prevented,3.0,3.0,apy_prevalence_scenario_grid.csv,0.0,0.0,1e-12,exact,pass
LTBI_2pct,prevent,600,expected_false_positive_share,0.34375,0.34375,apy_prevalence_scenario_grid.csv,0.0,0.0,1e-12,exact,pass
LTBI_2pct,prevent,600,expected_false_positive_tests,11.0,11.0,apy_prevalence_scenario_grid.csv,0.0,0.0,1e-12,exact,pass
LTBI_2pct,prevent,600,expected_test_positive_nonactive,32.0,32.0,apy_prevalence_scenario_grid.csv,0.0,0.0,1e-12,exact,pass
LTBI_2pct,prevent,600,expected_true_positive_tests,21.0,21.0,apy_prevalence_scenario_grid.csv,0.0,0.0,1e-12,exact,pass
LTBI_2pct,prevent,600,ltbi_prevalence,0.02,0.02,apy_prevalence_scenario_grid.csv,0.0,0.0,1e-12,exact,pass
LTBI_2pct,prevent,600,screenCoverage,0.4,0.4,apy_prevalence_scenario_grid.csv,0.0,0.0,1e-12,exact,pass
LTBI_2pct,prevent,1000,expected_NNS_prevent_TB,333.3333333333333,333.3333333333333,apy_prevalence_scenario_grid.csv,0.0,0.0,1e-12,exact,pass
LTBI_2pct,prevent,1000,expected_PPV,0.5681818181818182,0.5681818181818182,apy_prevalence_scenario_grid.csv,0.0,0.0,1e-12,exact,pass
LTBI_2pct,prevent,1000,expected_active_TB_prevented,3.0,3.0,apy_prevalence_scenario_grid.csv,0.0,0.0,1e-12,exact,pass
LTBI_2pct,prevent,1000,expected_false_positive_share,0.4318181818181818,0.4318181818181818,apy_prevalence_scenario_grid.csv,0.0,0.0,1e-12,exact,pass
LTBI_2pct,prevent,1000,expected_false_positive_tests,19.0,19.0,apy_prevalence_scenario_grid.csv,0.0,0.0,1e-12,exact,pass
LTBI_2pct,prevent,1000,expected_test_positive_nonactive,44.0,44.0,apy_prevalence_scenario_grid.csv,0.0,0.0,1e-12,exact,pass
LTBI_2pct,prevent,1000,expected_true_positive_tests,25.0,25.0,apy_prevalence_scenario_grid.csv,0.0,0.0,1e-12,exact,pass
LTBI_2pct,prevent,1000,ltbi_prevalence,0.02,0.02,apy_prevalence_scenario_grid.csv,0.0,0.0,1e-12,exact,pass
LTBI_2pct,prevent,1000,screenCoverage,0.6666666666666666,0.6666666666666666,apy_prevalence_scenario_grid.csv,0.0,0.0,1e-12,exact,pass
LTBI_2pct,prevent,1500,expected_NNS_prevent_TB,500.0,500.0,apy_prevalence_scenario_grid.csv,0.0,0.0,1e-12,exact,pass
LTBI_2pct,prevent,1500,expected_PPV,0.4727272727272727,0.4727272727272727,apy_prevalence_scenario_grid.csv,0.0,0.0,1e-12,exact,pass
LTBI_2pct,prevent,1500,expected_active_TB_prevented,3.0,3.0,apy_prevalence_scenario_grid.csv,0.0,0.0,1e-12,exact,pass
LTBI_2pct,prevent,1500,expected_false_positive_share,0.5272727272727272,0.5272727272727272,apy_prevalence_scenario_grid.csv,0.0,0.0,1e-12,exact,pass
LTBI_2pct,prevent,1500,expected_false_positive_tests,29.0,29.0,apy_prevalence_scenario_grid.csv,0.0,0.0,1e-12,exact,pass
LTBI_2pct,prevent,1500,expected_test_positive_nonactive,55.0,55.0,apy_prevalence_scenario_grid.csv,0.0,0.0,1e-12,exact,pass
LTBI_2pct,prevent,1500,expected_true_positive_tests,26.0,26.0,apy_prevalence_scenario_grid.csv,0.0,0.0,1e-12,exact,pass
LTBI_2pct,prevent,1500,ltbi_prevalence,0.02,0.02,apy_prevalence_scenario_grid.csv,0.0,0.0,1e-12,exact,pass
LTBI_2pct,prevent,1500,screenCoverage,1.0,1.0,apy_prevalence_scenario_grid.csv,0.0,0.0,1e-12,exact,pass
LTBI_2pct,random,0,expected_NNS_prevent_TB,,,apy_prevalence_scenario_grid.csv,0.0,0.0,1e-12,exact,pass
LTBI_2pct,random,0,expected_PPV,,,apy_prevalence_scenario_grid.csv,0.0,0.0,1e-12,exact,pass
LTBI_2pct,random,0,expected_active_TB_prevented,0.0,0.0,apy_prevalence_scenario_grid.csv,0.0,,1e-12,exact,pass
LTBI_2pct,random,0,expected_false_positive_share,,,apy_prevalence_scenario_grid.csv,0.0,0.0,1e-12,exact,pass
LTBI_2pct,random,0,expected_false_positive_tests,0.0,0.0,apy_prevalence_scenario_grid.csv,0.0,,1e-12,exact,pass
LTBI_2pct,random,0,expected_test_positive_nonactive,0.0,0.0,apy_prevalence_scenario_grid.csv,0.0,,1e-12,exact,pass
LTBI_2pct,random,0,expected_true_positive_tests,0.0,0.0,apy_prevalence_scenario_grid.csv,0.0,,1e-12,exact,pass
LTBI_2pct,random,0,ltbi_prevalence,0.02,0.02,apy_prevalence_scenario_grid.csv,0.0,0.0,1e-12,exact,pass
LTBI_2pct,random,0,screenCoverage,0.0,0.0,apy_prevalence_scenario_grid.csv,0.0,,1e-12,exact,pass
LTBI_2pct,random,50,expected_NNS_prevent_TB,,,apy_prevalence_scenario_grid.csv,0.0,0.0,1e-12,exact,pass
LTBI_2pct,random,50,expected_PPV,0.5,0.5,apy_prevalence_scenario_grid.csv,0.0,0.0,1e-12,exact,pass
LTBI_2pct,random,50,expected_active_TB_prevented,0.0,0.0,apy_prevalence_scenario_grid.csv,0.0,,1e-12,exact,pass
LTBI_2pct,random,50,expected_false_positive_share,0.5,0.5,apy_prevalence_scenario_grid.csv,0.0,0.0,1e-12,exact,pass
LTBI_2pct,random,50,expected_false_positive_tests,1.0,1.0,apy_prevalence_scenario_grid.csv,0.0,0.0,1e-12,exact,pass
LTBI_2pct,random,50,expected_test_positive_nonactive,2.0,2.0,apy_prevalence_scenario_grid.csv,0.0,0.0,1e-12,exact,pass
LTBI_2pct,random,50,expected_true_positive_tests,1.0,1.0,apy_prevalence_scenario_grid.csv,0.0,0.0,1e-12,exact,pass
LTBI_2pct,random,50,ltbi_prevalence,0.02,0.02,apy_prevalence_scenario_grid.csv,0.0,0.0,1e-12,exact,pass
LTBI_2pct,random,50,screenCoverage,0.0333333333333333,0.0333333333333333,apy_prevalence_scenario_grid.csv,0.0,0.0,1e-12,exact,pass
LTBI_2pct,random,100,expected_NNS_prevent_TB,,,apy_prevalence_scenario_grid.csv,0.0,0.0,1e-12,exact,pass
LTBI_2pct,random,100,expected_PPV,0.3333333333333333,0.3333333333333333,apy_prevalence_scenario_grid.csv,0.0,0.0,1e-12,exact,pass
LTBI_2pct,random,100,expected_active_TB_prevented,0.0,0.0,apy_prevalence_scenario_grid.csv,0.0,,1e-12,exact,pass
LTBI_2pct,random,100,expected_false_positive_share,0.6666666666666666,0.6666666666666666,apy_prevalence_scenario_grid.csv,0.0,0.0,1e-12,exact,pass
LTBI_2pct,random,100,expected_false_positive_tests,2.0,2.0,apy_prevalence_scenario_grid.csv,0.0,0.0,1e-12,exact,pass
LTBI_2pct,random,100,expected_test_positive_nonactive,3.0,3.0,apy_prevalence_scenario_grid.csv,0.0,0.0,1e-12,exact,pass
LTBI_2pct,random,100,expected_true_positive_tests,1.0,1.0,apy_prevalence_scenario_grid.csv,0.0,0.0,1e-12,exact,pass
LTBI_2pct,random,100,ltbi_prevalence,0.02,0.02,apy_prevalence_scenario_grid.csv,0.0,0.0,1e-12,exact,pass
LTBI_2pct,random,100,screenCoverage,0.0666666666666666,0.0666666666666666,apy_prevalence_scenario_grid.csv,0.0,0.0,1e-12,exact,pass
LTBI_2pct,random,150,expected_NNS_prevent_TB,,,apy_prevalence_scenario_grid.csv,0.0,0.0,1e-12,exact,pass
LTBI_2pct,random,150,expected_PPV,0.4,0.4,apy_prevalence_scenario_grid.csv,0.0,0.0,1e-12,exact,pass
LTBI_2pct,random,150,expected_active_TB_prevented,0.0,0.0,apy_prevalence_scenario_grid.csv,0.0,,1e-12,exact,pass
LTBI_2pct,random,150,expected_false_positive_share,0.6,0.6,apy_prevalence_scenario_grid.csv,0.0,0.0,1e-12,exact,pass
LTBI_2pct,random,150,expected_false_positive_tests,3.0,3.0,apy_prevalence_scenario_grid.csv,0.0,0.0,1e-12,exact,pass
LTBI_2pct,random,150,expected_test_positive_nonactive,5.0,5.0,apy_prevalence_scenario_grid.csv,0.0,0.0,1e-12,exact,pass
LTBI_2pct,random,150,expected_true_positive_tests,2.0,2.0,apy_prevalence_scenario_grid.csv,0.0,0.0,1e-12,exact,pass
LTBI_2pct,random,150,ltbi_prevalence,0.02,0.02,apy_prevalence_scenario_grid.csv,0.0,0.0,1e-12,exact,pass
LTBI_2pct,random,150,screenCoverage,0.1,0.1,apy_prevalence_scenario_grid.csv,0.0,0.0,1e-12,exact,pass
LTBI_2pct,random,200,expected_NNS_prevent_TB,,,apy_prevalence_scenario_grid.csv,0.0,0.0,1e-12,exact,pass
LTBI_2pct,random,200,expected_PPV,0.4285714285714285,0.4285714285714285,apy_prevalence_scenario_grid.csv,0.0,0.0,1e-12,exact,pass
LTBI_2pct,random,200,expected_active_TB_prevented,0.0,0.0,apy_prevalence_scenario_grid.csv,0.0,,1e-12,exact,pass
LTBI_2pct,random,200,expected_false_positive_share,0.5714285714285714,0.5714285714285714,apy_prevalence_scenario_grid.csv,0.0,0.0,1e-12,exact,pass
LTBI_2pct,random,200,expected_false_positive_tests,4.0,4.0,apy_prevalence_scenario_grid.csv,0.0,0.0,1e-12,exact,pass
LTBI_2pct,random,200,expected_test_positive_nonactive,7.0,7.0,apy_prevalence_scenario_grid.csv,0.0,0.0,1e-12,exact,pass
LTBI_2pct,random,200,expected_true_positive_tests,3.0,3.0,apy_prevalence_scenario_grid.csv,0.0,0.0,1e-12,exact,pass
LTBI_2pct,random,200,ltbi_prevalence,0.02,0.02,apy_prevalence_scenario_grid.csv,0.0,0.0,1e-12,exact,pass
LTBI_2pct,random,200,screenCoverage,0.1333333333333333,0.1333333333333333,apy_prevalence_scenario_grid.csv,0.0,0.0,1e-12,exact,pass
LTBI_2pct,random,300,expected_NNS_prevent_TB,300.0,300.0,apy_prevalence_scenario_grid.csv,0.0,0.0,1e-12,exact,pass
LTBI_2pct,random,300,expected_PPV,0.4545454545454545,0.4545454545454545,apy_prevalence_scenario_grid.csv,0.0,0.0,1e-12,exact,pass
LTBI_2pct,random,300,expected_active_TB_prevented,1.0,1.0,apy_prevalence_scenario_grid.csv,0.0,0.0,1e-12,exact,pass
LTBI_2pct,random,300,expected_false_positive_share,0.5454545454545454,0.5454545454545454,apy_prevalence_scenario_grid.csv,0.0,0.0,1e-12,exact,pass
LTBI_2pct,random,300,expected_false_positive_tests,6.0,6.0,apy_prevalence_scenario_grid.csv,0.0,0.0,1e-12,exact,pass
LTBI_2pct,random,300,expected_test_positive_nonactive,11.0,11.0,apy_prevalence_scenario_grid.csv,0.0,0.0,1e-12,exact,pass
LTBI_2pct,random,300,expected_true_positive_tests,5.0,5.0,apy_prevalence_scenario_grid.csv,0.0,0.0,1e-12,exact,pass
LTBI_2pct,random,300,ltbi_prevalence,0.02,0.02,apy_prevalence_scenario_grid.csv,0.0,0.0,1e-12,exact,pass
LTBI_2pct,random,300,screenCoverage,0.2,0.2,apy_prevalence_scenario_grid.csv,0.0,0.0,1e-12,exact,pass
LTBI_2pct,random,450,expected_NNS_prevent_TB,450.0,450.0,apy_prevalence_scenario_grid.csv,0.0,0.0,1e-12,exact,pass
LTBI_2pct,random,450,expected_PPV,0.4705882352941176,0.4705882352941176,apy_prevalence_scenario_grid.csv,0.0,0.0,1e-12,exact,pass
LTBI_2pct,random,450,expected_active_TB_prevented,1.0,1.0,apy_prevalence_scenario_grid.csv,0.0,0.0,1e-12,exact,pass
LTBI_2pct,random,450,expected_false_positive_share,0.5294117647058824,0.5294117647058824,apy_prevalence_scenario_grid.csv,0.0,0.0,1e-12,exact,pass
LTBI_2pct,random,450,expected_false_positive_tests,9.0,9.0,apy_prevalence_scenario_grid.csv,0.0,0.0,1e-12,exact,pass
LTBI_2pct,random,450,expected_test_positive_nonactive,17.0,17.0,apy_prevalence_scenario_grid.csv,0.0,0.0,1e-12,exact,pass
LTBI_2pct,random,450,expected_true_positive_tests,8.0,8.0,apy_prevalence_scenario_grid.csv,0.0,0.0,1e-12,exact,pass
LTBI_2pct,random,450,ltbi_prevalence,0.02,0.02,apy_prevalence_scenario_grid.csv,0.0,0.0,1e-12,exact,pass
LTBI_2pct,random,450,screenCoverage,0.3,0.3,apy_prevalence_scenario_grid.csv,0.0,0.0,1e-12,exact,pass
LTBI_2pct,random,600,expected_NNS_prevent_TB,600.0,600.0,apy_prevalence_scenario_grid.csv,0.0,0.0,1e-12,exact,pass
LTBI_2pct,random,600,expected_PPV,0.5,0.5,apy_prevalence_scenario_grid.csv,0.0,0.0,1e-12,exact,pass
LTBI_2pct,random,600,expected_active_TB_prevented,1.0,1.0,apy_prevalence_scenario_grid.csv,0.0,0.0,1e-12,exact,pass
LTBI_2pct,random,600,expected_false_positive_share,0.5,0.5,apy_prevalence_scenario_grid.csv,0.0,0.0,1e-12,exact,pass
LTBI_2pct,random,600,expected_false_positive_tests,11.0,11.0,apy_prevalence_scenario_grid.csv,0.0,0.0,1e-12,exact,pass
LTBI_2pct,random,600,expected_test_positive_nonactive,22.0,22.0,apy_prevalence_scenario_grid.csv,0.0,0.0,1e-12,exact,pass
LTBI_2pct,random,600,expected_true_positive_tests,11.0,11.0,apy_prevalence_scenario_grid.csv,0.0,0.0,1e-12,exact,pass
LTBI_2pct,random,600,ltbi_prevalence,0.02,0.02,apy_prevalence_scenario_grid.csv,0.0,0.0,1e-12,exact,pass
LTBI_2pct,random,600,screenCoverage,0.4,0.4,apy_prevalence_scenario_grid.csv,0.0,0.0,1e-12,exact,pass
LTBI_2pct,random,1000,expected_NNS_prevent_TB,500.0,500.0,apy_prevalence_scenario_grid.csv,0.0,0.0,1e-12,exact,pass
LTBI_2pct,random,1000,expected_PPV,0.4864864864864865,0.4864864864864865,apy_prevalence_scenario_grid.csv,0.0,0.0,1e-12,exact,pass
LTBI_2pct,random,1000,expected_active_TB_prevented,2.0,2.0,apy_prevalence_scenario_grid.csv,0.0,0.0,1e-12,exact,pass
LTBI_2pct,random,1000,expected_false_positive_share,0.5135135135135135,0.5135135135135135,apy_prevalence_scenario_grid.csv,0.0,0.0,1e-12,exact,pass
LTBI_2pct,random,1000,expected_false_positive_tests,19.0,19.0,apy_prevalence_scenario_grid.csv,0.0,0.0,1e-12,exact,pass
LTBI_2pct,random,1000,expected_test_positive_nonactive,37.0,37.0,apy_prevalence_scenario_grid.csv,0.0,0.0,1e-12,exact,pass
LTBI_2pct,random,1000,expected_true_positive_tests,18.0,18.0,apy_prevalence_scenario_grid.csv,0.0,0.0,1e-12,exact,pass
LTBI_2pct,random,1000,ltbi_prevalence,0.02,0.02,apy_prevalence_scenario_grid.csv,0.0,0.0,1e-12,exact,pass
LTBI_2pct,random,1000,screenCoverage,0.6666666666666666,0.6666666666666666,apy_prevalence_scenario_grid.csv,0.0,0.0,1e-12,exact,pass
LTBI_2pct,random,1500,expected_NNS_prevent_TB,500.0,500.0,apy_prevalence_scenario_grid.csv,0.0,0.0,1e-12,exact,pass
LTBI_2pct,random,1500,expected_PPV,0.4727272727272727,0.4727272727272727,apy_prevalence_scenario_grid.csv,0.0,0.0,1e-12,exact,pass
LTBI_2pct,random,1500,expected_active_TB_prevented,3.0,3.0,apy_prevalence_scenario_grid.csv,0.0,0.0,1e-12,exact,pass
LTBI_2pct,random,1500,expected_false_positive_share,0.5272727272727272,0.5272727272727272,apy_prevalence_scenario_grid.csv,0.0,0.0,1e-12,exact,pass
LTBI_2pct,random,1500,expected_false_positive_tests,29.0,29.0,apy_prevalence_scenario_grid.csv,0.0,0.0,1e-12,exact,pass
LTBI_2pct,random,1500,expected_test_positive_nonactive,55.0,55.0,apy_prevalence_scenario_grid.csv,0.0,0.0,1e-12,exact,pass
LTBI_2pct,random,1500,expected_true_positive_tests,26.0,26.0,apy_prevalence_scenario_grid.csv,0.0,0.0,1e-12,exact,pass
LTBI_2pct,random,1500,ltbi_prevalence,0.02,0.02,apy_prevalence_scenario_grid.csv,0.0,0.0,1e-12,exact,pass
LTBI_2pct,random,1500,screenCoverage,1.0,1.0,apy_prevalence_scenario_grid.csv,0.0,0.0,1e-12,exact,pass
LTBI_3pct,ltbi,0,expected_NNS_prevent_TB,,,apy_prevalence_scenario_grid.csv,0.0,0.0,1e-12,exact,pass
LTBI_3pct,ltbi,0,expected_PPV,,,apy_prevalence_scenario_grid.csv,0.0,0.0,1e-12,exact,pass
LTBI_3pct,ltbi,0,expected_active_TB_prevented,0.0,0.0,apy_prevalence_scenario_grid.csv,0.0,,1e-12,exact,pass
LTBI_3pct,ltbi,0,expected_false_positive_share,,,apy_prevalence_scenario_grid.csv,0.0,0.0,1e-12,exact,pass
LTBI_3pct,ltbi,0,expected_false_positive_tests,0.0,0.0,apy_prevalence_scenario_grid.csv,0.0,,1e-12,exact,pass
LTBI_3pct,ltbi,0,expected_test_positive_nonactive,0.0,0.0,apy_prevalence_scenario_grid.csv,0.0,,1e-12,exact,pass
LTBI_3pct,ltbi,0,expected_true_positive_tests,0.0,0.0,apy_prevalence_scenario_grid.csv,0.0,,1e-12,exact,pass
LTBI_3pct,ltbi,0,ltbi_prevalence,0.03,0.03,apy_prevalence_scenario_grid.csv,0.0,0.0,1e-12,exact,pass
LTBI_3pct,ltbi,0,screenCoverage,0.0,0.0,apy_prevalence_scenario_grid.csv,0.0,,1e-12,exact,pass
LTBI_3pct,ltbi,50,expected_NNS_prevent_TB,25.0,25.0,apy_prevalence_scenario_grid.csv,0.0,0.0,1e-12,exact,pass
LTBI_3pct,ltbi,50,expected_PPV,0.8888888888888888,0.8888888888888888,apy_prevalence_scenario_grid.csv,0.0,0.0,1e-12,exact,pass
LTBI_3pct,ltbi,50,expected_active_TB_prevented,2.0,2.0,apy_prevalence_scenario_grid.csv,0.0,0.0,1e-12,exact,pass
LTBI_3pct,ltbi,50,expected_false_positive_share,0.1111111111111111,0.1111111111111111,apy_prevalence_scenario_grid.csv,0.0,0.0,1e-12,exact,pass
LTBI_3pct,ltbi,50,expected_false_positive_tests,1.0,1.0,apy_prevalence_scenario_grid.csv,0.0,0.0,1e-12,exact,pass
LTBI_3pct,ltbi,50,expected_test_positive_nonactive,9.0,9.0,apy_prevalence_scenario_grid.csv,0.0,0.0,1e-12,exact,pass
LTBI_3pct,ltbi,50,expected_true_positive_tests,8.0,8.0,apy_prevalence_scenario_grid.csv,0.0,0.0,1e-12,exact,pass
LTBI_3pct,ltbi,50,ltbi_prevalence,0.03,0.03,apy_prevalence_scenario_grid.csv,0.0,0.0,1e-12,exact,pass
LTBI_3pct,ltbi,50,screenCoverage,0.0333333333333333,0.0333333333333333,apy_prevalence_scenario_grid.csv,0.0,0.0,1e-12,exact,pass
LTBI_3pct,ltbi,100,expected_NNS_prevent_TB,33.333333333333336,33.333333333333336,apy_prevalence_scenario_grid.csv,0.0,0.0,1e-12,exact,pass
LTBI_3pct,ltbi,100,expected_PPV,0.8666666666666667,0.8666666666666667,apy_prevalence_scenario_grid.csv,0.0,0.0,1e-12,exact,pass
LTBI_3pct,ltbi,100,expected_active_TB_prevented,3.0,3.0,apy_prevalence_scenario_grid.csv,0.0,0.0,1e-12,exact,pass
LTBI_3pct,ltbi,100,expected_false_positive_share,0.1333333333333333,0.1333333333333333,apy_prevalence_scenario_grid.csv,0.0,0.0,1e-12,exact,pass
LTBI_3pct,ltbi,100,expected_false_positive_tests,2.0,2.0,apy_prevalence_scenario_grid.csv,0.0,0.0,1e-12,exact,pass
LTBI_3pct,ltbi,100,expected_test_positive_nonactive,15.0,15.0,apy_prevalence_scenario_grid.csv,0.0,0.0,1e-12,exact,pass
LTBI_3pct,ltbi,100,expected_true_positive_tests,13.0,13.0,apy_prevalence_scenario_grid.csv,0.0,0.0,1e-12,exact,pass
LTBI_3pct,ltbi,100,ltbi_prevalence,0.03,0.03,apy_prevalence_scenario_grid.csv,0.0,0.0,1e-12,exact,pass
LTBI_3pct,ltbi,100,screenCoverage,0.0666666666666666,0.0666666666666666,apy_prevalence_scenario_grid.csv,0.0,0.0,1e-12,exact,pass
LTBI_3pct,ltbi,150,expected_NNS_prevent_TB,50.0,50.0,apy_prevalence_scenario_grid.csv,0.0,0.0,1e-12,exact,pass
LTBI_3pct,ltbi,150,expected_PPV,0.8421052631578947,0.8421052631578947,apy_prevalence_scenario_grid.csv,0.0,0.0,1e-12,exact,pass
LTBI_3pct,ltbi,150,expected_active_TB_prevented,3.0,3.0,apy_prevalence_scenario_grid.csv,0.0,0.0,1e-12,exact,pass
LTBI_3pct,ltbi,150,expected_false_positive_share,0.1578947368421052,0.1578947368421052,apy_prevalence_scenario_grid.csv,0.0,0.0,1e-12,exact,pass
LTBI_3pct,ltbi,150,expected_false_positive_tests,3.0,3.0,apy_prevalence_scenario_grid.csv,0.0,0.0,1e-12,exact,pass
LTBI_3pct,ltbi,150,expected_test_positive_nonactive,19.0,19.0,apy_prevalence_scenario_grid.csv,0.0,0.0,1e-12,exact,pass
LTBI_3pct,ltbi,150,expected_true_positive_tests,16.0,16.0,apy_prevalence_scenario_grid.csv,0.0,0.0,1e-12,exact,pass
LTBI_3pct,ltbi,150,ltbi_prevalence,0.03,0.03,apy_prevalence_scenario_grid.csv,0.0,0.0,1e-12,exact,pass
LTBI_3pct,ltbi,150,screenCoverage,0.1,0.1,apy_prevalence_scenario_grid.csv,0.0,0.0,1e-12,exact,pass
LTBI_3pct,ltbi,200,expected_NNS_prevent_TB,50.0,50.0,apy_prevalence_scenario_grid.csv,0.0,0.0,1e-12,exact,pass
LTBI_3pct,ltbi,200,expected_PPV,0.8695652173913043,0.8695652173913043,apy_prevalence_scenario_grid.csv,0.0,0.0,1e-12,exact,pass
LTBI_3pct,ltbi,200,expected_active_TB_prevented,4.0,4.0,apy_prevalence_scenario_grid.csv,0.0,0.0,1e-12,exact,pass
LTBI_3pct,ltbi,200,expected_false_positive_share,0.1304347826086956,0.1304347826086956,apy_prevalence_scenario_grid.csv,0.0,0.0,1e-12,exact,pass
LTBI_3pct,ltbi,200,expected_false_positive_tests,3.0,3.0,apy_prevalence_scenario_grid.csv,0.0,0.0,1e-12,exact,pass
LTBI_3pct,ltbi,200,expected_test_positive_nonactive,23.0,23.0,apy_prevalence_scenario_grid.csv,0.0,0.0,1e-12,exact,pass
LTBI_3pct,ltbi,200,expected_true_positive_tests,20.0,20.0,apy_prevalence_scenario_grid.csv,0.0,0.0,1e-12,exact,pass
LTBI_3pct,ltbi,200,ltbi_prevalence,0.03,0.03,apy_prevalence_scenario_grid.csv,0.0,0.0,1e-12,exact,pass
LTBI_3pct,ltbi,200,screenCoverage,0.1333333333333333,0.1333333333333333,apy_prevalence_scenario_grid.csv,0.0,0.0,1e-12,exact,pass
LTBI_3pct,ltbi,300,expected_NNS_prevent_TB,75.0,75.0,apy_prevalence_scenario_grid.csv,0.0,0.0,1e-12,exact,pass
LTBI_3pct,ltbi,300,expected_PPV,0.8275862068965517,0.8275862068965517,apy_prevalence_scenario_grid.csv,0.0,0.0,1e-12,exact,pass
LTBI_3pct,ltbi,300,expected_active_TB_prevented,4.0,4.0,apy_prevalence_scenario_grid.csv,0.0,0.0,1e-12,exact,pass
LTBI_3pct,ltbi,300,expected_false_positive_share,0.1724137931034483,0.1724137931034483,apy_prevalence_scenario_grid.csv,0.0,0.0,1e-12,exact,pass
LTBI_3pct,ltbi,300,expected_false_positive_tests,5.0,5.0,apy_prevalence_scenario_grid.csv,0.0,0.0,1e-12,exact,pass
LTBI_3pct,ltbi,300,expected_test_positive_nonactive,29.0,29.0,apy_prevalence_scenario_grid.csv,0.0,0.0,1e-12,exact,pass
LTBI_3pct,ltbi,300,expected_true_positive_tests,24.0,24.0,apy_prevalence_scenario_grid.csv,0.0,0.0,1e-12,exact,pass
LTBI_3pct,ltbi,300,ltbi_prevalence,0.03,0.03,apy_prevalence_scenario_grid.csv,0.0,0.0,1e-12,exact,pass
LTBI_3pct,ltbi,300,screenCoverage,0.2,0.2,apy_prevalence_scenario_grid.csv,0.0,0.0,1e-12,exact,pass
LTBI_3pct,ltbi,450,expected_NNS_prevent_TB,112.5,112.5,apy_prevalence_scenario_grid.csv,0.0,0.0,1e-12,exact,pass
LTBI_3pct,ltbi,450,expected_PPV,0.7837837837837838,0.7837837837837838,apy_prevalence_scenario_grid.csv,0.0,0.0,1e-12,exact,pass
LTBI_3pct,ltbi,450,expected_active_TB_prevented,4.0,4.0,apy_prevalence_scenario_grid.csv,0.0,0.0,1e-12,exact,pass
LTBI_3pct,ltbi,450,expected_false_positive_share,0.2162162162162162,0.2162162162162162,apy_prevalence_scenario_grid.csv,0.0,0.0,1e-12,exact,pass
LTBI_3pct,ltbi,450,expected_false_positive_tests,8.0,8.0,apy_prevalence_scenario_grid.csv,0.0,0.0,1e-12,exact,pass
LTBI_3pct,ltbi,450,expected_test_positive_nonactive,37.0,37.0,apy_prevalence_scenario_grid.csv,0.0,0.0,1e-12,exact,pass
LTBI_3pct,ltbi,450,expected_true_positive_tests,29.0,29.0,apy_prevalence_scenario_grid.csv,0.0,0.0,1e-12,exact,pass
LTBI_3pct,ltbi,450,ltbi_prevalence,0.03,0.03,apy_prevalence_scenario_grid.csv,0.0,0.0,1e-12,exact,pass
LTBI_3pct,ltbi,450,screenCoverage,0.3,0.3,apy_prevalence_scenario_grid.csv,0.0,0.0,1e-12,exact,pass
LTBI_3pct,ltbi,600,expected_NNS_prevent_TB,120.0,120.0,apy_prevalence_scenario_grid.csv,0.0,0.0,1e-12,exact,pass
LTBI_3pct,ltbi,600,expected_PPV,0.75,0.75,apy_prevalence_scenario_grid.csv,0.0,0.0,1e-12,exact,pass
LTBI_3pct,ltbi,600,expected_active_TB_prevented,5.0,5.0,apy_prevalence_scenario_grid.csv,0.0,0.0,1e-12,exact,pass
LTBI_3pct,ltbi,600,expected_false_positive_share,0.25,0.25,apy_prevalence_scenario_grid.csv,0.0,0.0,1e-12,exact,pass
LTBI_3pct,ltbi,600,expected_false_positive_tests,11.0,11.0,apy_prevalence_scenario_grid.csv,0.0,0.0,1e-12,exact,pass
LTBI_3pct,ltbi,600,expected_test_positive_nonactive,44.0,44.0,apy_prevalence_scenario_grid.csv,0.0,0.0,1e-12,exact,pass
LTBI_3pct,ltbi,600,expected_true_positive_tests,33.0,33.0,apy_prevalence_scenario_grid.csv,0.0,0.0,1e-12,exact,pass
LTBI_3pct,ltbi,600,ltbi_prevalence,0.03,0.03,apy_prevalence_scenario_grid.csv,0.0,0.0,1e-12,exact,pass
LTBI_3pct,ltbi,600,screenCoverage,0.4,0.4,apy_prevalence_scenario_grid.csv,0.0,0.0,1e-12,exact,pass
LTBI_3pct,ltbi,1000,expected_NNS_prevent_TB,200.0,200.0,apy_prevalence_scenario_grid.csv,0.0,0.0,1e-12,exact,pass
LTBI_3pct,ltbi,1000,expected_PPV,0.6607142857142857,0.6607142857142857,apy_prevalence_scenario_grid.csv,0.0,0.0,1e-12,exact,pass
LTBI_3pct,ltbi,1000,expected_active_TB_prevented,5.0,5.0,apy_prevalence_scenario_grid.csv,0.0,0.0,1e-12,exact,pass
LTBI_3pct,ltbi,1000,expected_false_positive_share,0.3392857142857143,0.3392857142857143,apy_prevalence_scenario_grid.csv,0.0,0.0,1e-12,exact,pass
LTBI_3pct,ltbi,1000,expected_false_positive_tests,19.0,19.0,apy_prevalence_scenario_grid.csv,0.0,0.0,1e-12,exact,pass
LTBI_3pct,ltbi,1000,expected_test_positive_nonactive,56.0,56.0,apy_prevalence_scenario_grid.csv,0.0,0.0,1e-12,exact,pass
LTBI_3pct,ltbi,1000,expected_true_positive_tests,37.0,37.0,apy_prevalence_scenario_grid.csv,0.0,0.0,1e-12,exact,pass
LTBI_3pct,ltbi,1000,ltbi_prevalence,0.03,0.03,apy_prevalence_scenario_grid.csv,0.0,0.0,1e-12,exact,pass
LTBI_3pct,ltbi,1000,screenCoverage,0.6666666666666666,0.6666666666666666,apy_prevalence_scenario_grid.csv,0.0,0.0,1e-12,exact,pass
LTBI_3pct,ltbi,1500,expected_NNS_prevent_TB,300.0,300.0,apy_prevalence_scenario_grid.csv,0.0,0.0,1e-12,exact,pass
LTBI_3pct,ltbi,1500,expected_PPV,0.5671641791044776,0.5671641791044776,apy_prevalence_scenario_grid.csv,0.0,0.0,1e-12,exact,pass
LTBI_3pct,ltbi,1500,expected_active_TB_prevented,5.0,5.0,apy_prevalence_scenario_grid.csv,0.0,0.0,1e-12,exact,pass
LTBI_3pct,ltbi,1500,expected_false_positive_share,0.4328358208955223,0.4328358208955223,apy_prevalence_scenario_grid.csv,0.0,0.0,1e-12,exact,pass
LTBI_3pct,ltbi,1500,expected_false_positive_tests,29.0,29.0,apy_prevalence_scenario_grid.csv,0.0,0.0,1e-12,exact,pass
LTBI_3pct,ltbi,1500,expected_test_positive_nonactive,67.0,67.0,apy_prevalence_scenario_grid.csv,0.0,0.0,1e-12,exact,pass
LTBI_3pct,ltbi,1500,expected_true_positive_tests,38.0,38.0,apy_prevalence_scenario_grid.csv,0.0,0.0,1e-12,exact,pass
LTBI_3pct,ltbi,1500,ltbi_prevalence,0.03,0.03,apy_prevalence_scenario_grid.csv,0.0,0.0,1e-12,exact,pass
LTBI_3pct,ltbi,1500,screenCoverage,1.0,1.0,apy_prevalence_scenario_grid.csv,0.0,0.0,1e-12,exact,pass
LTBI_3pct,prevent,0,expected_NNS_prevent_TB,,,apy_prevalence_scenario_grid.csv,0.0,0.0,1e-12,exact,pass
LTBI_3pct,prevent,0,expected_PPV,,,apy_prevalence_scenario_grid.csv,0.0,0.0,1e-12,exact,pass
LTBI_3pct,prevent,0,expected_active_TB_prevented,0.0,0.0,apy_prevalence_scenario_grid.csv,0.0,,1e-12,exact,pass
LTBI_3pct,prevent,0,expected_false_positive_share,,,apy_prevalence_scenario_grid.csv,0.0,0.0,1e-12,exact,pass
LTBI_3pct,prevent,0,expected_false_positive_tests,0.0,0.0,apy_prevalence_scenario_grid.csv,0.0,,1e-12,exact,pass
LTBI_3pct,prevent,0,expected_test_positive_nonactive,0.0,0.0,apy_prevalence_scenario_grid.csv,0.0,,1e-12,exact,pass
LTBI_3pct,prevent,0,expected_true_positive_tests,0.0,0.0,apy_prevalence_scenario_grid.csv,0.0,,1e-12,exact,pass
LTBI_3pct,prevent,0,ltbi_prevalence,0.03,0.03,apy_prevalence_scenario_grid.csv,0.0,0.0,1e-12,exact,pass
LTBI_3pct,prevent,0,screenCoverage,0.0,0.0,apy_prevalence_scenario_grid.csv,0.0,,1e-12,exact,pass
LTBI_3pct,prevent,50,expected_NNS_prevent_TB,25.0,25.0,apy_prevalence_scenario_grid.csv,0.0,0.0,1e-12,exact,pass
LTBI_3pct,prevent,50,expected_PPV,0.875,0.875,apy_prevalence_scenario_grid.csv,0.0,0.0,1e-12,exact,pass
LTBI_3pct,prevent,50,expected_active_TB_prevented,2.0,2.0,apy_prevalence_scenario_grid.csv,0.0,0.0,1e-12,exact,pass
LTBI_3pct,prevent,50,expected_false_positive_share,0.125,0.125,apy_prevalence_scenario_grid.csv,0.0,0.0,1e-12,exact,pass
LTBI_3pct,prevent,50,expected_false_positive_tests,1.0,1.0,apy_prevalence_scenario_grid.csv,0.0,0.0,1e-12,exact,pass
LTBI_3pct,prevent,50,expected_test_positive_nonactive,8.0,8.0,apy_prevalence_scenario_grid.csv,0.0,0.0,1e-12,exact,pass
LTBI_3pct,prevent,50,expected_true_positive_tests,7.0,7.0,apy_prevalence_scenario_grid.csv,0.0,0.0,1e-12,exact,pass
LTBI_3pct,prevent,50,ltbi_prevalence,0.03,0.03,apy_prevalence_scenario_grid.csv,0.0,0.0,1e-12,exact,pass
LTBI_3pct,prevent,50,screenCoverage,0.0333333333333333,0.0333333333333333,apy_prevalence_scenario_grid.csv,0.0,0.0,1e-12,exact,pass
LTBI_3pct,prevent,100,expected_NNS_prevent_TB,33.333333333333336,33.333333333333336,apy_prevalence_scenario_grid.csv,0.0,0.0,1e-12,exact,pass
LTBI_3pct,prevent,100,expected_PPV,0.8461538461538461,0.8461538461538461,apy_prevalence_scenario_grid.csv,0.0,0.0,1e-12,exact,pass
LTBI_3pct,prevent,100,expected_active_TB_prevented,3.0,3.0,apy_prevalence_scenario_grid.csv,0.0,0.0,1e-12,exact,pass
LTBI_3pct,prevent,100,expected_false_positive_share,0.1538461538461538,0.1538461538461538,apy_prevalence_scenario_grid.csv,0.0,0.0,1e-12,exact,pass
LTBI_3pct,prevent,100,expected_false_positive_tests,2.0,2.0,apy_prevalence_scenario_grid.csv,0.0,0.0,1e-12,exact,pass
LTBI_3pct,prevent,100,expected_test_positive_nonactive,13.0,13.0,apy_prevalence_scenario_grid.csv,0.0,0.0,1e-12,exact,pass
LTBI_3pct,prevent,100,expected_true_positive_tests,11.0,11.0,apy_prevalence_scenario_grid.csv,0.0,0.0,1e-12,exact,pass
LTBI_3pct,prevent,100,ltbi_prevalence,0.03,0.03,apy_prevalence_scenario_grid.csv,0.0,0.0,1e-12,exact,pass
LTBI_3pct,prevent,100,screenCoverage,0.0666666666666666,0.0666666666666666,apy_prevalence_scenario_grid.csv,0.0,0.0,1e-12,exact,pass
LTBI_3pct,prevent,150,expected_NNS_prevent_TB,50.0,50.0,apy_prevalence_scenario_grid.csv,0.0,0.0,1e-12,exact,pass
LTBI_3pct,prevent,150,expected_PPV,0.8235294117647058,0.8235294117647058,apy_prevalence_scenario_grid.csv,0.0,0.0,1e-12,exact,pass
LTBI_3pct,prevent,150,expected_active_TB_prevented,3.0,3.0,apy_prevalence_scenario_grid.csv,0.0,0.0,1e-12,exact,pass
LTBI_3pct,prevent,150,expected_false_positive_share,0.1764705882352941,0.1764705882352941,apy_prevalence_scenario_grid.csv,0.0,0.0,1e-12,exact,pass
LTBI_3pct,prevent,150,expected_false_positive_tests,3.0,3.0,apy_prevalence_scenario_grid.csv,0.0,0.0,1e-12,exact,pass
LTBI_3pct,prevent,150,expected_test_positive_nonactive,17.0,17.0,apy_prevalence_scenario_grid.csv,0.0,0.0,1e-12,exact,pass
LTBI_3pct,prevent,150,expected_true_positive_tests,14.0,14.0,apy_prevalence_scenario_grid.csv,0.0,0.0,1e-12,exact,pass
LTBI_3pct,prevent,150,ltbi_prevalence,0.03,0.03,apy_prevalence_scenario_grid.csv,0.0,0.0,1e-12,exact,pass
LTBI_3pct,prevent,150,screenCoverage,0.1,0.1,apy_prevalence_scenario_grid.csv,0.0,0.0,1e-12,exact,pass
LTBI_3pct,prevent,200,expected_NNS_prevent_TB,50.0,50.0,apy_prevalence_scenario_grid.csv,0.0,0.0,1e-12,exact,pass
LTBI_3pct,prevent,200,expected_PPV,0.8571428571428571,0.8571428571428571,apy_prevalence_scenario_grid.csv,0.0,0.0,1e-12,exact,pass
LTBI_3pct,prevent,200,expected_active_TB_prevented,4.0,4.0,apy_prevalence_scenario_grid.csv,0.0,0.0,1e-12,exact,pass
LTBI_3pct,prevent,200,expected_false_positive_share,0.1428571428571428,0.1428571428571428,apy_prevalence_scenario_grid.csv,0.0,0.0,1e-12,exact,pass
LTBI_3pct,prevent,200,expected_false_positive_tests,3.0,3.0,apy_prevalence_scenario_grid.csv,0.0,0.0,1e-12,exact,pass
LTBI_3pct,prevent,200,expected_test_positive_nonactive,21.0,21.0,apy_prevalence_scenario_grid.csv,0.0,0.0,1e-12,exact,pass
LTBI_3pct,prevent,200,expected_true_positive_tests,18.0,18.0,apy_prevalence_scenario_grid.csv,0.0,0.0,1e-12,exact,pass
LTBI_3pct,prevent,200,ltbi_prevalence,0.03,0.03,apy_prevalence_scenario_grid.csv,0.0,0.0,1e-12,exact,pass
LTBI_3pct,prevent,200,screenCoverage,0.1333333333333333,0.1333333333333333,apy_prevalence_scenario_grid.csv,0.0,0.0,1e-12,exact,pass
LTBI_3pct,prevent,300,expected_NNS_prevent_TB,75.0,75.0,apy_prevalence_scenario_grid.csv,0.0,0.0,1e-12,exact,pass
LTBI_3pct,prevent,300,expected_PPV,0.8148148148148148,0.8148148148148148,apy_prevalence_scenario_grid.csv,0.0,0.0,1e-12,exact,pass
LTBI_3pct,prevent,300,expected_active_TB_prevented,4.0,4.0,apy_prevalence_scenario_grid.csv,0.0,0.0,1e-12,exact,pass
LTBI_3pct,prevent,300,expected_false_positive_share,0.1851851851851851,0.1851851851851851,apy_prevalence_scenario_grid.csv,0.0,0.0,1e-12,exact,pass
LTBI_3pct,prevent,300,expected_false_positive_tests,5.0,5.0,apy_prevalence_scenario_grid.csv,0.0,0.0,1e-12,exact,pass
LTBI_3pct,prevent,300,expected_test_positive_nonactive,27.0,27.0,apy_prevalence_scenario_grid.csv,0.0,0.0,1e-12,exact,pass
LTBI_3pct,prevent,300,expected_true_positive_tests,22.0,22.0,apy_prevalence_scenario_grid.csv,0.0,0.0,1e-12,exact,pass
LTBI_3pct,prevent,300,ltbi_prevalence,0.03,0.03,apy_prevalence_scenario_grid.csv,0.0,0.0,1e-12,exact,pass
LTBI_3pct,prevent,300,screenCoverage,0.2,0.2,apy_prevalence_scenario_grid.csv,0.0,0.0,1e-12,exact,pass
LTBI_3pct,prevent,450,expected_NNS_prevent_TB,90.0,90.0,apy_prevalence_scenario_grid.csv,0.0,0.0,1e-12,exact,pass
LTBI_3pct,prevent,450,expected_PPV,0.7714285714285715,0.7714285714285715,apy_prevalence_scenario_grid.csv,0.0,0.0,1e-12,exact,pass
LTBI_3pct,prevent,450,expected_active_TB_prevented,5.0,5.0,apy_prevalence_scenario_grid.csv,0.0,0.0,1e-12,exact,pass
LTBI_3pct,prevent,450,expected_false_positive_share,0.2285714285714285,0.2285714285714285,apy_prevalence_scenario_grid.csv,0.0,0.0,1e-12,exact,pass
LTBI_3pct,prevent,450,expected_false_positive_tests,8.0,8.0,apy_prevalence_scenario_grid.csv,0.0,0.0,1e-12,exact,pass
LTBI_3pct,prevent,450,expected_test_positive_nonactive,35.0,35.0,apy_prevalence_scenario_grid.csv,0.0,0.0,1e-12,exact,pass
LTBI_3pct,prevent,450,expected_true_positive_tests,27.0,27.0,apy_prevalence_scenario_grid.csv,0.0,0.0,1e-12,exact,pass
LTBI_3pct,prevent,450,ltbi_prevalence,0.03,0.03,apy_prevalence_scenario_grid.csv,0.0,0.0,1e-12,exact,pass
LTBI_3pct,prevent,450,screenCoverage,0.3,0.3,apy_prevalence_scenario_grid.csv,0.0,0.0,1e-12,exact,pass
LTBI_3pct,prevent,600,expected_NNS_prevent_TB,120.0,120.0,apy_prevalence_scenario_grid.csv,0.0,0.0,1e-12,exact,pass
LTBI_3pct,prevent,600,expected_PPV,0.7380952380952381,0.7380952380952381,apy_prevalence_scenario_grid.csv,0.0,0.0,1e-12,exact,pass
LTBI_3pct,prevent,600,expected_active_TB_prevented,5.0,5.0,apy_prevalence_scenario_grid.csv,0.0,0.0,1e-12,exact,pass
LTBI_3pct,prevent,600,expected_false_positive_share,0.2619047619047619,0.2619047619047619,apy_prevalence_scenario_grid.csv,0.0,0.0,1e-12,exact,pass
LTBI_3pct,prevent,600,expected_false_positive_tests,11.0,11.0,apy_prevalence_scenario_grid.csv,0.0,0.0,1e-12,exact,pass
LTBI_3pct,prevent,600,expected_test_positive_nonactive,42.0,42.0,apy_prevalence_scenario_grid.csv,0.0,0.0,1e-12,exact,pass
LTBI_3pct,prevent,600,expected_true_positive_tests,31.0,31.0,apy_prevalence_scenario_grid.csv,0.0,0.0,1e-12,exact,pass
LTBI_3pct,prevent,600,ltbi_prevalence,0.03,0.03,apy_prevalence_scenario_grid.csv,0.0,0.0,1e-12,exact,pass
LTBI_3pct,prevent,600,screenCoverage,0.4,0.4,apy_prevalence_scenario_grid.csv,0.0,0.0,1e-12,exact,pass
LTBI_3pct,prevent,1000,expected_NNS_prevent_TB,200.0,200.0,apy_prevalence_scenario_grid.csv,0.0,0.0,1e-12,exact,pass
LTBI_3pct,prevent,1000,expected_PPV,0.6607142857142857,0.6607142857142857,apy_prevalence_scenario_grid.csv,0.0,0.0,1e-12,exact,pass
LTBI_3pct,prevent,1000,expected_active_TB_prevented,5.0,5.0,apy_prevalence_scenario_grid.csv,0.0,0.0,1e-12,exact,pass
LTBI_3pct,prevent,1000,expected_false_positive_share,0.3392857142857143,0.3392857142857143,apy_prevalence_scenario_grid.csv,0.0,0.0,1e-12,exact,pass
LTBI_3pct,prevent,1000,expected_false_positive_tests,19.0,19.0,apy_prevalence_scenario_grid.csv,0.0,0.0,1e-12,exact,pass
LTBI_3pct,prevent,1000,expected_test_positive_nonactive,56.0,56.0,apy_prevalence_scenario_grid.csv,0.0,0.0,1e-12,exact,pass
LTBI_3pct,prevent,1000,expected_true_positive_tests,37.0,37.0,apy_prevalence_scenario_grid.csv,0.0,0.0,1e-12,exact,pass
LTBI_3pct,prevent,1000,ltbi_prevalence,0.03,0.03,apy_prevalence_scenario_grid.csv,0.0,0.0,1e-12,exact,pass
LTBI_3pct,prevent,1000,screenCoverage,0.6666666666666666,0.6666666666666666,apy_prevalence_scenario_grid.csv,0.0,0.0,1e-12,exact,pass
LTBI_3pct,prevent,1500,expected_NNS_prevent_TB,300.0,300.0,apy_prevalence_scenario_grid.csv,0.0,0.0,1e-12,exact,pass
LTBI_3pct,prevent,1500,expected_PPV,0.5671641791044776,0.5671641791044776,apy_prevalence_scenario_grid.csv,0.0,0.0,1e-12,exact,pass
LTBI_3pct,prevent,1500,expected_active_TB_prevented,5.0,5.0,apy_prevalence_scenario_grid.csv,0.0,0.0,1e-12,exact,pass
LTBI_3pct,prevent,1500,expected_false_positive_share,0.4328358208955223,0.4328358208955223,apy_prevalence_scenario_grid.csv,0.0,0.0,1e-12,exact,pass
LTBI_3pct,prevent,1500,expected_false_positive_tests,29.0,29.0,apy_prevalence_scenario_grid.csv,0.0,0.0,1e-12,exact,pass
LTBI_3pct,prevent,1500,expected_test_positive_nonactive,67.0,67.0,apy_prevalence_scenario_grid.csv,0.0,0.0,1e-12,exact,pass
LTBI_3pct,prevent,1500,expected_true_positive_tests,38.0,38.0,apy_prevalence_scenario_grid.csv,0.0,0.0,1e-12,exact,pass
LTBI_3pct,prevent,1500,ltbi_prevalence,0.03,0.03,apy_prevalence_scenario_grid.csv,0.0,0.0,1e-12,exact,pass
LTBI_3pct,prevent,1500,screenCoverage,1.0,1.0,apy_prevalence_scenario_grid.csv,0.0,0.0,1e-12,exact,pass
LTBI_3pct,random,0,expected_NNS_prevent_TB,,,apy_prevalence_scenario_grid.csv,0.0,0.0,1e-12,exact,pass
LTBI_3pct,random,0,expected_PPV,,,apy_prevalence_scenario_grid.csv,0.0,0.0,1e-12,exact,pass
LTBI_3pct,random,0,expected_active_TB_prevented,0.0,0.0,apy_prevalence_scenario_grid.csv,0.0,,1e-12,exact,pass
LTBI_3pct,random,0,expected_false_positive_share,,,apy_prevalence_scenario_grid.csv,0.0,0.0,1e-12,exact,pass
LTBI_3pct,random,0,expected_false_positive_tests,0.0,0.0,apy_prevalence_scenario_grid.csv,0.0,,1e-12,exact,pass
LTBI_3pct,random,0,expected_test_positive_nonactive,0.0,0.0,apy_prevalence_scenario_grid.csv,0.0,,1e-12,exact,pass
LTBI_3pct,random,0,expected_true_positive_tests,0.0,0.0,apy_prevalence_scenario_grid.csv,0.0,,1e-12,exact,pass
LTBI_3pct,random,0,ltbi_prevalence,0.03,0.03,apy_prevalence_scenario_grid.csv,0.0,0.0,1e-12,exact,pass
LTBI_3pct,random,0,screenCoverage,0.0,0.0,apy_prevalence_scenario_grid.csv,0.0,,1e-12,exact,pass
LTBI_3pct,random,50,expected_NNS_prevent_TB,,,apy_prevalence_scenario_grid.csv,0.0,0.0,1e-12,exact,pass
LTBI_3pct,random,50,expected_PPV,0.5,0.5,apy_prevalence_scenario_grid.csv,0.0,0.0,1e-12,exact,pass
LTBI_3pct,random,50,expected_active_TB_prevented,0.0,0.0,apy_prevalence_scenario_grid.csv,0.0,,1e-12,exact,pass
LTBI_3pct,random,50,expected_false_positive_share,0.5,0.5,apy_prevalence_scenario_grid.csv,0.0,0.0,1e-12,exact,pass
LTBI_3pct,random,50,expected_false_positive_tests,1.0,1.0,apy_prevalence_scenario_grid.csv,0.0,0.0,1e-12,exact,pass
LTBI_3pct,random,50,expected_test_positive_nonactive,2.0,2.0,apy_prevalence_scenario_grid.csv,0.0,0.0,1e-12,exact,pass
LTBI_3pct,random,50,expected_true_positive_tests,1.0,1.0,apy_prevalence_scenario_grid.csv,0.0,0.0,1e-12,exact,pass
LTBI_3pct,random,50,ltbi_prevalence,0.03,0.03,apy_prevalence_scenario_grid.csv,0.0,0.0,1e-12,exact,pass
LTBI_3pct,random,50,screenCoverage,0.0333333333333333,0.0333333333333333,apy_prevalence_scenario_grid.csv,0.0,0.0,1e-12,exact,pass
LTBI_3pct,random,100,expected_NNS_prevent_TB,,,apy_prevalence_scenario_grid.csv,0.0,0.0,1e-12,exact,pass
LTBI_3pct,random,100,expected_PPV,0.5,0.5,apy_prevalence_scenario_grid.csv,0.0,0.0,1e-12,exact,pass
LTBI_3pct,random,100,expected_active_TB_prevented,0.0,0.0,apy_prevalence_scenario_grid.csv,0.0,,1e-12,exact,pass
LTBI_3pct,random,100,expected_false_positive_share,0.5,0.5,apy_prevalence_scenario_grid.csv,0.0,0.0,1e-12,exact,pass
LTBI_3pct,random,100,expected_false_positive_tests,2.0,2.0,apy_prevalence_scenario_grid.csv,0.0,0.0,1e-12,exact,pass
LTBI_3pct,random,100,expected_test_positive_nonactive,4.0,4.0,apy_prevalence_scenario_grid.csv,0.0,0.0,1e-12,exact,pass
LTBI_3pct,random,100,expected_true_positive_tests,2.0,2.0,apy_prevalence_scenario_grid.csv,0.0,0.0,1e-12,exact,pass
LTBI_3pct,random,100,ltbi_prevalence,0.03,0.03,apy_prevalence_scenario_grid.csv,0.0,0.0,1e-12,exact,pass
LTBI_3pct,random,100,screenCoverage,0.0666666666666666,0.0666666666666666,apy_prevalence_scenario_grid.csv,0.0,0.0,1e-12,exact,pass
LTBI_3pct,random,150,expected_NNS_prevent_TB,,,apy_prevalence_scenario_grid.csv,0.0,0.0,1e-12,exact,pass
LTBI_3pct,random,150,expected_PPV,0.5,0.5,apy_prevalence_scenario_grid.csv,0.0,0.0,1e-12,exact,pass
LTBI_3pct,random,150,expected_active_TB_prevented,0.0,0.0,apy_prevalence_scenario_grid.csv,0.0,,1e-12,exact,pass
LTBI_3pct,random,150,expected_false_positive_share,0.5,0.5,apy_prevalence_scenario_grid.csv,0.0,0.0,1e-12,exact,pass
LTBI_3pct,random,150,expected_false_positive_tests,3.0,3.0,apy_prevalence_scenario_grid.csv,0.0,0.0,1e-12,exact,pass
LTBI_3pct,random,150,expected_test_positive_nonactive,6.0,6.0,apy_prevalence_scenario_grid.csv,0.0,0.0,1e-12,exact,pass
LTBI_3pct,random,150,expected_true_positive_tests,3.0,3.0,apy_prevalence_scenario_grid.csv,0.0,0.0,1e-12,exact,pass
LTBI_3pct,random,150,ltbi_prevalence,0.03,0.03,apy_prevalence_scenario_grid.csv,0.0,0.0,1e-12,exact,pass
LTBI_3pct,random,150,screenCoverage,0.1,0.1,apy_prevalence_scenario_grid.csv,0.0,0.0,1e-12,exact,pass
LTBI_3pct,random,200,expected_NNS_prevent_TB,,,apy_prevalence_scenario_grid.csv,0.0,0.0,1e-12,exact,pass
LTBI_3pct,random,200,expected_PPV,0.5555555555555556,0.5555555555555556,apy_prevalence_scenario_grid.csv,0.0,0.0,1e-12,exact,pass
LTBI_3pct,random,200,expected_active_TB_prevented,0.0,0.0,apy_prevalence_scenario_grid.csv,0.0,,1e-12,exact,pass
LTBI_3pct,random,200,expected_false_positive_share,0.4444444444444444,0.4444444444444444,apy_prevalence_scenario_grid.csv,0.0,0.0,1e-12,exact,pass
LTBI_3pct,random,200,expected_false_positive_tests,4.0,4.0,apy_prevalence_scenario_grid.csv,0.0,0.0,1e-12,exact,pass
LTBI_3pct,random,200,expected_test_positive_nonactive,9.0,9.0,apy_prevalence_scenario_grid.csv,0.0,0.0,1e-12,exact,pass
LTBI_3pct,random,200,expected_true_positive_tests,5.0,5.0,apy_prevalence_scenario_grid.csv,0.0,0.0,1e-12,exact,pass
LTBI_3pct,random,200,ltbi_prevalence,0.03,0.03,apy_prevalence_scenario_grid.csv,0.0,0.0,1e-12,exact,pass
LTBI_3pct,random,200,screenCoverage,0.1333333333333333,0.1333333333333333,apy_prevalence_scenario_grid.csv,0.0,0.0,1e-12,exact,pass
LTBI_3pct,random,300,expected_NNS_prevent_TB,300.0,300.0,apy_prevalence_scenario_grid.csv,0.0,0.0,1e-12,exact,pass
LTBI_3pct,random,300,expected_PPV,0.5384615384615384,0.5384615384615384,apy_prevalence_scenario_grid.csv,0.0,0.0,1e-12,exact,pass
LTBI_3pct,random,300,expected_active_TB_prevented,1.0,1.0,apy_prevalence_scenario_grid.csv,0.0,0.0,1e-12,exact,pass
LTBI_3pct,random,300,expected_false_positive_share,0.4615384615384615,0.4615384615384615,apy_prevalence_scenario_grid.csv,0.0,0.0,1e-12,exact,pass
LTBI_3pct,random,300,expected_false_positive_tests,6.0,6.0,apy_prevalence_scenario_grid.csv,0.0,0.0,1e-12,exact,pass
LTBI_3pct,random,300,expected_test_positive_nonactive,13.0,13.0,apy_prevalence_scenario_grid.csv,0.0,0.0,1e-12,exact,pass
LTBI_3pct,random,300,expected_true_positive_tests,7.0,7.0,apy_prevalence_scenario_grid.csv,0.0,0.0,1e-12,exact,pass
LTBI_3pct,random,300,ltbi_prevalence,0.03,0.03,apy_prevalence_scenario_grid.csv,0.0,0.0,1e-12,exact,pass
LTBI_3pct,random,300,screenCoverage,0.2,0.2,apy_prevalence_scenario_grid.csv,0.0,0.0,1e-12,exact,pass
LTBI_3pct,random,450,expected_NNS_prevent_TB,450.0,450.0,apy_prevalence_scenario_grid.csv,0.0,0.0,1e-12,exact,pass
LTBI_3pct,random,450,expected_PPV,0.55,0.55,apy_prevalence_scenario_grid.csv,0.0,0.0,1e-12,exact,pass
LTBI_3pct,random,450,expected_active_TB_prevented,1.0,1.0,apy_prevalence_scenario_grid.csv,0.0,0.0,1e-12,exact,pass
LTBI_3pct,random,450,expected_false_positive_share,0.45,0.45,apy_prevalence_scenario_grid.csv,0.0,0.0,1e-12,exact,pass
LTBI_3pct,random,450,expected_false_positive_tests,9.0,9.0,apy_prevalence_scenario_grid.csv,0.0,0.0,1e-12,exact,pass
LTBI_3pct,random,450,expected_test_positive_nonactive,20.0,20.0,apy_prevalence_scenario_grid.csv,0.0,0.0,1e-12,exact,pass
LTBI_3pct,random,450,expected_true_positive_tests,11.0,11.0,apy_prevalence_scenario_grid.csv,0.0,0.0,1e-12,exact,pass
LTBI_3pct,random,450,ltbi_prevalence,0.03,0.03,apy_prevalence_scenario_grid.csv,0.0,0.0,1e-12,exact,pass
LTBI_3pct,random,450,screenCoverage,0.3,0.3,apy_prevalence_scenario_grid.csv,0.0,0.0,1e-12,exact,pass
LTBI_3pct,random,600,expected_NNS_prevent_TB,300.0,300.0,apy_prevalence_scenario_grid.csv,0.0,0.0,1e-12,exact,pass
LTBI_3pct,random,600,expected_PPV,0.5925925925925926,0.5925925925925926,apy_prevalence_scenario_grid.csv,0.0,0.0,1e-12,exact,pass
LTBI_3pct,random,600,expected_active_TB_prevented,2.0,2.0,apy_prevalence_scenario_grid.csv,0.0,0.0,1e-12,exact,pass
LTBI_3pct,random,600,expected_false_positive_share,0.4074074074074074,0.4074074074074074,apy_prevalence_scenario_grid.csv,0.0,0.0,1e-12,exact,pass
LTBI_3pct,random,600,expected_false_positive_tests,11.0,11.0,apy_prevalence_scenario_grid.csv,0.0,0.0,1e-12,exact,pass
LTBI_3pct,random,600,expected_test_positive_nonactive,27.0,27.0,apy_prevalence_scenario_grid.csv,0.0,0.0,1e-12,exact,pass
LTBI_3pct,random,600,expected_true_positive_tests,16.0,16.0,apy_prevalence_scenario_grid.csv,0.0,0.0,1e-12,exact,pass
LTBI_3pct,random,600,ltbi_prevalence,0.03,0.03,apy_prevalence_scenario_grid.csv,0.0,0.0,1e-12,exact,pass
LTBI_3pct,random,600,screenCoverage,0.4,0.4,apy_prevalence_scenario_grid.csv,0.0,0.0,1e-12,exact,pass
LTBI_3pct,random,1000,expected_NNS_prevent_TB,333.3333333333333,333.3333333333333,apy_prevalence_scenario_grid.csv,0.0,0.0,1e-12,exact,pass
LTBI_3pct,random,1000,expected_PPV,0.5777777777777777,0.5777777777777777,apy_prevalence_scenario_grid.csv,0.0,0.0,1e-12,exact,pass
LTBI_3pct,random,1000,expected_active_TB_prevented,3.0,3.0,apy_prevalence_scenario_grid.csv,0.0,0.0,1e-12,exact,pass
LTBI_3pct,random,1000,expected_false_positive_share,0.4222222222222222,0.4222222222222222,apy_prevalence_scenario_grid.csv,0.0,0.0,1e-12,exact,pass
LTBI_3pct,random,1000,expected_false_positive_tests,19.0,19.0,apy_prevalence_scenario_grid.csv,0.0,0.0,1e-12,exact,pass
LTBI_3pct,random,1000,expected_test_positive_nonactive,45.0,45.0,apy_prevalence_scenario_grid.csv,0.0,0.0,1e-12,exact,pass
LTBI_3pct,random,1000,expected_true_positive_tests,26.0,26.0,apy_prevalence_scenario_grid.csv,0.0,0.0,1e-12,exact,pass
LTBI_3pct,random,1000,ltbi_prevalence,0.03,0.03,apy_prevalence_scenario_grid.csv,0.0,0.0,1e-12,exact,pass
LTBI_3pct,random,1000,screenCoverage,0.6666666666666666,0.6666666666666666,apy_prevalence_scenario_grid.csv,0.0,0.0,1e-12,exact,pass
LTBI_3pct,random,1500,expected_NNS_prevent_TB,300.0,300.0,apy_prevalence_scenario_grid.csv,0.0,0.0,1e-12,exact,pass
LTBI_3pct,random,1500,expected_PPV,0.5735294117647058,0.5735294117647058,apy_prevalence_scenario_grid.csv,0.0,0.0,1e-12,exact,pass
LTBI_3pct,random,1500,expected_active_TB_prevented,5.0,5.0,apy_prevalence_scenario_grid.csv,0.0,0.0,1e-12,exact,pass
LTBI_3pct,random,1500,expected_false_positive_share,0.4264705882352941,0.4264705882352941,apy_prevalence_scenario_grid.csv,0.0,0.0,1e-12,exact,pass
LTBI_3pct,random,1500,expected_false_positive_tests,29.0,29.0,apy_prevalence_scenario_grid.csv,0.0,0.0,1e-12,exact,pass
LTBI_3pct,random,1500,expected_test_positive_nonactive,68.0,68.0,apy_prevalence_scenario_grid.csv,0.0,0.0,1e-12,exact,pass
LTBI_3pct,random,1500,expected_true_positive_tests,39.0,39.0,apy_prevalence_scenario_grid.csv,0.0,0.0,1e-12,exact,pass
LTBI_3pct,random,1500,ltbi_prevalence,0.03,0.03,apy_prevalence_scenario_grid.csv,0.0,0.0,1e-12,exact,pass
LTBI_3pct,random,1500,screenCoverage,1.0,1.0,apy_prevalence_scenario_grid.csv,0.0,0.0,1e-12,exact,pass
LTBI_5pct,ltbi,0,expected_NNS_prevent_TB,,,apy_prevalence_scenario_grid.csv,0.0,0.0,1e-12,exact,pass
LTBI_5pct,ltbi,0,expected_PPV,,,apy_prevalence_scenario_grid.csv,0.0,0.0,1e-12,exact,pass
LTBI_5pct,ltbi,0,expected_active_TB_prevented,0.0,0.0,apy_prevalence_scenario_grid.csv,0.0,,1e-12,exact,pass
LTBI_5pct,ltbi,0,expected_false_positive_share,,,apy_prevalence_scenario_grid.csv,0.0,0.0,1e-12,exact,pass
LTBI_5pct,ltbi,0,expected_false_positive_tests,0.0,0.0,apy_prevalence_scenario_grid.csv,0.0,,1e-12,exact,pass
LTBI_5pct,ltbi,0,expected_test_positive_nonactive,0.0,0.0,apy_prevalence_scenario_grid.csv,0.0,,1e-12,exact,pass
LTBI_5pct,ltbi,0,expected_true_positive_tests,0.0,0.0,apy_prevalence_scenario_grid.csv,0.0,,1e-12,exact,pass
LTBI_5pct,ltbi,0,ltbi_prevalence,0.05,0.05,apy_prevalence_scenario_grid.csv,0.0,0.0,1e-12,exact,pass
LTBI_5pct,ltbi,0,screenCoverage,0.0,0.0,apy_prevalence_scenario_grid.csv,0.0,,1e-12,exact,pass
LTBI_5pct,ltbi,50,expected_NNS_prevent_TB,16.666666666666668,16.666666666666668,apy_prevalence_scenario_grid.csv,0.0,0.0,1e-12,exact,pass
LTBI_5pct,ltbi,50,expected_PPV,1.0,1.0,apy_prevalence_scenario_grid.csv,0.0,0.0,1e-12,exact,pass
LTBI_5pct,ltbi,50,expected_active_TB_prevented,3.0,3.0,apy_prevalence_scenario_grid.csv,0.0,0.0,1e-12,exact,pass
LTBI_5pct,ltbi,50,expected_false_positive_share,0.0,0.0,apy_prevalence_scenario_grid.csv,0.0,,1e-12,exact,pass
LTBI_5pct,ltbi,50,expected_false_positive_tests,0.0,0.0,apy_prevalence_scenario_grid.csv,0.0,,1e-12,exact,pass
LTBI_5pct,ltbi,50,expected_test_positive_nonactive,13.0,13.0,apy_prevalence_scenario_grid.csv,0.0,0.0,1e-12,exact,pass
LTBI_5pct,ltbi,50,expected_true_positive_tests,13.0,13.0,apy_prevalence_scenario_grid.csv,0.0,0.0,1e-12,exact,pass
LTBI_5pct,ltbi,50,ltbi_prevalence,0.05,0.05,apy_prevalence_scenario_grid.csv,0.0,0.0,1e-12,exact,pass
LTBI_5pct,ltbi,50,screenCoverage,0.0333333333333333,0.0333333333333333,apy_prevalence_scenario_grid.csv,0.0,0.0,1e-12,exact,pass
LTBI_5pct,ltbi,100,expected_NNS_prevent_TB,25.0,25.0,apy_prevalence_scenario_grid.csv,0.0,0.0,1e-12,exact,pass
LTBI_5pct,ltbi,100,expected_PPV,0.9545454545454546,0.9545454545454546,apy_prevalence_scenario_grid.csv,0.0,0.0,1e-12,exact,pass
LTBI_5pct,ltbi,100,expected_active_TB_prevented,4.0,4.0,apy_prevalence_scenario_grid.csv,0.0,0.0,1e-12,exact,pass
LTBI_5pct,ltbi,100,expected_false_positive_share,0.0454545454545454,0.0454545454545454,apy_prevalence_scenario_grid.csv,0.0,0.0,1e-12,exact,pass
LTBI_5pct,ltbi,100,expected_false_positive_tests,1.0,1.0,apy_prevalence_scenario_grid.csv,0.0,0.0,1e-12,exact,pass
LTBI_5pct,ltbi,100,expected_test_positive_nonactive,22.0,22.0,apy_prevalence_scenario_grid.csv,0.0,0.0,1e-12,exact,pass
LTBI_5pct,ltbi,100,expected_true_positive_tests,21.0,21.0,apy_prevalence_scenario_grid.csv,0.0,0.0,1e-12,exact,pass
LTBI_5pct,ltbi,100,ltbi_prevalence,0.05,0.05,apy_prevalence_scenario_grid.csv,0.0,0.0,1e-12,exact,pass
LTBI_5pct,ltbi,100,screenCoverage,0.0666666666666666,0.0666666666666666,apy_prevalence_scenario_grid.csv,0.0,0.0,1e-12,exact,pass
LTBI_5pct,ltbi,150,expected_NNS_prevent_TB,30.0,30.0,apy_prevalence_scenario_grid.csv,0.0,0.0,1e-12,exact,pass
LTBI_5pct,ltbi,150,expected_PPV,0.9310344827586208,0.9310344827586208,apy_prevalence_scenario_grid.csv,0.0,0.0,1e-12,exact,pass
LTBI_5pct,ltbi,150,expected_active_TB_prevented,5.0,5.0,apy_prevalence_scenario_grid.csv,0.0,0.0,1e-12,exact,pass
LTBI_5pct,ltbi,150,expected_false_positive_share,0.0689655172413793,0.0689655172413793,apy_prevalence_scenario_grid.csv,0.0,0.0,1e-12,exact,pass
LTBI_5pct,ltbi,150,expected_false_positive_tests,2.0,2.0,apy_prevalence_scenario_grid.csv,0.0,0.0,1e-12,exact,pass
LTBI_5pct,ltbi,150,expected_test_positive_nonactive,29.0,29.0,apy_prevalence_scenario_grid.csv,0.0,0.0,1e-12,exact,pass
LTBI_5pct,ltbi,150,expected_true_positive_tests,27.0,27.0,apy_prevalence_scenario_grid.csv,0.0,0.0,1e-12,exact,pass
LTBI_5pct,ltbi,150,ltbi_prevalence,0.05,0.05,apy_prevalence_scenario_grid.csv,0.0,0.0,1e-12,exact,pass
LTBI_5pct,ltbi,150,screenCoverage,0.1,0.1,apy_prevalence_scenario_grid.csv,0.0,0.0,1e-12,exact,pass
LTBI_5pct,ltbi,200,expected_NNS_prevent_TB,33.333333333333336,33.333333333333336,apy_prevalence_scenario_grid.csv,0.0,0.0,1e-12,exact,pass
LTBI_5pct,ltbi,200,expected_PPV,0.9142857142857144,0.9142857142857144,apy_prevalence_scenario_grid.csv,0.0,0.0,1e-12,exact,pass
LTBI_5pct,ltbi,200,expected_active_TB_prevented,6.0,6.0,apy_prevalence_scenario_grid.csv,0.0,0.0,1e-12,exact,pass
LTBI_5pct,ltbi,200,expected_false_positive_share,0.0857142857142857,0.0857142857142857,apy_prevalence_scenario_grid.csv,0.0,0.0,1e-12,exact,pass
LTBI_5pct,ltbi,200,expected_false_positive_tests,3.0,3.0,apy_prevalence_scenario_grid.csv,0.0,0.0,1e-12,exact,pass
LTBI_5pct,ltbi,200,expected_test_positive_nonactive,35.0,35.0,apy_prevalence_scenario_grid.csv,0.0,0.0,1e-12,exact,pass
LTBI_5pct,ltbi,200,expected_true_positive_tests,32.0,32.0,apy_prevalence_scenario_grid.csv,0.0,0.0,1e-12,exact,pass
LTBI_5pct,ltbi,200,ltbi_prevalence,0.05,0.05,apy_prevalence_scenario_grid.csv,0.0,0.0,1e-12,exact,pass
LTBI_5pct,ltbi,200,screenCoverage,0.1333333333333333,0.1333333333333333,apy_prevalence_scenario_grid.csv,0.0,0.0,1e-12,exact,pass
LTBI_5pct,ltbi,300,expected_NNS_prevent_TB,42.85714285714285,42.85714285714285,apy_prevalence_scenario_grid.csv,0.0,0.0,1e-12,exact,pass
LTBI_5pct,ltbi,300,expected_PPV,0.8888888888888888,0.8888888888888888,apy_prevalence_scenario_grid.csv,0.0,0.0,1e-12,exact,pass
LTBI_5pct,ltbi,300,expected_active_TB_prevented,7.0,7.0,apy_prevalence_scenario_grid.csv,0.0,0.0,1e-12,exact,pass
LTBI_5pct,ltbi,300,expected_false_positive_share,0.1111111111111111,0.1111111111111111,apy_prevalence_scenario_grid.csv,0.0,0.0,1e-12,exact,pass
LTBI_5pct,ltbi,300,expected_false_positive_tests,5.0,5.0,apy_prevalence_scenario_grid.csv,0.0,0.0,1e-12,exact,pass
LTBI_5pct,ltbi,300,expected_test_positive_nonactive,45.0,45.0,apy_prevalence_scenario_grid.csv,0.0,0.0,1e-12,exact,pass
LTBI_5pct,ltbi,300,expected_true_positive_tests,40.0,40.0,apy_prevalence_scenario_grid.csv,0.0,0.0,1e-12,exact,pass
LTBI_5pct,ltbi,300,ltbi_prevalence,0.05,0.05,apy_prevalence_scenario_grid.csv,0.0,0.0,1e-12,exact,pass
LTBI_5pct,ltbi,300,screenCoverage,0.2,0.2,apy_prevalence_scenario_grid.csv,0.0,0.0,1e-12,exact,pass
LTBI_5pct,ltbi,450,expected_NNS_prevent_TB,56.25,56.25,apy_prevalence_scenario_grid.csv,0.0,0.0,1e-12,exact,pass
LTBI_5pct,ltbi,450,expected_PPV,0.8571428571428571,0.8571428571428571,apy_prevalence_scenario_grid.csv,0.0,0.0,1e-12,exact,pass
LTBI_5pct,ltbi,450,expected_active_TB_prevented,8.0,8.0,apy_prevalence_scenario_grid.csv,0.0,0.0,1e-12,exact,pass
LTBI_5pct,ltbi,450,expected_false_positive_share,0.1428571428571428,0.1428571428571428,apy_prevalence_scenario_grid.csv,0.0,0.0,1e-12,exact,pass
LTBI_5pct,ltbi,450,expected_false_positive_tests,8.0,8.0,apy_prevalence_scenario_grid.csv,0.0,0.0,1e-12,exact,pass
LTBI_5pct,ltbi,450,expected_test_positive_nonactive,56.0,56.0,apy_prevalence_scenario_grid.csv,0.0,0.0,1e-12,exact,pass
LTBI_5pct,ltbi,450,expected_true_positive_tests,48.0,48.0,apy_prevalence_scenario_grid.csv,0.0,0.0,1e-12,exact,pass
LTBI_5pct,ltbi,450,ltbi_prevalence,0.05,0.05,apy_prevalence_scenario_grid.csv,0.0,0.0,1e-12,exact,pass
LTBI_5pct,ltbi,450,screenCoverage,0.3,0.3,apy_prevalence_scenario_grid.csv,0.0,0.0,1e-12,exact,pass
LTBI_5pct,ltbi,600,expected_NNS_prevent_TB,75.0,75.0,apy_prevalence_scenario_grid.csv,0.0,0.0,1e-12,exact,pass
LTBI_5pct,ltbi,600,expected_PPV,0.8307692307692308,0.8307692307692308,apy_prevalence_scenario_grid.csv,0.0,0.0,1e-12,exact,pass
LTBI_5pct,ltbi,600,expected_active_TB_prevented,8.0,8.0,apy_prevalence_scenario_grid.csv,0.0,0.0,1e-12,exact,pass
LTBI_5pct,ltbi,600,expected_false_positive_share,0.1692307692307692,0.1692307692307692,apy_prevalence_scenario_grid.csv,0.0,0.0,1e-12,exact,pass
LTBI_5pct,ltbi,600,expected_false_positive_tests,11.0,11.0,apy_prevalence_scenario_grid.csv,0.0,0.0,1e-12,exact,pass
LTBI_5pct,ltbi,600,expected_test_positive_nonactive,65.0,65.0,apy_prevalence_scenario_grid.csv,0.0,0.0,1e-12,exact,pass
LTBI_5pct,ltbi,600,expected_true_positive_tests,54.0,54.0,apy_prevalence_scenario_grid.csv,0.0,0.0,1e-12,exact,pass
LTBI_5pct,ltbi,600,ltbi_prevalence,0.05,0.05,apy_prevalence_scenario_grid.csv,0.0,0.0,1e-12,exact,pass
LTBI_5pct,ltbi,600,screenCoverage,0.4,0.4,apy_prevalence_scenario_grid.csv,0.0,0.0,1e-12,exact,pass
LTBI_5pct,ltbi,1000,expected_NNS_prevent_TB,125.0,125.0,apy_prevalence_scenario_grid.csv,0.0,0.0,1e-12,exact,pass
LTBI_5pct,ltbi,1000,expected_PPV,0.7777777777777778,0.7777777777777778,apy_prevalence_scenario_grid.csv,0.0,0.0,1e-12,exact,pass
LTBI_5pct,ltbi,1000,expected_active_TB_prevented,8.0,8.0,apy_prevalence_scenario_grid.csv,0.0,0.0,1e-12,exact,pass
LTBI_5pct,ltbi,1000,expected_false_positive_share,0.2222222222222222,0.2222222222222222,apy_prevalence_scenario_grid.csv,0.0,0.0,1e-12,exact,pass
LTBI_5pct,ltbi,1000,expected_false_positive_tests,18.0,18.0,apy_prevalence_scenario_grid.csv,0.0,0.0,1e-12,exact,pass
LTBI_5pct,ltbi,1000,expected_test_positive_nonactive,81.0,81.0,apy_prevalence_scenario_grid.csv,0.0,0.0,1e-12,exact,pass
LTBI_5pct,ltbi,1000,expected_true_positive_tests,63.0,63.0,apy_prevalence_scenario_grid.csv,0.0,0.0,1e-12,exact,pass
LTBI_5pct,ltbi,1000,ltbi_prevalence,0.05,0.05,apy_prevalence_scenario_grid.csv,0.0,0.0,1e-12,exact,pass
LTBI_5pct,ltbi,1000,screenCoverage,0.6666666666666666,0.6666666666666666,apy_prevalence_scenario_grid.csv,0.0,0.0,1e-12,exact,pass
LTBI_5pct,ltbi,1500,expected_NNS_prevent_TB,166.66666666666666,166.66666666666666,apy_prevalence_scenario_grid.csv,0.0,0.0,1e-12,exact,pass
LTBI_5pct,ltbi,1500,expected_PPV,0.6989247311827957,0.6989247311827957,apy_prevalence_scenario_grid.csv,0.0,0.0,1e-12,exact,pass
LTBI_5pct,ltbi,1500,expected_active_TB_prevented,9.0,9.0,apy_prevalence_scenario_grid.csv,0.0,0.0,1e-12,exact,pass
LTBI_5pct,ltbi,1500,expected_false_positive_share,0.3010752688172043,0.3010752688172043,apy_prevalence_scenario_grid.csv,0.0,0.0,1e-12,exact,pass
LTBI_5pct,ltbi,1500,expected_false_positive_tests,28.0,28.0,apy_prevalence_scenario_grid.csv,0.0,0.0,1e-12,exact,pass
LTBI_5pct,ltbi,1500,expected_test_positive_nonactive,93.0,93.0,apy_prevalence_scenario_grid.csv,0.0,0.0,1e-12,exact,pass
LTBI_5pct,ltbi,1500,expected_true_positive_tests,65.0,65.0,apy_prevalence_scenario_grid.csv,0.0,0.0,1e-12,exact,pass
LTBI_5pct,ltbi,1500,ltbi_prevalence,0.05,0.05,apy_prevalence_scenario_grid.csv,0.0,0.0,1e-12,exact,pass
LTBI_5pct,ltbi,1500,screenCoverage,1.0,1.0,apy_prevalence_scenario_grid.csv,0.0,0.0,1e-12,exact,pass
LTBI_5pct,prevent,0,expected_NNS_prevent_TB,,,apy_prevalence_scenario_grid.csv,0.0,0.0,1e-12,exact,pass
LTBI_5pct,prevent,0,expected_PPV,,,apy_prevalence_scenario_grid.csv,0.0,0.0,1e-12,exact,pass
LTBI_5pct,prevent,0,expected_active_TB_prevented,0.0,0.0,apy_prevalence_scenario_grid.csv,0.0,,1e-12,exact,pass
LTBI_5pct,prevent,0,expected_false_positive_share,,,apy_prevalence_scenario_grid.csv,0.0,0.0,1e-12,exact,pass
LTBI_5pct,prevent,0,expected_false_positive_tests,0.0,0.0,apy_prevalence_scenario_grid.csv,0.0,,1e-12,exact,pass
LTBI_5pct,prevent,0,expected_test_positive_nonactive,0.0,0.0,apy_prevalence_scenario_grid.csv,0.0,,1e-12,exact,pass
LTBI_5pct,prevent,0,expected_true_positive_tests,0.0,0.0,apy_prevalence_scenario_grid.csv,0.0,,1e-12,exact,pass
LTBI_5pct,prevent,0,ltbi_prevalence,0.05,0.05,apy_prevalence_scenario_grid.csv,0.0,0.0,1e-12,exact,pass
LTBI_5pct,prevent,0,screenCoverage,0.0,0.0,apy_prevalence_scenario_grid.csv,0.0,,1e-12,exact,pass
LTBI_5pct,prevent,50,expected_NNS_prevent_TB,16.666666666666668,16.666666666666668,apy_prevalence_scenario_grid.csv,0.0,0.0,1e-12,exact,pass
LTBI_5pct,prevent,50,expected_PPV,0.9166666666666666,0.9166666666666666,apy_prevalence_scenario_grid.csv,0.0,0.0,1e-12,exact,pass
LTBI_5pct,prevent,50,expected_active_TB_prevented,3.0,3.0,apy_prevalence_scenario_grid.csv,0.0,0.0,1e-12,exact,pass
LTBI_5pct,prevent,50,expected_false_positive_share,0.0833333333333333,0.0833333333333333,apy_prevalence_scenario_grid.csv,0.0,0.0,1e-12,exact,pass
LTBI_5pct,prevent,50,expected_false_positive_tests,1.0,1.0,apy_prevalence_scenario_grid.csv,0.0,0.0,1e-12,exact,pass
LTBI_5pct,prevent,50,expected_test_positive_nonactive,12.0,12.0,apy_prevalence_scenario_grid.csv,0.0,0.0,1e-12,exact,pass
LTBI_5pct,prevent,50,expected_true_positive_tests,11.0,11.0,apy_prevalence_scenario_grid.csv,0.0,0.0,1e-12,exact,pass
LTBI_5pct,prevent,50,ltbi_prevalence,0.05,0.05,apy_prevalence_scenario_grid.csv,0.0,0.0,1e-12,exact,pass
LTBI_5pct,prevent,50,screenCoverage,0.0333333333333333,0.0333333333333333,apy_prevalence_scenario_grid.csv,0.0,0.0,1e-12,exact,pass
LTBI_5pct,prevent,100,expected_NNS_prevent_TB,20.0,20.0,apy_prevalence_scenario_grid.csv,0.0,0.0,1e-12,exact,pass
LTBI_5pct,prevent,100,expected_PPV,0.9473684210526316,0.9473684210526316,apy_prevalence_scenario_grid.csv,0.0,0.0,1e-12,exact,pass
LTBI_5pct,prevent,100,expected_active_TB_prevented,5.0,5.0,apy_prevalence_scenario_grid.csv,0.0,0.0,1e-12,exact,pass
LTBI_5pct,prevent,100,expected_false_positive_share,0.0526315789473684,0.0526315789473684,apy_prevalence_scenario_grid.csv,0.0,0.0,1e-12,exact,pass
LTBI_5pct,prevent,100,expected_false_positive_tests,1.0,1.0,apy_prevalence_scenario_grid.csv,0.0,0.0,1e-12,exact,pass
LTBI_5pct,prevent,100,expected_test_positive_nonactive,19.0,19.0,apy_prevalence_scenario_grid.csv,0.0,0.0,1e-12,exact,pass
LTBI_5pct,prevent,100,expected_true_positive_tests,18.0,18.0,apy_prevalence_scenario_grid.csv,0.0,0.0,1e-12,exact,pass
LTBI_5pct,prevent,100,ltbi_prevalence,0.05,0.05,apy_prevalence_scenario_grid.csv,0.0,0.0,1e-12,exact,pass
LTBI_5pct,prevent,100,screenCoverage,0.0666666666666666,0.0666666666666666,apy_prevalence_scenario_grid.csv,0.0,0.0,1e-12,exact,pass
LTBI_5pct,prevent,150,expected_NNS_prevent_TB,25.0,25.0,apy_prevalence_scenario_grid.csv,0.0,0.0,1e-12,exact,pass
LTBI_5pct,prevent,150,expected_PPV,0.92,0.92,apy_prevalence_scenario_grid.csv,0.0,0.0,1e-12,exact,pass
LTBI_5pct,prevent,150,expected_active_TB_prevented,6.0,6.0,apy_prevalence_scenario_grid.csv,0.0,0.0,1e-12,exact,pass
LTBI_5pct,prevent,150,expected_false_positive_share,0.08,0.08,apy_prevalence_scenario_grid.csv,0.0,0.0,1e-12,exact,pass
LTBI_5pct,prevent,150,expected_false_positive_tests,2.0,2.0,apy_prevalence_scenario_grid.csv,0.0,0.0,1e-12,exact,pass
LTBI_5pct,prevent,150,expected_test_positive_nonactive,25.0,25.0,apy_prevalence_scenario_grid.csv,0.0,0.0,1e-12,exact,pass
LTBI_5pct,prevent,150,expected_true_positive_tests,23.0,23.0,apy_prevalence_scenario_grid.csv,0.0,0.0,1e-12,exact,pass
LTBI_5pct,prevent,150,ltbi_prevalence,0.05,0.05,apy_prevalence_scenario_grid.csv,0.0,0.0,1e-12,exact,pass
LTBI_5pct,prevent,150,screenCoverage,0.1,0.1,apy_prevalence_scenario_grid.csv,0.0,0.0,1e-12,exact,pass
LTBI_5pct,prevent,200,expected_NNS_prevent_TB,33.333333333333336,33.333333333333336,apy_prevalence_scenario_grid.csv,0.0,0.0,1e-12,exact,pass
LTBI_5pct,prevent,200,expected_PPV,0.9032258064516128,0.9032258064516128,apy_prevalence_scenario_grid.csv,0.0,0.0,1e-12,exact,pass
LTBI_5pct,prevent,200,expected_active_TB_prevented,6.0,6.0,apy_prevalence_scenario_grid.csv,0.0,0.0,1e-12,exact,pass
LTBI_5pct,prevent,200,expected_false_positive_share,0.0967741935483871,0.0967741935483871,apy_prevalence_scenario_grid.csv,0.0,0.0,1e-12,exact,pass
LTBI_5pct,prevent,200,expected_false_positive_tests,3.0,3.0,apy_prevalence_scenario_grid.csv,0.0,0.0,1e-12,exact,pass
LTBI_5pct,prevent,200,expected_test_positive_nonactive,31.0,31.0,apy_prevalence_scenario_grid.csv,0.0,0.0,1e-12,exact,pass
LTBI_5pct,prevent,200,expected_true_positive_tests,28.0,28.0,apy_prevalence_scenario_grid.csv,0.0,0.0,1e-12,exact,pass
LTBI_5pct,prevent,200,ltbi_prevalence,0.05,0.05,apy_prevalence_scenario_grid.csv,0.0,0.0,1e-12,exact,pass
LTBI_5pct,prevent,200,screenCoverage,0.1333333333333333,0.1333333333333333,apy_prevalence_scenario_grid.csv,0.0,0.0,1e-12,exact,pass
LTBI_5pct,prevent,300,expected_NNS_prevent_TB,42.85714285714285,42.85714285714285,apy_prevalence_scenario_grid.csv,0.0,0.0,1e-12,exact,pass
LTBI_5pct,prevent,300,expected_PPV,0.8780487804878049,0.8780487804878049,apy_prevalence_scenario_grid.csv,0.0,0.0,1e-12,exact,pass
LTBI_5pct,prevent,300,expected_active_TB_prevented,7.0,7.0,apy_prevalence_scenario_grid.csv,0.0,0.0,1e-12,exact,pass
LTBI_5pct,prevent,300,expected_false_positive_share,0.1219512195121951,0.1219512195121951,apy_prevalence_scenario_grid.csv,0.0,0.0,1e-12,exact,pass
LTBI_5pct,prevent,300,expected_false_positive_tests,5.0,5.0,apy_prevalence_scenario_grid.csv,0.0,0.0,1e-12,exact,pass
LTBI_5pct,prevent,300,expected_test_positive_nonactive,41.0,41.0,apy_prevalence_scenario_grid.csv,0.0,0.0,1e-12,exact,pass
LTBI_5pct,prevent,300,expected_true_positive_tests,36.0,36.0,apy_prevalence_scenario_grid.csv,0.0,0.0,1e-12,exact,pass
LTBI_5pct,prevent,300,ltbi_prevalence,0.05,0.05,apy_prevalence_scenario_grid.csv,0.0,0.0,1e-12,exact,pass
LTBI_5pct,prevent,300,screenCoverage,0.2,0.2,apy_prevalence_scenario_grid.csv,0.0,0.0,1e-12,exact,pass
LTBI_5pct,prevent,450,expected_NNS_prevent_TB,56.25,56.25,apy_prevalence_scenario_grid.csv,0.0,0.0,1e-12,exact,pass
LTBI_5pct,prevent,450,expected_PPV,0.8490566037735849,0.8490566037735849,apy_prevalence_scenario_grid.csv,0.0,0.0,1e-12,exact,pass
LTBI_5pct,prevent,450,expected_active_TB_prevented,8.0,8.0,apy_prevalence_scenario_grid.csv,0.0,0.0,1e-12,exact,pass
LTBI_5pct,prevent,450,expected_false_positive_share,0.1509433962264151,0.1509433962264151,apy_prevalence_scenario_grid.csv,0.0,0.0,1e-12,exact,pass
LTBI_5pct,prevent,450,expected_false_positive_tests,8.0,8.0,apy_prevalence_scenario_grid.csv,0.0,0.0,1e-12,exact,pass
LTBI_5pct,prevent,450,expected_test_positive_nonactive,53.0,53.0,apy_prevalence_scenario_grid.csv,0.0,0.0,1e-12,exact,pass
LTBI_5pct,prevent,450,expected_true_positive_tests,45.0,45.0,apy_prevalence_scenario_grid.csv,0.0,0.0,1e-12,exact,pass
LTBI_5pct,prevent,450,ltbi_prevalence,0.05,0.05,apy_prevalence_scenario_grid.csv,0.0,0.0,1e-12,exact,pass
LTBI_5pct,prevent,450,screenCoverage,0.3,0.3,apy_prevalence_scenario_grid.csv,0.0,0.0,1e-12,exact,pass
LTBI_5pct,prevent,600,expected_NNS_prevent_TB,75.0,75.0,apy_prevalence_scenario_grid.csv,0.0,0.0,1e-12,exact,pass
LTBI_5pct,prevent,600,expected_PPV,0.819672131147541,0.819672131147541,apy_prevalence_scenario_grid.csv,0.0,0.0,1e-12,exact,pass
LTBI_5pct,prevent,600,expected_active_TB_prevented,8.0,8.0,apy_prevalence_scenario_grid.csv,0.0,0.0,1e-12,exact,pass
LTBI_5pct,prevent,600,expected_false_positive_share,0.180327868852459,0.180327868852459,apy_prevalence_scenario_grid.csv,0.0,0.0,1e-12,exact,pass
LTBI_5pct,prevent,600,expected_false_positive_tests,11.0,11.0,apy_prevalence_scenario_grid.csv,0.0,0.0,1e-12,exact,pass
LTBI_5pct,prevent,600,expected_test_positive_nonactive,61.0,61.0,apy_prevalence_scenario_grid.csv,0.0,0.0,1e-12,exact,pass
LTBI_5pct,prevent,600,expected_true_positive_tests,50.0,50.0,apy_prevalence_scenario_grid.csv,0.0,0.0,1e-12,exact,pass
LTBI_5pct,prevent,600,ltbi_prevalence,0.05,0.05,apy_prevalence_scenario_grid.csv,0.0,0.0,1e-12,exact,pass
LTBI_5pct,prevent,600,screenCoverage,0.4,0.4,apy_prevalence_scenario_grid.csv,0.0,0.0,1e-12,exact,pass
LTBI_5pct,prevent,1000,expected_NNS_prevent_TB,125.0,125.0,apy_prevalence_scenario_grid.csv,0.0,0.0,1e-12,exact,pass
LTBI_5pct,prevent,1000,expected_PPV,0.775,0.775,apy_prevalence_scenario_grid.csv,0.0,0.0,1e-12,exact,pass
LTBI_5pct,prevent,1000,expected_active_TB_prevented,8.0,8.0,apy_prevalence_scenario_grid.csv,0.0,0.0,1e-12,exact,pass
LTBI_5pct,prevent,1000,expected_false_positive_share,0.225,0.225,apy_prevalence_scenario_grid.csv,0.0,0.0,1e-12,exact,pass
LTBI_5pct,prevent,1000,expected_false_positive_tests,18.0,18.0,apy_prevalence_scenario_grid.csv,0.0,0.0,1e-12,exact,pass
LTBI_5pct,prevent,1000,expected_test_positive_nonactive,80.0,80.0,apy_prevalence_scenario_grid.csv,0.0,0.0,1e-12,exact,pass
LTBI_5pct,prevent,1000,expected_true_positive_tests,62.0,62.0,apy_prevalence_scenario_grid.csv,0.0,0.0,1e-12,exact,pass
LTBI_5pct,prevent,1000,ltbi_prevalence,0.05,0.05,apy_prevalence_scenario_grid.csv,0.0,0.0,1e-12,exact,pass
LTBI_5pct,prevent,1000,screenCoverage,0.6666666666666666,0.6666666666666666,apy_prevalence_scenario_grid.csv,0.0,0.0,1e-12,exact,pass
LTBI_5pct,prevent,1500,expected_NNS_prevent_TB,166.66666666666666,166.66666666666666,apy_prevalence_scenario_grid.csv,0.0,0.0,1e-12,exact,pass
LTBI_5pct,prevent,1500,expected_PPV,0.6989247311827957,0.6989247311827957,apy_prevalence_scenario_grid.csv,0.0,0.0,1e-12,exact,pass
LTBI_5pct,prevent,1500,expected_active_TB_prevented,9.0,9.0,apy_prevalence_scenario_grid.csv,0.0,0.0,1e-12,exact,pass
LTBI_5pct,prevent,1500,expected_false_positive_share,0.3010752688172043,0.3010752688172043,apy_prevalence_scenario_grid.csv,0.0,0.0,1e-12,exact,pass
LTBI_5pct,prevent,1500,expected_false_positive_tests,28.0,28.0,apy_prevalence_scenario_grid.csv,0.0,0.0,1e-12,exact,pass
LTBI_5pct,prevent,1500,expected_test_positive_nonactive,93.0,93.0,apy_prevalence_scenario_grid.csv,0.0,0.0,1e-12,exact,pass
LTBI_5pct,prevent,1500,expected_true_positive_tests,65.0,65.0,apy_prevalence_scenario_grid.csv,0.0,0.0,1e-12,exact,pass
LTBI_5pct,prevent,1500,ltbi_prevalence,0.05,0.05,apy_prevalence_scenario_grid.csv,0.0,0.0,1e-12,exact,pass
LTBI_5pct,prevent,1500,screenCoverage,1.0,1.0,apy_prevalence_scenario_grid.csv,0.0,0.0,1e-12,exact,pass
LTBI_5pct,random,0,expected_NNS_prevent_TB,,,apy_prevalence_scenario_grid.csv,0.0,0.0,1e-12,exact,pass
LTBI_5pct,random,0,expected_PPV,,,apy_prevalence_scenario_grid.csv,0.0,0.0,1e-12,exact,pass
LTBI_5pct,random,0,expected_active_TB_prevented,0.0,0.0,apy_prevalence_scenario_grid.csv,0.0,,1e-12,exact,pass
LTBI_5pct,random,0,expected_false_positive_share,,,apy_prevalence_scenario_grid.csv,0.0,0.0,1e-12,exact,pass
LTBI_5pct,random,0,expected_false_positive_tests,0.0,0.0,apy_prevalence_scenario_grid.csv,0.0,,1e-12,exact,pass
LTBI_5pct,random,0,expected_test_positive_nonactive,0.0,0.0,apy_prevalence_scenario_grid.csv,0.0,,1e-12,exact,pass
LTBI_5pct,random,0,expected_true_positive_tests,0.0,0.0,apy_prevalence_scenario_grid.csv,0.0,,1e-12,exact,pass
LTBI_5pct,random,0,ltbi_prevalence,0.05,0.05,apy_prevalence_scenario_grid.csv,0.0,0.0,1e-12,exact,pass
LTBI_5pct,random,0,screenCoverage,0.0,0.0,apy_prevalence_scenario_grid.csv,0.0,,1e-12,exact,pass
LTBI_5pct,random,50,expected_NNS_prevent_TB,,,apy_prevalence_scenario_grid.csv,0.0,0.0,1e-12,exact,pass
LTBI_5pct,random,50,expected_PPV,0.6666666666666666,0.6666666666666666,apy_prevalence_scenario_grid.csv,0.0,0.0,1e-12,exact,pass
LTBI_5pct,random,50,expected_active_TB_prevented,0.0,0.0,apy_prevalence_scenario_grid.csv,0.0,,1e-12,exact,pass
LTBI_5pct,random,50,expected_false_positive_share,0.3333333333333333,0.3333333333333333,apy_prevalence_scenario_grid.csv,0.0,0.0,1e-12,exact,pass
LTBI_5pct,random,50,expected_false_positive_tests,1.0,1.0,apy_prevalence_scenario_grid.csv,0.0,0.0,1e-12,exact,pass
LTBI_5pct,random,50,expected_test_positive_nonactive,3.0,3.0,apy_prevalence_scenario_grid.csv,0.0,0.0,1e-12,exact,pass
LTBI_5pct,random,50,expected_true_positive_tests,2.0,2.0,apy_prevalence_scenario_grid.csv,0.0,0.0,1e-12,exact,pass
LTBI_5pct,random,50,ltbi_prevalence,0.05,0.05,apy_prevalence_scenario_grid.csv,0.0,0.0,1e-12,exact,pass
LTBI_5pct,random,50,screenCoverage,0.0333333333333333,0.0333333333333333,apy_prevalence_scenario_grid.csv,0.0,0.0,1e-12,exact,pass
LTBI_5pct,random,100,expected_NNS_prevent_TB,,,apy_prevalence_scenario_grid.csv,0.0,0.0,1e-12,exact,pass
LTBI_5pct,random,100,expected_PPV,0.6666666666666666,0.6666666666666666,apy_prevalence_scenario_grid.csv,0.0,0.0,1e-12,exact,pass
LTBI_5pct,random,100,expected_active_TB_prevented,0.0,0.0,apy_prevalence_scenario_grid.csv,0.0,,1e-12,exact,pass
LTBI_5pct,random,100,expected_false_positive_share,0.3333333333333333,0.3333333333333333,apy_prevalence_scenario_grid.csv,0.0,0.0,1e-12,exact,pass
LTBI_5pct,random,100,expected_false_positive_tests,2.0,2.0,apy_prevalence_scenario_grid.csv,0.0,0.0,1e-12,exact,pass
LTBI_5pct,random,100,expected_test_positive_nonactive,6.0,6.0,apy_prevalence_scenario_grid.csv,0.0,0.0,1e-12,exact,pass
LTBI_5pct,random,100,expected_true_positive_tests,4.0,4.0,apy_prevalence_scenario_grid.csv,0.0,0.0,1e-12,exact,pass
LTBI_5pct,random,100,ltbi_prevalence,0.05,0.05,apy_prevalence_scenario_grid.csv,0.0,0.0,1e-12,exact,pass
LTBI_5pct,random,100,screenCoverage,0.0666666666666666,0.0666666666666666,apy_prevalence_scenario_grid.csv,0.0,0.0,1e-12,exact,pass
LTBI_5pct,random,150,expected_NNS_prevent_TB,150.0,150.0,apy_prevalence_scenario_grid.csv,0.0,0.0,1e-12,exact,pass
LTBI_5pct,random,150,expected_PPV,0.6666666666666666,0.6666666666666666,apy_prevalence_scenario_grid.csv,0.0,0.0,1e-12,exact,pass
LTBI_5pct,random,150,expected_active_TB_prevented,1.0,1.0,apy_prevalence_scenario_grid.csv,0.0,0.0,1e-12,exact,pass
LTBI_5pct,random,150,expected_false_positive_share,0.3333333333333333,0.3333333333333333,apy_prevalence_scenario_grid.csv,0.0,0.0,1e-12,exact,pass
LTBI_5pct,random,150,expected_false_positive_tests,3.0,3.0,apy_prevalence_scenario_grid.csv,0.0,0.0,1e-12,exact,pass
LTBI_5pct,random,150,expected_test_positive_nonactive,9.0,9.0,apy_prevalence_scenario_grid.csv,0.0,0.0,1e-12,exact,pass
LTBI_5pct,random,150,expected_true_positive_tests,6.0,6.0,apy_prevalence_scenario_grid.csv,0.0,0.0,1e-12,exact,pass
LTBI_5pct,random,150,ltbi_prevalence,0.05,0.05,apy_prevalence_scenario_grid.csv,0.0,0.0,1e-12,exact,pass
LTBI_5pct,random,150,screenCoverage,0.1,0.1,apy_prevalence_scenario_grid.csv,0.0,0.0,1e-12,exact,pass
LTBI_5pct,random,200,expected_NNS_prevent_TB,200.0,200.0,apy_prevalence_scenario_grid.csv,0.0,0.0,1e-12,exact,pass
LTBI_5pct,random,200,expected_PPV,0.6666666666666666,0.6666666666666666,apy_prevalence_scenario_grid.csv,0.0,0.0,1e-12,exact,pass
LTBI_5pct,random,200,expected_active_TB_prevented,1.0,1.0,apy_prevalence_scenario_grid.csv,0.0,0.0,1e-12,exact,pass
LTBI_5pct,random,200,expected_false_positive_share,0.3333333333333333,0.3333333333333333,apy_prevalence_scenario_grid.csv,0.0,0.0,1e-12,exact,pass
LTBI_5pct,random,200,expected_false_positive_tests,4.0,4.0,apy_prevalence_scenario_grid.csv,0.0,0.0,1e-12,exact,pass
LTBI_5pct,random,200,expected_test_positive_nonactive,12.0,12.0,apy_prevalence_scenario_grid.csv,0.0,0.0,1e-12,exact,pass
LTBI_5pct,random,200,expected_true_positive_tests,8.0,8.0,apy_prevalence_scenario_grid.csv,0.0,0.0,1e-12,exact,pass
LTBI_5pct,random,200,ltbi_prevalence,0.05,0.05,apy_prevalence_scenario_grid.csv,0.0,0.0,1e-12,exact,pass
LTBI_5pct,random,200,screenCoverage,0.1333333333333333,0.1333333333333333,apy_prevalence_scenario_grid.csv,0.0,0.0,1e-12,exact,pass
LTBI_5pct,random,300,expected_NNS_prevent_TB,200.0,200.0,apy_prevalence_scenario_grid.csv,0.0,0.0,1e-12,exact,pass
LTBI_5pct,random,300,expected_PPV,0.6842105263157895,0.6842105263157895,apy_prevalence_scenario_grid.csv,0.0,0.0,1e-12,exact,pass
LTBI_5pct,random,300,expected_active_TB_prevented,1.5,1.5,apy_prevalence_scenario_grid.csv,0.0,0.0,1e-12,exact,pass
LTBI_5pct,random,300,expected_false_positive_share,0.3157894736842105,0.3157894736842105,apy_prevalence_scenario_grid.csv,0.0,0.0,1e-12,exact,pass
LTBI_5pct,random,300,expected_false_positive_tests,6.0,6.0,apy_prevalence_scenario_grid.csv,0.0,0.0,1e-12,exact,pass
LTBI_5pct,random,300,expected_test_positive_nonactive,19.0,19.0,apy_prevalence_scenario_grid.csv,0.0,0.0,1e-12,exact,pass
LTBI_5pct,random,300,expected_true_positive_tests,13.0,13.0,apy_prevalence_scenario_grid.csv,0.0,0.0,1e-12,exact,pass
LTBI_5pct,random,300,ltbi_prevalence,0.05,0.05,apy_prevalence_scenario_grid.csv,0.0,0.0,1e-12,exact,pass
LTBI_5pct,random,300,screenCoverage,0.2,0.2,apy_prevalence_scenario_grid.csv,0.0,0.0,1e-12,exact,pass
LTBI_5pct,random,450,expected_NNS_prevent_TB,225.0,225.0,apy_prevalence_scenario_grid.csv,0.0,0.0,1e-12,exact,pass
LTBI_5pct,random,450,expected_PPV,0.7142857142857143,0.7142857142857143,apy_prevalence_scenario_grid.csv,0.0,0.0,1e-12,exact,pass
LTBI_5pct,random,450,expected_active_TB_prevented,2.0,2.0,apy_prevalence_scenario_grid.csv,0.0,0.0,1e-12,exact,pass
LTBI_5pct,random,450,expected_false_positive_share,0.2857142857142857,0.2857142857142857,apy_prevalence_scenario_grid.csv,0.0,0.0,1e-12,exact,pass
LTBI_5pct,random,450,expected_false_positive_tests,8.0,8.0,apy_prevalence_scenario_grid.csv,0.0,0.0,1e-12,exact,pass
LTBI_5pct,random,450,expected_test_positive_nonactive,28.0,28.0,apy_prevalence_scenario_grid.csv,0.0,0.0,1e-12,exact,pass
LTBI_5pct,random,450,expected_true_positive_tests,20.0,20.0,apy_prevalence_scenario_grid.csv,0.0,0.0,1e-12,exact,pass
LTBI_5pct,random,450,ltbi_prevalence,0.05,0.05,apy_prevalence_scenario_grid.csv,0.0,0.0,1e-12,exact,pass
LTBI_5pct,random,450,screenCoverage,0.3,0.3,apy_prevalence_scenario_grid.csv,0.0,0.0,1e-12,exact,pass
LTBI_5pct,random,600,expected_NNS_prevent_TB,200.0,200.0,apy_prevalence_scenario_grid.csv,0.0,0.0,1e-12,exact,pass
LTBI_5pct,random,600,expected_PPV,0.7027027027027027,0.7027027027027027,apy_prevalence_scenario_grid.csv,0.0,0.0,1e-12,exact,pass
LTBI_5pct,random,600,expected_active_TB_prevented,3.0,3.0,apy_prevalence_scenario_grid.csv,0.0,0.0,1e-12,exact,pass
LTBI_5pct,random,600,expected_false_positive_share,0.2972972972972973,0.2972972972972973,apy_prevalence_scenario_grid.csv,0.0,0.0,1e-12,exact,pass
LTBI_5pct,random,600,expected_false_positive_tests,11.0,11.0,apy_prevalence_scenario_grid.csv,0.0,0.0,1e-12,exact,pass
LTBI_5pct,random,600,expected_test_positive_nonactive,37.0,37.0,apy_prevalence_scenario_grid.csv,0.0,0.0,1e-12,exact,pass
LTBI_5pct,random,600,expected_true_positive_tests,26.0,26.0,apy_prevalence_scenario_grid.csv,0.0,0.0,1e-12,exact,pass
LTBI_5pct,random,600,ltbi_prevalence,0.05,0.05,apy_prevalence_scenario_grid.csv,0.0,0.0,1e-12,exact,pass
LTBI_5pct,random,600,screenCoverage,0.4,0.4,apy_prevalence_scenario_grid.csv,0.0,0.0,1e-12,exact,pass
LTBI_5pct,random,1000,expected_NNS_prevent_TB,166.66666666666666,166.66666666666666,apy_prevalence_scenario_grid.csv,0.0,0.0,1e-12,exact,pass
LTBI_5pct,random,1000,expected_PPV,0.6885245901639344,0.6885245901639344,apy_prevalence_scenario_grid.csv,0.0,0.0,1e-12,exact,pass
LTBI_5pct,random,1000,expected_active_TB_prevented,6.0,6.0,apy_prevalence_scenario_grid.csv,0.0,0.0,1e-12,exact,pass
LTBI_5pct,random,1000,expected_false_positive_share,0.3114754098360656,0.3114754098360656,apy_prevalence_scenario_grid.csv,0.0,0.0,1e-12,exact,pass
LTBI_5pct,random,1000,expected_false_positive_tests,19.0,19.0,apy_prevalence_scenario_grid.csv,0.0,0.0,1e-12,exact,pass
LTBI_5pct,random,1000,expected_test_positive_nonactive,61.0,61.0,apy_prevalence_scenario_grid.csv,0.0,0.0,1e-12,exact,pass
LTBI_5pct,random,1000,expected_true_positive_tests,42.0,42.0,apy_prevalence_scenario_grid.csv,0.0,0.0,1e-12,exact,pass
LTBI_5pct,random,1000,ltbi_prevalence,0.05,0.05,apy_prevalence_scenario_grid.csv,0.0,0.0,1e-12,exact,pass
LTBI_5pct,random,1000,screenCoverage,0.6666666666666666,0.6666666666666666,apy_prevalence_scenario_grid.csv,0.0,0.0,1e-12,exact,pass
LTBI_5pct,random,1500,expected_NNS_prevent_TB,166.66666666666666,166.66666666666666,apy_prevalence_scenario_grid.csv,0.0,0.0,1e-12,exact,pass
LTBI_5pct,random,1500,expected_PPV,0.6989247311827957,0.6989247311827957,apy_prevalence_scenario_grid.csv,0.0,0.0,1e-12,exact,pass
LTBI_5pct,random,1500,expected_active_TB_prevented,9.0,9.0,apy_prevalence_scenario_grid.csv,0.0,0.0,1e-12,exact,pass
LTBI_5pct,random,1500,expected_false_positive_share,0.3010752688172043,0.3010752688172043,apy_prevalence_scenario_grid.csv,0.0,0.0,1e-12,exact,pass
LTBI_5pct,random,1500,expected_false_positive_tests,28.0,28.0,apy_prevalence_scenario_grid.csv,0.0,0.0,1e-12,exact,pass
LTBI_5pct,random,1500,expected_test_positive_nonactive,93.0,93.0,apy_prevalence_scenario_grid.csv,0.0,0.0,1e-12,exact,pass
LTBI_5pct,random,1500,expected_true_positive_tests,65.0,65.0,apy_prevalence_scenario_grid.csv,0.0,0.0,1e-12,exact,pass
LTBI_5pct,random,1500,ltbi_prevalence,0.05,0.05,apy_prevalence_scenario_grid.csv,0.0,0.0,1e-12,exact,pass
LTBI_5pct,random,1500,screenCoverage,1.0,1.0,apy_prevalence_scenario_grid.csv,0.0,0.0,1e-12,exact,pass
LTBI_7_53pct,ltbi,0,expected_NNS_prevent_TB,,,apy_prevalence_scenario_grid.csv,0.0,0.0,1e-12,exact,pass
LTBI_7_53pct,ltbi,0,expected_PPV,,,apy_prevalence_scenario_grid.csv,0.0,0.0,1e-12,exact,pass
LTBI_7_53pct,ltbi,0,expected_active_TB_prevented,0.0,0.0,apy_prevalence_scenario_grid.csv,0.0,,1e-12,exact,pass
LTBI_7_53pct,ltbi,0,expected_false_positive_share,,,apy_prevalence_scenario_grid.csv,0.0,0.0,1e-12,exact,pass
LTBI_7_53pct,ltbi,0,expected_false_positive_tests,0.0,0.0,apy_prevalence_scenario_grid.csv,0.0,,1e-12,exact,pass
LTBI_7_53pct,ltbi,0,expected_test_positive_nonactive,0.0,0.0,apy_prevalence_scenario_grid.csv,0.0,,1e-12,exact,pass
LTBI_7_53pct,ltbi,0,expected_true_positive_tests,0.0,0.0,apy_prevalence_scenario_grid.csv,0.0,,1e-12,exact,pass
LTBI_7_53pct,ltbi,0,ltbi_prevalence,0.0753205128205128,0.0753205128205128,apy_prevalence_scenario_grid.csv,0.0,0.0,1e-12,exact,pass
LTBI_7_53pct,ltbi,0,screenCoverage,0.0,0.0,apy_prevalence_scenario_grid.csv,0.0,,1e-12,exact,pass
LTBI_7_53pct,ltbi,50,expected_NNS_prevent_TB,12.5,12.5,apy_prevalence_scenario_grid.csv,0.0,0.0,1e-12,exact,pass
LTBI_7_53pct,ltbi,50,expected_PPV,1.0,1.0,apy_prevalence_scenario_grid.csv,0.0,0.0,1e-12,exact,pass
LTBI_7_53pct,ltbi,50,expected_active_TB_prevented,4.0,4.0,apy_prevalence_scenario_grid.csv,0.0,0.0,1e-12,exact,pass
LTBI_7_53pct,ltbi,50,expected_false_positive_share,0.0,0.0,apy_prevalence_scenario_grid.csv,0.0,,1e-12,exact,pass
LTBI_7_53pct,ltbi,50,expected_false_positive_tests,0.0,0.0,apy_prevalence_scenario_grid.csv,0.0,,1e-12,exact,pass
LTBI_7_53pct,ltbi,50,expected_test_positive_nonactive,18.0,18.0,apy_prevalence_scenario_grid.csv,0.0,0.0,1e-12,exact,pass
LTBI_7_53pct,ltbi,50,expected_true_positive_tests,18.0,18.0,apy_prevalence_scenario_grid.csv,0.0,0.0,1e-12,exact,pass
LTBI_7_53pct,ltbi,50,ltbi_prevalence,0.0753205128205128,0.0753205128205128,apy_prevalence_scenario_grid.csv,0.0,0.0,1e-12,exact,pass
LTBI_7_53pct,ltbi,50,screenCoverage,0.0333333333333333,0.0333333333333333,apy_prevalence_scenario_grid.csv,0.0,0.0,1e-12,exact,pass
LTBI_7_53pct,ltbi,100,expected_NNS_prevent_TB,16.666666666666668,16.666666666666668,apy_prevalence_scenario_grid.csv,0.0,0.0,1e-12,exact,pass
LTBI_7_53pct,ltbi,100,expected_PPV,0.967741935483871,0.967741935483871,apy_prevalence_scenario_grid.csv,0.0,0.0,1e-12,exact,pass
LTBI_7_53pct,ltbi,100,expected_active_TB_prevented,6.0,6.0,apy_prevalence_scenario_grid.csv,0.0,0.0,1e-12,exact,pass
LTBI_7_53pct,ltbi,100,expected_false_positive_share,0.032258064516129,0.032258064516129,apy_prevalence_scenario_grid.csv,0.0,0.0,1e-12,exact,pass
LTBI_7_53pct,ltbi,100,expected_false_positive_tests,1.0,1.0,apy_prevalence_scenario_grid.csv,0.0,0.0,1e-12,exact,pass
LTBI_7_53pct,ltbi,100,expected_test_positive_nonactive,31.0,31.0,apy_prevalence_scenario_grid.csv,0.0,0.0,1e-12,exact,pass
LTBI_7_53pct,ltbi,100,expected_true_positive_tests,30.0,30.0,apy_prevalence_scenario_grid.csv,0.0,0.0,1e-12,exact,pass
LTBI_7_53pct,ltbi,100,ltbi_prevalence,0.0753205128205128,0.0753205128205128,apy_prevalence_scenario_grid.csv,0.0,0.0,1e-12,exact,pass
LTBI_7_53pct,ltbi,100,screenCoverage,0.0666666666666666,0.0666666666666666,apy_prevalence_scenario_grid.csv,0.0,0.0,1e-12,exact,pass
LTBI_7_53pct,ltbi,150,expected_NNS_prevent_TB,18.75,18.75,apy_prevalence_scenario_grid.csv,0.0,0.0,1e-12,exact,pass
LTBI_7_53pct,ltbi,150,expected_PPV,0.951219512195122,0.951219512195122,apy_prevalence_scenario_grid.csv,0.0,0.0,1e-12,exact,pass
LTBI_7_53pct,ltbi,150,expected_active_TB_prevented,8.0,8.0,apy_prevalence_scenario_grid.csv,0.0,0.0,1e-12,exact,pass
LTBI_7_53pct,ltbi,150,expected_false_positive_share,0.048780487804878,0.048780487804878,apy_prevalence_scenario_grid.csv,0.0,0.0,1e-12,exact,pass
LTBI_7_53pct,ltbi,150,expected_false_positive_tests,2.0,2.0,apy_prevalence_scenario_grid.csv,0.0,0.0,1e-12,exact,pass
LTBI_7_53pct,ltbi,150,expected_test_positive_nonactive,41.0,41.0,apy_prevalence_scenario_grid.csv,0.0,0.0,1e-12,exact,pass
LTBI_7_53pct,ltbi,150,expected_true_positive_tests,39.0,39.0,apy_prevalence_scenario_grid.csv,0.0,0.0,1e-12,exact,pass
LTBI_7_53pct,ltbi,150,ltbi_prevalence,0.0753205128205128,0.0753205128205128,apy_prevalence_scenario_grid.csv,0.0,0.0,1e-12,exact,pass
LTBI_7_53pct,ltbi,150,screenCoverage,0.1,0.1,apy_prevalence_scenario_grid.csv,0.0,0.0,1e-12,exact,pass
LTBI_7_53pct,ltbi,200,expected_NNS_prevent_TB,22.22222222222222,22.22222222222222,apy_prevalence_scenario_grid.csv,0.0,0.0,1e-12,exact,pass
LTBI_7_53pct,ltbi,200,expected_PPV,0.94,0.94,apy_prevalence_scenario_grid.csv,0.0,0.0,1e-12,exact,pass
LTBI_7_53pct,ltbi,200,expected_active_TB_prevented,9.0,9.0,apy_prevalence_scenario_grid.csv,0.0,0.0,1e-12,exact,pass
LTBI_7_53pct,ltbi,200,expected_false_positive_share,0.06,0.06,apy_prevalence_scenario_grid.csv,0.0,0.0,1e-12,exact,pass
LTBI_7_53pct,ltbi,200,expected_false_positive_tests,3.0,3.0,apy_prevalence_scenario_grid.csv,0.0,0.0,1e-12,exact,pass
LTBI_7_53pct,ltbi,200,expected_test_positive_nonactive,50.0,50.0,apy_prevalence_scenario_grid.csv,0.0,0.0,1e-12,exact,pass
LTBI_7_53pct,ltbi,200,expected_true_positive_tests,47.0,47.0,apy_prevalence_scenario_grid.csv,0.0,0.0,1e-12,exact,pass
LTBI_7_53pct,ltbi,200,ltbi_prevalence,0.0753205128205128,0.0753205128205128,apy_prevalence_scenario_grid.csv,0.0,0.0,1e-12,exact,pass
LTBI_7_53pct,ltbi,200,screenCoverage,0.1333333333333333,0.1333333333333333,apy_prevalence_scenario_grid.csv,0.0,0.0,1e-12,exact,pass
LTBI_7_53pct,ltbi,300,expected_NNS_prevent_TB,30.0,30.0,apy_prevalence_scenario_grid.csv,0.0,0.0,1e-12,exact,pass
LTBI_7_53pct,ltbi,300,expected_PPV,0.9365079365079364,0.9365079365079364,apy_prevalence_scenario_grid.csv,0.0,0.0,1e-12,exact,pass
LTBI_7_53pct,ltbi,300,expected_active_TB_prevented,10.0,10.0,apy_prevalence_scenario_grid.csv,0.0,0.0,1e-12,exact,pass
LTBI_7_53pct,ltbi,300,expected_false_positive_share,0.0634920634920634,0.0634920634920634,apy_prevalence_scenario_grid.csv,0.0,0.0,1e-12,exact,pass
LTBI_7_53pct,ltbi,300,expected_false_positive_tests,4.0,4.0,apy_prevalence_scenario_grid.csv,0.0,0.0,1e-12,exact,pass
LTBI_7_53pct,ltbi,300,expected_test_positive_nonactive,63.0,63.0,apy_prevalence_scenario_grid.csv,0.0,0.0,1e-12,exact,pass
LTBI_7_53pct,ltbi,300,expected_true_positive_tests,59.0,59.0,apy_prevalence_scenario_grid.csv,0.0,0.0,1e-12,exact,pass
LTBI_7_53pct,ltbi,300,ltbi_prevalence,0.0753205128205128,0.0753205128205128,apy_prevalence_scenario_grid.csv,0.0,0.0,1e-12,exact,pass
LTBI_7_53pct,ltbi,300,screenCoverage,0.2,0.2,apy_prevalence_scenario_grid.csv,0.0,0.0,1e-12,exact,pass
LTBI_7_53pct,ltbi,450,expected_NNS_prevent_TB,40.90909090909091,40.90909090909091,apy_prevalence_scenario_grid.csv,0.0,0.0,1e-12,exact,pass
LTBI_7_53pct,ltbi,450,expected_PPV,0.9113924050632912,0.9113924050632912,apy_prevalence_scenario_grid.csv,0.0,0.0,1e-12,exact,pass
LTBI_7_53pct,ltbi,450,expected_active_TB_prevented,11.0,11.0,apy_prevalence_scenario_grid.csv,0.0,0.0,1e-12,exact,pass
LTBI_7_53pct,ltbi,450,expected_false_positive_share,0.0886075949367088,0.0886075949367088,apy_prevalence_scenario_grid.csv,0.0,0.0,1e-12,exact,pass
LTBI_7_53pct,ltbi,450,expected_false_positive_tests,7.0,7.0,apy_prevalence_scenario_grid.csv,0.0,0.0,1e-12,exact,pass
LTBI_7_53pct,ltbi,450,expected_test_positive_nonactive,79.0,79.0,apy_prevalence_scenario_grid.csv,0.0,0.0,1e-12,exact,pass
LTBI_7_53pct,ltbi,450,expected_true_positive_tests,72.0,72.0,apy_prevalence_scenario_grid.csv,0.0,0.0,1e-12,exact,pass
LTBI_7_53pct,ltbi,450,ltbi_prevalence,0.0753205128205128,0.0753205128205128,apy_prevalence_scenario_grid.csv,0.0,0.0,1e-12,exact,pass
LTBI_7_53pct,ltbi,450,screenCoverage,0.3,0.3,apy_prevalence_scenario_grid.csv,0.0,0.0,1e-12,exact,pass
LTBI_7_53pct,ltbi,600,expected_NNS_prevent_TB,50.0,50.0,apy_prevalence_scenario_grid.csv,0.0,0.0,1e-12,exact,pass
LTBI_7_53pct,ltbi,600,expected_PPV,0.8901098901098901,0.8901098901098901,apy_prevalence_scenario_grid.csv,0.0,0.0,1e-12,exact,pass
LTBI_7_53pct,ltbi,600,expected_active_TB_prevented,12.0,12.0,apy_prevalence_scenario_grid.csv,0.0,0.0,1e-12,exact,pass
LTBI_7_53pct,ltbi,600,expected_false_positive_share,0.1098901098901098,0.1098901098901098,apy_prevalence_scenario_grid.csv,0.0,0.0,1e-12,exact,pass
LTBI_7_53pct,ltbi,600,expected_false_positive_tests,10.0,10.0,apy_prevalence_scenario_grid.csv,0.0,0.0,1e-12,exact,pass
LTBI_7_53pct,ltbi,600,expected_test_positive_nonactive,91.0,91.0,apy_prevalence_scenario_grid.csv,0.0,0.0,1e-12,exact,pass
LTBI_7_53pct,ltbi,600,expected_true_positive_tests,81.0,81.0,apy_prevalence_scenario_grid.csv,0.0,0.0,1e-12,exact,pass
LTBI_7_53pct,ltbi,600,ltbi_prevalence,0.0753205128205128,0.0753205128205128,apy_prevalence_scenario_grid.csv,0.0,0.0,1e-12,exact,pass
LTBI_7_53pct,ltbi,600,screenCoverage,0.4,0.4,apy_prevalence_scenario_grid.csv,0.0,0.0,1e-12,exact,pass
LTBI_7_53pct,ltbi,1000,expected_NNS_prevent_TB,76.92307692307692,76.92307692307692,apy_prevalence_scenario_grid.csv,0.0,0.0,1e-12,exact,pass
LTBI_7_53pct,ltbi,1000,expected_PPV,0.8385650224215246,0.8385650224215246,apy_prevalence_scenario_grid.csv,0.0,0.0,1e-12,exact,pass
LTBI_7_53pct,ltbi,1000,expected_active_TB_prevented,13.0,13.0,apy_prevalence_scenario_grid.csv,0.0,0.0,1e-12,exact,pass
LTBI_7_53pct,ltbi,1000,expected_false_positive_share,0.1614349775784753,0.1614349775784753,apy_prevalence_scenario_grid.csv,0.0,0.0,1e-12,exact,pass
LTBI_7_53pct,ltbi,1000,expected_false_positive_tests,18.0,18.0,apy_prevalence_scenario_grid.csv,0.0,0.0,1e-12,exact,pass
LTBI_7_53pct,ltbi,1000,expected_test_positive_nonactive,111.5,111.5,apy_prevalence_scenario_grid.csv,0.0,0.0,1e-12,exact,pass
LTBI_7_53pct,ltbi,1000,expected_true_positive_tests,93.5,93.5,apy_prevalence_scenario_grid.csv,0.0,0.0,1e-12,exact,pass
LTBI_7_53pct,ltbi,1000,ltbi_prevalence,0.0753205128205128,0.0753205128205128,apy_prevalence_scenario_grid.csv,0.0,0.0,1e-12,exact,pass
LTBI_7_53pct,ltbi,1000,screenCoverage,0.6666666666666666,0.6666666666666666,apy_prevalence_scenario_grid.csv,0.0,0.0,1e-12,exact,pass
LTBI_7_53pct,ltbi,1500,expected_NNS_prevent_TB,115.3846153846154,115.3846153846154,apy_prevalence_scenario_grid.csv,0.0,0.0,1e-12,exact,pass
LTBI_7_53pct,ltbi,1500,expected_PPV,0.7741935483870968,0.7741935483870968,apy_prevalence_scenario_grid.csv,0.0,0.0,1e-12,exact,pass
LTBI_7_53pct,ltbi,1500,expected_active_TB_prevented,13.0,13.0,apy_prevalence_scenario_grid.csv,0.0,0.0,1e-12,exact,pass
LTBI_7_53pct,ltbi,1500,expected_false_positive_share,0.2258064516129032,0.2258064516129032,apy_prevalence_scenario_grid.csv,0.0,0.0,1e-12,exact,pass
LTBI_7_53pct,ltbi,1500,expected_false_positive_tests,28.0,28.0,apy_prevalence_scenario_grid.csv,0.0,0.0,1e-12,exact,pass
LTBI_7_53pct,ltbi,1500,expected_test_positive_nonactive,124.0,124.0,apy_prevalence_scenario_grid.csv,0.0,0.0,1e-12,exact,pass
LTBI_7_53pct,ltbi,1500,expected_true_positive_tests,96.0,96.0,apy_prevalence_scenario_grid.csv,0.0,0.0,1e-12,exact,pass
LTBI_7_53pct,ltbi,1500,ltbi_prevalence,0.0753205128205128,0.0753205128205128,apy_prevalence_scenario_grid.csv,0.0,0.0,1e-12,exact,pass
LTBI_7_53pct,ltbi,1500,screenCoverage,1.0,1.0,apy_prevalence_scenario_grid.csv,0.0,0.0,1e-12,exact,pass
LTBI_7_53pct,prevent,0,expected_NNS_prevent_TB,,,apy_prevalence_scenario_grid.csv,0.0,0.0,1e-12,exact,pass
LTBI_7_53pct,prevent,0,expected_PPV,,,apy_prevalence_scenario_grid.csv,0.0,0.0,1e-12,exact,pass
LTBI_7_53pct,prevent,0,expected_active_TB_prevented,0.0,0.0,apy_prevalence_scenario_grid.csv,0.0,,1e-12,exact,pass
LTBI_7_53pct,prevent,0,expected_false_positive_share,,,apy_prevalence_scenario_grid.csv,0.0,0.0,1e-12,exact,pass
LTBI_7_53pct,prevent,0,expected_false_positive_tests,0.0,0.0,apy_prevalence_scenario_grid.csv,0.0,,1e-12,exact,pass
LTBI_7_53pct,prevent,0,expected_test_positive_nonactive,0.0,0.0,apy_prevalence_scenario_grid.csv,0.0,,1e-12,exact,pass
LTBI_7_53pct,prevent,0,expected_true_positive_tests,0.0,0.0,apy_prevalence_scenario_grid.csv,0.0,,1e-12,exact,pass
LTBI_7_53pct,prevent,0,ltbi_prevalence,0.0753205128205128,0.0753205128205128,apy_prevalence_scenario_grid.csv,0.0,0.0,1e-12,exact,pass
LTBI_7_53pct,prevent,0,screenCoverage,0.0,0.0,apy_prevalence_scenario_grid.csv,0.0,,1e-12,exact,pass
LTBI_7_53pct,prevent,50,expected_NNS_prevent_TB,10.0,10.0,apy_prevalence_scenario_grid.csv,0.0,0.0,1e-12,exact,pass
LTBI_7_53pct,prevent,50,expected_PPV,1.0,1.0,apy_prevalence_scenario_grid.csv,0.0,0.0,1e-12,exact,pass
LTBI_7_53pct,prevent,50,expected_active_TB_prevented,5.0,5.0,apy_prevalence_scenario_grid.csv,0.0,0.0,1e-12,exact,pass
LTBI_7_53pct,prevent,50,expected_false_positive_share,0.0,0.0,apy_prevalence_scenario_grid.csv,0.0,,1e-12,exact,pass
LTBI_7_53pct,prevent,50,expected_false_positive_tests,0.0,0.0,apy_prevalence_scenario_grid.csv,0.0,,1e-12,exact,pass
LTBI_7_53pct,prevent,50,expected_test_positive_nonactive,16.0,16.0,apy_prevalence_scenario_grid.csv,0.0,0.0,1e-12,exact,pass
LTBI_7_53pct,prevent,50,expected_true_positive_tests,16.0,16.0,apy_prevalence_scenario_grid.csv,0.0,0.0,1e-12,exact,pass
LTBI_7_53pct,prevent,50,ltbi_prevalence,0.0753205128205128,0.0753205128205128,apy_prevalence_scenario_grid.csv,0.0,0.0,1e-12,exact,pass
LTBI_7_53pct,prevent,50,screenCoverage,0.0333333333333333,0.0333333333333333,apy_prevalence_scenario_grid.csv,0.0,0.0,1e-12,exact,pass
LTBI_7_53pct,prevent,100,expected_NNS_prevent_TB,14.285714285714286,14.285714285714286,apy_prevalence_scenario_grid.csv,0.0,0.0,1e-12,exact,pass
LTBI_7_53pct,prevent,100,expected_PPV,0.9615384615384616,0.9615384615384616,apy_prevalence_scenario_grid.csv,0.0,0.0,1e-12,exact,pass
LTBI_7_53pct,prevent,100,expected_active_TB_prevented,7.0,7.0,apy_prevalence_scenario_grid.csv,0.0,0.0,1e-12,exact,pass
LTBI_7_53pct,prevent,100,expected_false_positive_share,0.0384615384615384,0.0384615384615384,apy_prevalence_scenario_grid.csv,0.0,0.0,1e-12,exact,pass
LTBI_7_53pct,prevent,100,expected_false_positive_tests,1.0,1.0,apy_prevalence_scenario_grid.csv,0.0,0.0,1e-12,exact,pass
LTBI_7_53pct,prevent,100,expected_test_positive_nonactive,26.0,26.0,apy_prevalence_scenario_grid.csv,0.0,0.0,1e-12,exact,pass
LTBI_7_53pct,prevent,100,expected_true_positive_tests,25.0,25.0,apy_prevalence_scenario_grid.csv,0.0,0.0,1e-12,exact,pass
LTBI_7_53pct,prevent,100,ltbi_prevalence,0.0753205128205128,0.0753205128205128,apy_prevalence_scenario_grid.csv,0.0,0.0,1e-12,exact,pass
LTBI_7_53pct,prevent,100,screenCoverage,0.0666666666666666,0.0666666666666666,apy_prevalence_scenario_grid.csv,0.0,0.0,1e-12,exact,pass
LTBI_7_53pct,prevent,150,expected_NNS_prevent_TB,16.666666666666668,16.666666666666668,apy_prevalence_scenario_grid.csv,0.0,0.0,1e-12,exact,pass
LTBI_7_53pct,prevent,150,expected_PPV,0.9428571428571428,0.9428571428571428,apy_prevalence_scenario_grid.csv,0.0,0.0,1e-12,exact,pass
LTBI_7_53pct,prevent,150,expected_active_TB_prevented,9.0,9.0,apy_prevalence_scenario_grid.csv,0.0,0.0,1e-12,exact,pass
LTBI_7_53pct,prevent,150,expected_false_positive_share,0.0571428571428571,0.0571428571428571,apy_prevalence_scenario_grid.csv,0.0,0.0,1e-12,exact,pass
LTBI_7_53pct,prevent,150,expected_false_positive_tests,2.0,2.0,apy_prevalence_scenario_grid.csv,0.0,0.0,1e-12,exact,pass
LTBI_7_53pct,prevent,150,expected_test_positive_nonactive,35.0,35.0,apy_prevalence_scenario_grid.csv,0.0,0.0,1e-12,exact,pass
LTBI_7_53pct,prevent,150,expected_true_positive_tests,33.0,33.0,apy_prevalence_scenario_grid.csv,0.0,0.0,1e-12,exact,pass
LTBI_7_53pct,prevent,150,ltbi_prevalence,0.0753205128205128,0.0753205128205128,apy_prevalence_scenario_grid.csv,0.0,0.0,1e-12,exact,pass
LTBI_7_53pct,prevent,150,screenCoverage,0.1,0.1,apy_prevalence_scenario_grid.csv,0.0,0.0,1e-12,exact,pass
LTBI_7_53pct,prevent,200,expected_NNS_prevent_TB,20.0,20.0,apy_prevalence_scenario_grid.csv,0.0,0.0,1e-12,exact,pass
LTBI_7_53pct,prevent,200,expected_PPV,0.9302325581395348,0.9302325581395348,apy_prevalence_scenario_grid.csv,0.0,0.0,1e-12,exact,pass
LTBI_7_53pct,prevent,200,expected_active_TB_prevented,10.0,10.0,apy_prevalence_scenario_grid.csv,0.0,0.0,1e-12,exact,pass
LTBI_7_53pct,prevent,200,expected_false_positive_share,0.0697674418604651,0.0697674418604651,apy_prevalence_scenario_grid.csv,0.0,0.0,1e-12,exact,pass
LTBI_7_53pct,prevent,200,expected_false_positive_tests,3.0,3.0,apy_prevalence_scenario_grid.csv,0.0,0.0,1e-12,exact,pass
LTBI_7_53pct,prevent,200,expected_test_positive_nonactive,43.0,43.0,apy_prevalence_scenario_grid.csv,0.0,0.0,1e-12,exact,pass
LTBI_7_53pct,prevent,200,expected_true_positive_tests,40.0,40.0,apy_prevalence_scenario_grid.csv,0.0,0.0,1e-12,exact,pass
LTBI_7_53pct,prevent,200,ltbi_prevalence,0.0753205128205128,0.0753205128205128,apy_prevalence_scenario_grid.csv,0.0,0.0,1e-12,exact,pass
LTBI_7_53pct,prevent,200,screenCoverage,0.1333333333333333,0.1333333333333333,apy_prevalence_scenario_grid.csv,0.0,0.0,1e-12,exact,pass
LTBI_7_53pct,prevent,300,expected_NNS_prevent_TB,27.27272727272728,27.272727272727277,apy_prevalence_scenario_grid.csv,-3.552713678800501e-15,-1.3026616822268499e-16,1e-12,formatting_or_float_precision_only,pass
LTBI_7_53pct,prevent,300,expected_PPV,0.9298245614035088,0.9298245614035088,apy_prevalence_scenario_grid.csv,0.0,0.0,1e-12,exact,pass
LTBI_7_53pct,prevent,300,expected_active_TB_prevented,11.0,11.0,apy_prevalence_scenario_grid.csv,0.0,0.0,1e-12,exact,pass
LTBI_7_53pct,prevent,300,expected_false_positive_share,0.0701754385964912,0.0701754385964912,apy_prevalence_scenario_grid.csv,0.0,0.0,1e-12,exact,pass
LTBI_7_53pct,prevent,300,expected_false_positive_tests,4.0,4.0,apy_prevalence_scenario_grid.csv,0.0,0.0,1e-12,exact,pass
LTBI_7_53pct,prevent,300,expected_test_positive_nonactive,57.0,57.0,apy_prevalence_scenario_grid.csv,0.0,0.0,1e-12,exact,pass
LTBI_7_53pct,prevent,300,expected_true_positive_tests,53.0,53.0,apy_prevalence_scenario_grid.csv,0.0,0.0,1e-12,exact,pass
LTBI_7_53pct,prevent,300,ltbi_prevalence,0.0753205128205128,0.0753205128205128,apy_prevalence_scenario_grid.csv,0.0,0.0,1e-12,exact,pass
LTBI_7_53pct,prevent,300,screenCoverage,0.2,0.2,apy_prevalence_scenario_grid.csv,0.0,0.0,1e-12,exact,pass
LTBI_7_53pct,prevent,450,expected_NNS_prevent_TB,37.5,37.5,apy_prevalence_scenario_grid.csv,0.0,0.0,1e-12,exact,pass
LTBI_7_53pct,prevent,450,expected_PPV,0.9047619047619048,0.9047619047619048,apy_prevalence_scenario_grid.csv,0.0,0.0,1e-12,exact,pass
LTBI_7_53pct,prevent,450,expected_active_TB_prevented,12.0,12.0,apy_prevalence_scenario_grid.csv,0.0,0.0,1e-12,exact,pass
LTBI_7_53pct,prevent,450,expected_false_positive_share,0.0952380952380952,0.0952380952380952,apy_prevalence_scenario_grid.csv,0.0,0.0,1e-12,exact,pass
LTBI_7_53pct,prevent,450,expected_false_positive_tests,7.0,7.0,apy_prevalence_scenario_grid.csv,0.0,0.0,1e-12,exact,pass
LTBI_7_53pct,prevent,450,expected_test_positive_nonactive,73.5,73.5,apy_prevalence_scenario_grid.csv,0.0,0.0,1e-12,exact,pass
LTBI_7_53pct,prevent,450,expected_true_positive_tests,66.5,66.5,apy_prevalence_scenario_grid.csv,0.0,0.0,1e-12,exact,pass
LTBI_7_53pct,prevent,450,ltbi_prevalence,0.0753205128205128,0.0753205128205128,apy_prevalence_scenario_grid.csv,0.0,0.0,1e-12,exact,pass
LTBI_7_53pct,prevent,450,screenCoverage,0.3,0.3,apy_prevalence_scenario_grid.csv,0.0,0.0,1e-12,exact,pass
LTBI_7_53pct,prevent,600,expected_NNS_prevent_TB,46.15384615384615,46.15384615384615,apy_prevalence_scenario_grid.csv,0.0,0.0,1e-12,exact,pass
LTBI_7_53pct,prevent,600,expected_PPV,0.8837209302325582,0.8837209302325582,apy_prevalence_scenario_grid.csv,0.0,0.0,1e-12,exact,pass
LTBI_7_53pct,prevent,600,expected_active_TB_prevented,13.0,13.0,apy_prevalence_scenario_grid.csv,0.0,0.0,1e-12,exact,pass
LTBI_7_53pct,prevent,600,expected_false_positive_share,0.1162790697674418,0.1162790697674418,apy_prevalence_scenario_grid.csv,0.0,0.0,1e-12,exact,pass
LTBI_7_53pct,prevent,600,expected_false_positive_tests,10.0,10.0,apy_prevalence_scenario_grid.csv,0.0,0.0,1e-12,exact,pass
LTBI_7_53pct,prevent,600,expected_test_positive_nonactive,86.0,86.0,apy_prevalence_scenario_grid.csv,0.0,0.0,1e-12,exact,pass
LTBI_7_53pct,prevent,600,expected_true_positive_tests,76.0,76.0,apy_prevalence_scenario_grid.csv,0.0,0.0,1e-12,exact,pass
LTBI_7_53pct,prevent,600,ltbi_prevalence,0.0753205128205128,0.0753205128205128,apy_prevalence_scenario_grid.csv,0.0,0.0,1e-12,exact,pass
LTBI_7_53pct,prevent,600,screenCoverage,0.4,0.4,apy_prevalence_scenario_grid.csv,0.0,0.0,1e-12,exact,pass
LTBI_7_53pct,prevent,1000,expected_NNS_prevent_TB,76.92307692307692,76.92307692307692,apy_prevalence_scenario_grid.csv,0.0,0.0,1e-12,exact,pass
LTBI_7_53pct,prevent,1000,expected_PPV,0.8378378378378378,0.8378378378378378,apy_prevalence_scenario_grid.csv,0.0,0.0,1e-12,exact,pass
LTBI_7_53pct,prevent,1000,expected_active_TB_prevented,13.0,13.0,apy_prevalence_scenario_grid.csv,0.0,0.0,1e-12,exact,pass
LTBI_7_53pct,prevent,1000,expected_false_positive_share,0.1621621621621621,0.1621621621621621,apy_prevalence_scenario_grid.csv,0.0,0.0,1e-12,exact,pass
LTBI_7_53pct,prevent,1000,expected_false_positive_tests,18.0,18.0,apy_prevalence_scenario_grid.csv,0.0,0.0,1e-12,exact,pass
LTBI_7_53pct,prevent,1000,expected_test_positive_nonactive,111.0,111.0,apy_prevalence_scenario_grid.csv,0.0,0.0,1e-12,exact,pass
LTBI_7_53pct,prevent,1000,expected_true_positive_tests,93.0,93.0,apy_prevalence_scenario_grid.csv,0.0,0.0,1e-12,exact,pass
LTBI_7_53pct,prevent,1000,ltbi_prevalence,0.0753205128205128,0.0753205128205128,apy_prevalence_scenario_grid.csv,0.0,0.0,1e-12,exact,pass
LTBI_7_53pct,prevent,1000,screenCoverage,0.6666666666666666,0.6666666666666666,apy_prevalence_scenario_grid.csv,0.0,0.0,1e-12,exact,pass
LTBI_7_53pct,prevent,1500,expected_NNS_prevent_TB,115.3846153846154,115.3846153846154,apy_prevalence_scenario_grid.csv,0.0,0.0,1e-12,exact,pass
LTBI_7_53pct,prevent,1500,expected_PPV,0.7741935483870968,0.7741935483870968,apy_prevalence_scenario_grid.csv,0.0,0.0,1e-12,exact,pass
LTBI_7_53pct,prevent,1500,expected_active_TB_prevented,13.0,13.0,apy_prevalence_scenario_grid.csv,0.0,0.0,1e-12,exact,pass
LTBI_7_53pct,prevent,1500,expected_false_positive_share,0.2258064516129032,0.2258064516129032,apy_prevalence_scenario_grid.csv,0.0,0.0,1e-12,exact,pass
LTBI_7_53pct,prevent,1500,expected_false_positive_tests,28.0,28.0,apy_prevalence_scenario_grid.csv,0.0,0.0,1e-12,exact,pass
LTBI_7_53pct,prevent,1500,expected_test_positive_nonactive,124.0,124.0,apy_prevalence_scenario_grid.csv,0.0,0.0,1e-12,exact,pass
LTBI_7_53pct,prevent,1500,expected_true_positive_tests,96.0,96.0,apy_prevalence_scenario_grid.csv,0.0,0.0,1e-12,exact,pass
LTBI_7_53pct,prevent,1500,ltbi_prevalence,0.0753205128205128,0.0753205128205128,apy_prevalence_scenario_grid.csv,0.0,0.0,1e-12,exact,pass
LTBI_7_53pct,prevent,1500,screenCoverage,1.0,1.0,apy_prevalence_scenario_grid.csv,0.0,0.0,1e-12,exact,pass
LTBI_7_53pct,random,0,expected_NNS_prevent_TB,,,apy_prevalence_scenario_grid.csv,0.0,0.0,1e-12,exact,pass
LTBI_7_53pct,random,0,expected_PPV,,,apy_prevalence_scenario_grid.csv,0.0,0.0,1e-12,exact,pass
LTBI_7_53pct,random,0,expected_active_TB_prevented,0.0,0.0,apy_prevalence_scenario_grid.csv,0.0,,1e-12,exact,pass
LTBI_7_53pct,random,0,expected_false_positive_share,,,apy_prevalence_scenario_grid.csv,0.0,0.0,1e-12,exact,pass
LTBI_7_53pct,random,0,expected_false_positive_tests,0.0,0.0,apy_prevalence_scenario_grid.csv,0.0,,1e-12,exact,pass
LTBI_7_53pct,random,0,expected_test_positive_nonactive,0.0,0.0,apy_prevalence_scenario_grid.csv,0.0,,1e-12,exact,pass
LTBI_7_53pct,random,0,expected_true_positive_tests,0.0,0.0,apy_prevalence_scenario_grid.csv,0.0,,1e-12,exact,pass
LTBI_7_53pct,random,0,ltbi_prevalence,0.0753205128205128,0.0753205128205128,apy_prevalence_scenario_grid.csv,0.0,0.0,1e-12,exact,pass
LTBI_7_53pct,random,0,screenCoverage,0.0,0.0,apy_prevalence_scenario_grid.csv,0.0,,1e-12,exact,pass
LTBI_7_53pct,random,50,expected_NNS_prevent_TB,,,apy_prevalence_scenario_grid.csv,0.0,0.0,1e-12,exact,pass
LTBI_7_53pct,random,50,expected_PPV,0.75,0.75,apy_prevalence_scenario_grid.csv,0.0,0.0,1e-12,exact,pass
LTBI_7_53pct,random,50,expected_active_TB_prevented,0.0,0.0,apy_prevalence_scenario_grid.csv,0.0,,1e-12,exact,pass
LTBI_7_53pct,random,50,expected_false_positive_share,0.25,0.25,apy_prevalence_scenario_grid.csv,0.0,0.0,1e-12,exact,pass
LTBI_7_53pct,random,50,expected_false_positive_tests,1.0,1.0,apy_prevalence_scenario_grid.csv,0.0,0.0,1e-12,exact,pass
LTBI_7_53pct,random,50,expected_test_positive_nonactive,4.0,4.0,apy_prevalence_scenario_grid.csv,0.0,0.0,1e-12,exact,pass
LTBI_7_53pct,random,50,expected_true_positive_tests,3.0,3.0,apy_prevalence_scenario_grid.csv,0.0,0.0,1e-12,exact,pass
LTBI_7_53pct,random,50,ltbi_prevalence,0.0753205128205128,0.0753205128205128,apy_prevalence_scenario_grid.csv,0.0,0.0,1e-12,exact,pass
LTBI_7_53pct,random,50,screenCoverage,0.0333333333333333,0.0333333333333333,apy_prevalence_scenario_grid.csv,0.0,0.0,1e-12,exact,pass
LTBI_7_53pct,random,100,expected_NNS_prevent_TB,100.0,100.0,apy_prevalence_scenario_grid.csv,0.0,0.0,1e-12,exact,pass
LTBI_7_53pct,random,100,expected_PPV,0.75,0.75,apy_prevalence_scenario_grid.csv,0.0,0.0,1e-12,exact,pass
LTBI_7_53pct,random,100,expected_active_TB_prevented,1.0,1.0,apy_prevalence_scenario_grid.csv,0.0,0.0,1e-12,exact,pass
LTBI_7_53pct,random,100,expected_false_positive_share,0.25,0.25,apy_prevalence_scenario_grid.csv,0.0,0.0,1e-12,exact,pass
LTBI_7_53pct,random,100,expected_false_positive_tests,2.0,2.0,apy_prevalence_scenario_grid.csv,0.0,0.0,1e-12,exact,pass
LTBI_7_53pct,random,100,expected_test_positive_nonactive,8.0,8.0,apy_prevalence_scenario_grid.csv,0.0,0.0,1e-12,exact,pass
LTBI_7_53pct,random,100,expected_true_positive_tests,6.0,6.0,apy_prevalence_scenario_grid.csv,0.0,0.0,1e-12,exact,pass
LTBI_7_53pct,random,100,ltbi_prevalence,0.0753205128205128,0.0753205128205128,apy_prevalence_scenario_grid.csv,0.0,0.0,1e-12,exact,pass
LTBI_7_53pct,random,100,screenCoverage,0.0666666666666666,0.0666666666666666,apy_prevalence_scenario_grid.csv,0.0,0.0,1e-12,exact,pass
LTBI_7_53pct,random,150,expected_NNS_prevent_TB,150.0,150.0,apy_prevalence_scenario_grid.csv,0.0,0.0,1e-12,exact,pass
LTBI_7_53pct,random,150,expected_PPV,0.75,0.75,apy_prevalence_scenario_grid.csv,0.0,0.0,1e-12,exact,pass
LTBI_7_53pct,random,150,expected_active_TB_prevented,1.0,1.0,apy_prevalence_scenario_grid.csv,0.0,0.0,1e-12,exact,pass
LTBI_7_53pct,random,150,expected_false_positive_share,0.25,0.25,apy_prevalence_scenario_grid.csv,0.0,0.0,1e-12,exact,pass
LTBI_7_53pct,random,150,expected_false_positive_tests,3.0,3.0,apy_prevalence_scenario_grid.csv,0.0,0.0,1e-12,exact,pass
LTBI_7_53pct,random,150,expected_test_positive_nonactive,12.0,12.0,apy_prevalence_scenario_grid.csv,0.0,0.0,1e-12,exact,pass
LTBI_7_53pct,random,150,expected_true_positive_tests,9.0,9.0,apy_prevalence_scenario_grid.csv,0.0,0.0,1e-12,exact,pass
LTBI_7_53pct,random,150,ltbi_prevalence,0.0753205128205128,0.0753205128205128,apy_prevalence_scenario_grid.csv,0.0,0.0,1e-12,exact,pass
LTBI_7_53pct,random,150,screenCoverage,0.1,0.1,apy_prevalence_scenario_grid.csv,0.0,0.0,1e-12,exact,pass
LTBI_7_53pct,random,200,expected_NNS_prevent_TB,100.0,100.0,apy_prevalence_scenario_grid.csv,0.0,0.0,1e-12,exact,pass
LTBI_7_53pct,random,200,expected_PPV,0.7647058823529411,0.7647058823529411,apy_prevalence_scenario_grid.csv,0.0,0.0,1e-12,exact,pass
LTBI_7_53pct,random,200,expected_active_TB_prevented,2.0,2.0,apy_prevalence_scenario_grid.csv,0.0,0.0,1e-12,exact,pass
LTBI_7_53pct,random,200,expected_false_positive_share,0.2352941176470588,0.2352941176470588,apy_prevalence_scenario_grid.csv,0.0,0.0,1e-12,exact,pass
LTBI_7_53pct,random,200,expected_false_positive_tests,4.0,4.0,apy_prevalence_scenario_grid.csv,0.0,0.0,1e-12,exact,pass
LTBI_7_53pct,random,200,expected_test_positive_nonactive,17.0,17.0,apy_prevalence_scenario_grid.csv,0.0,0.0,1e-12,exact,pass
LTBI_7_53pct,random,200,expected_true_positive_tests,13.0,13.0,apy_prevalence_scenario_grid.csv,0.0,0.0,1e-12,exact,pass
LTBI_7_53pct,random,200,ltbi_prevalence,0.0753205128205128,0.0753205128205128,apy_prevalence_scenario_grid.csv,0.0,0.0,1e-12,exact,pass
LTBI_7_53pct,random,200,screenCoverage,0.1333333333333333,0.1333333333333333,apy_prevalence_scenario_grid.csv,0.0,0.0,1e-12,exact,pass
LTBI_7_53pct,random,300,expected_NNS_prevent_TB,150.0,150.0,apy_prevalence_scenario_grid.csv,0.0,0.0,1e-12,exact,pass
LTBI_7_53pct,random,300,expected_PPV,0.8,0.8,apy_prevalence_scenario_grid.csv,0.0,0.0,1e-12,exact,pass
LTBI_7_53pct,random,300,expected_active_TB_prevented,2.0,2.0,apy_prevalence_scenario_grid.csv,0.0,0.0,1e-12,exact,pass
LTBI_7_53pct,random,300,expected_false_positive_share,0.2,0.2,apy_prevalence_scenario_grid.csv,0.0,0.0,1e-12,exact,pass
LTBI_7_53pct,random,300,expected_false_positive_tests,5.0,5.0,apy_prevalence_scenario_grid.csv,0.0,0.0,1e-12,exact,pass
LTBI_7_53pct,random,300,expected_test_positive_nonactive,25.0,25.0,apy_prevalence_scenario_grid.csv,0.0,0.0,1e-12,exact,pass
LTBI_7_53pct,random,300,expected_true_positive_tests,20.0,20.0,apy_prevalence_scenario_grid.csv,0.0,0.0,1e-12,exact,pass
LTBI_7_53pct,random,300,ltbi_prevalence,0.0753205128205128,0.0753205128205128,apy_prevalence_scenario_grid.csv,0.0,0.0,1e-12,exact,pass
LTBI_7_53pct,random,300,screenCoverage,0.2,0.2,apy_prevalence_scenario_grid.csv,0.0,0.0,1e-12,exact,pass
LTBI_7_53pct,random,450,expected_NNS_prevent_TB,112.5,112.5,apy_prevalence_scenario_grid.csv,0.0,0.0,1e-12,exact,pass
LTBI_7_53pct,random,450,expected_PPV,0.7837837837837838,0.7837837837837838,apy_prevalence_scenario_grid.csv,0.0,0.0,1e-12,exact,pass
LTBI_7_53pct,random,450,expected_active_TB_prevented,4.0,4.0,apy_prevalence_scenario_grid.csv,0.0,0.0,1e-12,exact,pass
LTBI_7_53pct,random,450,expected_false_positive_share,0.2162162162162162,0.2162162162162162,apy_prevalence_scenario_grid.csv,0.0,0.0,1e-12,exact,pass
LTBI_7_53pct,random,450,expected_false_positive_tests,8.0,8.0,apy_prevalence_scenario_grid.csv,0.0,0.0,1e-12,exact,pass
LTBI_7_53pct,random,450,expected_test_positive_nonactive,37.0,37.0,apy_prevalence_scenario_grid.csv,0.0,0.0,1e-12,exact,pass
LTBI_7_53pct,random,450,expected_true_positive_tests,29.0,29.0,apy_prevalence_scenario_grid.csv,0.0,0.0,1e-12,exact,pass
LTBI_7_53pct,random,450,ltbi_prevalence,0.0753205128205128,0.0753205128205128,apy_prevalence_scenario_grid.csv,0.0,0.0,1e-12,exact,pass
LTBI_7_53pct,random,450,screenCoverage,0.3,0.3,apy_prevalence_scenario_grid.csv,0.0,0.0,1e-12,exact,pass
LTBI_7_53pct,random,600,expected_NNS_prevent_TB,120.0,120.0,apy_prevalence_scenario_grid.csv,0.0,0.0,1e-12,exact,pass
LTBI_7_53pct,random,600,expected_PPV,0.78,0.78,apy_prevalence_scenario_grid.csv,0.0,0.0,1e-12,exact,pass
LTBI_7_53pct,random,600,expected_active_TB_prevented,5.0,5.0,apy_prevalence_scenario_grid.csv,0.0,0.0,1e-12,exact,pass
LTBI_7_53pct,random,600,expected_false_positive_share,0.22,0.22,apy_prevalence_scenario_grid.csv,0.0,0.0,1e-12,exact,pass
LTBI_7_53pct,random,600,expected_false_positive_tests,11.0,11.0,apy_prevalence_scenario_grid.csv,0.0,0.0,1e-12,exact,pass
LTBI_7_53pct,random,600,expected_test_positive_nonactive,50.0,50.0,apy_prevalence_scenario_grid.csv,0.0,0.0,1e-12,exact,pass
LTBI_7_53pct,random,600,expected_true_positive_tests,39.0,39.0,apy_prevalence_scenario_grid.csv,0.0,0.0,1e-12,exact,pass
LTBI_7_53pct,random,600,ltbi_prevalence,0.0753205128205128,0.0753205128205128,apy_prevalence_scenario_grid.csv,0.0,0.0,1e-12,exact,pass
LTBI_7_53pct,random,600,screenCoverage,0.4,0.4,apy_prevalence_scenario_grid.csv,0.0,0.0,1e-12,exact,pass
LTBI_7_53pct,random,1000,expected_NNS_prevent_TB,111.11111111111111,111.11111111111111,apy_prevalence_scenario_grid.csv,0.0,0.0,1e-12,exact,pass
LTBI_7_53pct,random,1000,expected_PPV,0.7831325301204819,0.7831325301204819,apy_prevalence_scenario_grid.csv,0.0,0.0,1e-12,exact,pass
LTBI_7_53pct,random,1000,expected_active_TB_prevented,9.0,9.0,apy_prevalence_scenario_grid.csv,0.0,0.0,1e-12,exact,pass
LTBI_7_53pct,random,1000,expected_false_positive_share,0.216867469879518,0.216867469879518,apy_prevalence_scenario_grid.csv,0.0,0.0,1e-12,exact,pass
LTBI_7_53pct,random,1000,expected_false_positive_tests,18.0,18.0,apy_prevalence_scenario_grid.csv,0.0,0.0,1e-12,exact,pass
LTBI_7_53pct,random,1000,expected_test_positive_nonactive,83.0,83.0,apy_prevalence_scenario_grid.csv,0.0,0.0,1e-12,exact,pass
LTBI_7_53pct,random,1000,expected_true_positive_tests,65.0,65.0,apy_prevalence_scenario_grid.csv,0.0,0.0,1e-12,exact,pass
LTBI_7_53pct,random,1000,ltbi_prevalence,0.0753205128205128,0.0753205128205128,apy_prevalence_scenario_grid.csv,0.0,0.0,1e-12,exact,pass
LTBI_7_53pct,random,1000,screenCoverage,0.6666666666666666,0.6666666666666666,apy_prevalence_scenario_grid.csv,0.0,0.0,1e-12,exact,pass
LTBI_7_53pct,random,1500,expected_NNS_prevent_TB,115.3846153846154,115.3846153846154,apy_prevalence_scenario_grid.csv,0.0,0.0,1e-12,exact,pass
LTBI_7_53pct,random,1500,expected_PPV,0.7741935483870968,0.7741935483870968,apy_prevalence_scenario_grid.csv,0.0,0.0,1e-12,exact,pass
LTBI_7_53pct,random,1500,expected_active_TB_prevented,13.0,13.0,apy_prevalence_scenario_grid.csv,0.0,0.0,1e-12,exact,pass
LTBI_7_53pct,random,1500,expected_false_positive_share,0.2258064516129032,0.2258064516129032,apy_prevalence_scenario_grid.csv,0.0,0.0,1e-12,exact,pass
LTBI_7_53pct,random,1500,expected_false_positive_tests,28.0,28.0,apy_prevalence_scenario_grid.csv,0.0,0.0,1e-12,exact,pass
LTBI_7_53pct,random,1500,expected_test_positive_nonactive,124.0,124.0,apy_prevalence_scenario_grid.csv,0.0,0.0,1e-12,exact,pass
LTBI_7_53pct,random,1500,expected_true_positive_tests,96.0,96.0,apy_prevalence_scenario_grid.csv,0.0,0.0,1e-12,exact,pass
LTBI_7_53pct,random,1500,ltbi_prevalence,0.0753205128205128,0.0753205128205128,apy_prevalence_scenario_grid.csv,0.0,0.0,1e-12,exact,pass
LTBI_7_53pct,random,1500,screenCoverage,1.0,1.0,apy_prevalence_scenario_grid.csv,0.0,0.0,1e-12,exact,pass
