iso3,iso2,iso_numeric,country,who_region,year,population,incidence_per_100k,incidence_per_100k_lo,incidence_per_100k_hi,incident_cases,incident_cases_lo,incident_cases_hi,hiv_positive_incidence_per_100k,hiv_positive_incidence_per_100k_lo,hiv_positive_incidence_per_100k_hi,incidence_status
ABW,AW,533,Aruba,AMR,2000,88759,6.2,5.1,7.5,6,5,7,,,,estimated
ABW,AW,533,Aruba,AMR,2001,90303,6.5,5.3,7.8,6,5,7,,,,estimated
ABW,AW,533,Aruba,AMR,2002,91380,6.8,5.5,8.2,6,5,7,,,,estimated
ABW,AW,533,Aruba,AMR,2003,92308,7.1,5.7,8.5,7,5,8,,,,estimated
ABW,AW,533,Aruba,AMR,2004,93211,7.3,6,8.8,7,6,8,,,,estimated
ABW,AW,533,Aruba,AMR,2005,94227,7.6,6.2,9.2,7,6,9,,,,estimated
ABW,AW,533,Aruba,AMR,2006,95403,7.9,6.4,9.5,8,6,9,,,,estimated
ABW,AW,533,Aruba,AMR,2007,96581,8.2,6.6,9.8,8,6,9,,,,estimated
ABW,AW,533,Aruba,AMR,2008,97802,8.4,6.9,10,8,7,10,,,,estimated
ABW,AW,533,Aruba,AMR,2009,99024,8.7,7.1,10,9,7,10,,,,estimated
ABW,AW,533,Aruba,AMR,2010,100110,6,4.9,7.2,6,5,7,,,,estimated
ABW,AW,533,Aruba,AMR,2011,100984,7.9,6.4,9.5,8,7,10,,,,estimated
ABW,AW,533,Aruba,AMR,2012,101774,28,22,33,28,23,34,,,,estimated
ABW,AW,533,Aruba,AMR,2013,102560,11,8.7,13,11,9,13,,,,estimated
ABW,AW,533,Aruba,AMR,2014,103369,1.9,1.6,2.3,2,2,2,,,,estimated
ABW,AW,533,Aruba,AMR,2015,104180,5.8,4.7,6.9,6,5,7,,,,estimated
ABW,AW,533,Aruba,AMR,2016,104975,7.6,6.2,9.2,8,7,10,,,,estimated
ABW,AW,533,Aruba,AMR,2017,105735,7.6,6.2,9.1,8,7,10,,,,estimated
ABW,AW,533,Aruba,AMR,2018,106439,4.7,3.8,5.7,5,4,6,,,,estimated
ABW,AW,533,Aruba,AMR,2019,107081,1.9,1.5,2.3,2,2,2,,,,estimated
ABW,AW,533,Aruba,AMR,2020,107406,0.93,0.76,1.1,1,1,1,,,,estimated
ABW,AW,533,Aruba,AMR,2021,107549,5.6,4.5,6.7,6,5,7,,,,estimated
ABW,AW,533,Aruba,AMR,2022,107783,4.6,3.8,5.6,5,4,6,,,,estimated
ABW,AW,533,Aruba,AMR,2023,107935,3.7,3,4.5,4,3,5,,,,estimated
ABW,AW,533,Aruba,AMR,2024,108064,8.3,6.8,10,9,7,11,,,,estimated
AFG,AF,004,Afghanistan,EMR,2000,20130323,148,46,1510,30000,9200,305000,0.03,0,0.07,estimated
AFG,AF,004,Afghanistan,EMR,2001,20284311,175,66,1320,35000,13000,267000,0.03,0,0.08,estimated
AFG,AF,004,Afghanistan,EMR,2002,21378110,197,83,1140,42000,18000,245000,0.03,0,0.08,estimated
AFG,AF,004,Afghanistan,EMR,2003,22733047,215,97,992,49000,22000,225000,0.03,0,0.09,estimated
AFG,AF,004,Afghanistan,EMR,2004,23560660,228,109,862,54000,26000,203000,0.03,0,0.1,estimated
AFG,AF,004,Afghanistan,EMR,2005,24404569,237,118,754,58000,29000,184000,0.04,0,0.12,estimated
AFG,AF,004,Afghanistan,EMR,2006,25424099,242,124,662,62000,32000,168000,0.04,0,0.13,estimated
AFG,AF,004,Afghanistan,EMR,2007,25909852,241,127,597,63000,33000,155000,0.05,0,0.14,estimated
AFG,AF,004,Afghanistan,EMR,2008,26482615,235,127,559,62000,34000,148000,0.05,0,0.15,estimated
AFG,AF,004,Afghanistan,EMR,2009,27466100,229,126,523,63000,35000,144000,0.05,0,0.15,estimated
AFG,AF,004,Afghanistan,EMR,2010,28284084,218,122,482,62000,35000,136000,0.05,0,0.16,estimated
AFG,AF,004,Afghanistan,EMR,2011,29347711,204,115,445,60000,34000,131000,0.05,0,0.16,estimated
AFG,AF,004,Afghanistan,EMR,2012,30560030,194,112,418,59000,34000,128000,0.05,0,0.16,estimated
AFG,AF,004,Afghanistan,EMR,2013,31622705,194,113,404,61000,36000,128000,0.05,0,0.17,estimated
AFG,AF,004,Afghanistan,EMR,2014,32792530,197,117,401,65000,38000,131000,0.05,0,0.17,estimated
AFG,AF,004,Afghanistan,EMR,2015,33831765,200,120,398,68000,41000,135000,0.05,0,0.18,estimated
AFG,AF,004,Afghanistan,EMR,2016,34700602,204,124,399,71000,43000,138000,0.06,0,0.19,estimated
AFG,AF,004,Afghanistan,EMR,2017,35688933,209,128,404,75000,46000,144000,0.06,0,0.2,estimated
AFG,AF,004,Afghanistan,EMR,2018,36743039,212,130,408,78000,48000,150000,0.06,0,0.21,estimated
AFG,AF,004,Afghanistan,EMR,2019,37856118,213,130,408,80000,49000,155000,0.06,0,0.22,estimated
AFG,AF,004,Afghanistan,EMR,2020,39068984,205,124,394,80000,48000,154000,0.03,0.01,0.08,estimated
AFG,AF,004,Afghanistan,EMR,2021,40000415,206,122,397,82000,49000,159000,0.01,0,0.04,estimated
AFG,AF,004,Afghanistan,EMR,2022,40578848,206,119,402,84000,48000,163000,0.06,0.02,0.13,estimated
AFG,AF,004,Afghanistan,EMR,2023,41454760,204,117,400,84000,49000,166000,0.05,0.02,0.11,estimated
AFG,AF,004,Afghanistan,EMR,2024,42647488,203,116,400,87000,50000,171000,0.08,0.03,0.16,estimated
AGO,AO,024,Angola,AFR,2000,16194869,270,138,737,44000,22000,119000,56,24,101,estimated
AGO,AO,024,Angola,AFR,2001,16747217,336,178,860,56000,30000,144000,63,27,114,estimated
AGO,AO,024,Angola,AFR,2002,17327706,390,211,959,68000,37000,166000,70,30,126,estimated
AGO,AO,024,Angola,AFR,2003,17943699,434,238,1040,78000,43000,186000,78,34,139,estimated
AGO,AO,024,Angola,AFR,2004,18600422,468,259,1090,87000,48000,203000,86,38,154,estimated
AGO,AO,024,Angola,AFR,2005,19291166,491,274,1130,95000,53000,217000,97,44,172,estimated
AGO,AO,024,Angola,AFR,2006,20015282,507,285,1140,101000,57000,229000,109,50,192,estimated
AGO,AO,024,Angola,AFR,2007,20778555,509,288,1130,106000,60000,236000,46,37,56,estimated
AGO,AO,024,Angola,AFR,2008,21578650,499,284,1100,108000,61000,237000,119,55,207,estimated
AGO,AO,024,Angola,AFR,2009,22414779,489,280,1060,110000,63000,238000,44,35,54,estimated
AGO,AO,024,Angola,AFR,2010,23294824,480,276,1040,112000,64000,242000,117,55,203,estimated
AGO,AO,024,Angola,AFR,2011,24218345,469,269,1010,113000,65000,245000,66,14,155,estimated
AGO,AO,024,Angola,AFR,2012,25177397,458,264,986,115000,66000,248000,113,53,195,estimated
AGO,AO,024,Angola,AFR,2013,26165617,453,263,963,119000,69000,252000,109,51,188,estimated
AGO,AO,024,Angola,AFR,2014,27160770,451,264,943,122000,72000,256000,103,47,179,estimated
AGO,AO,024,Angola,AFR,2015,28157791,445,263,917,125000,74000,258000,95,43,168,estimated
AGO,AO,024,Angola,AFR,2016,29183074,433,258,877,126000,75000,256000,88,40,156,estimated
AGO,AO,024,Angola,AFR,2017,30234844,418,251,831,126000,76000,251000,81,36,144,estimated
AGO,AO,024,Angola,AFR,2018,31297151,403,245,790,126000,77000,247000,39,31,47,estimated
AGO,AO,024,Angola,AFR,2019,32375636,390,238,755,126000,77000,244000,30,24,36,estimated
AGO,AO,024,Angola,AFR,2020,33451138,373,241,538,125000,81000,180000,44,26,65,estimated
AGO,AO,024,Angola,AFR,2021,34532427,371,241,539,128000,83000,186000,46,28,69,estimated
AGO,AO,024,Angola,AFR,2022,35635039,379,248,550,135000,88000,196000,29,18,44,estimated
AGO,AO,024,Angola,AFR,2023,36749909,383,251,558,141000,92000,205000,30,18,45,estimated
AGO,AO,024,Angola,AFR,2024,37885846,373,243,545,141000,92000,207000,24,15,37,estimated
AIA,AI,660,Anguilla,AMR,2000,11180,0.19,0.15,0.23,0,0,0,,,,estimated
AIA,AI,660,Anguilla,AMR,2001,11471,0,0,0,0,0,0,,,,estimated
AIA,AI,660,Anguilla,AMR,2002,11684,0,0,0,0,0,0,,,,estimated
AIA,AI,660,Anguilla,AMR,2003,11871,0,0,0,0,0,0,,,,estimated
AIA,AI,660,Anguilla,AMR,2004,12072,0,0,0,0,0,0,,,,estimated
AIA,AI,660,Anguilla,AMR,2005,12273,0.65,0.53,0.79,0,0,0,,,,estimated
AIA,AI,660,Anguilla,AMR,2006,12472,0,0,0,0,0,0,,,,estimated
AIA,AI,660,Anguilla,AMR,2007,12672,0,0,0,0,0,0,,,,estimated
AIA,AI,660,Anguilla,AMR,2008,12888,0.93,0.76,1.1,0,0,0,,,,estimated
AIA,AI,660,Anguilla,AMR,2009,13104,1,0.84,1.2,0,0,0,,,,estimated
AIA,AI,660,Anguilla,AMR,2010,13351,7.5,6.1,9,1,1,1,,,,estimated
AIA,AI,660,Anguilla,AMR,2011,13568,0,0,0,0,0,0,,,,estimated
AIA,AI,660,Anguilla,AMR,2012,13381,0,0,0,0,0,0,,,,estimated
AIA,AI,660,Anguilla,AMR,2013,13258,0,0,0,0,0,0,,,,estimated
AIA,AI,660,Anguilla,AMR,2014,13731,7.3,5.9,8.8,1,1,1,,,,estimated
AIA,AI,660,Anguilla,AMR,2015,14208,0,0,0,0,0,0,,,,estimated
AIA,AI,660,Anguilla,AMR,2016,14319,0,0,0,0,0,0,,,,estimated
AIA,AI,660,Anguilla,AMR,2017,14427,1.8,1.4,2.1,0,0,0,,,,estimated
AIA,AI,660,Anguilla,AMR,2018,14714,0,0,0,0,0,0,,,,estimated
AIA,AI,660,Anguilla,AMR,2019,14826,2,1.6,2.4,0,0,0,,,,estimated
AIA,AI,660,Anguilla,AMR,2020,14843,2.1,1.7,2.5,0,0,0,,,,estimated
AIA,AI,660,Anguilla,AMR,2021,14483,0,0,0,0,0,0,,,,estimated
AIA,AI,660,Anguilla,AMR,2022,14181,7.1,5.7,8.5,1,1,1,,,,estimated
AIA,AI,660,Anguilla,AMR,2023,14413,2.3,1.9,2.8,0,0,0,,,,estimated
AIA,AI,660,Anguilla,AMR,2024,14594,0,0,0,0,0,0,,,,estimated
ALB,AL,008,Albania,EUR,2000,3166141,21,17,26,680,550,820,0.03,0.01,0.07,estimated
ALB,AL,008,Albania,EUR,2001,3147944,20,16,24,620,510,750,0.03,0.01,0.06,estimated
ALB,AL,008,Albania,EUR,2002,3134100,21,17,26,670,540,810,0.03,0.01,0.06,estimated
ALB,AL,008,Albania,EUR,2003,3118092,20,16,24,620,510,750,0.04,0.01,0.07,estimated
ALB,AL,008,Albania,EUR,2004,3098661,20,16,24,620,500,740,0.04,0.01,0.09,estimated
ALB,AL,008,Albania,EUR,2005,3076163,19,15,22,570,460,690,0.05,0.02,0.1,estimated
ALB,AL,008,Albania,EUR,2006,3050802,17,14,21,530,430,640,0.06,0.02,0.12,estimated
ALB,AL,008,Albania,EUR,2007,3022889,16,13,20,490,400,590,0.07,0.02,0.14,estimated
ALB,AL,008,Albania,EUR,2008,2992927,16,13,19,480,390,580,0.08,0.03,0.16,estimated
ALB,AL,008,Albania,EUR,2009,2961484,17,14,20,500,410,600,0.1,0.03,0.2,estimated
ALB,AL,008,Albania,EUR,2010,2928723,17,13,20,480,390,580,0.11,0.04,0.22,estimated
ALB,AL,008,Albania,EUR,2011,2911504,16,13,20,470,390,570,0.13,0.04,0.25,estimated
ALB,AL,008,Albania,EUR,2012,2910006,16,13,19,460,370,550,0.14,0.05,0.27,estimated
ALB,AL,008,Albania,EUR,2013,2907570,18,15,22,530,430,640,0.17,0.06,0.33,estimated
ALB,AL,008,Albania,EUR,2014,2903745,16,13,19,460,370,550,0.15,0.05,0.29,estimated
ALB,AL,008,Albania,EUR,2015,2898635,16,13,19,470,380,560,0.15,0.05,0.3,estimated
ALB,AL,008,Albania,EUR,2016,2897873,16,13,19,470,380,560,0.16,0.05,0.31,estimated
ALB,AL,008,Albania,EUR,2017,2898250,20,16,24,570,460,680,0.19,0.07,0.38,estimated
ALB,AL,008,Albania,EUR,2018,2894231,17,14,21,500,400,600,0.17,0.06,0.33,estimated
ALB,AL,008,Albania,EUR,2019,2885006,16,13,19,460,380,560,0.35,0.14,0.65,estimated
ALB,AL,008,Albania,EUR,2020,2871955,15,13,19,450,360,540,0.16,0.02,0.45,estimated
ALB,AL,008,Albania,EUR,2021,2849633,15,12,19,430,350,530,0.06,0,0.29,estimated
ALB,AL,008,Albania,EUR,2022,2827605,15,12,19,430,340,530,0.06,0,0.26,estimated
ALB,AL,008,Albania,EUR,2023,2811661,15,12,19,420,330,520,0.16,0.02,0.42,estimated
ALB,AL,008,Albania,EUR,2024,2791762,15,12,18,410,320,510,0.21,0.04,0.54,estimated
AND,AD,020,Andorra,EUR,2000,65683,18,15,22,12,10,14,,,,estimated
AND,AD,020,Andorra,EUR,2001,65847,15,12,18,10,8,12,,,,estimated
AND,AD,020,Andorra,EUR,2002,66507,7.5,6.1,9.1,5,4,6,,,,estimated
AND,AD,020,Andorra,EUR,2003,69484,16,13,19,11,9,13,,,,estimated
AND,AD,020,Andorra,EUR,2004,74320,9.4,7.7,11,7,6,8,,,,estimated
AND,AD,020,Andorra,EUR,2005,77430,13,11,16,10,8,12,,,,estimated
AND,AD,020,Andorra,EUR,2006,79582,15,12,18,12,10,14,,,,estimated
AND,AD,020,Andorra,EUR,2007,81876,6.1,5,7.4,5,4,6,,,,estimated
AND,AD,020,Andorra,EUR,2008,83493,4.8,3.9,5.8,4,3,5,,,,estimated
AND,AD,020,Andorra,EUR,2009,83888,9.5,7.8,11,8,7,10,,,,estimated
AND,AD,020,Andorra,EUR,2010,80700,8.7,7.1,10,7,6,8,,,,estimated
AND,AD,020,Andorra,EUR,2011,77784,3.9,3.1,4.6,3,2,4,,,,estimated
AND,AD,020,Andorra,EUR,2012,76837,12,9.5,14,9,7,11,,,,estimated
AND,AD,020,Andorra,EUR,2013,75191,6.6,5.4,8,5,4,6,,,,estimated
AND,AD,020,Andorra,EUR,2014,73735,8.1,6.6,9.8,6,5,7,,,,estimated
AND,AD,020,Andorra,EUR,2015,72168,5.5,4.5,6.7,4,3,5,,,,estimated
AND,AD,020,Andorra,EUR,2016,72183,5.5,4.5,6.7,4,3,5,,,,estimated
AND,AD,020,Andorra,EUR,2017,73764,1.4,1.1,1.6,1,1,1,,,,estimated
AND,AD,020,Andorra,EUR,2018,75164,2.7,2.2,3.2,2,2,2,,,,estimated
AND,AD,020,Andorra,EUR,2019,76481,6.5,5.3,7.9,5,4,6,,,,estimated
AND,AD,020,Andorra,EUR,2020,77384,2.6,2.1,3.1,2,2,2,,,,estimated
AND,AD,020,Andorra,EUR,2021,78364,2.6,2.1,3.1,2,2,2,,,,estimated
AND,AD,020,Andorra,EUR,2022,79709,5,4.1,6,4,3,5,,,,estimated
AND,AD,020,Andorra,EUR,2023,80854,4.9,4,6,4,3,5,,,,estimated
AND,AD,020,Andorra,EUR,2024,81941,4.9,4,5.9,4,3,5,,,,estimated
ANT,AN,530,Netherlands Antilles,AMR,2000,190535,2.6,2.1,3.2,5,4,6,,,,estimated
ANT,AN,530,Netherlands Antilles,AMR,2001,189980,4.7,3.9,5.7,9,7,11,,,,estimated
ANT,AN,530,Netherlands Antilles,AMR,2002,191857,7.8,6.4,9.4,15,12,18,,,,estimated
ANT,AN,530,Netherlands Antilles,AMR,2003,194885,4.6,3.8,5.6,9,7,11,,,,estimated
ANT,AN,530,Netherlands Antilles,AMR,2004,197791,5.6,4.5,6.7,11,9,13,,,,estimated
ANT,AN,530,Netherlands Antilles,AMR,2005,200348,4,3.3,4.9,8,7,10,,,,estimated
ANT,AN,530,Netherlands Antilles,AMR,2006,202620,2.5,2,3,5,4,6,,,,estimated
ANT,AN,530,Netherlands Antilles,AMR,2007,204854,2.7,2.2,3.2,5,4,7,,,,estimated
ANT,AN,530,Netherlands Antilles,AMR,2008,207021,2.4,2,2.9,5,4,6,,,,estimated
ANT,AN,530,Netherlands Antilles,AMR,2009,209131,2.2,1.8,2.7,5,4,6,,,,estimated
ARE,AE,784,United Arab Emirates,EMR,2000,3493570,8.1,6.6,9.8,280,230,340,0.33,0.1,0.69,estimated
ARE,AE,784,United Arab Emirates,EMR,2001,3723586,4.6,3.7,5.5,170,140,210,0.17,0.05,0.35,estimated
ARE,AE,784,United Arab Emirates,EMR,2002,3956821,4.9,4,6,200,160,240,0.16,0.05,0.32,estimated
ARE,AE,784,United Arab Emirates,EMR,2003,4192446,5.7,4.7,6.9,240,200,290,0.16,0.06,0.32,estimated
ARE,AE,784,United Arab Emirates,EMR,2004,4428969,4,3.3,4.9,180,150,220,0.1,0.04,0.19,estimated
ARE,AE,784,United Arab Emirates,EMR,2005,4664780,4.1,3.3,4.9,190,150,230,0.08,0.03,0.16,estimated
ARE,AE,784,United Arab Emirates,EMR,2006,5009098,3.3,2.7,3.9,160,130,200,0.05,0.02,0.1,estimated
ARE,AE,784,United Arab Emirates,EMR,2007,5624630,3.1,2.5,3.7,170,140,210,0.04,0.02,0.07,estimated
ARE,AE,784,United Arab Emirates,EMR,2008,6302670,2.6,2.1,3.1,160,130,200,0.03,0.01,0.06,estimated
ARE,AE,784,United Arab Emirates,EMR,2009,6707057,3,2.4,3.6,200,160,240,0,0,0,estimated
ARE,AE,784,United Arab Emirates,EMR,2010,6938366,3.2,2.6,3.9,220,180,270,0.15,0.05,0.31,estimated
ARE,AE,784,United Arab Emirates,EMR,2011,7199430,2.4,1.9,2.9,170,140,210,0.09,0.02,0.22,estimated
ARE,AE,784,United Arab Emirates,EMR,2012,7497122,1.7,1.4,2,130,100,150,0.13,0.04,0.26,estimated
ARE,AE,784,United Arab Emirates,EMR,2013,7831846,1.6,1.3,1.9,130,100,150,0.06,0.01,0.16,estimated
ARE,AE,784,United Arab Emirates,EMR,2014,8236871,1.1,0.89,1.3,91,74,110,0.05,0.01,0.14,estimated
ARE,AE,784,United Arab Emirates,EMR,2015,8674639,1,0.84,1.2,89,73,110,0.04,0,0.11,estimated
ARE,AE,784,United Arab Emirates,EMR,2016,9030874,1,0.84,1.2,93,75,110,0.1,0.03,0.2,estimated
ARE,AE,784,United Arab Emirates,EMR,2017,9234318,1,0.83,1.2,95,77,110,0.09,0.03,0.18,estimated
ARE,AE,784,United Arab Emirates,EMR,2018,9346882,1.2,1,1.5,120,94,140,0.04,0,0.1,estimated
ARE,AE,784,United Arab Emirates,EMR,2019,9377858,1.2,0.96,1.4,110,90,130,0,0,0,estimated
ARE,AE,784,United Arab Emirates,EMR,2020,9448530,0.85,0.69,1,81,66,97,0.05,0.01,0.13,estimated
ARE,AE,784,United Arab Emirates,EMR,2021,9789055,0.82,0.67,0.99,81,66,97,0.02,0,0.06,estimated
ARE,AE,784,United Arab Emirates,EMR,2022,10242076,0.77,0.63,0.93,79,65,96,0.02,0,0.06,estimated
ARE,AE,784,United Arab Emirates,EMR,2023,10642078,0.76,0.62,0.91,81,66,97,0.04,0.01,0.1,estimated
ARE,AE,784,United Arab Emirates,EMR,2024,11027123,0.63,0.51,0.76,70,57,84,0.01,0,0.05,estimated
ARG,AR,032,Argentina,AMR,2000,37213982,49,40,59,18000,15000,22000,3.7,2.1,5.8,estimated
ARG,AR,032,Argentina,AMR,2001,37624824,46,38,56,17000,14000,21000,3,1.7,4.8,estimated
ARG,AR,032,Argentina,AMR,2002,38029352,45,37,55,17000,14000,21000,2.7,1.5,4.2,estimated
ARG,AR,032,Argentina,AMR,2003,38424288,41,34,50,16000,13000,19000,2.3,1.3,3.7,estimated
ARG,AR,032,Argentina,AMR,2004,38815907,42,34,51,16000,13000,20000,2.4,1.3,3.7,estimated
ARG,AR,032,Argentina,AMR,2005,39216791,38,31,46,15000,12000,18000,2.3,1.3,3.6,estimated
ARG,AR,032,Argentina,AMR,2006,39622119,34,28,41,13000,11000,16000,2.2,1.2,3.5,estimated
ARG,AR,032,Argentina,AMR,2007,40016758,35,29,42,14000,11000,17000,2.5,1.4,3.9,estimated
ARG,AR,032,Argentina,AMR,2008,40424153,31,25,37,13000,10000,15000,2.3,1.3,3.5,estimated
ARG,AR,032,Argentina,AMR,2009,40854822,25,21,31,10000,8500,13000,1.9,1.1,3,estimated
ARG,AR,032,Argentina,AMR,2010,41288691,24,19,29,9800,8000,12000,1.8,1,2.8,estimated
ARG,AR,032,Argentina,AMR,2011,41730665,31,25,37,13000,10000,16000,2.4,1.3,3.7,estimated
ARG,AR,032,Argentina,AMR,2012,42161716,27,22,33,11000,9300,14000,2.1,1.2,3.3,estimated
ARG,AR,032,Argentina,AMR,2013,42582454,27,22,33,12000,9400,14000,2.1,1.2,3.3,estimated
ARG,AR,032,Argentina,AMR,2014,43024070,27,22,33,12000,9600,14000,2,1.1,3.2,estimated
ARG,AR,032,Argentina,AMR,2015,43477004,28,23,34,12000,9900,15000,2,1.1,3.1,estimated
ARG,AR,032,Argentina,AMR,2016,43900304,30,25,36,13000,11000,16000,2,1.1,3.2,estimated
ARG,AR,032,Argentina,AMR,2017,44288897,29,24,36,13000,11000,16000,1.9,1.1,3,estimated
ARG,AR,032,Argentina,AMR,2018,44654884,30,24,36,13000,11000,16000,1.9,1,3,estimated
ARG,AR,032,Argentina,AMR,2019,44973466,33,27,40,15000,12000,18000,2,1.1,3.2,estimated
ARG,AR,032,Argentina,AMR,2020,45191968,27,22,32,12000,9700,14000,1.6,0.9,2.6,estimated
ARG,AR,032,Argentina,AMR,2021,45312281,34,27,41,15000,12000,18000,2.1,1.1,3.2,estimated
ARG,AR,032,Argentina,AMR,2022,45407904,35,28,42,16000,13000,19000,2.1,1.2,3.3,estimated
ARG,AR,032,Argentina,AMR,2023,45538407,39,32,47,18000,14000,21000,2.4,1.3,3.8,estimated
ARG,AR,032,Argentina,AMR,2024,45696155,44,36,53,20000,16000,24000,2.7,1.5,4.3,estimated
ARM,AM,051,Armenia,EUR,2000,3125627,115,93,138,3600,2900,4300,1.9,0.28,4.9,estimated
ARM,AM,051,Armenia,EUR,2001,3084350,116,94,140,3600,2900,4300,2,0.42,4.9,estimated
ARM,AM,051,Armenia,EUR,2002,3055629,116,94,139,3500,2900,4300,2.3,0.59,5.2,estimated
ARM,AM,051,Armenia,EUR,2003,3038967,120,98,144,3600,3000,4400,2.8,0.82,5.9,estimated
ARM,AM,051,Armenia,EUR,2004,3022541,125,102,151,3800,3100,4600,3.3,1.1,6.9,estimated
ARM,AM,051,Armenia,EUR,2005,3006350,161,131,194,4800,3900,5800,5,1.7,10,estimated
ARM,AM,051,Armenia,EUR,2006,2990374,124,101,149,3700,3000,4500,4.4,1.5,8.8,estimated
ARM,AM,051,Armenia,EUR,2007,2974819,114,93,137,3400,2800,4100,4.4,1.5,8.8,estimated
ARM,AM,051,Armenia,EUR,2008,2959994,108,88,130,3200,2600,3900,4.3,1.5,8.6,estimated
ARM,AM,051,Armenia,EUR,2009,2945525,98,80,119,2900,2400,3500,4,1.4,7.9,estimated
ARM,AM,051,Armenia,EUR,2010,2931079,86,70,104,2500,2100,3000,1.2,0.66,1.9,estimated
ARM,AM,051,Armenia,EUR,2011,2923276,75,61,90,2200,1800,2600,2.5,1.6,3.4,estimated
ARM,AM,051,Armenia,EUR,2012,2922541,70,57,85,2000,1700,2500,3.6,2.6,4.9,estimated
ARM,AM,051,Armenia,EUR,2013,2922519,79,64,95,2300,1900,2800,3.7,2.6,5,estimated
ARM,AM,051,Armenia,EUR,2014,2922426,73,59,88,2100,1700,2600,4.6,3.3,6,estimated
ARM,AM,051,Armenia,EUR,2015,2921181,63,51,75,1800,1500,2200,5.7,4.2,7.4,estimated
ARM,AM,051,Armenia,EUR,2016,2918792,54,44,65,1600,1300,1900,3,2.1,4,estimated
ARM,AM,051,Armenia,EUR,2017,2914969,43,35,52,1300,1000,1500,3.4,2.4,4.5,estimated
ARM,AM,051,Armenia,EUR,2018,2909962,37,30,45,1100,880,1300,3.8,2.8,5.1,estimated
ARM,AM,051,Armenia,EUR,2019,2903979,31,25,38,910,740,1100,3.3,2.3,4.4,estimated
ARM,AM,051,Armenia,EUR,2020,2890893,29,23,35,830,680,1000,3,2,4.2,estimated
ARM,AM,051,Armenia,EUR,2021,2870346,26,21,32,750,610,910,2.8,1.9,3.9,estimated
ARM,AM,051,Armenia,EUR,2022,2880868,24,19,29,680,550,820,2.2,1.5,3.1,estimated
ARM,AM,051,Armenia,EUR,2023,2943390,21,17,25,620,510,750,2.4,1.7,3.3,estimated
ARM,AM,051,Armenia,EUR,2024,2973835,19,15,22,550,450,670,1.4,0.88,2.1,estimated
ASM,AS,016,American Samoa,WPR,2000,56851,5.3,4.3,6.4,3,2,4,,,,estimated
ASM,AS,016,American Samoa,WPR,2001,57051,5.3,4.3,6.3,3,2,4,,,,estimated
ASM,AS,016,American Samoa,WPR,2002,57053,3.5,2.9,4.2,2,2,2,,,,estimated
ASM,AS,016,American Samoa,WPR,2003,56972,5.3,4.3,6.3,3,2,4,,,,estimated
ASM,AS,016,American Samoa,WPR,2004,56817,8.8,7.2,11,5,4,6,,,,estimated
ASM,AS,016,American Samoa,WPR,2005,56615,11,8.6,13,6,5,7,,,,estimated
ASM,AS,016,American Samoa,WPR,2006,56367,7.1,5.8,8.6,4,3,5,,,,estimated
ASM,AS,016,American Samoa,WPR,2007,56115,5.3,4.3,6.4,3,2,4,,,,estimated
ASM,AS,016,American Samoa,WPR,2008,55836,5.4,4.4,6.5,3,2,4,,,,estimated
ASM,AS,016,American Samoa,WPR,2009,55527,7.2,5.9,8.7,4,3,5,,,,estimated
ASM,AS,016,American Samoa,WPR,2010,55237,7.2,5.9,8.7,4,3,5,,,,estimated
ASM,AS,016,American Samoa,WPR,2011,54892,5.5,4.4,6.6,3,2,4,,,,estimated
ASM,AS,016,American Samoa,WPR,2012,54487,6.2,5.1,7.5,3,3,4,,,,estimated
ASM,AS,016,American Samoa,WPR,2013,54006,6.1,5,7.3,3,3,4,,,,estimated
ASM,AS,016,American Samoa,WPR,2014,53467,5.9,4.8,7.2,3,3,4,,,,estimated
ASM,AS,016,American Samoa,WPR,2015,52875,7.6,6.2,9.1,4,3,5,,,,estimated
ASM,AS,016,American Samoa,WPR,2016,52240,5.6,4.5,6.7,3,2,3,,,,estimated
ASM,AS,016,American Samoa,WPR,2017,51583,9.7,7.9,12,5,4,6,,,,estimated
ASM,AS,016,American Samoa,WPR,2018,50901,0,0,0,0,0,0,,,,estimated
ASM,AS,016,American Samoa,WPR,2019,50200,2,1.6,2.4,1,1,1,,,,estimated
ASM,AS,016,American Samoa,WPR,2020,49756,6,4.9,7.3,3,2,4,,,,estimated
ASM,AS,016,American Samoa,WPR,2021,49223,4.4,3.6,5.3,2,2,3,,,,estimated
ASM,AS,016,American Samoa,WPR,2022,48338,4.2,3.4,5,2,2,2,,,,estimated
ASM,AS,016,American Samoa,WPR,2023,47521,3.9,3.2,4.7,2,2,2,,,,estimated
ASM,AS,016,American Samoa,WPR,2024,46769,3.7,3,4.5,2,1,2,,,,estimated
ATG,AG,028,Antigua and Barbuda,AMR,2000,74911,5.3,4.3,6.4,4,3,5,,,,estimated
ATG,AG,028,Antigua and Barbuda,AMR,2001,76072,1.3,1.1,1.6,1,1,1,,,,estimated
ATG,AG,028,Antigua and Barbuda,AMR,2002,77026,5.2,4.2,6.3,4,3,5,,,,estimated
ATG,AG,028,Antigua and Barbuda,AMR,2003,77885,1.3,1,1.5,1,1,1,,,,estimated
ATG,AG,028,Antigua and Barbuda,AMR,2004,78721,4.6,3.8,5.6,4,3,4,,,,estimated
ATG,AG,028,Antigua and Barbuda,AMR,2005,79615,7.5,6.1,9.1,6,5,7,,,,estimated
ATG,AG,028,Antigua and Barbuda,AMR,2006,80601,5,4,6,4,3,5,,,,estimated
ATG,AG,028,Antigua and Barbuda,AMR,2007,81697,2.4,2,3,2,2,2,,,,estimated
ATG,AG,028,Antigua and Barbuda,AMR,2008,82902,1.2,0.98,1.5,1,1,1,,,,estimated
ATG,AG,028,Antigua and Barbuda,AMR,2009,84177,3.6,2.9,4.3,3,2,4,,,,estimated
ATG,AG,028,Antigua and Barbuda,AMR,2010,85323,8.2,6.7,9.9,7,6,8,,,,estimated
ATG,AG,028,Antigua and Barbuda,AMR,2011,86329,7,5.7,8.4,6,5,7,,,,estimated
ATG,AG,028,Antigua and Barbuda,AMR,2012,87261,3.4,2.8,4.1,3,2,4,,,,estimated
ATG,AG,028,Antigua and Barbuda,AMR,2013,88063,11,9.2,14,10,8,12,,,,estimated
ATG,AG,028,Antigua and Barbuda,AMR,2014,88770,3.4,2.7,4.1,3,2,4,,,,estimated
ATG,AG,028,Antigua and Barbuda,AMR,2015,89408,3.8,3.1,4.6,3,3,4,,,,estimated
ATG,AG,028,Antigua and Barbuda,AMR,2016,89972,3.3,2.7,4,3,2,4,,,,estimated
ATG,AG,028,Antigua and Barbuda,AMR,2017,90469,1.1,0.9,1.3,1,1,1,,,,estimated
ATG,AG,028,Antigua and Barbuda,AMR,2018,90918,5.5,4.5,6.6,5,4,6,,,,estimated
ATG,AG,028,Antigua and Barbuda,AMR,2019,91364,0,0,0,0,0,0,,,,estimated
ATG,AG,028,Antigua and Barbuda,AMR,2020,91845,2.2,1.8,2.6,2,2,2,,,,estimated
ATG,AG,028,Antigua and Barbuda,AMR,2021,92346,4.3,3.5,5.2,4,3,5,,,,estimated
ATG,AG,028,Antigua and Barbuda,AMR,2022,92841,1.1,0.88,1.3,1,1,1,,,,estimated
ATG,AG,028,Antigua and Barbuda,AMR,2023,93317,1.1,0.87,1.3,1,1,1,,,,estimated
ATG,AG,028,Antigua and Barbuda,AMR,2024,93772,1.1,0.87,1.3,1,1,1,,,,estimated
AUS,AU,036,Australia,WPR,2000,19132473,6.8,5.5,8.2,1300,1100,1600,0.61,0.23,1.2,estimated
AUS,AU,036,Australia,WPR,2001,19365439,6.3,5.1,7.6,1200,990,1500,0.52,0.19,1,estimated
AUS,AU,036,Australia,WPR,2002,19595360,6.4,5.2,7.7,1300,1000,1500,0.48,0.18,0.92,estimated
AUS,AU,036,Australia,WPR,2003,19819456,5.9,4.8,7.1,1200,960,1400,0.39,0.15,0.76,estimated
AUS,AU,036,Australia,WPR,2004,20046682,6.6,5.4,7.9,1300,1100,1600,0.38,0.14,0.75,estimated
AUS,AU,036,Australia,WPR,2005,20294493,6.3,5.2,7.6,1300,1000,1500,0.31,0.11,0.6,estimated
AUS,AU,036,Australia,WPR,2006,20590557,6.9,5.6,8.3,1400,1200,1700,0.28,0.1,0.55,estimated
AUS,AU,036,Australia,WPR,2007,20954557,6.5,5.3,7.8,1400,1100,1600,0.22,0.08,0.43,estimated
AUS,AU,036,Australia,WPR,2008,21370593,6.9,5.6,8.3,1500,1200,1800,0.22,0.08,0.44,estimated
AUS,AU,036,Australia,WPR,2009,21783011,7.2,5.8,8.6,1600,1300,1900,0.23,0.08,0.44,estimated
AUS,AU,036,Australia,WPR,2010,22141580,6.8,5.6,8.2,1500,1200,1800,0.21,0.08,0.42,estimated
AUS,AU,036,Australia,WPR,2011,22479779,6.6,5.3,7.9,1500,1200,1800,0.2,0.07,0.39,estimated
AUS,AU,036,Australia,WPR,2012,22852647,6.7,5.5,8.1,1500,1300,1900,0.08,0.04,0.13,estimated
AUS,AU,036,Australia,WPR,2013,23236273,6.3,5.1,7.6,1500,1200,1800,0.16,0.1,0.23,estimated
AUS,AU,036,Australia,WPR,2014,23595610,6.5,5.3,7.9,1500,1300,1900,0.1,0.06,0.16,estimated
AUS,AU,036,Australia,WPR,2015,23948003,6,4.9,7.2,1400,1200,1700,0.13,0.08,0.19,estimated
AUS,AU,036,Australia,WPR,2016,24329960,6.5,5.3,7.8,1600,1300,1900,0.12,0.07,0.18,estimated
AUS,AU,036,Australia,WPR,2017,24731028,6.6,5.4,8,1600,1300,2000,0.14,0.08,0.2,estimated
AUS,AU,036,Australia,WPR,2018,25119698,6.5,5.3,7.9,1600,1300,2000,0.12,0.07,0.18,estimated
AUS,AU,036,Australia,WPR,2019,25482711,6.8,5.5,8.1,1700,1400,2100,0.1,0.06,0.15,estimated
AUS,AU,036,Australia,WPR,2020,25743794,7.2,5.8,8.6,1800,1500,2200,0.09,0.05,0.15,estimated
AUS,AU,036,Australia,WPR,2021,25956421,6.5,5.3,7.8,1700,1400,2000,0.07,0.04,0.12,estimated
AUS,AU,036,Australia,WPR,2022,26200982,5.6,4.5,6.7,1500,1200,1800,0.07,0.03,0.11,estimated
AUS,AU,036,Australia,WPR,2023,26451115,6.2,5.1,7.5,1600,1300,2000,0.11,0.07,0.17,estimated
AUS,AU,036,Australia,WPR,2024,26713208,6.9,5.6,8.3,1900,1500,2200,0.08,0.05,0.13,estimated
AUT,AT,040,Austria,EUR,2000,8012926,22,18,27,1800,1400,2100,1.3,0.7,2,estimated
AUT,AT,040,Austria,EUR,2001,8042236,18,15,22,1500,1200,1800,1,0.55,1.6,estimated
AUT,AT,040,Austria,EUR,2002,8081637,18,15,22,1500,1200,1800,0.93,0.51,1.5,estimated
AUT,AT,040,Austria,EUR,2003,8122610,16,13,19,1300,1100,1600,0.75,0.41,1.2,estimated
AUT,AT,040,Austria,EUR,2004,8173497,15,12,18,1200,980,1500,0.62,0.34,0.99,estimated
AUT,AT,040,Austria,EUR,2005,8229203,15,12,18,1200,990,1500,0.54,0.3,0.86,estimated
AUT,AT,040,Austria,EUR,2006,8269905,13,11,16,1100,900,1300,0.42,0.23,0.67,estimated
AUT,AT,040,Austria,EUR,2007,8296959,13,10,15,1000,850,1300,0.34,0.18,0.54,estimated
AUT,AT,040,Austria,EUR,2008,8323250,12,9.4,14,960,780,1200,0.3,0.16,0.49,estimated
AUT,AT,040,Austria,EUR,2009,8345065,10,8.1,12,830,680,1000,0.26,0.14,0.42,estimated
AUT,AT,040,Austria,EUR,2010,8365097,9.8,8,12,820,670,990,0.26,0.14,0.42,estimated
AUT,AT,040,Austria,EUR,2011,8393267,9.9,8,12,830,670,1000,0.25,0.14,0.41,estimated
AUT,AT,040,Austria,EUR,2012,8431590,9,7.3,11,760,620,910,0.22,0.12,0.35,estimated
AUT,AT,040,Austria,EUR,2013,8481414,8.9,7.2,11,760,610,910,0.2,0.11,0.32,estimated
AUT,AT,040,Austria,EUR,2014,8547825,7.9,6.4,9.5,680,550,820,0.17,0.09,0.27,estimated
AUT,AT,040,Austria,EUR,2015,8644043,7.8,6.3,9.4,670,550,810,0.16,0.09,0.26,estimated
AUT,AT,040,Austria,EUR,2016,8737918,8.4,6.8,10,730,600,890,0.18,0.1,0.29,estimated
AUT,AT,040,Austria,EUR,2017,8798780,7.6,6.2,9.1,670,540,800,0.17,0.09,0.27,estimated
AUT,AT,040,Austria,EUR,2018,8841662,6.3,5.1,7.6,560,450,670,0.14,0.07,0.22,estimated
AUT,AT,040,Austria,EUR,2019,8880876,6.2,5.1,7.5,550,450,670,0.14,0.07,0.22,estimated
AUT,AT,040,Austria,EUR,2020,8921405,5.1,4.1,6.1,450,370,540,0.11,0.06,0.18,estimated
AUT,AT,040,Austria,EUR,2021,8967061,5.1,4.1,6.1,450,370,550,0.11,0.06,0.18,estimated
AUT,AT,040,Austria,EUR,2022,9064672,4.7,3.9,5.7,430,350,520,0.1,0.06,0.17,estimated
AUT,AT,040,Austria,EUR,2023,9130417,5.3,4.3,6.4,480,390,580,0.12,0.06,0.19,estimated
AUT,AT,040,Austria,EUR,2024,9120817,4.9,4,5.9,450,370,540,0.11,0.06,0.17,estimated
AZE,AZ,031,Azerbaijan,EUR,2000,8174786,183,149,220,15000,12000,18000,4.4,0.7,11,estimated
AZE,AZ,031,Azerbaijan,EUR,2001,8251770,176,143,212,15000,12000,18000,3.9,0.76,9.7,estimated
AZE,AZ,031,Azerbaijan,EUR,2002,8326127,189,154,228,16000,13000,19000,4.1,0.95,9.6,estimated
AZE,AZ,031,Azerbaijan,EUR,2003,8400529,145,118,174,12000,9900,15000,3.2,0.85,7.2,estimated
AZE,AZ,031,Azerbaijan,EUR,2004,8489870,208,169,251,18000,14000,21000,4.8,1.4,10,estimated
AZE,AZ,031,Azerbaijan,EUR,2005,8597256,237,193,286,20000,17000,25000,6,1.8,13,estimated
AZE,AZ,031,Azerbaijan,EUR,2006,8711379,200,163,241,17000,14000,21000,5.5,1.7,11,estimated
AZE,AZ,031,Azerbaijan,EUR,2007,8828310,175,142,210,15000,13000,19000,5.1,1.6,11,estimated
AZE,AZ,031,Azerbaijan,EUR,2008,8942648,219,178,264,20000,16000,24000,6.5,2.1,13,estimated
AZE,AZ,031,Azerbaijan,EUR,2009,9046335,249,202,300,22000,18000,27000,7.3,2.3,15,estimated
AZE,AZ,031,Azerbaijan,EUR,2010,9146845,183,149,220,17000,14000,20000,1.4,0.97,1.9,estimated
AZE,AZ,031,Azerbaijan,EUR,2011,9256153,206,168,248,19000,16000,23000,1,0.67,1.4,estimated
AZE,AZ,031,Azerbaijan,EUR,2012,9376172,134,109,161,13000,10000,15000,2.2,1.6,2.9,estimated
AZE,AZ,031,Azerbaijan,EUR,2013,9504415,115,94,139,11000,8900,13000,1.8,1.3,2.4,estimated
AZE,AZ,031,Azerbaijan,EUR,2014,9631149,107,87,129,10000,8400,12000,2.3,1.7,2.9,estimated
AZE,AZ,031,Azerbaijan,EUR,2015,9752854,95,77,114,9300,7500,11000,1.5,1.1,2,estimated
AZE,AZ,031,Azerbaijan,EUR,2016,9868433,86,70,104,8500,6900,10000,1.8,1.3,2.3,estimated
AZE,AZ,031,Azerbaijan,EUR,2017,9968509,84,68,101,8400,6800,10000,1.4,0.98,1.8,estimated
AZE,AZ,031,Azerbaijan,EUR,2018,10039790,78,64,94,7800,6400,9500,1,0.74,1.4,estimated
AZE,AZ,031,Azerbaijan,EUR,2019,10110475,73,59,87,7300,6000,8800,1.1,0.82,1.5,estimated
AZE,AZ,031,Azerbaijan,EUR,2020,10181725,69,56,84,7000,5700,8500,1.3,0.9,1.7,estimated
AZE,AZ,031,Azerbaijan,EUR,2021,10234371,67,54,82,6900,5500,8400,1.4,0.99,1.9,estimated
AZE,AZ,031,Azerbaijan,EUR,2022,10295305,67,53,83,6900,5500,8500,0.86,0.58,1.2,estimated
AZE,AZ,031,Azerbaijan,EUR,2023,10318209,66,52,82,6800,5300,8500,1,0.68,1.4,estimated
AZE,AZ,031,Azerbaijan,EUR,2024,10336574,64,50,80,6600,5200,8300,0.74,0.48,1.1,estimated
BDI,BI,108,Burundi,AFR,2000,6470187,213,110,575,14000,7100,37000,104,61,158,estimated
BDI,BI,108,Burundi,AFR,2001,6634369,209,110,543,14000,7300,36000,88,49,137,estimated
BDI,BI,108,Burundi,AFR,2002,6824137,205,110,513,14000,7500,35000,75,40,121,estimated
BDI,BI,108,Burundi,AFR,2003,7043147,200,109,484,14000,7700,34000,66,34,109,estimated
BDI,BI,108,Burundi,AFR,2004,7310641,194,107,457,14000,7800,33000,59,29,100,estimated
BDI,BI,108,Burundi,AFR,2005,7587297,188,105,431,14000,8000,33000,56,27,95,estimated
BDI,BI,108,Burundi,AFR,2006,7865541,182,103,407,14000,8100,32000,54,26,91,estimated
BDI,BI,108,Burundi,AFR,2007,8161876,175,100,383,14000,8200,31000,51,25,87,estimated
BDI,BI,108,Burundi,AFR,2008,8505643,168,97,361,14000,8200,31000,47,22,81,estimated
BDI,BI,108,Burundi,AFR,2009,8947647,160,93,341,14000,8300,30000,43,20,74,estimated
BDI,BI,108,Burundi,AFR,2010,9376450,154,90,325,14000,8400,30000,35,26,46,estimated
BDI,BI,108,Burundi,AFR,2011,9717977,148,86,313,14000,8400,30000,32,23,42,estimated
BDI,BI,108,Burundi,AFR,2012,10071033,142,83,299,14000,8300,30000,27,19,35,estimated
BDI,BI,108,Burundi,AFR,2013,10439330,136,80,283,14000,8300,30000,20,14,27,estimated
BDI,BI,108,Burundi,AFR,2014,10799783,130,77,267,14000,8300,29000,18,12,24,estimated
BDI,BI,108,Burundi,AFR,2015,11047577,124,74,251,14000,8100,28000,17,12,23,estimated
BDI,BI,108,Burundi,AFR,2016,11239452,118,71,235,13000,7900,26000,14,9.7,19,estimated
BDI,BI,108,Burundi,AFR,2017,11506760,112,68,220,13000,7800,25000,13,8.8,18,estimated
BDI,BI,108,Burundi,AFR,2018,11859453,106,65,207,13000,7700,25000,11,7.6,16,estimated
BDI,BI,108,Burundi,AFR,2019,12255332,102,62,196,12000,7600,24000,8.6,5.6,12,estimated
BDI,BI,108,Burundi,AFR,2020,12617029,97,60,186,12000,7500,23000,7.8,5,11,estimated
BDI,BI,108,Burundi,AFR,2021,12965488,93,57,177,12000,7400,23000,5.5,3.3,8.1,estimated
BDI,BI,108,Burundi,AFR,2022,13321096,89,55,170,12000,7300,23000,5.2,3.1,7.7,estimated
BDI,BI,108,Burundi,AFR,2023,13689449,86,53,164,12000,7200,22000,5,2.9,7.8,estimated
BDI,BI,108,Burundi,AFR,2024,14047782,83,51,160,12000,7100,22000,5.4,3,8.4,estimated
BEL,BE,056,Belgium,EUR,2000,10251715,17,14,20,1700,1400,2100,1.2,0.46,2.4,estimated
BEL,BE,056,Belgium,EUR,2001,10287004,17,14,21,1800,1400,2100,1.2,0.45,2.3,estimated
BEL,BE,056,Belgium,EUR,2002,10332975,15,12,19,1600,1300,1900,1,0.39,2,estimated
BEL,BE,056,Belgium,EUR,2003,10376266,13,11,16,1400,1100,1700,0.85,0.32,1.6,estimated
BEL,BE,056,Belgium,EUR,2004,10421297,14,11,17,1400,1200,1700,0.98,0.71,1.3,estimated
BEL,BE,056,Belgium,EUR,2005,10478888,13,11,16,1400,1100,1600,0.72,0.51,0.97,estimated
BEL,BE,056,Belgium,EUR,2006,10548441,12,10,15,1300,1100,1600,0.73,0.52,0.98,estimated
BEL,BE,056,Belgium,EUR,2007,10625495,11,9,13,1200,960,1400,0.66,0.46,0.9,estimated
BEL,BE,056,Belgium,EUR,2008,10709705,11,8.7,13,1200,940,1400,0.66,0.46,0.89,estimated
BEL,BE,056,Belgium,EUR,2009,10812942,10,8.4,12,1100,910,1300,0.48,0.32,0.67,estimated
BEL,BE,056,Belgium,EUR,2010,10936624,11,9,13,1200,980,1500,0.75,0.54,1,estimated
BEL,BE,056,Belgium,EUR,2011,11038623,10,8.5,13,1100,940,1400,0.54,0.37,0.74,estimated
BEL,BE,056,Belgium,EUR,2012,11107507,9.7,7.9,12,1100,880,1300,0.37,0.13,0.73,estimated
BEL,BE,056,Belgium,EUR,2013,11160274,9.5,7.8,11,1100,870,1300,0.33,0.12,0.66,estimated
BEL,BE,056,Belgium,EUR,2014,11210120,9.2,7.5,11,1000,840,1200,0.31,0.11,0.62,estimated
BEL,BE,056,Belgium,EUR,2015,11275332,9.5,7.7,11,1100,870,1300,0.32,0.12,0.63,estimated
BEL,BE,056,Belgium,EUR,2016,11332700,10,8.2,12,1100,920,1400,0.35,0.13,0.69,estimated
BEL,BE,056,Belgium,EUR,2017,11376576,9.2,7.5,11,1100,850,1300,0.34,0.12,0.66,estimated
BEL,BE,056,Belgium,EUR,2018,11428600,9.1,7.4,11,1000,850,1300,0.34,0.12,0.66,estimated
BEL,BE,056,Belgium,EUR,2019,11490615,8.9,7.2,11,1000,830,1200,0.33,0.12,0.65,estimated
BEL,BE,056,Belgium,EUR,2020,11540111,7.8,6.3,9.4,900,730,1100,0.29,0.1,0.56,estimated
BEL,BE,056,Belgium,EUR,2021,11570844,8.2,6.7,9.9,950,770,1100,0.3,0.11,0.6,estimated
BEL,BE,056,Belgium,EUR,2022,11641823,7.8,6.4,9.5,910,740,1100,0.29,0.1,0.57,estimated
BEL,BE,056,Belgium,EUR,2023,11712891,2.5,2,3,290,240,350,0.09,0.03,0.18,estimated
BEL,BE,056,Belgium,EUR,2024,11738764,2.7,2.2,3.3,320,260,390,0.1,0.04,0.2,estimated
BEN,BJ,204,Benin,AFR,2000,7221619,71,36,194,5100,2600,14000,20,7.1,40,estimated
BEN,BJ,204,Benin,AFR,2001,7445589,75,39,196,5600,2900,15000,18,6.6,36,estimated
BEN,BJ,204,Benin,AFR,2002,7675440,78,41,196,6000,3200,15000,17,6.2,32,estimated
BEN,BJ,204,Benin,AFR,2003,7913076,80,43,196,6300,3400,16000,16,5.8,30,estimated
BEN,BJ,204,Benin,AFR,2004,8159100,82,45,195,6700,3700,16000,15,5.6,29,estimated
BEN,BJ,204,Benin,AFR,2005,8426142,83,46,193,7000,3900,16000,15,5.8,30,estimated
BEN,BJ,204,Benin,AFR,2006,8693239,84,47,190,7300,4100,17000,12,7.9,18,estimated
BEN,BJ,204,Benin,AFR,2007,8953960,84,47,186,7500,4200,17000,12,7.8,18,estimated
BEN,BJ,204,Benin,AFR,2008,9228468,83,47,181,7600,4400,17000,14,8.9,21,estimated
BEN,BJ,204,Benin,AFR,2009,9509423,81,47,176,7700,4400,17000,13,8.2,20,estimated
BEN,BJ,204,Benin,AFR,2010,9797482,79,46,170,7700,4500,17000,12,7.4,19,estimated
BEN,BJ,204,Benin,AFR,2011,10093623,76,44,163,7600,4400,16000,13,7.5,20,estimated
BEN,BJ,204,Benin,AFR,2012,10397662,73,42,155,7500,4400,16000,12,6.6,18,estimated
BEN,BJ,204,Benin,AFR,2013,10708832,69,40,147,7400,4300,16000,11,6.1,17,estimated
BEN,BJ,204,Benin,AFR,2014,11030008,66,38,137,7200,4200,15000,11,3.5,22,estimated
BEN,BJ,204,Benin,AFR,2015,11360687,62,37,129,7100,4200,15000,9.5,4.8,16,estimated
BEN,BJ,204,Benin,AFR,2016,11697840,59,35,120,6900,4100,14000,8.7,4.4,15,estimated
BEN,BJ,204,Benin,AFR,2017,12039789,56,34,112,6800,4100,13000,8.6,4.2,14,estimated
BEN,BJ,204,Benin,AFR,2018,12383348,53,32,105,6600,4000,13000,7.8,3.5,14,estimated
BEN,BJ,204,Benin,AFR,2019,12726759,51,31,98,6400,3900,13000,8.2,3.6,15,estimated
BEN,BJ,204,Benin,AFR,2020,13070168,48,29,93,6300,3900,12000,6.8,2.8,12,estimated
BEN,BJ,204,Benin,AFR,2021,13413413,46,28,87,6200,3800,12000,6.2,2.2,12,estimated
BEN,BJ,204,Benin,AFR,2022,13759490,44,27,83,6000,3700,11000,6,2,12,estimated
BEN,BJ,204,Benin,AFR,2023,14111025,42,26,79,5900,3600,11000,5,1.4,11,estimated
BEN,BJ,204,Benin,AFR,2024,14462723,40,24,76,5800,3500,11000,4.6,1.2,10,estimated
BFA,BF,854,Burkina Faso,AFR,2000,11925544,93,57,177,11000,6800,21000,36,12,72,estimated
BFA,BF,854,Burkina Faso,AFR,2001,12295003,91,56,174,11000,6900,21000,29,9.6,60,estimated
BFA,BF,854,Burkina Faso,AFR,2002,12680895,89,55,170,11000,6900,22000,25,7.8,51,estimated
BFA,BF,854,Burkina Faso,AFR,2003,13082527,87,54,167,11000,7000,22000,21,6.5,45,estimated
BFA,BF,854,Burkina Faso,AFR,2004,13500534,85,52,164,12000,7100,22000,19,5.6,41,estimated
BFA,BF,854,Burkina Faso,AFR,2005,13932122,84,51,160,12000,7200,22000,18,5.3,39,estimated
BFA,BF,854,Burkina Faso,AFR,2006,14373711,82,50,157,12000,7200,23000,23,10,41,estimated
BFA,BF,854,Burkina Faso,AFR,2007,14816301,80,49,154,12000,7300,23000,24,11,43,estimated
BFA,BF,854,Burkina Faso,AFR,2008,15258096,79,48,151,12000,7400,23000,17,7.6,31,estimated
BFA,BF,854,Burkina Faso,AFR,2009,15710065,77,47,148,12000,7400,23000,15,6.6,27,estimated
BFA,BF,854,Burkina Faso,AFR,2010,16176495,76,46,145,12000,7500,23000,13,5.8,24,estimated
BFA,BF,854,Burkina Faso,AFR,2011,16661907,74,46,142,12000,7600,24000,12,5.5,22,estimated
BFA,BF,854,Burkina Faso,AFR,2012,17172281,73,45,139,12000,7700,24000,10,4.5,19,estimated
BFA,BF,854,Burkina Faso,AFR,2013,17695406,71,44,136,13000,7700,24000,9.1,4,16,estimated
BFA,BF,854,Burkina Faso,AFR,2014,18229464,70,43,134,13000,7800,24000,8.3,3.6,15,estimated
BFA,BF,854,Burkina Faso,AFR,2015,18777482,68,42,131,13000,7900,25000,6.4,2.8,11,estimated
BFA,BF,854,Burkina Faso,AFR,2016,19334855,67,41,128,13000,8000,25000,6.5,2.8,12,estimated
BFA,BF,854,Burkina Faso,AFR,2017,19894401,66,40,126,13000,8000,25000,6.1,2.7,11,estimated
BFA,BF,854,Burkina Faso,AFR,2018,20438280,64,40,123,13000,8100,25000,6.3,2.8,11,estimated
BFA,BF,854,Burkina Faso,AFR,2019,20961951,63,39,121,13000,8100,25000,5.3,2.3,9.4,estimated
BFA,BF,854,Burkina Faso,AFR,2020,21478686,62,38,119,13000,8200,25000,4.8,2.1,8.6,estimated
BFA,BF,854,Burkina Faso,AFR,2021,21995233,61,37,116,13000,8200,26000,3.5,1.5,6.3,estimated
BFA,BF,854,Burkina Faso,AFR,2022,22509032,59,36,114,13000,8200,26000,3.3,1.4,5.9,estimated
BFA,BF,854,Burkina Faso,AFR,2023,23025766,58,36,112,13000,8200,26000,3.8,1.7,6.8,estimated
BFA,BF,854,Burkina Faso,AFR,2024,23548779,57,35,109,13000,8200,26000,3,1.3,5.4,estimated
BGD,BD,050,Bangladesh,SEA,2000,134544303,221,161,291,298000,217000,391000,0.08,0.04,0.13,estimated
BGD,BD,050,Bangladesh,SEA,2001,136805811,221,161,291,303000,220000,398000,0.09,0.04,0.14,estimated
BGD,BD,050,Bangladesh,SEA,2002,138933661,221,161,291,307000,224000,404000,0.1,0.05,0.17,estimated
BGD,BD,050,Bangladesh,SEA,2003,140970343,221,161,291,312000,227000,410000,0.13,0.07,0.21,estimated
BGD,BD,050,Bangladesh,SEA,2004,142902854,221,161,291,316000,230000,416000,0.16,0.08,0.27,estimated
BGD,BD,050,Bangladesh,SEA,2005,144715788,221,161,291,320000,233000,421000,0.2,0.1,0.33,estimated
BGD,BD,050,Bangladesh,SEA,2006,146405974,221,161,291,324000,236000,426000,0.24,0.12,0.4,estimated
BGD,BD,050,Bangladesh,SEA,2007,147989280,221,161,291,327000,238000,430000,0.29,0.14,0.47,estimated
BGD,BD,050,Bangladesh,SEA,2008,149474262,221,161,291,331000,241000,435000,0.32,0.16,0.52,estimated
BGD,BD,050,Bangladesh,SEA,2009,150873712,221,161,291,334000,243000,439000,0.35,0.18,0.57,estimated
BGD,BD,050,Bangladesh,SEA,2010,152201979,221,161,291,337000,245000,443000,0.37,0.19,0.62,estimated
BGD,BD,050,Bangladesh,SEA,2011,153591077,221,161,291,340000,247000,447000,0.4,0.2,0.66,estimated
BGD,BD,050,Bangladesh,SEA,2012,155070104,221,161,291,343000,250000,451000,0.42,0.21,0.7,estimated
BGD,BD,050,Bangladesh,SEA,2013,156532138,221,161,291,346000,252000,455000,0.43,0.22,0.71,estimated
BGD,BD,050,Bangladesh,SEA,2014,157964927,221,161,291,349000,254000,459000,0.43,0.22,0.7,estimated
BGD,BD,050,Bangladesh,SEA,2015,159383187,221,161,291,353000,257000,464000,0.42,0.21,0.69,estimated
BGD,BD,050,Bangladesh,SEA,2016,160811930,221,161,291,356000,259000,468000,0.42,0.21,0.7,estimated
BGD,BD,050,Bangladesh,SEA,2017,162186155,221,161,291,359000,261000,472000,0.42,0.22,0.7,estimated
BGD,BD,050,Bangladesh,SEA,2018,163523104,221,161,291,362000,263000,476000,0.43,0.22,0.71,estimated
BGD,BD,050,Bangladesh,SEA,2019,164913051,221,161,291,365000,265000,480000,0.43,0.22,0.71,estimated
BGD,BD,050,Bangladesh,SEA,2020,166298018,221,161,291,368000,268000,484000,0.43,0.22,0.71,estimated
BGD,BD,050,Bangladesh,SEA,2021,167658866,221,161,291,371000,270000,488000,0.43,0.22,0.71,estimated
BGD,BD,050,Bangladesh,SEA,2022,169384893,221,161,291,375000,273000,493000,0.43,0.22,0.71,estimated
BGD,BD,050,Bangladesh,SEA,2023,171466988,221,161,291,379000,276000,499000,0.43,0.22,0.71,estimated
BGD,BD,050,Bangladesh,SEA,2024,173562368,221,161,291,384000,279000,505000,0.43,0.22,0.71,estimated
BGR,BG,100,Bulgaria,EUR,2000,8000524,83,67,100,6600,5400,8000,0.05,0.02,0.1,estimated
BGR,BG,100,Bulgaria,EUR,2001,7928450,94,77,113,7500,6100,9000,0.07,0.02,0.14,estimated
BGR,BG,100,Bulgaria,EUR,2002,7861939,80,65,97,6300,5100,7600,0.08,0.03,0.17,estimated
BGR,BG,100,Bulgaria,EUR,2003,7804417,77,63,93,6000,4900,7300,0.11,0.04,0.23,estimated
BGR,BG,100,Bulgaria,EUR,2004,7749435,71,58,85,5500,4500,6600,0.14,0.05,0.3,estimated
BGR,BG,100,Bulgaria,EUR,2005,7695057,75,61,90,5700,4700,6900,0.21,0.07,0.42,estimated
BGR,BG,100,Bulgaria,EUR,2006,7640296,72,58,86,5500,4500,6600,0.25,0.08,0.52,estimated
BGR,BG,100,Bulgaria,EUR,2007,7586881,64,52,77,4900,4000,5900,0.28,0.09,0.57,estimated
BGR,BG,100,Bulgaria,EUR,2008,7535598,66,53,79,4900,4000,6000,0.34,0.11,0.68,estimated
BGR,BG,100,Bulgaria,EUR,2009,7488011,59,48,71,4400,3600,5300,0.35,0.12,0.69,estimated
BGR,BG,100,Bulgaria,EUR,2010,7437599,53,43,63,3900,3200,4700,0.06,0.01,0.18,estimated
BGR,BG,100,Bulgaria,EUR,2011,7380013,47,38,56,3400,2800,4200,0.14,0.04,0.28,estimated
BGR,BG,100,Bulgaria,EUR,2012,7317019,44,36,53,3200,2600,3900,0.09,0.02,0.21,estimated
BGR,BG,100,Bulgaria,EUR,2013,7264601,41,33,49,2900,2400,3600,0.12,0.03,0.26,estimated
BGR,BG,100,Bulgaria,EUR,2014,7223457,38,31,46,2700,2200,3300,0.08,0.02,0.2,estimated
BGR,BG,100,Bulgaria,EUR,2015,7177516,33,27,40,2400,1900,2900,0.3,0.1,0.59,estimated
BGR,BG,100,Bulgaria,EUR,2016,7127436,31,25,37,2200,1800,2600,0,0,0,estimated
BGR,BG,100,Bulgaria,EUR,2017,7075629,28,23,34,2000,1600,2400,0.07,0.01,0.19,estimated
BGR,BG,100,Bulgaria,EUR,2018,7024743,25,21,30,1800,1400,2100,0,0,0,estimated
BGR,BG,100,Bulgaria,EUR,2019,6975478,25,20,30,1700,1400,2100,0.02,0,0.1,estimated
BGR,BG,100,Bulgaria,EUR,2020,6933654,17,14,21,1200,970,1400,0.02,0,0.1,estimated
BGR,BG,100,Bulgaria,EUR,2021,6877224,13,11,16,900,730,1100,0,0,0,estimated
BGR,BG,100,Bulgaria,EUR,2022,6825865,15,12,18,1000,830,1200,0.14,0.05,0.28,estimated
BGR,BG,100,Bulgaria,EUR,2023,6795799,17,14,20,1100,930,1400,0.08,0.02,0.19,estimated
BGR,BG,100,Bulgaria,EUR,2024,6757686,12,10,15,830,680,1000,0.06,0.01,0.14,estimated
BHR,BH,048,Bahrain,EMR,2000,669580,57,46,69,380,310,460,1.8,0.63,3.5,estimated
BHR,BH,048,Bahrain,EMR,2001,699953,49,40,59,340,280,410,1.4,0.49,2.7,estimated
BHR,BH,048,Bahrain,EMR,2002,752198,45,37,55,340,280,410,1.1,0.41,2.2,estimated
BHR,BH,048,Bahrain,EMR,2003,811274,56,46,68,460,370,550,1.2,0.45,2.4,estimated
BHR,BH,048,Bahrain,EMR,2004,871444,48,39,58,420,340,510,1.6,0.62,3.1,estimated
BHR,BH,048,Bahrain,EMR,2005,932601,51,41,61,470,390,570,0.78,0.28,1.5,estimated
BHR,BH,048,Bahrain,EMR,2006,994622,47,38,56,460,380,560,0.56,0.2,1.1,estimated
BHR,BH,048,Bahrain,EMR,2007,1057391,46,37,55,490,390,580,1.6,0.69,2.8,estimated
BHR,BH,048,Bahrain,EMR,2008,1120720,44,36,53,490,400,590,1.4,0.59,2.6,estimated
BHR,BH,048,Bahrain,EMR,2009,1183600,44,36,53,520,420,620,1.4,0.6,2.5,estimated
BHR,BH,048,Bahrain,EMR,2010,1213246,32,26,38,380,310,460,1.2,0.49,2.2,estimated
BHR,BH,048,Bahrain,EMR,2011,1206733,29,23,34,340,280,420,1.4,0.6,2.4,estimated
BHR,BH,048,Bahrain,EMR,2012,1216307,28,23,33,340,270,410,0.2,0.07,0.39,estimated
BHR,BH,048,Bahrain,EMR,2013,1257202,24,20,30,310,250,370,0.16,0.05,0.31,estimated
BHR,BH,048,Bahrain,EMR,2014,1312846,21,17,26,280,230,340,0.13,0.05,0.26,estimated
BHR,BH,048,Bahrain,EMR,2015,1369654,18,15,22,250,210,300,0.11,0.04,0.22,estimated
BHR,BH,048,Bahrain,EMR,2016,1429603,15,12,18,220,180,260,0.09,0.03,0.18,estimated
BHR,BH,048,Bahrain,EMR,2017,1481990,14,12,17,210,170,250,0.09,0.03,0.17,estimated
BHR,BH,048,Bahrain,EMR,2018,1497625,14,11,17,210,170,250,0.08,0.03,0.17,estimated
BHR,BH,048,Bahrain,EMR,2019,1485668,16,13,19,230,190,280,1.1,0.52,1.8,estimated
BHR,BH,048,Bahrain,EMR,2020,1483076,17,14,21,260,210,310,0.67,0.24,1.3,estimated
BHR,BH,048,Bahrain,EMR,2021,1501754,17,14,21,260,210,310,0.6,0.2,1.2,estimated
BHR,BH,048,Bahrain,EMR,2022,1533452,16,13,20,250,200,300,0.58,0.19,1.2,estimated
BHR,BH,048,Bahrain,EMR,2023,1569662,14,11,17,220,180,260,0.7,0.28,1.3,estimated
BHR,BH,048,Bahrain,EMR,2024,1607051,12,9.8,15,190,160,230,0,0,0,estimated
BHS,BS,044,Bahamas,AMR,2000,323837,57,46,68,180,150,220,35,23,50,estimated
BHS,BS,044,Bahamas,AMR,2001,327844,39,32,47,130,100,150,23,15,33,estimated
BHS,BS,044,Bahamas,AMR,2002,331614,25,20,30,82,66,98,13,8.3,20,estimated
BHS,BS,044,Bahamas,AMR,2003,335628,19,16,23,65,53,78,6.8,3.9,11,estimated
BHS,BS,044,Bahamas,AMR,2004,339781,25,20,30,84,68,100,11,6.6,18,estimated
BHS,BS,044,Bahamas,AMR,2005,343892,21,17,25,71,58,86,8.6,4.7,14,estimated
BHS,BS,044,Bahamas,AMR,2006,348380,25,21,30,88,72,110,14,9.7,18,estimated
BHS,BS,044,Bahamas,AMR,2007,353336,19,15,23,67,55,81,4.8,2.5,7.9,estimated
BHS,BS,044,Bahamas,AMR,2008,358119,20,16,24,71,58,85,7.5,5.6,9.7,estimated
BHS,BS,044,Bahamas,AMR,2009,362811,18,14,21,65,53,78,5.8,4.3,7.6,estimated
BHS,BS,044,Bahamas,AMR,2010,367468,12,9.8,14,44,36,53,5.8,3.6,8.6,estimated
BHS,BS,044,Bahamas,AMR,2011,371730,15,13,19,58,47,69,4.4,2.3,7.2,estimated
BHS,BS,044,Bahamas,AMR,2012,375471,12,9.6,14,44,36,53,2.9,1.3,5.2,estimated
BHS,BS,044,Bahamas,AMR,2013,378952,12,9.7,14,45,37,54,3.6,1.8,6,estimated
BHS,BS,044,Bahamas,AMR,2014,382300,18,14,21,67,55,81,4.1,1.8,7.2,estimated
BHS,BS,044,Bahamas,AMR,2015,385352,21,17,26,82,67,99,6.1,3.6,9.2,estimated
BHS,BS,044,Bahamas,AMR,2016,388049,30,24,36,120,94,140,12,8.8,17,estimated
BHS,BS,044,Bahamas,AMR,2017,390488,17,14,20,65,53,79,6.1,3.8,9,estimated
BHS,BS,044,Bahamas,AMR,2018,392710,15,12,18,60,49,72,3.4,1.7,5.7,estimated
BHS,BS,044,Bahamas,AMR,2019,394681,17,13,20,65,53,79,4.5,2.5,7.1,estimated
BHS,BS,044,Bahamas,AMR,2020,395858,10,8.2,12,40,33,48,2,0.71,3.8,estimated
BHS,BS,044,Bahamas,AMR,2021,396375,14,12,17,57,47,69,4.8,2.8,7.4,estimated
BHS,BS,044,Bahamas,AMR,2022,397541,16,13,19,63,51,75,4.9,2.8,7.6,estimated
BHS,BS,044,Bahamas,AMR,2023,399445,8.8,7.2,11,35,29,42,2.9,1.5,4.9,estimated
BHS,BS,044,Bahamas,AMR,2024,401287,18,15,22,73,59,88,3.9,2,6.4,estimated
BIH,BA,070,Bosnia and Herzegovina,EUR,2000,4159771,158,129,191,6600,5400,7900,0.14,0.07,0.24,estimated
BIH,BA,070,Bosnia and Herzegovina,EUR,2001,4179440,141,115,170,5900,4800,7100,0.11,0.05,0.18,estimated
BIH,BA,070,Bosnia and Herzegovina,EUR,2002,4188004,87,71,105,3700,3000,4400,0.06,0.03,0.1,estimated
BIH,BA,070,Bosnia and Herzegovina,EUR,2003,4178523,84,68,101,3500,2900,4200,0.06,0.03,0.09,estimated
BIH,BA,070,Bosnia and Herzegovina,EUR,2004,4140990,103,84,124,4300,3500,5200,0.07,0.04,0.12,estimated
BIH,BA,070,Bosnia and Herzegovina,EUR,2005,4096499,87,71,105,3600,2900,4300,0.07,0.04,0.12,estimated
BIH,BA,070,Bosnia and Herzegovina,EUR,2006,4063273,73,60,88,3000,2400,3600,0.07,0.04,0.12,estimated
BIH,BA,070,Bosnia and Herzegovina,EUR,2007,4013421,99,80,119,4000,3200,4800,0.11,0.06,0.18,estimated
BIH,BA,070,Bosnia and Herzegovina,EUR,2008,3947545,73,59,87,2900,2300,3500,0.09,0.05,0.15,estimated
BIH,BA,070,Bosnia and Herzegovina,EUR,2009,3879794,74,60,89,2900,2300,3500,0.1,0.05,0.16,estimated
BIH,BA,070,Bosnia and Herzegovina,EUR,2010,3811469,57,47,69,2200,1800,2600,0.08,0.04,0.14,estimated
BIH,BA,070,Bosnia and Herzegovina,EUR,2011,3741788,59,48,71,2200,1800,2700,0.09,0.05,0.16,estimated
BIH,BA,070,Bosnia and Herzegovina,EUR,2012,3670114,61,50,73,2200,1800,2700,0.1,0.05,0.17,estimated
BIH,BA,070,Bosnia and Herzegovina,EUR,2013,3610856,54,44,65,2000,1600,2400,0.1,0.05,0.16,estimated
BIH,BA,070,Bosnia and Herzegovina,EUR,2014,3564832,51,42,62,1800,1500,2200,0.09,0.05,0.16,estimated
BIH,BA,070,Bosnia and Herzegovina,EUR,2015,3518539,46,38,56,1600,1300,2000,0.09,0.04,0.14,estimated
BIH,BA,070,Bosnia and Herzegovina,EUR,2016,3472997,38,31,46,1300,1100,1600,0.07,0.04,0.12,estimated
BIH,BA,070,Bosnia and Herzegovina,EUR,2017,3428681,32,26,38,1100,890,1300,0.06,0.03,0.1,estimated
BIH,BA,070,Bosnia and Herzegovina,EUR,2018,3386997,28,23,34,960,780,1200,0.06,0.03,0.1,estimated
BIH,BA,070,Bosnia and Herzegovina,EUR,2019,3345534,25,21,31,850,690,1000,0.05,0.02,0.09,estimated
BIH,BA,070,Bosnia and Herzegovina,EUR,2020,3299353,25,20,30,830,670,1000,0.05,0.02,0.09,estimated
BIH,BA,070,Bosnia and Herzegovina,EUR,2021,3244909,23,19,28,750,610,900,0.05,0.02,0.08,estimated
BIH,BA,070,Bosnia and Herzegovina,EUR,2022,3204807,21,17,26,680,550,820,0.04,0.02,0.07,estimated
BIH,BA,070,Bosnia and Herzegovina,EUR,2023,3185078,20,16,24,640,520,770,0.04,0.02,0.07,estimated
BIH,BA,070,Bosnia and Herzegovina,EUR,2024,3164245,21,17,25,650,530,780,0.04,0.02,0.07,estimated
BLR,BY,112,Belarus,EUR,2000,9991318,153,125,185,15000,12000,18000,1.3,0.42,2.7,estimated
BLR,BY,112,Belarus,EUR,2001,9938068,121,98,145,12000,9700,14000,1,0.32,2.1,estimated
BLR,BY,112,Belarus,EUR,2002,9873452,110,89,132,11000,8800,13000,1,0.33,2.1,estimated
BLR,BY,112,Belarus,EUR,2003,9803180,124,101,149,12000,9900,15000,1.4,0.47,2.9,estimated
BLR,BY,112,Belarus,EUR,2004,9735098,111,90,133,11000,8800,13000,1.3,0.93,1.8,estimated
BLR,BY,112,Belarus,EUR,2005,9667833,105,86,127,10000,8300,12000,2,0.67,4,estimated
BLR,BY,112,Belarus,EUR,2006,9608034,97,79,117,9300,7600,11000,2.3,0.78,4.7,estimated
BLR,BY,112,Belarus,EUR,2007,9563145,97,79,116,9200,7500,11000,2.8,0.96,5.6,estimated
BLR,BY,112,Belarus,EUR,2008,9529365,88,72,107,8400,6900,10000,2.7,2,3.4,estimated
BLR,BY,112,Belarus,EUR,2009,9507338,87,70,104,8200,6700,9900,3.1,2.3,4.1,estimated
BLR,BY,112,Belarus,EUR,2010,9490743,81,66,97,7600,6200,9200,3,2.2,3.9,estimated
BLR,BY,112,Belarus,EUR,2011,9472735,73,59,88,6900,5600,8300,3.1,2.3,4,estimated
BLR,BY,112,Belarus,EUR,2012,9463078,73,59,88,6900,5600,8300,3.2,2.4,4.1,estimated
BLR,BY,112,Belarus,EUR,2013,9464454,67,54,80,6300,5100,7600,3.4,2.5,4.4,estimated
BLR,BY,112,Belarus,EUR,2014,9472712,56,46,68,5300,4300,6400,3.6,2.6,4.6,estimated
BLR,BY,112,Belarus,EUR,2015,9487292,54,44,65,5100,4200,6200,3,2.2,3.8,estimated
BLR,BY,112,Belarus,EUR,2016,9499070,45,36,54,4300,3500,5100,3.9,2.9,5.1,estimated
BLR,BY,112,Belarus,EUR,2017,9495795,38,31,46,3600,2900,4300,2.8,2,3.6,estimated
BLR,BY,112,Belarus,EUR,2018,9480035,31,26,38,3000,2400,3600,2.4,1.8,3.1,estimated
BLR,BY,112,Belarus,EUR,2019,9435423,29,23,35,2700,2200,3300,2,1.5,2.7,estimated
BLR,BY,112,Belarus,EUR,2020,9350943,26,21,32,2500,2000,3000,2.4,1.7,3,estimated
BLR,BY,112,Belarus,EUR,2021,9251370,24,19,29,2200,1800,2700,2.1,1.5,2.7,estimated
BLR,BY,112,Belarus,EUR,2022,9173245,22,18,26,2000,1600,2400,1.7,1.2,2.2,estimated
BLR,BY,112,Belarus,EUR,2023,9115675,19,16,23,1700,1400,2100,1.6,1.2,2,estimated
BLR,BY,112,Belarus,EUR,2024,9056702,17,14,20,1500,1200,1800,1.1,0.82,1.5,estimated
BLZ,BZ,084,Belize,AMR,2000,240793,113,92,136,270,220,330,14,7.1,23,estimated
BLZ,BZ,084,Belize,AMR,2001,248378,131,107,158,330,270,390,16,8.2,27,estimated
BLZ,BZ,084,Belize,AMR,2002,256006,119,97,143,300,250,370,15,7.4,25,estimated
BLZ,BZ,084,Belize,AMR,2003,263786,80,65,96,210,170,250,10,5,17,estimated
BLZ,BZ,084,Belize,AMR,2004,271693,61,50,74,170,140,200,9.9,5.2,16,estimated
BLZ,BZ,084,Belize,AMR,2005,279732,70,57,84,190,160,230,16,10,24,estimated
BLZ,BZ,084,Belize,AMR,2006,287889,55,44,66,160,130,190,6.5,3,11,estimated
BLZ,BZ,084,Belize,AMR,2007,296099,38,31,46,110,92,140,6.1,2.8,11,estimated
BLZ,BZ,084,Belize,AMR,2008,304364,50,41,61,150,120,180,10,6,16,estimated
BLZ,BZ,084,Belize,AMR,2009,312616,48,39,57,150,120,180,9.1,5.1,14,estimated
BLZ,BZ,084,Belize,AMR,2010,320236,75,61,90,240,190,290,15,9.9,22,estimated
BLZ,BZ,084,Belize,AMR,2011,327304,36,30,44,120,97,140,14,9.1,19,estimated
BLZ,BZ,084,Belize,AMR,2012,334417,40,32,48,130,110,160,9,5.3,14,estimated
BLZ,BZ,084,Belize,AMR,2013,341628,55,45,66,190,150,230,11,7.1,17,estimated
BLZ,BZ,084,Belize,AMR,2014,348921,31,25,38,110,89,130,12,8.4,17,estimated
BLZ,BZ,084,Belize,AMR,2015,356333,33,27,39,120,94,140,6.5,3.6,10,estimated
BLZ,BZ,084,Belize,AMR,2016,364704,49,40,59,180,150,220,16,11,21,estimated
BLZ,BZ,084,Belize,AMR,2017,373200,47,39,57,180,140,210,11,7.3,16,estimated
BLZ,BZ,084,Belize,AMR,2018,380214,39,32,47,150,120,180,13,8.6,18,estimated
BLZ,BZ,084,Belize,AMR,2019,385830,35,28,42,130,110,160,6.7,3.8,10,estimated
BLZ,BZ,084,Belize,AMR,2020,390809,34,28,41,130,110,160,8.2,4.8,12,estimated
BLZ,BZ,084,Belize,AMR,2021,395343,35,28,42,140,110,170,8.7,5.1,13,estimated
BLZ,BZ,084,Belize,AMR,2022,402727,35,28,43,140,110,170,5.7,2.9,9.5,estimated
BLZ,BZ,084,Belize,AMR,2023,411105,34,28,42,140,110,170,5.3,2.7,8.7,estimated
BLZ,BZ,084,Belize,AMR,2024,417069,34,27,41,140,110,170,7.4,4.1,12,estimated
BMU,BM,060,Bermuda,AMR,2000,61550,0,0,0,0,0,0,,,,estimated
BMU,BM,060,Bermuda,AMR,2001,61848,0,0,0,0,0,0,,,,estimated
BMU,BM,060,Bermuda,AMR,2002,62142,0,0,0,0,0,0,,,,estimated
BMU,BM,060,Bermuda,AMR,2003,62384,4.7,3.8,5.6,3,2,4,,,,estimated
BMU,BM,060,Bermuda,AMR,2004,62549,9.6,7.8,12,6,5,7,,,,estimated
BMU,BM,060,Bermuda,AMR,2005,62711,6.9,5.6,8.3,4,4,5,,,,estimated
BMU,BM,060,Bermuda,AMR,2006,62818,4.8,3.9,5.8,3,2,4,,,,estimated
BMU,BM,060,Bermuda,AMR,2007,63010,4.1,3.3,4.9,3,2,3,,,,estimated
BMU,BM,060,Bermuda,AMR,2008,63291,3.3,2.7,4,2,2,3,,,,estimated
BMU,BM,060,Bermuda,AMR,2009,63569,2.5,2,3,2,1,2,,,,estimated
BMU,BM,060,Bermuda,AMR,2010,63724,1.6,1.3,1.9,1,1,1,,,,estimated
BMU,BM,060,Bermuda,AMR,2011,63734,1.6,1.3,1.9,1,1,1,,,,estimated
BMU,BM,060,Bermuda,AMR,2012,63647,4.7,3.8,5.7,3,2,4,,,,estimated
BMU,BM,060,Bermuda,AMR,2013,63576,0,0,0,0,0,0,,,,estimated
BMU,BM,060,Bermuda,AMR,2014,63532,0,0,0,0,0,0,,,,estimated
BMU,BM,060,Bermuda,AMR,2015,63463,0,0,0,0,0,0,,,,estimated
BMU,BM,060,Bermuda,AMR,2016,63449,3.2,2.6,3.8,2,2,2,,,,estimated
BMU,BM,060,Bermuda,AMR,2017,63576,3.1,2.6,3.8,2,2,2,,,,estimated
BMU,BM,060,Bermuda,AMR,2018,63836,3.1,2.5,3.8,2,2,2,,,,estimated
BMU,BM,060,Bermuda,AMR,2019,64101,3.1,2.5,3.8,2,2,2,,,,estimated
BMU,BM,060,Bermuda,AMR,2020,64384,4.7,3.8,5.6,3,2,4,,,,estimated
BMU,BM,060,Bermuda,AMR,2021,64639,3.1,2.5,3.7,2,2,2,,,,estimated
BMU,BM,060,Bermuda,AMR,2022,64750,1.5,1.3,1.9,1,1,1,,,,estimated
BMU,BM,060,Bermuda,AMR,2023,64703,3.1,2.5,3.7,2,2,2,,,,estimated
BMU,BM,060,Bermuda,AMR,2024,64634,3.1,2.5,3.7,2,2,2,,,,estimated
BOL,BO,068,Bolivia (Plurinational State of),AMR,2000,8606329,402,327,484,35000,28000,42000,19,6.4,38,estimated
BOL,BO,068,Bolivia (Plurinational State of),AMR,2001,8752736,382,311,461,33000,27000,40000,15,5.1,30,estimated
BOL,BO,068,Bolivia (Plurinational State of),AMR,2002,8900359,362,295,437,32000,26000,39000,12,4.2,25,estimated
BOL,BO,068,Bolivia (Plurinational State of),AMR,2003,9050700,342,278,412,31000,25000,37000,11,3.7,21,estimated
BOL,BO,068,Bolivia (Plurinational State of),AMR,2004,9204287,321,261,387,30000,24000,36000,9.6,3.3,19,estimated
BOL,BO,068,Bolivia (Plurinational State of),AMR,2005,9360756,300,244,362,28000,23000,34000,9.3,3.2,18,estimated
BOL,BO,068,Bolivia (Plurinational State of),AMR,2006,9521689,279,227,337,27000,22000,32000,9.2,3.2,18,estimated
BOL,BO,068,Bolivia (Plurinational State of),AMR,2007,9685953,257,209,310,25000,20000,30000,9,3.2,18,estimated
BOL,BO,068,Bolivia (Plurinational State of),AMR,2008,9850866,235,191,283,23000,19000,28000,8.2,2.9,16,estimated
BOL,BO,068,Bolivia (Plurinational State of),AMR,2009,10016280,214,174,257,21000,17000,26000,7.5,2.7,15,estimated
BOL,BO,068,Bolivia (Plurinational State of),AMR,2010,10182342,195,158,235,20000,16000,24000,6.8,2.4,13,estimated
BOL,BO,068,Bolivia (Plurinational State of),AMR,2011,10348919,177,144,213,18000,15000,22000,6.2,2.2,12,estimated
BOL,BO,068,Bolivia (Plurinational State of),AMR,2012,10515807,161,131,194,17000,14000,20000,5.2,3.9,6.8,estimated
BOL,BO,068,Bolivia (Plurinational State of),AMR,2013,10682608,147,119,177,16000,13000,19000,4.2,3.1,5.5,estimated
BOL,BO,068,Bolivia (Plurinational State of),AMR,2014,10848887,134,109,162,15000,12000,18000,5.5,4.1,7.2,estimated
BOL,BO,068,Bolivia (Plurinational State of),AMR,2015,11014701,123,100,148,14000,11000,16000,5.4,4,7,estimated
BOL,BO,068,Bolivia (Plurinational State of),AMR,2016,11180011,113,92,136,13000,10000,15000,4.5,3.4,5.9,estimated
BOL,BO,068,Bolivia (Plurinational State of),AMR,2017,11344596,104,85,126,12000,9600,14000,4.7,3.5,6.1,estimated
BOL,BO,068,Bolivia (Plurinational State of),AMR,2018,11508368,98,80,119,11000,9200,14000,4.9,3.6,6.4,estimated
BOL,BO,068,Bolivia (Plurinational State of),AMR,2019,11671394,95,78,115,11000,9100,13000,4.6,3.4,6,estimated
BOL,BO,068,Bolivia (Plurinational State of),AMR,2020,11816311,94,77,114,11000,9100,13000,5.1,3.9,6.5,estimated
BOL,BO,068,Bolivia (Plurinational State of),AMR,2021,11937354,96,78,115,11000,9300,14000,4.3,3.2,5.5,estimated
BOL,BO,068,Bolivia (Plurinational State of),AMR,2022,12077155,99,81,120,12000,9800,14000,4.7,3.4,6,estimated
BOL,BO,068,Bolivia (Plurinational State of),AMR,2023,12244156,105,86,127,13000,10000,16000,5.9,4.3,7.7,estimated
BOL,BO,068,Bolivia (Plurinational State of),AMR,2024,12413309,114,93,137,14000,11000,17000,6.1,4.5,7.9,estimated
BRA,BR,076,Brazil,AMR,2000,174018285,49,40,59,85000,69000,102000,4.2,1.3,8.8,estimated
BRA,BR,076,Brazil,AMR,2001,176301200,46,37,55,81000,66000,98000,3.5,1.1,7.2,estimated
BRA,BR,076,Brazil,AMR,2002,178503477,50,40,60,89000,72000,107000,3.4,1.1,7.2,estimated
BRA,BR,076,Brazil,AMR,2003,180622693,51,41,61,91000,74000,110000,3.4,1,7,estimated
BRA,BR,076,Brazil,AMR,2004,182675137,52,42,62,95000,77000,114000,3.5,1.1,7.2,estimated
BRA,BR,076,Brazil,AMR,2005,184688111,48,39,57,88000,71000,106000,3.4,1.1,7.1,estimated
BRA,BR,076,Brazil,AMR,2006,186653109,44,36,53,82000,67000,99000,3.5,1.1,7.2,estimated
BRA,BR,076,Brazil,AMR,2007,188552322,44,35,52,82000,67000,99000,3.7,1.2,7.7,estimated
BRA,BR,076,Brazil,AMR,2008,190367299,44,36,53,84000,68000,101000,3.9,1.2,8.1,estimated
BRA,BR,076,Brazil,AMR,2009,192079956,43,35,52,83000,68000,100000,3.9,1.2,8.1,estimated
BRA,BR,076,Brazil,AMR,2010,193701928,42,34,51,82000,67000,99000,7.3,5.4,9.5,estimated
BRA,BR,076,Brazil,AMR,2011,195284741,42,35,51,83000,68000,100000,7.1,5.3,9.2,estimated
BRA,BR,076,Brazil,AMR,2012,196876113,42,34,51,83000,68000,100000,7,5.2,9.1,estimated
BRA,BR,076,Brazil,AMR,2013,198478300,42,35,51,84000,69000,102000,6.6,4.9,8.6,estimated
BRA,BR,076,Brazil,AMR,2014,200085119,41,34,50,83000,67000,100000,6.4,4.7,8.3,estimated
BRA,BR,076,Brazil,AMR,2015,201675529,41,33,50,83000,68000,100000,5.4,4,7,estimated
BRA,BR,076,Brazil,AMR,2016,203218122,41,34,50,84000,68000,101000,5.1,3.8,6.7,estimated
BRA,BR,076,Brazil,AMR,2017,204703451,43,35,52,88000,72000,106000,5.2,3.8,6.7,estimated
BRA,BR,076,Brazil,AMR,2018,206107261,45,37,54,93000,75000,112000,5.1,3.8,6.6,estimated
BRA,BR,076,Brazil,AMR,2019,207455451,45,37,55,94000,76000,113000,4.9,3.7,6.4,estimated
BRA,BR,076,Brazil,AMR,2020,208660841,45,37,54,93000,76000,112000,4.9,3.6,6.4,estimated
BRA,BR,076,Brazil,AMR,2021,209550290,47,38,56,98000,80000,118000,5.6,4,7.2,estimated
BRA,BR,076,Brazil,AMR,2022,210306413,49,40,60,103000,83000,126000,6,4.3,7.6,estimated
BRA,BR,076,Brazil,AMR,2023,211140731,49,40,61,103000,84000,128000,6,4.3,7.6,estimated
BRA,BR,076,Brazil,AMR,2024,211998579,49,40,61,104000,84000,129000,6.1,4.4,7.8,estimated
BRB,BB,052,Barbados,AMR,2000,262064,1.1,0.93,1.4,3,2,4,,,,estimated
BRB,BB,052,Barbados,AMR,2001,262434,2.3,1.9,2.8,6,5,7,,,,estimated
BRB,BB,052,Barbados,AMR,2002,264152,1.9,1.5,2.3,5,4,6,,,,estimated
BRB,BB,052,Barbados,AMR,2003,265768,3.3,2.6,3.9,9,7,10,,,,estimated
BRB,BB,052,Barbados,AMR,2004,267295,7.1,5.8,8.6,19,15,23,,,,estimated
BRB,BB,052,Barbados,AMR,2005,268707,3.5,2.9,4.3,10,8,11,,,,estimated
BRB,BB,052,Barbados,AMR,2006,270009,1.9,1.5,2.2,5,4,6,,,,estimated
BRB,BB,052,Barbados,AMR,2007,271290,5.9,4.8,7.1,16,13,19,,,,estimated
BRB,BB,052,Barbados,AMR,2008,272711,1.1,0.9,1.3,3,2,4,,,,estimated
BRB,BB,052,Barbados,AMR,2009,274121,0.73,0.59,0.88,2,2,2,,,,estimated
BRB,BB,052,Barbados,AMR,2010,275248,2.2,1.8,2.6,6,5,7,,,,estimated
BRB,BB,052,Barbados,AMR,2011,276135,0,0,0,0,0,0,,,,estimated
BRB,BB,052,Barbados,AMR,2012,276938,1.4,1.2,1.7,4,3,5,,,,estimated
BRB,BB,052,Barbados,AMR,2013,277668,1.4,1.2,1.7,4,3,5,,,,estimated
BRB,BB,052,Barbados,AMR,2014,278340,1.8,1.5,2.2,5,4,6,,,,estimated
BRB,BB,052,Barbados,AMR,2015,278982,0,0,0,0,0,0,,,,estimated
BRB,BB,052,Barbados,AMR,2016,279601,1.1,0.87,1.3,3,2,4,,,,estimated
BRB,BB,052,Barbados,AMR,2017,280170,0,0,0,0,0,0,,,,estimated
BRB,BB,052,Barbados,AMR,2018,280712,0.36,0.29,0.43,1,1,1,,,,estimated
BRB,BB,052,Barbados,AMR,2019,281197,0,0,0,0,0,0,,,,estimated
BRB,BB,052,Barbados,AMR,2020,281692,2.1,1.7,2.6,6,5,7,,,,estimated
BRB,BB,052,Barbados,AMR,2021,282141,0.35,0.29,0.43,1,1,1,,,,estimated
BRB,BB,052,Barbados,AMR,2022,282321,1.8,1.4,2.1,5,4,6,,,,estimated
BRB,BB,052,Barbados,AMR,2023,282338,0.71,0.58,0.85,2,2,2,,,,estimated
BRB,BB,052,Barbados,AMR,2024,282468,1,0.82,1.2,3,2,3,,,,estimated
BRN,BN,096,Brunei Darussalam,WPR,2000,326426,231,188,279,750,610,910,0.13,0.04,0.29,estimated
BRN,BN,096,Brunei Darussalam,WPR,2001,333349,146,119,176,490,400,590,0.25,0.07,0.52,estimated
BRN,BN,096,Brunei Darussalam,WPR,2002,340099,140,114,169,480,390,580,0.36,0.11,0.77,estimated
BRN,BN,096,Brunei Darussalam,WPR,2003,346642,116,95,140,400,330,490,0.38,0.11,0.8,estimated
BRN,BN,096,Brunei Darussalam,WPR,2004,352908,94,77,114,330,270,400,0.5,0,2.5,estimated
BRN,BN,096,Brunei Darussalam,WPR,2005,358915,77,62,92,270,220,330,0.94,0.05,3.1,estimated
BRN,BN,096,Brunei Darussalam,WPR,2006,364665,91,74,110,330,270,400,0.37,0.11,0.79,estimated
BRN,BN,096,Brunei Darussalam,WPR,2007,370875,90,73,109,330,270,400,0,0,0,estimated
BRN,BN,096,Brunei Darussalam,WPR,2008,377806,92,75,111,350,280,420,0,0,0,estimated
BRN,BN,096,Brunei Darussalam,WPR,2009,384959,84,69,102,320,260,390,0.79,0.04,2.6,estimated
BRN,BN,096,Brunei Darussalam,WPR,2010,392336,90,73,108,350,290,430,0.38,0,1.9,estimated
BRN,BN,096,Brunei Darussalam,WPR,2011,399390,84,69,102,340,270,410,1.1,0.14,3,estimated
BRN,BN,096,Brunei Darussalam,WPR,2012,405564,86,70,104,350,280,420,0.71,0.03,2.4,estimated
BRN,BN,096,Brunei Darussalam,WPR,2013,411206,73,59,88,300,240,360,0,0,0,estimated
BRN,BN,096,Brunei Darussalam,WPR,2014,416751,66,54,80,280,220,330,0,0,0,estimated
BRN,BN,096,Brunei Darussalam,WPR,2015,422207,69,56,83,290,240,350,0.32,0,1.6,estimated
BRN,BN,096,Brunei Darussalam,WPR,2016,427559,75,61,91,320,260,390,0.93,0.12,2.6,estimated
BRN,BN,096,Brunei Darussalam,WPR,2017,432776,71,58,85,310,250,370,0.6,0.03,2,estimated
BRN,BN,096,Brunei Darussalam,WPR,2018,437810,75,61,90,330,270,390,0.89,0.11,2.4,estimated
BRN,BN,096,Brunei Darussalam,WPR,2019,442683,71,58,86,320,260,380,0.59,0.03,2,estimated
BRN,BN,096,Brunei Darussalam,WPR,2020,447400,90,73,109,400,330,490,1.4,0.37,3.2,estimated
BRN,BN,096,Brunei Darussalam,WPR,2021,451723,66,54,80,300,240,360,1.1,0.22,2.7,estimated
BRN,BN,096,Brunei Darussalam,WPR,2022,455376,63,51,75,280,230,340,1.7,0.54,3.6,estimated
BRN,BN,096,Brunei Darussalam,WPR,2023,458954,72,59,87,330,270,400,1.4,0.38,3.1,estimated
BRN,BN,096,Brunei Darussalam,WPR,2024,462726,65,53,78,300,240,360,2.2,0.83,4.2,estimated
BTN,BT,064,Bhutan,SEA,2000,596861,667,542,803,4000,3200,4800,24,4.5,61,estimated
BTN,BT,064,Bhutan,SEA,2001,610785,587,478,708,3600,2900,4300,20,3.8,50,estimated
BTN,BT,064,Bhutan,SEA,2002,624414,598,486,721,3700,3000,4500,20,3.8,50,estimated
BTN,BT,064,Bhutan,SEA,2003,637659,547,445,659,3500,2800,4200,19,3.6,47,estimated
BTN,BT,064,Bhutan,SEA,2004,650537,512,416,616,3300,2700,4000,19,3.5,47,estimated
BTN,BT,064,Bhutan,SEA,2005,661865,508,413,612,3400,2700,4100,21,3.7,52,estimated
BTN,BT,064,Bhutan,SEA,2006,670797,429,349,517,2900,2300,3500,19,3.3,48,estimated
BTN,BT,064,Bhutan,SEA,2007,678641,436,355,526,3000,2400,3600,21,3.6,54,estimated
BTN,BT,064,Bhutan,SEA,2008,686349,393,320,474,2700,2200,3300,19,3.2,50,estimated
BTN,BT,064,Bhutan,SEA,2009,693991,432,352,521,3000,2400,3600,21,3.5,55,estimated
BTN,BT,064,Bhutan,SEA,2010,701633,474,386,572,3300,2700,4000,23,3.8,60,estimated
BTN,BT,064,Bhutan,SEA,2011,709375,421,342,507,3000,2400,3600,21,3.4,54,estimated
BTN,BT,064,Bhutan,SEA,2012,717277,363,296,438,2600,2100,3100,18,3,46,estimated
BTN,BT,064,Bhutan,SEA,2013,725268,328,267,396,2400,1900,2900,16,2.6,40,estimated
BTN,BT,064,Bhutan,SEA,2014,733141,307,250,370,2300,1800,2700,3.1,1.3,5.5,estimated
BTN,BT,064,Bhutan,SEA,2015,740614,264,214,318,2000,1600,2400,2.4,0.96,4.6,estimated
BTN,BT,064,Bhutan,SEA,2016,747857,298,242,359,2200,1800,2700,1.6,0.47,3.3,estimated
BTN,BT,064,Bhutan,SEA,2017,754334,216,176,261,1600,1300,2000,1.3,0.32,2.8,estimated
BTN,BT,064,Bhutan,SEA,2018,759759,213,173,257,1600,1300,1900,0.48,0.02,1.6,estimated
BTN,BT,064,Bhutan,SEA,2019,764826,226,184,273,1700,1400,2100,0.7,0.1,1.9,estimated
BTN,BT,064,Bhutan,SEA,2020,770012,201,164,242,1500,1300,1900,1.3,0.4,2.8,estimated
BTN,BT,064,Bhutan,SEA,2021,775432,185,150,223,1400,1200,1700,0.65,0.08,1.8,estimated
BTN,BT,064,Bhutan,SEA,2022,780925,171,139,206,1300,1100,1600,0.63,0.07,1.8,estimated
BTN,BT,064,Bhutan,SEA,2023,786378,179,146,216,1400,1100,1700,1.2,0.36,2.7,estimated
BTN,BT,064,Bhutan,SEA,2024,791519,191,156,231,1500,1200,1800,0.63,0.08,1.8,estimated
BWA,BW,072,Botswana,AFR,2000,1677378,976,545,2230,16000,9100,37000,774,627,936,estimated
BWA,BW,072,Botswana,AFR,2001,1712261,938,527,2120,16000,9000,36000,743,602,899,estimated
BWA,BW,072,Botswana,AFR,2002,1744766,901,510,2010,16000,8900,35000,712,577,861,estimated
BWA,BW,072,Botswana,AFR,2003,1775735,863,492,1910,15000,8700,34000,682,552,825,estimated
BWA,BW,072,Botswana,AFR,2004,1807148,826,474,1800,15000,8600,33000,651,528,788,estimated
BWA,BW,072,Botswana,AFR,2005,1839878,788,456,1700,15000,8400,31000,621,503,752,estimated
BWA,BW,072,Botswana,AFR,2006,1874512,751,438,1590,14000,8200,30000,595,482,719,estimated
BWA,BW,072,Botswana,AFR,2007,1911192,714,420,1480,14000,8000,28000,482,390,583,estimated
BWA,BW,072,Botswana,AFR,2008,1949960,676,402,1380,13000,7800,27000,456,368,555,estimated
BWA,BW,072,Botswana,AFR,2009,1990671,639,384,1270,13000,7700,25000,415,335,503,estimated
BWA,BW,072,Botswana,AFR,2010,2033112,601,366,1160,12000,7500,24000,393,317,477,estimated
BWA,BW,072,Botswana,AFR,2011,2073531,568,346,1100,12000,7200,23000,359,289,435,estimated
BWA,BW,072,Botswana,AFR,2012,2108613,536,326,1040,11000,6900,22000,319,257,388,estimated
BWA,BW,072,Botswana,AFR,2013,2140677,503,306,974,11000,6600,21000,304,244,370,estimated
BWA,BW,072,Botswana,AFR,2014,2172038,470,286,911,10000,6200,20000,281,225,342,estimated
BWA,BW,072,Botswana,AFR,2015,2203274,437,266,848,9600,5900,19000,261,209,319,estimated
BWA,BW,072,Botswana,AFR,2016,2234775,405,246,785,9000,5500,18000,242,194,296,estimated
BWA,BW,072,Botswana,AFR,2017,2266743,372,226,722,8400,5100,16000,179,143,219,estimated
BWA,BW,072,Botswana,AFR,2018,2299141,339,206,658,7800,4700,15000,182,145,224,estimated
BWA,BW,072,Botswana,AFR,2019,2332084,306,186,595,7100,4300,14000,149,118,185,estimated
BWA,BW,072,Botswana,AFR,2020,2365899,274,166,532,6500,3900,13000,133,83,195,estimated
BWA,BW,072,Botswana,AFR,2021,2401443,241,146,469,5800,3500,11000,115,67,176,estimated
BWA,BW,072,Botswana,AFR,2022,2439891,208,126,406,5100,3100,9900,96,52,153,estimated
BWA,BW,072,Botswana,AFR,2023,2480246,175,106,343,4400,2600,8500,79,40,131,estimated
BWA,BW,072,Botswana,AFR,2024,2521126,143,86,280,3600,2200,7000,62,43,85,estimated
CAF,CF,140,Central African Republic,AFR,2000,3833419,681,422,1280,26000,16000,49000,443,189,803,estimated
CAF,CF,140,Central African Republic,AFR,2001,3919495,667,414,1260,26000,16000,49000,393,162,723,estimated
CAF,CF,140,Central African Republic,AFR,2002,4006073,654,405,1230,26000,16000,49000,355,142,663,estimated
CAF,CF,140,Central African Republic,AFR,2003,4103088,641,397,1210,26000,16000,49000,328,128,620,estimated
CAF,CF,140,Central African Republic,AFR,2004,4192826,628,389,1180,26000,16000,50000,309,118,590,estimated
CAF,CF,140,Central African Republic,AFR,2005,4288809,615,381,1160,26000,16000,50000,302,115,576,estimated
CAF,CF,140,Central African Republic,AFR,2006,4377583,603,374,1130,26000,16000,50000,298,114,569,estimated
CAF,CF,140,Central African Republic,AFR,2007,4462763,591,366,1110,26000,16000,50000,295,113,561,estimated
CAF,CF,140,Central African Republic,AFR,2008,4558988,579,359,1090,26000,16000,50000,283,108,541,estimated
CAF,CF,140,Central African Republic,AFR,2009,4529048,568,352,1070,26000,16000,48000,270,102,518,estimated
CAF,CF,140,Central African Republic,AFR,2010,4492994,556,345,1050,25000,15000,47000,255,95,493,estimated
CAF,CF,140,Central African Republic,AFR,2011,4565022,545,338,1030,25000,15000,47000,243,89,472,estimated
CAF,CF,140,Central African Republic,AFR,2012,4610845,534,331,1010,25000,15000,46000,231,84,450,estimated
CAF,CF,140,Central African Republic,AFR,2013,4642414,524,325,985,24000,15000,46000,214,76,421,estimated
CAF,CF,140,Central African Republic,AFR,2014,4623184,513,318,965,24000,15000,45000,195,68,388,estimated
CAF,CF,140,Central African Republic,AFR,2015,4629322,503,312,946,23000,14000,44000,177,60,356,estimated
CAF,CF,140,Central African Republic,AFR,2016,4713664,493,305,927,23000,14000,44000,149,67,263,estimated
CAF,CF,140,Central African Republic,AFR,2017,4793509,483,299,909,23000,14000,44000,135,61,238,estimated
CAF,CF,140,Central African Republic,AFR,2018,4878659,473,293,891,23000,14000,43000,123,55,217,estimated
CAF,CF,140,Central African Republic,AFR,2019,4944696,464,288,873,23000,14000,43000,117,53,207,estimated
CAF,CF,140,Central African Republic,AFR,2020,5026626,455,282,855,23000,14000,43000,137,62,241,estimated
CAF,CF,140,Central African Republic,AFR,2021,5112092,446,276,838,23000,14000,43000,123,56,217,estimated
CAF,CF,140,Central African Republic,AFR,2022,5098039,437,271,821,22000,14000,42000,104,47,184,estimated
CAF,CF,140,Central African Republic,AFR,2023,5152418,428,265,805,22000,14000,41000,98,44,173,estimated
CAF,CF,140,Central African Republic,AFR,2024,5330691,419,260,789,22000,14000,42000,95,43,167,estimated
CAN,CA,124,Canada,AMR,2000,30891798,8,6.5,9.7,2500,2000,3000,1.1,0.42,2,estimated
CAN,CA,124,Canada,AMR,2001,31213576,8,6.5,9.7,2500,2000,3000,0.98,0.39,1.9,estimated
CAN,CA,124,Canada,AMR,2002,31535575,7.3,5.9,8.8,2300,1900,2800,0.82,0.32,1.6,estimated
CAN,CA,124,Canada,AMR,2003,31836477,6.9,5.7,8.4,2200,1800,2700,0.71,0.27,1.3,estimated
CAN,CA,124,Canada,AMR,2004,32132682,6.4,5.2,7.7,2100,1700,2500,0.58,0.22,1.1,estimated
CAN,CA,124,Canada,AMR,2005,32440185,6.3,5.1,7.5,2000,1700,2400,0.48,0.18,0.92,estimated
CAN,CA,124,Canada,AMR,2006,32759168,6,4.9,7.3,2000,1600,2400,0.39,0.14,0.75,estimated
CAN,CA,124,Canada,AMR,2007,33092162,5.8,4.8,7,1900,1600,2300,0.32,0.11,0.62,estimated
CAN,CA,124,Canada,AMR,2008,33449085,5.9,4.8,7.1,2000,1600,2400,0.3,0.11,0.58,estimated
CAN,CA,124,Canada,AMR,2009,33826373,5.7,4.7,6.9,1900,1600,2300,0.29,0.21,0.38,estimated
CAN,CA,124,Canada,AMR,2010,34196897,4.9,4,5.9,1700,1400,2000,0.19,0.14,0.25,estimated
CAN,CA,124,Canada,AMR,2011,34555451,5,4,6,1700,1400,2100,0.23,0.08,0.44,estimated
CAN,CA,124,Canada,AMR,2012,34922506,5.6,4.5,6.7,1900,1600,2300,0.24,0.09,0.47,estimated
CAN,CA,124,Canada,AMR,2013,35293430,5.4,4.4,6.5,1900,1500,2300,0.2,0.07,0.4,estimated
CAN,CA,124,Canada,AMR,2014,35634258,5,4.1,6,1800,1400,2100,0.18,0.06,0.35,estimated
CAN,CA,124,Canada,AMR,2015,35962230,5.1,4.1,6.1,1800,1500,2200,0.18,0.06,0.35,estimated
CAN,CA,124,Canada,AMR,2016,36353341,5.3,4.3,6.4,1900,1600,2300,0.19,0.07,0.37,estimated
CAN,CA,124,Canada,AMR,2017,36808500,5.4,4.4,6.5,2000,1600,2400,0.2,0.07,0.39,estimated
CAN,CA,124,Canada,AMR,2018,37295012,5.3,4.3,6.4,2000,1600,2400,0.19,0.13,0.25,estimated
CAN,CA,124,Canada,AMR,2019,37782926,5.6,4.6,6.7,2100,1700,2500,0.16,0.11,0.22,estimated
CAN,CA,124,Canada,AMR,2020,38171900,5.1,4.1,6.1,1900,1600,2300,0.15,0.1,0.2,estimated
CAN,CA,124,Canada,AMR,2021,38454059,5.4,4.4,6.5,2100,1700,2500,0.15,0.11,0.21,estimated
CAN,CA,124,Canada,AMR,2022,38821262,5.6,4.5,6.7,2200,1800,2600,0.16,0.11,0.22,estimated
CAN,CA,124,Canada,AMR,2023,39299105,6.2,5,7.5,2400,2000,2900,0.18,0.12,0.24,estimated
CAN,CA,124,Canada,AMR,2024,39742434,6.2,5,7.5,2500,2000,3000,0.18,0.12,0.24,estimated
CHE,CH,756,Switzerland,EUR,2000,7184000,11,9.1,13,800,650,960,2,1.2,3,estimated
CHE,CH,756,Switzerland,EUR,2001,7226398,10,8.4,12,750,610,900,1.7,1,2.6,estimated
CHE,CH,756,Switzerland,EUR,2002,7278753,11,8.9,13,800,650,960,1.7,0.97,2.5,estimated
CHE,CH,756,Switzerland,EUR,2003,7333441,10,8.4,12,760,610,910,1.4,0.81,2.2,estimated
CHE,CH,756,Switzerland,EUR,2004,7384200,9.7,7.9,12,720,580,860,1.2,0.68,1.8,estimated
CHE,CH,756,Switzerland,EUR,2005,7431821,8.9,7.2,11,660,540,790,0.92,0.52,1.4,estimated
CHE,CH,756,Switzerland,EUR,2006,7478507,8,6.5,9.7,600,490,720,0.7,0.39,1.1,estimated
CHE,CH,756,Switzerland,EUR,2007,7545379,7,5.7,8.4,530,430,640,0.51,0.28,0.81,estimated
CHE,CH,756,Switzerland,EUR,2008,7641735,7.6,6.2,9.1,580,470,700,0.52,0.29,0.83,estimated
CHE,CH,756,Switzerland,EUR,2009,7737649,8.1,6.6,9.7,620,510,750,0.54,0.3,0.85,estimated
CHE,CH,756,Switzerland,EUR,2010,7825756,8,6.5,9.6,620,510,750,0.53,0.29,0.83,estimated
CHE,CH,756,Switzerland,EUR,2011,7914376,8.1,6.6,9.7,640,520,770,0.5,0.28,0.8,estimated
CHE,CH,756,Switzerland,EUR,2012,7998915,6.3,5.1,7.6,500,410,610,0.37,0.2,0.58,estimated
CHE,CH,756,Switzerland,EUR,2013,8091201,6.9,5.6,8.3,560,460,680,0.36,0.2,0.57,estimated
CHE,CH,756,Switzerland,EUR,2014,8190233,6.2,5,7.4,510,410,610,0.3,0.16,0.48,estimated
CHE,CH,756,Switzerland,EUR,2015,8283938,7.6,6.2,9.2,630,510,760,0.36,0.19,0.57,estimated
CHE,CH,756,Switzerland,EUR,2016,8374909,8,6.5,9.7,670,550,810,0.38,0.21,0.6,estimated
CHE,CH,756,Switzerland,EUR,2017,8453631,7.3,5.9,8.8,620,500,740,0.34,0.19,0.55,estimated
CHE,CH,756,Switzerland,EUR,2018,8516347,6.4,5.2,7.7,550,450,660,0.3,0.16,0.48,estimated
CHE,CH,756,Switzerland,EUR,2019,8577516,5.4,4.4,6.5,460,380,560,0.25,0.13,0.4,estimated
CHE,CH,756,Switzerland,EUR,2020,8640574,4.7,3.8,5.6,400,330,490,0.22,0.12,0.34,estimated
CHE,CH,756,Switzerland,EUR,2021,8707024,4.7,3.8,5.7,410,330,490,0.22,0.12,0.35,estimated
CHE,CH,756,Switzerland,EUR,2022,8792188,4.5,3.7,5.5,400,320,480,0.21,0.11,0.33,estimated
CHE,CH,756,Switzerland,EUR,2023,8870559,5.4,4.4,6.5,470,390,570,0.25,0.13,0.39,estimated
CHE,CH,756,Switzerland,EUR,2024,8921971,5.4,4.4,6.5,480,390,580,0.25,0.13,0.4,estimated
CHL,CL,152,Chile,AMR,2000,15503636,33,27,39,5100,4100,6100,4.6,1.9,8.6,estimated
CHL,CL,152,Chile,AMR,2001,15683847,31,25,37,4900,4000,5900,4.2,1.7,7.9,estimated
CHL,CL,152,Chile,AMR,2002,15857926,24,20,29,3800,3100,4600,3.1,1.2,5.8,estimated
CHL,CL,152,Chile,AMR,2003,16024750,21,17,25,3400,2800,4100,2.5,1,4.7,estimated
CHL,CL,152,Chile,AMR,2004,16187316,24,20,29,3900,3200,4700,2.6,1,4.8,estimated
CHL,CL,152,Chile,AMR,2005,16348786,22,18,26,3500,2900,4300,2,0.78,3.8,estimated
CHL,CL,152,Chile,AMR,2006,16509195,21,17,26,3500,2900,4300,1.7,0.65,3.2,estimated
CHL,CL,152,Chile,AMR,2007,16671580,20,16,24,3300,2700,4000,1.4,0.51,2.6,estimated
CHL,CL,152,Chile,AMR,2008,16838998,20,16,24,3300,2700,4000,1.3,0.49,2.5,estimated
CHL,CL,152,Chile,AMR,2009,17009736,19,16,23,3300,2600,3900,1.3,0.48,2.5,estimated
CHL,CL,152,Chile,AMR,2010,17181452,19,15,22,3200,2600,3800,1.3,0.48,2.4,estimated
CHL,CL,152,Chile,AMR,2011,17351818,19,15,23,3300,2700,3900,1.3,0.48,2.4,estimated
CHL,CL,152,Chile,AMR,2012,17519118,18,15,22,3200,2600,3800,1.2,0.45,2.3,estimated
CHL,CL,152,Chile,AMR,2013,17686999,18,14,21,3100,2600,3800,1.1,0.42,2.1,estimated
CHL,CL,152,Chile,AMR,2014,17864205,17,14,21,3100,2500,3700,1.1,0.41,2.1,estimated
CHL,CL,152,Chile,AMR,2015,18047626,18,15,22,3300,2700,4000,2.4,1.8,3.1,estimated
CHL,CL,152,Chile,AMR,2016,18267220,17,14,21,3200,2600,3900,2.2,1.7,2.9,estimated
CHL,CL,152,Chile,AMR,2017,18558871,18,15,22,3400,2700,4100,2.1,1.5,2.7,estimated
CHL,CL,152,Chile,AMR,2018,18893192,19,16,23,3600,2900,4400,2,1.5,2.6,estimated
CHL,CL,152,Chile,AMR,2019,19197744,19,15,22,3600,2900,4300,2.1,1.6,2.7,estimated
CHL,CL,152,Chile,AMR,2020,19370621,15,12,18,3000,2400,3600,1.6,1.2,2,estimated
CHL,CL,152,Chile,AMR,2021,19456337,17,13,20,3200,2600,3900,1.6,1.2,2,estimated
CHL,CL,152,Chile,AMR,2022,19553029,18,15,22,3500,2900,4200,1.8,1.4,2.4,estimated
CHL,CL,152,Chile,AMR,2023,19658834,20,16,24,3800,3100,4600,1.8,1.3,2.4,estimated
CHL,CL,152,Chile,AMR,2024,19764765,19,16,23,3800,3100,4500,1.8,1.3,2.3,estimated
CHN,CN,156,China,WPR,2000,1269581178,107,87,129,1360000,1110000,1640000,2.1,0.64,4.4,estimated
CHN,CN,156,China,WPR,2001,1278725053,104,84,125,1330000,1080000,1600000,1.8,0.54,3.8,estimated
CHN,CN,156,China,WPR,2002,1286866836,100,82,121,1290000,1050000,1560000,1.6,0.48,3.3,estimated
CHN,CN,156,China,WPR,2003,1294517325,97,79,117,1260000,1020000,1510000,1.5,0.44,3.1,estimated
CHN,CN,156,China,WPR,2004,1302100319,94,76,113,1220000,994000,1470000,1.4,0.43,3,estimated
CHN,CN,156,China,WPR,2005,1310027136,91,74,109,1190000,967000,1430000,1.5,0.45,3.1,estimated
CHN,CN,156,China,WPR,2006,1318054033,88,71,106,1160000,940000,1390000,1.5,0.47,3.2,estimated
CHN,CN,156,China,WPR,2007,1325813580,85,69,102,1120000,915000,1350000,1.6,0.49,3.3,estimated
CHN,CN,156,China,WPR,2008,1333821021,82,67,99,1100000,894000,1320000,1.6,0.49,3.3,estimated
CHN,CN,156,China,WPR,2009,1342522712,81,66,98,1090000,885000,1310000,1.6,0.48,3.3,estimated
CHN,CN,156,China,WPR,2010,1351561515,76,62,91,1020000,834000,1230000,1.4,0.45,3,estimated
CHN,CN,156,China,WPR,2011,1360250669,75,61,90,1020000,826000,1220000,1.5,0.45,3,estimated
CHN,CN,156,China,WPR,2012,1369520867,73,60,89,1010000,819000,1210000,1.4,0.45,3,estimated
CHN,CN,156,China,WPR,2013,1379008044,70,57,84,959000,780000,1160000,1.3,0.42,2.8,estimated
CHN,CN,156,China,WPR,2014,1387951973,67,54,81,928000,755000,1120000,1.2,0.39,2.5,estimated
CHN,CN,156,China,WPR,2015,1396134174,65,53,78,905000,737000,1090000,1.1,0.36,2.3,estimated
CHN,CN,156,China,WPR,2016,1404052628,63,51,76,884000,719000,1070000,1.1,0.34,2.2,estimated
CHN,CN,156,China,WPR,2017,1412354727,62,51,75,879000,715000,1060000,1,0.33,2.1,estimated
CHN,CN,156,China,WPR,2018,1419008955,61,49,73,861000,701000,1040000,0.98,0.3,2,estimated
CHN,CN,156,China,WPR,2019,1423520349,58,47,70,827000,673000,997000,0.95,0.3,2,estimated
CHN,CN,156,China,WPR,2020,1426106090,58,48,70,834000,678000,1000000,0.84,0.21,1.9,estimated
CHN,CN,156,China,WPR,2021,1426437266,55,45,66,781000,635000,941000,0.73,0.16,1.7,estimated
CHN,CN,156,China,WPR,2022,1425179568,52,43,63,748000,608000,901000,0.93,0.33,1.9,estimated
CHN,CN,156,China,WPR,2023,1422584930,52,42,63,741000,603000,893000,0.67,0.14,1.6,estimated
CHN,CN,156,China,WPR,2024,1419321279,49,40,59,696000,567000,839000,0.89,0.66,1.2,estimated
CIV,CI,384,Côte d'Ivoire,AFR,2000,17699004,166,86,441,29000,15000,78000,109,73,153,estimated
CIV,CI,384,Côte d'Ivoire,AFR,2001,18178918,180,96,455,33000,17000,83000,106,69,151,estimated
CIV,CI,384,Côte d'Ivoire,AFR,2002,18654775,191,104,467,36000,19000,87000,103,65,150,estimated
CIV,CI,384,Côte d'Ivoire,AFR,2003,19125547,201,110,475,38000,21000,91000,101,61,150,estimated
CIV,CI,384,Côte d'Ivoire,AFR,2004,19594988,208,116,480,41000,23000,94000,100,59,151,estimated
CIV,CI,384,Côte d'Ivoire,AFR,2005,20068463,213,120,482,43000,24000,97000,101,59,153,estimated
CIV,CI,384,Côte d'Ivoire,AFR,2006,20546804,217,123,481,45000,25000,99000,102,60,155,estimated
CIV,CI,384,Côte d'Ivoire,AFR,2007,21030562,218,124,477,46000,26000,100000,102,61,155,estimated
CIV,CI,384,Côte d'Ivoire,AFR,2008,21514443,217,125,470,47000,27000,101000,64,50,80,estimated
CIV,CI,384,Côte d'Ivoire,AFR,2009,21997945,215,124,460,47000,27000,101000,65,50,82,estimated
CIV,CI,384,Côte d'Ivoire,AFR,2010,22488056,209,121,445,47000,27000,100000,51,39,64,estimated
CIV,CI,384,Côte d'Ivoire,AFR,2011,22981997,201,117,427,46000,27000,98000,53,40,67,estimated
CIV,CI,384,Côte d'Ivoire,AFR,2012,23467080,193,112,408,45000,26000,96000,51,39,65,estimated
CIV,CI,384,Côte d'Ivoire,AFR,2013,23939772,184,107,383,44000,26000,92000,45,34,58,estimated
CIV,CI,384,Côte d'Ivoire,AFR,2014,24527399,173,102,355,42000,25000,87000,41,31,53,estimated
CIV,CI,384,Côte d'Ivoire,AFR,2015,25246344,162,97,329,41000,24000,83000,38,28,50,estimated
CIV,CI,384,Côte d'Ivoire,AFR,2016,25989406,153,91,304,40000,24000,79000,33,24,43,estimated
CIV,CI,384,Côte d'Ivoire,AFR,2017,26733370,142,86,279,38000,23000,75000,29,21,38,estimated
CIV,CI,384,Côte d'Ivoire,AFR,2018,27464170,133,81,258,37000,22000,71000,26,19,35,estimated
CIV,CI,384,Côte d'Ivoire,AFR,2019,28193000,126,77,241,35000,22000,68000,22,16,30,estimated
CIV,CI,384,Côte d'Ivoire,AFR,2020,28915447,118,73,226,34000,21000,65000,17,12,24,estimated
CIV,CI,384,Côte d'Ivoire,AFR,2021,29639740,112,69,213,33000,20000,63000,15,9.8,21,estimated
CIV,CI,384,Côte d'Ivoire,AFR,2022,30395001,107,66,204,33000,20000,62000,15,9.6,21,estimated
CIV,CI,384,Côte d'Ivoire,AFR,2023,31165656,103,63,197,32000,20000,61000,13,8.2,19,estimated
CIV,CI,384,Côte d'Ivoire,AFR,2024,31934226,99,60,192,32000,19000,61000,12,7.5,18,estimated
CMR,CM,120,Cameroon,AFR,2000,14912630,84,43,226,13000,6400,34000,45,22,76,estimated
CMR,CM,120,Cameroon,AFR,2001,15309492,131,71,319,20000,11000,49000,64,35,100,estimated
CMR,CM,120,Cameroon,AFR,2002,15725533,172,95,398,27000,15000,63000,77,44,120,estimated
CMR,CM,120,Cameroon,AFR,2003,16160356,206,116,465,33000,19000,75000,89,50,138,estimated
CMR,CM,120,Cameroon,AFR,2004,16610495,234,133,518,39000,22000,86000,99,56,153,estimated
CMR,CM,120,Cameroon,AFR,2005,17074592,255,146,558,44000,25000,95000,109,63,169,estimated
CMR,CM,120,Cameroon,AFR,2006,17550401,271,155,587,48000,27000,103000,120,70,183,estimated
CMR,CM,120,Cameroon,AFR,2007,18049903,279,161,600,50000,29000,108000,126,74,192,estimated
CMR,CM,120,Cameroon,AFR,2008,18574051,280,161,598,52000,30000,111000,113,89,139,estimated
CMR,CM,120,Cameroon,AFR,2009,19113983,278,161,591,53000,31000,113000,112,88,139,estimated
CMR,CM,120,Cameroon,AFR,2010,19668067,271,157,575,53000,31000,113000,95,74,118,estimated
CMR,CM,120,Cameroon,AFR,2011,20232300,259,150,550,52000,30000,111000,99,77,123,estimated
CMR,CM,120,Cameroon,AFR,2012,20809540,248,144,525,52000,30000,109000,92,72,115,estimated
CMR,CM,120,Cameroon,AFR,2013,21402380,238,139,497,51000,30000,106000,91,70,114,estimated
CMR,CM,120,Cameroon,AFR,2014,22059890,226,133,465,50000,29000,103000,84,65,106,estimated
CMR,CM,120,Cameroon,AFR,2015,22763410,214,127,434,49000,29000,99000,77,59,97,estimated
CMR,CM,120,Cameroon,AFR,2016,23454158,202,121,404,47000,28000,95000,69,53,88,estimated
CMR,CM,120,Cameroon,AFR,2017,24128606,189,114,372,46000,28000,90000,58,44,74,estimated
CMR,CM,120,Cameroon,AFR,2018,24806386,177,108,344,44000,27000,85000,51,38,65,estimated
CMR,CM,120,Cameroon,AFR,2019,25506095,168,102,322,43000,26000,82000,45,33,58,estimated
CMR,CM,120,Cameroon,AFR,2020,26210553,158,97,302,41000,25000,79000,38,28,50,estimated
CMR,CM,120,Cameroon,AFR,2021,26915765,150,92,286,40000,25000,77000,31,22,41,estimated
CMR,CM,120,Cameroon,AFR,2022,27632768,143,88,273,40000,24000,75000,26,18,35,estimated
CMR,CM,120,Cameroon,AFR,2023,28372684,137,84,263,39000,24000,75000,23,16,31,estimated
CMR,CM,120,Cameroon,AFR,2024,29123749,132,80,257,38000,23000,75000,20,14,28,estimated
COD,CD,180,Democratic Republic of the Congo,AFR,2000,50507447,612,375,1180,309000,189000,594000,220,73,447,estimated
COD,CD,180,Democratic Republic of the Congo,AFR,2001,52132644,600,367,1150,313000,192000,601000,185,59,381,estimated
COD,CD,180,Democratic Republic of the Congo,AFR,2002,53750527,588,360,1130,316000,194000,607000,159,49,331,estimated
COD,CD,180,Democratic Republic of the Congo,AFR,2003,55343866,576,353,1110,319000,195000,613000,140,42,296,estimated
COD,CD,180,Democratic Republic of the Congo,AFR,2004,56997745,564,346,1080,322000,197000,618000,128,38,273,estimated
COD,CD,180,Democratic Republic of the Congo,AFR,2005,58775724,553,339,1060,325000,199000,625000,124,36,266,estimated
COD,CD,180,Democratic Republic of the Congo,AFR,2006,60615900,542,332,1040,329000,201000,632000,124,36,264,estimated
COD,CD,180,Democratic Republic of the Congo,AFR,2007,62477756,531,325,1020,332000,203000,638000,46,20,82,estimated
COD,CD,180,Democratic Republic of the Congo,AFR,2008,64390653,521,319,1000,335000,205000,644000,42,18,75,estimated
COD,CD,180,Democratic Republic of the Congo,AFR,2009,66412046,510,313,981,339000,208000,651000,109,32,235,estimated
COD,CD,180,Democratic Republic of the Congo,AFR,2010,68563028,500,306,961,343000,210000,659000,101,29,219,estimated
COD,CD,180,Democratic Republic of the Congo,AFR,2011,70849306,490,300,942,347000,213000,667000,96,27,207,estimated
COD,CD,180,Democratic Republic of the Congo,AFR,2012,73254621,480,294,923,352000,216000,676000,90,25,195,estimated
COD,CD,180,Democratic Republic of the Congo,AFR,2013,75789389,471,288,905,357000,219000,686000,82,23,179,estimated
COD,CD,180,Democratic Republic of the Congo,AFR,2014,78403238,461,283,886,362000,222000,695000,73,20,160,estimated
COD,CD,180,Democratic Republic of the Congo,AFR,2015,81035533,452,277,869,366000,224000,704000,65,17,142,estimated
COD,CD,180,Democratic Republic of the Congo,AFR,2016,83956413,443,271,851,372000,228000,715000,58,15,128,estimated
COD,CD,180,Democratic Republic of the Congo,AFR,2017,87083395,434,266,834,378000,232000,727000,43,19,78,estimated
COD,CD,180,Democratic Republic of the Congo,AFR,2018,90047635,426,261,818,383000,235000,736000,47,12,106,estimated
COD,CD,180,Democratic Republic of the Congo,AFR,2019,92947436,417,255,801,388000,237000,745000,44,19,80,estimated
COD,CD,180,Democratic Republic of the Congo,AFR,2020,95989997,409,250,785,392000,240000,754000,32,14,57,estimated
COD,CD,180,Democratic Republic of the Congo,AFR,2021,99148925,401,245,770,397000,243000,763000,32,14,58,estimated
COD,CD,180,Democratic Republic of the Congo,AFR,2022,102396973,392,240,754,402000,246000,772000,27,12,48,estimated
COD,CD,180,Democratic Republic of the Congo,AFR,2023,105789741,385,236,739,407000,249000,782000,25,11,45,estimated
COD,CD,180,Democratic Republic of the Congo,AFR,2024,109276257,377,231,724,412000,252000,792000,21,9.1,38,estimated
COG,CG,178,Congo,AFR,2000,3151346,569,294,1530,18000,9300,48000,327,256,406,estimated
COG,CG,178,Congo,AFR,2001,3272534,550,289,1430,18000,9500,47000,280,213,355,estimated
COG,CG,178,Congo,AFR,2002,3350781,532,284,1340,18000,9500,45000,245,182,318,estimated
COG,CG,178,Congo,AFR,2003,3445757,515,279,1260,18000,9600,43000,221,161,291,estimated
COG,CG,178,Congo,AFR,2004,3565556,499,274,1180,18000,9800,42000,205,147,273,estimated
COG,CG,178,Congo,AFR,2005,3696387,484,269,1120,18000,9900,41000,199,143,265,estimated
COG,CG,178,Congo,AFR,2006,3837411,470,264,1060,18000,10000,41000,197,142,261,estimated
COG,CG,178,Congo,AFR,2007,3980426,458,259,1020,18000,10000,41000,196,142,259,estimated
COG,CG,178,Congo,AFR,2008,4113518,448,255,989,18000,10000,41000,190,137,251,estimated
COG,CG,178,Congo,AFR,2009,4281220,438,250,957,19000,11000,41000,182,130,242,estimated
COG,CG,178,Congo,AFR,2010,4462282,426,244,927,19000,11000,41000,173,123,232,estimated
COG,CG,178,Congo,AFR,2011,4609719,415,238,902,19000,11000,42000,167,118,225,estimated
COG,CG,178,Congo,AFR,2012,4740445,402,231,871,19000,11000,41000,161,113,217,estimated
COG,CG,178,Congo,AFR,2013,4857098,385,223,823,19000,11000,40000,149,104,202,estimated
COG,CG,178,Congo,AFR,2014,4975881,365,213,767,18000,11000,38000,135,92,185,estimated
COG,CG,178,Congo,AFR,2015,5097575,348,205,717,18000,10000,37000,122,82,170,estimated
COG,CG,178,Congo,AFR,2016,5222541,334,199,676,17000,10000,35000,112,74,159,estimated
COG,CG,178,Congo,AFR,2017,5351013,321,193,636,17000,10000,34000,104,67,149,estimated
COG,CG,178,Congo,AFR,2018,5483122,311,189,606,17000,10000,33000,98,61,142,estimated
COG,CG,178,Congo,AFR,2019,5616660,304,186,586,17000,10000,33000,92,57,137,estimated
COG,CG,178,Congo,AFR,2020,5752787,300,184,573,17000,11000,33000,91,56,135,estimated
COG,CG,178,Congo,AFR,2021,5892187,297,183,565,18000,11000,33000,90,55,134,estimated
COG,CG,178,Congo,AFR,2022,6035105,297,183,565,18000,11000,34000,90,55,134,estimated
COG,CG,178,Congo,AFR,2023,6182884,298,183,570,18000,11000,35000,91,55,135,estimated
COG,CG,178,Congo,AFR,2024,6332966,302,185,582,19000,12000,37000,44,34,55,estimated
COK,CK,184,Cook Islands,WPR,2000,15857,6.3,5.1,7.6,1,1,1,,,,estimated
COK,CK,184,Cook Islands,WPR,2001,15238,13,11,16,2,2,2,,,,estimated
COK,CK,184,Cook Islands,WPR,2002,14968,6.7,5.4,8.1,1,1,1,,,,estimated
COK,CK,184,Cook Islands,WPR,2003,15031,0,0,0,0,0,0,,,,estimated
COK,CK,184,Cook Islands,WPR,2004,15081,6.6,5.4,8,1,1,1,,,,estimated
COK,CK,184,Cook Islands,WPR,2005,15138,6.6,5.4,8,1,1,1,,,,estimated
COK,CK,184,Cook Islands,WPR,2006,15212,6.6,5.3,7.9,1,1,1,,,,estimated
COK,CK,184,Cook Islands,WPR,2007,15489,6.6,5.4,8,1,1,1,,,,estimated
COK,CK,184,Cook Islands,WPR,2008,15985,13,10,15,2,2,2,,,,estimated
COK,CK,184,Cook Islands,WPR,2009,16477,12,9.9,15,2,2,2,,,,estimated
COK,CK,184,Cook Islands,WPR,2010,16980,0,0,0,0,0,0,,,,estimated
COK,CK,184,Cook Islands,WPR,2011,17453,5.7,4.7,6.9,1,1,1,,,,estimated
COK,CK,184,Cook Islands,WPR,2012,17656,5.7,4.6,6.8,1,1,1,,,,estimated
COK,CK,184,Cook Islands,WPR,2013,17616,11,9.2,14,2,2,2,,,,estimated
COK,CK,184,Cook Islands,WPR,2014,17534,11,9.3,14,2,2,2,,,,estimated
COK,CK,184,Cook Islands,WPR,2015,17456,0,0,0,0,0,0,,,,estimated
COK,CK,184,Cook Islands,WPR,2016,17332,12,9.4,14,2,2,2,,,,estimated
COK,CK,184,Cook Islands,WPR,2017,17050,0,0,0,0,0,0,,,,estimated
COK,CK,184,Cook Islands,WPR,2018,16599,0,0,0,0,0,0,,,,estimated
COK,CK,184,Cook Islands,WPR,2019,16128,6.2,5,7.5,1,1,1,,,,estimated
COK,CK,184,Cook Islands,WPR,2020,15642,6.4,5.2,7.7,1,1,1,,,,estimated
COK,CK,184,Cook Islands,WPR,2021,15178,0,0,0,0,0,0,,,,estimated
COK,CK,184,Cook Islands,WPR,2022,14725,0,0,0,0,0,0,,,,estimated
COK,CK,184,Cook Islands,WPR,2023,14227,28,23,34,4,3,5,,,,estimated
COK,CK,184,Cook Islands,WPR,2024,13724,7.3,5.9,8.8,1,1,1,,,,estimated
COL,CO,170,Colombia,AMR,2000,39089945,70,57,84,27000,22000,33000,7,2.6,13,estimated
COL,CO,170,Colombia,AMR,2001,39709267,64,52,77,25000,21000,30000,5.5,2,11,estimated
COL,CO,170,Colombia,AMR,2002,40324676,59,48,71,24000,19000,28000,4.4,1.6,8.6,estimated
COL,CO,170,Colombia,AMR,2003,40937426,56,46,67,23000,19000,28000,3.9,1.4,7.5,estimated
COL,CO,170,Colombia,AMR,2004,41543170,51,41,61,21000,17000,25000,3.4,1.2,6.6,estimated
COL,CO,170,Colombia,AMR,2005,42128979,44,36,53,18000,15000,22000,3,1.1,5.9,estimated
COL,CO,170,Colombia,AMR,2006,42691093,45,37,54,19000,16000,23000,2.6,1.9,3.4,estimated
COL,CO,170,Colombia,AMR,2007,43235376,43,35,52,19000,15000,22000,3.3,1.2,6.5,estimated
COL,CO,170,Colombia,AMR,2008,43758807,43,35,52,19000,15000,23000,4.3,3.2,5.6,estimated
COL,CO,170,Colombia,AMR,2009,44271545,41,34,50,18000,15000,22000,3.9,2.9,5.1,estimated
COL,CO,170,Colombia,AMR,2010,44777325,40,33,48,18000,15000,22000,3.1,1.2,6.1,estimated
COL,CO,170,Colombia,AMR,2011,45259615,40,32,48,18000,15000,22000,3.2,1.2,6.1,estimated
COL,CO,170,Colombia,AMR,2012,45715814,39,31,47,18000,14000,21000,5.8,4.3,7.5,estimated
COL,CO,170,Colombia,AMR,2013,46151586,36,29,43,17000,13000,20000,5.9,4.4,7.7,estimated
COL,CO,170,Colombia,AMR,2014,46565428,34,28,41,16000,13000,19000,4.6,3.4,5.9,estimated
COL,CO,170,Colombia,AMR,2015,46969943,33,27,40,16000,13000,19000,4.5,3.3,5.8,estimated
COL,CO,170,Colombia,AMR,2016,47437511,34,28,41,16000,13000,20000,4.7,3.5,6.1,estimated
COL,CO,170,Colombia,AMR,2017,48131077,34,28,41,16000,13000,20000,4,3,5.2,estimated
COL,CO,170,Colombia,AMR,2018,49024464,34,28,41,17000,14000,20000,4.4,3.2,5.6,estimated
COL,CO,170,Colombia,AMR,2019,49907978,36,29,44,18000,15000,22000,4.5,3.4,5.9,estimated
COL,CO,170,Colombia,AMR,2020,50629993,39,32,47,20000,16000,24000,4.9,3.1,7.1,estimated
COL,CO,170,Colombia,AMR,2021,51188174,41,34,50,21000,17000,25000,5.8,3.5,8.6,estimated
COL,CO,170,Colombia,AMR,2022,51737945,44,36,53,23000,18000,27000,6.5,3.7,9.9,estimated
COL,CO,170,Colombia,AMR,2023,52321145,46,38,56,24000,20000,29000,7,4,11,estimated
COL,CO,170,Colombia,AMR,2024,52886359,49,40,59,26000,21000,31000,5.3,3.9,6.8,estimated
COM,KM,174,Comoros,AFR,2000,536079,51,27,128,270,150,690,0.25,0.03,0.73,estimated
COM,KM,174,Comoros,AFR,2001,547223,49,26,117,270,140,640,0.21,0.02,0.61,estimated
COM,KM,174,Comoros,AFR,2002,558924,47,26,109,260,140,610,0.19,0.02,0.53,estimated
COM,KM,174,Comoros,AFR,2003,569795,45,25,102,260,150,580,0.18,0.02,0.5,estimated
COM,KM,174,Comoros,AFR,2004,580708,44,25,96,260,150,560,0,0,0,estimated
COM,KM,174,Comoros,AFR,2005,592679,43,25,92,260,150,550,0.77,0.02,2.9,estimated
COM,KM,174,Comoros,AFR,2006,604755,43,25,89,260,150,540,0.2,0.02,0.56,estimated
COM,KM,174,Comoros,AFR,2007,616929,43,25,89,270,160,550,0.22,0.03,0.6,estimated
COM,KM,174,Comoros,AFR,2008,629308,44,26,90,280,160,570,0,0,0,estimated
COM,KM,174,Comoros,AFR,2009,641945,44,26,91,280,170,580,0.23,0.03,0.64,estimated
COM,KM,174,Comoros,AFR,2010,654831,44,26,90,290,170,590,0.22,0.02,0.63,estimated
COM,KM,174,Comoros,AFR,2011,668055,43,25,89,290,170,600,0.22,0.02,0.63,estimated
COM,KM,174,Comoros,AFR,2012,681635,43,25,88,290,170,600,1.4,0.14,3.9,estimated
COM,KM,174,Comoros,AFR,2013,696191,42,25,87,290,170,600,0.21,0.02,0.59,estimated
COM,KM,174,Comoros,AFR,2014,711502,42,25,85,300,180,610,0.19,0.02,0.54,estimated
COM,KM,174,Comoros,AFR,2015,726682,42,25,83,300,180,610,0.17,0.02,0.5,estimated
COM,KM,174,Comoros,AFR,2016,741729,41,25,81,300,180,600,0.16,0.02,0.46,estimated
COM,KM,174,Comoros,AFR,2017,756682,40,24,79,310,190,600,0,0,0,estimated
COM,KM,174,Comoros,AFR,2018,771586,39,24,76,300,180,590,0.65,0.01,2.5,estimated
COM,KM,174,Comoros,AFR,2019,786573,37,23,72,290,180,560,0.12,0.01,0.35,estimated
COM,KM,174,Comoros,AFR,2020,802160,35,21,67,280,170,540,0.11,0.01,0.34,estimated
COM,KM,174,Comoros,AFR,2021,818172,32,20,62,260,160,500,0.77,0.03,2.7,estimated
COM,KM,174,Comoros,AFR,2022,834187,29,18,56,240,150,460,0.56,0,2.4,estimated
COM,KM,174,Comoros,AFR,2023,850387,26,16,49,220,130,420,0.52,0,2.4,estimated
COM,KM,174,Comoros,AFR,2024,866636,22,13,42,190,110,360,0,0,0,estimated
CPV,CV,132,Cabo Verde,AFR,2000,453322,176,144,213,800,650,960,25,9.1,49,estimated
CPV,CV,132,Cabo Verde,AFR,2001,460289,168,137,203,780,630,930,20,7.3,40,estimated
CPV,CV,132,Cabo Verde,AFR,2002,467035,104,85,125,490,400,590,11,3.9,21,estimated
CPV,CV,132,Cabo Verde,AFR,2003,473386,156,127,188,740,600,890,15,5.3,30,estimated
CPV,CV,132,Cabo Verde,AFR,2004,479368,135,110,163,650,530,780,12,4.4,24,estimated
CPV,CV,132,Cabo Verde,AFR,2005,485124,126,102,152,610,500,740,5.9,2.9,9.9,estimated
CPV,CV,132,Cabo Verde,AFR,2006,490726,106,86,128,520,420,630,11,3.8,21,estimated
CPV,CV,132,Cabo Verde,AFR,2007,496187,105,85,126,520,420,630,11,4.1,21,estimated
CPV,CV,132,Cabo Verde,AFR,2008,501354,121,98,146,610,490,730,13,4.8,25,estimated
CPV,CV,132,Cabo Verde,AFR,2009,506137,114,93,138,580,470,700,12,4.6,23,estimated
CPV,CV,132,Cabo Verde,AFR,2010,509782,117,95,141,590,480,720,12,4.7,23,estimated
CPV,CV,132,Cabo Verde,AFR,2011,511447,121,99,146,620,500,750,16,11,22,estimated
CPV,CV,132,Cabo Verde,AFR,2012,511956,131,106,157,670,540,810,16,11,21,estimated
CPV,CV,132,Cabo Verde,AFR,2013,512224,92,75,110,470,380,570,7.6,4.6,11,estimated
CPV,CV,132,Cabo Verde,AFR,2014,512338,81,66,98,420,340,500,7.6,4.6,11,estimated
CPV,CV,132,Cabo Verde,AFR,2015,512397,78,63,94,400,330,480,9,5.8,13,estimated
CPV,CV,132,Cabo Verde,AFR,2016,512551,70,57,85,360,290,430,5.7,3.3,8.8,estimated
CPV,CV,132,Cabo Verde,AFR,2017,512894,70,57,84,360,290,430,7.7,4.8,11,estimated
CPV,CV,132,Cabo Verde,AFR,2018,513414,56,46,67,290,230,350,7.9,5,11,estimated
CPV,CV,132,Cabo Verde,AFR,2019,514108,57,46,68,290,240,350,9.3,6.1,13,estimated
CPV,CV,132,Cabo Verde,AFR,2020,514686,57,46,69,290,240,350,7.4,4.6,11,estimated
CPV,CV,132,Cabo Verde,AFR,2021,516640,49,40,60,260,210,310,4,2.1,6.6,estimated
CPV,CV,132,Cabo Verde,AFR,2022,519741,39,32,47,200,170,250,4.6,2.5,7.2,estimated
CPV,CV,132,Cabo Verde,AFR,2023,522332,53,43,64,280,220,330,5.9,3.5,8.9,estimated
CPV,CV,132,Cabo Verde,AFR,2024,524877,47,38,57,250,200,300,3.7,1.9,6.2,estimated
CRI,CR,188,Costa Rica,AMR,2000,3937739,25,20,30,970,790,1200,0.98,0.36,1.9,estimated
CRI,CR,188,Costa Rica,AMR,2001,4008956,26,21,31,1000,830,1200,0.88,0.32,1.7,estimated
CRI,CR,188,Costa Rica,AMR,2002,4075696,21,17,26,860,700,1000,0.67,0.24,1.3,estimated
CRI,CR,188,Costa Rica,AMR,2003,4138784,21,17,25,850,690,1000,0.93,0.56,1.4,estimated
CRI,CR,188,Costa Rica,AMR,2004,4200074,26,21,31,1100,880,1300,0.81,0.29,1.6,estimated
CRI,CR,188,Costa Rica,AMR,2005,4261235,19,15,23,800,650,960,2.5,1.8,3.3,estimated
CRI,CR,188,Costa Rica,AMR,2006,4321334,17,13,20,720,580,860,1.8,1.3,2.5,estimated
CRI,CR,188,Costa Rica,AMR,2007,4380244,18,15,22,790,640,950,1.5,1.1,2.1,estimated
CRI,CR,188,Costa Rica,AMR,2008,4440052,16,13,19,710,580,850,1.4,0.97,2,estimated
CRI,CR,188,Costa Rica,AMR,2009,4499795,14,11,16,610,500,740,0.61,0.22,1.2,estimated
CRI,CR,188,Costa Rica,AMR,2010,4555958,15,12,18,670,550,810,1.6,1.1,2.2,estimated
CRI,CR,188,Costa Rica,AMR,2011,4609828,15,12,18,690,570,840,1.1,0.7,1.5,estimated
CRI,CR,188,Costa Rica,AMR,2012,4663930,14,11,16,640,520,770,1.6,1.1,2.2,estimated
CRI,CR,188,Costa Rica,AMR,2013,4716147,12,9.4,14,550,440,660,1,0.68,1.5,estimated
CRI,CR,188,Costa Rica,AMR,2014,4767119,13,10,15,610,500,740,1.2,0.8,1.6,estimated
CRI,CR,188,Costa Rica,AMR,2015,4818045,12,9.4,14,550,450,670,0.86,0.55,1.2,estimated
CRI,CR,188,Costa Rica,AMR,2016,4866998,9.6,7.8,12,470,380,560,0.9,0.59,1.3,estimated
CRI,CR,188,Costa Rica,AMR,2017,4913174,9.6,7.8,12,470,380,570,0.86,0.56,1.2,estimated
CRI,CR,188,Costa Rica,AMR,2018,4957816,10,8.1,12,490,400,600,1.1,0.73,1.5,estimated
CRI,CR,188,Costa Rica,AMR,2019,4999555,9.9,8.1,12,500,400,600,0.96,0.64,1.3,estimated
CRI,CR,188,Costa Rica,AMR,2020,5034324,9.7,7.8,12,490,390,590,1.3,0.87,1.8,estimated
CRI,CR,188,Costa Rica,AMR,2021,5059985,9.8,7.8,12,500,400,610,1.2,0.8,1.7,estimated
CRI,CR,188,Costa Rica,AMR,2022,5081762,9.8,7.8,12,500,390,610,1,0.69,1.5,estimated
CRI,CR,188,Costa Rica,AMR,2023,5105518,9.5,7.6,12,490,390,600,1.1,0.75,1.5,estimated
CRI,CR,188,Costa Rica,AMR,2024,5129913,9.3,7.5,11,480,380,590,1,0.71,1.4,estimated
CUB,CU,192,Cuba,AMR,2000,11109106,23,19,27,2500,2100,3100,0.33,0.12,0.66,estimated
CUB,CU,192,Cuba,AMR,2001,11144133,16,13,20,1800,1500,2200,0.23,0.08,0.46,estimated
CUB,CU,192,Cuba,AMR,2002,11177414,15,12,18,1700,1300,2000,0.22,0.08,0.44,estimated
CUB,CU,192,Cuba,AMR,2003,11209387,13,11,16,1500,1200,1700,0,0,0,estimated
CUB,CU,192,Cuba,AMR,2004,11238764,11,9.2,14,1300,1000,1500,0.02,0,0.07,estimated
CUB,CU,192,Cuba,AMR,2005,11262553,10,8.5,13,1200,960,1400,0,0,0,estimated
CUB,CU,192,Cuba,AMR,2006,11278552,10,8.2,12,1100,930,1400,0.3,0.11,0.58,estimated
CUB,CU,192,Cuba,AMR,2007,11287272,9.8,7.9,12,1100,900,1300,0.34,0.12,0.66,estimated
CUB,CU,192,Cuba,AMR,2008,11291767,10,8.3,12,1100,930,1400,1,0.76,1.4,estimated
CUB,CU,192,Cuba,AMR,2009,11294714,8.6,7,10,970,790,1200,0,0,0,estimated
CUB,CU,192,Cuba,AMR,2010,11297414,9.8,7.9,12,1100,900,1300,0.1,0.07,0.13,estimated
CUB,CU,192,Cuba,AMR,2011,11301577,9.3,7.6,11,1100,860,1300,0.74,0.53,0.99,estimated
CUB,CU,192,Cuba,AMR,2012,11303180,8.3,6.8,10,940,770,1100,0.8,0.57,1.1,estimated
CUB,CU,192,Cuba,AMR,2013,11298161,8.4,6.9,10,950,780,1100,0.73,0.52,0.97,estimated
CUB,CU,192,Cuba,AMR,2014,11285775,8,6.5,9.6,900,730,1100,0.95,0.7,1.2,estimated
CUB,CU,192,Cuba,AMR,2015,11275065,7.5,6.1,9.1,850,690,1000,0.74,0.53,0.98,estimated
CUB,CU,192,Cuba,AMR,2016,11265610,7.3,5.9,8.8,820,670,990,0.71,0.51,0.94,estimated
CUB,CU,192,Cuba,AMR,2017,11247828,7.6,6.2,9.1,850,690,1000,1,0.77,1.4,estimated
CUB,CU,192,Cuba,AMR,2018,11227116,7.6,6.2,9.2,850,690,1000,0.83,0.61,1.1,estimated
CUB,CU,192,Cuba,AMR,2019,11202856,6.8,5.6,8.2,770,620,920,0.73,0.53,0.97,estimated
CUB,CU,192,Cuba,AMR,2020,11176355,6.2,5,7.5,690,560,840,0.59,0.41,0.8,estimated
CUB,CU,192,Cuba,AMR,2021,11122166,5.4,4.4,6.5,600,490,730,0.29,0.18,0.43,estimated
CUB,CU,192,Cuba,AMR,2022,11059824,7.7,6.3,9.3,850,690,1000,0.6,0.42,0.81,estimated
CUB,CU,192,Cuba,AMR,2023,11019933,8.1,6.6,9.8,890,730,1100,0.62,0.44,0.84,estimated
CUB,CU,192,Cuba,AMR,2024,10979793,11,9.3,14,1300,1000,1500,1.2,0.89,1.6,estimated
CUW,CW,531,Curaçao,AMR,2010,156882,3.2,2.6,3.8,5,4,6,,,,estimated
CUW,CW,531,Curaçao,AMR,2011,158561,0.63,0.51,0.76,1,1,1,,,,estimated
CUW,CW,531,Curaçao,AMR,2012,160890,0.62,0.51,0.75,1,1,1,,,,estimated
CUW,CW,531,Curaçao,AMR,2013,163101,1.2,1,1.5,2,2,2,,,,estimated
CUW,CW,531,Curaçao,AMR,2014,165026,3,2.5,3.7,5,4,6,,,,estimated
CUW,CW,531,Curaçao,AMR,2015,166622,4.8,3.9,5.8,8,7,10,,,,estimated
CUW,CW,531,Curaçao,AMR,2016,167778,2.4,1.9,2.9,4,3,5,,,,estimated
CUW,CW,531,Curaçao,AMR,2017,168510,5.3,4.3,6.4,9,7,11,,,,estimated
CUW,CW,531,Curaçao,AMR,2018,181587,4.1,3.3,4.9,7,6,9,,,,estimated
CUW,CW,531,Curaçao,AMR,2019,189562,3.8,3.1,4.6,7,6,9,,,,estimated
CUW,CW,531,Curaçao,AMR,2020,185004,3.5,2.8,4.2,6,5,8,,,,estimated
CUW,CW,531,Curaçao,AMR,2021,185313,3.2,2.6,3.8,6,5,7,,,,estimated
CUW,CW,531,Curaçao,AMR,2022,185350,2.7,2.2,3.3,5,4,6,,,,estimated
CUW,CW,531,Curaçao,AMR,2023,185427,2.8,2.3,3.4,5,4,6,,,,estimated
CUW,CW,531,Curaçao,AMR,2024,185473,2.8,2.3,3.3,5,4,6,,,,estimated
CYM,KY,136,Cayman Islands,AMR,2000,39683,13,10,15,5,4,6,,,,estimated
CYM,KY,136,Cayman Islands,AMR,2001,41081,2.4,2,2.9,1,1,1,,,,estimated
CYM,KY,136,Cayman Islands,AMR,2002,42512,0,0,0,0,0,0,,,,estimated
CYM,KY,136,Cayman Islands,AMR,2003,43935,0,0,0,0,0,0,,,,estimated
CYM,KY,136,Cayman Islands,AMR,2004,45356,2.2,1.8,2.7,1,1,1,,,,estimated
CYM,KY,136,Cayman Islands,AMR,2005,46780,0.97,0.79,1.2,0,0,1,,,,estimated
CYM,KY,136,Cayman Islands,AMR,2006,48230,0,0,0,0,0,0,,,,estimated
CYM,KY,136,Cayman Islands,AMR,2007,49681,2,1.6,2.4,1,1,1,,,,estimated
CYM,KY,136,Cayman Islands,AMR,2008,51154,2,1.6,2.4,1,1,1,,,,estimated
CYM,KY,136,Cayman Islands,AMR,2009,52621,3.8,3.1,4.6,2,2,2,,,,estimated
CYM,KY,136,Cayman Islands,AMR,2010,54112,7.4,6,8.9,4,3,5,,,,estimated
CYM,KY,136,Cayman Islands,AMR,2011,55611,3.6,2.9,4.3,2,2,2,,,,estimated
CYM,KY,136,Cayman Islands,AMR,2012,57137,11,8.5,13,6,5,7,,,,estimated
CYM,KY,136,Cayman Islands,AMR,2013,58654,8.5,6.9,10,5,4,6,,,,estimated
CYM,KY,136,Cayman Islands,AMR,2014,60162,0,0,0,0,0,0,,,,estimated
CYM,KY,136,Cayman Islands,AMR,2015,61644,11,9.2,14,7,6,8,,,,estimated
CYM,KY,136,Cayman Islands,AMR,2016,63103,4.8,3.9,5.7,3,2,4,,,,estimated
CYM,KY,136,Cayman Islands,AMR,2017,64544,6.2,5,7.5,4,3,5,,,,estimated
CYM,KY,136,Cayman Islands,AMR,2018,65939,4.5,3.7,5.5,3,2,4,,,,estimated
CYM,KY,136,Cayman Islands,AMR,2019,67323,5.9,4.8,7.2,4,3,5,,,,estimated
CYM,KY,136,Cayman Islands,AMR,2020,68687,2.9,2.4,3.5,2,2,2,,,,estimated
CYM,KY,136,Cayman Islands,AMR,2021,70113,2.9,2.3,3.4,2,2,2,,,,estimated
CYM,KY,136,Cayman Islands,AMR,2022,71594,8.4,6.8,10,6,5,7,,,,estimated
CYM,KY,136,Cayman Islands,AMR,2023,73035,4.1,3.3,5,3,2,4,,,,estimated
CYM,KY,136,Cayman Islands,AMR,2024,74462,4.9,4,5.9,4,3,4,,,,estimated
CYP,CY,196,Cyprus,EUR,2000,947668,8.2,6.7,9.9,78,64,94,0.83,0.46,1.3,estimated
CYP,CY,196,Cyprus,EUR,2001,964137,8.9,7.3,11,86,70,100,0.84,0.47,1.3,estimated
CYP,CY,196,Cyprus,EUR,2002,981445,4,3.3,4.9,40,32,48,0.35,0.19,0.55,estimated
CYP,CY,196,Cyprus,EUR,2003,999579,6.4,5.2,7.7,64,52,77,0.5,0.28,0.79,estimated
CYP,CY,196,Cyprus,EUR,2004,1017879,5,4.1,6,51,41,61,0.35,0.19,0.55,estimated
CYP,CY,196,Cyprus,EUR,2005,1036151,5.2,4.2,6.3,54,44,65,0.31,0.17,0.49,estimated
CYP,CY,196,Cyprus,EUR,2006,1054415,5.3,4.3,6.4,56,46,68,0.27,0.15,0.43,estimated
CYP,CY,196,Cyprus,EUR,2007,1072713,5.9,4.8,7.1,63,51,76,0,0,0,estimated
CYP,CY,196,Cyprus,EUR,2008,1091023,6.7,5.5,8.1,73,59,88,0.27,0.2,0.35,estimated
CYP,CY,196,Cyprus,EUR,2009,1109368,6.9,5.6,8.3,77,62,92,0.3,0.16,0.48,estimated
CYP,CY,196,Cyprus,EUR,2010,1127819,8,6.5,9.7,90,74,110,0.36,0.19,0.57,estimated
CYP,CY,196,Cyprus,EUR,2011,1146491,6.4,5.2,7.7,74,60,89,0.28,0.15,0.44,estimated
CYP,CY,196,Cyprus,EUR,2012,1165393,7.6,6.2,9.1,88,72,110,0.32,0.17,0.5,estimated
CYP,CY,196,Cyprus,EUR,2013,1183903,4.7,3.8,5.7,56,46,68,0.18,0.1,0.29,estimated
CYP,CY,196,Cyprus,EUR,2014,1201806,4.3,3.5,5.2,52,42,63,0.16,0.09,0.26,estimated
CYP,CY,196,Cyprus,EUR,2015,1219509,6.7,5.5,8.1,82,67,99,0.26,0.14,0.41,estimated
CYP,CY,196,Cyprus,EUR,2016,1237104,5.9,4.8,7.1,72,59,87,0.24,0.13,0.38,estimated
CYP,CY,196,Cyprus,EUR,2017,1254283,5.2,4.2,6.2,65,53,78,0,0,0,estimated
CYP,CY,196,Cyprus,EUR,2018,1270742,5,4.1,6,63,52,76,0.22,0.12,0.36,estimated
CYP,CY,196,Cyprus,EUR,2019,1286664,6.4,5.2,7.7,82,67,99,0.29,0.15,0.48,estimated
CYP,CY,196,Cyprus,EUR,2020,1302250,3.2,2.6,3.9,42,34,51,0.15,0.08,0.24,estimated
CYP,CY,196,Cyprus,EUR,2021,1317303,4.5,3.7,5.4,59,48,71,0.21,0.11,0.34,estimated
CYP,CY,196,Cyprus,EUR,2022,1331371,8.7,7.1,10,120,94,140,0.4,0.21,0.66,estimated
CYP,CY,196,Cyprus,EUR,2023,1344976,7.2,5.8,8.6,96,78,120,0.33,0.17,0.54,estimated
CYP,CY,196,Cyprus,EUR,2024,1358283,5.5,4.5,6.7,75,61,91,0.26,0.13,0.42,estimated
CZE,CZ,203,Czechia,EUR,2000,10236803,18,15,22,1900,1500,2300,0.14,0.07,0.23,estimated
CZE,CZ,203,Czechia,EUR,2001,10231937,17,14,20,1700,1400,2100,0.14,0.07,0.22,estimated
CZE,CZ,203,Czechia,EUR,2002,10239459,15,12,18,1500,1300,1900,0.13,0.07,0.2,estimated
CZE,CZ,203,Czechia,EUR,2003,10248913,15,12,18,1500,1200,1800,0.12,0.06,0.2,estimated
CZE,CZ,203,Czechia,EUR,2004,10261442,13,11,16,1400,1100,1700,0.11,0.06,0.17,estimated
CZE,CZ,203,Czechia,EUR,2005,10280139,13,10,15,1300,1100,1600,0.09,0.05,0.15,estimated
CZE,CZ,203,Czechia,EUR,2006,10304584,12,9.9,15,1300,1000,1500,0.08,0.04,0.13,estimated
CZE,CZ,203,Czechia,EUR,2007,10337541,10,8.2,12,1000,850,1300,0.06,0.03,0.1,estimated
CZE,CZ,203,Czechia,EUR,2008,10378288,10,8.3,12,1100,860,1300,0.06,0.03,0.1,estimated
CZE,CZ,203,Czechia,EUR,2009,10420986,7.9,6.4,9.5,820,670,990,0.05,0.03,0.08,estimated
CZE,CZ,203,Czechia,EUR,2010,10464030,7.6,6.2,9.2,800,650,960,0.05,0.03,0.08,estimated
CZE,CZ,203,Czechia,EUR,2011,10495505,6.9,5.6,8.4,730,590,880,0.05,0.02,0.08,estimated
CZE,CZ,203,Czechia,EUR,2012,10507333,6.8,5.6,8.2,720,580,870,0.04,0.02,0.07,estimated
CZE,CZ,203,Czechia,EUR,2013,10511168,5.7,4.6,6.8,600,480,720,0.03,0.02,0.06,estimated
CZE,CZ,203,Czechia,EUR,2014,10517228,5.7,4.6,6.8,600,480,720,0.03,0.02,0.06,estimated
CZE,CZ,203,Czechia,EUR,2015,10524423,6,4.9,7.3,630,520,760,0.04,0.02,0.06,estimated
CZE,CZ,203,Czechia,EUR,2016,10531948,5.9,4.8,7.1,620,510,750,0.04,0.02,0.06,estimated
CZE,CZ,203,Czechia,EUR,2017,10541339,5.7,4.6,6.8,600,480,720,0.04,0.02,0.06,estimated
CZE,CZ,203,Czechia,EUR,2018,10548932,5,4,6,520,420,630,0.04,0.02,0.06,estimated
CZE,CZ,203,Czechia,EUR,2019,10554881,5.2,4.3,6.3,550,450,670,0.04,0.02,0.06,estimated
CZE,CZ,203,Czechia,EUR,2020,10550133,4.1,3.3,4.9,430,350,520,0.03,0.02,0.05,estimated
CZE,CZ,203,Czechia,EUR,2021,10530678,4,3.2,4.8,420,340,500,0.03,0.02,0.05,estimated
CZE,CZ,203,Czechia,EUR,2022,10673212,4.2,3.4,5.1,450,370,540,0.09,0.03,0.17,estimated
CZE,CZ,203,Czechia,EUR,2023,10809715,4.9,4,5.9,530,430,640,0.3,0.18,0.44,estimated
CZE,CZ,203,Czechia,EUR,2024,10735865,4.9,4,6,530,430,640,0.17,0.09,0.28,estimated
DEU,DE,276,Germany,EUR,2000,81797259,12,11,13,10000,9000,11000,0.94,0.53,1.5,estimated
DEU,DE,276,Germany,EUR,2001,81933884,9.3,8.4,10,7700,6900,8400,0.67,0.38,1,estimated
DEU,DE,276,Germany,EUR,2002,82068329,9.3,8.4,10,7600,6900,8400,0.61,0.34,0.96,estimated
DEU,DE,276,Germany,EUR,2003,82111616,9.4,8.5,10,7700,7000,8500,0.56,0.31,0.88,estimated
DEU,DE,276,Germany,EUR,2004,82092716,8.3,7.5,9.1,6800,6100,7500,0.44,0.25,0.69,estimated
DEU,DE,276,Germany,EUR,2005,82046738,7.6,6.9,8.4,6300,5700,6900,0.35,0.19,0.55,estimated
DEU,DE,276,Germany,EUR,2006,81701966,6.9,6.2,7.6,5700,5100,6200,0.27,0.15,0.42,estimated
DEU,DE,276,Germany,EUR,2007,81298540,6.3,5.7,6.9,5100,4600,5600,0.21,0.11,0.33,estimated
DEU,DE,276,Germany,EUR,2008,81110779,5.6,5.1,6.2,4500,4100,5000,0.18,0.1,0.28,estimated
DEU,DE,276,Germany,EUR,2009,80935282,5.7,5.1,6.2,4600,4100,5100,0.18,0.1,0.28,estimated
DEU,DE,276,Germany,EUR,2010,80830926,5.5,5,6.1,4500,4000,4900,0.17,0.09,0.27,estimated
DEU,DE,276,Germany,EUR,2011,80857874,5.5,5,6.1,4500,4000,4900,0.16,0.09,0.26,estimated
DEU,DE,276,Germany,EUR,2012,80916390,5.5,4.9,6,4400,4000,4900,0.16,0.08,0.25,estimated
DEU,DE,276,Germany,EUR,2013,81041584,5.7,5.1,6.3,4600,4200,5100,0.15,0.08,0.23,estimated
DEU,DE,276,Germany,EUR,2014,81376078,5.9,5.3,6.4,4800,4300,5200,0.14,0.08,0.23,estimated
DEU,DE,276,Germany,EUR,2015,82077542,7.6,6.9,8.4,6200,5600,6900,0.18,0.1,0.29,estimated
DEU,DE,276,Germany,EUR,2016,82760103,7.6,6.9,8.4,6300,5700,7000,0.19,0.1,0.3,estimated
DEU,DE,276,Germany,EUR,2017,83104001,7.1,6.4,7.8,5900,5300,6500,0.18,0.1,0.29,estimated
DEU,DE,276,Germany,EUR,2018,83368504,6.9,6.3,7.7,5800,5200,6400,0.18,0.1,0.29,estimated
DEU,DE,276,Germany,EUR,2019,83559186,6.1,5.5,6.7,5100,4600,5600,0.16,0.09,0.25,estimated
DEU,DE,276,Germany,EUR,2020,83628710,5.3,4.8,5.8,4400,4000,4900,0.14,0.07,0.22,estimated
DEU,DE,276,Germany,EUR,2021,83697078,5,4.5,5.5,4200,3800,4600,0.13,0.07,0.21,estimated
DEU,DE,276,Germany,EUR,2022,84086232,5.1,4.6,5.6,4300,3900,4700,0.13,0.07,0.21,estimated
DEU,DE,276,Germany,EUR,2023,84548229,5.6,5.1,6.2,4700,4300,5200,0.14,0.08,0.23,estimated
DEU,DE,276,Germany,EUR,2024,84552247,5.4,4.9,6,4600,4100,5100,0.14,0.08,0.22,estimated
DJI,DJ,262,Djibouti,EMR,2000,747323,2700,2200,3260,20000,16000,24000,1260,693,1980,estimated
DJI,DJ,262,Djibouti,EMR,2001,771314,2650,2150,3190,20000,17000,25000,1090,582,1760,estimated
DJI,DJ,262,Djibouti,EMR,2002,795580,1870,1520,2250,15000,12000,18000,700,360,1150,estimated
DJI,DJ,262,Djibouti,EMR,2003,813530,1780,1440,2140,14000,12000,17000,618,308,1030,estimated
DJI,DJ,262,Djibouti,EMR,2004,826127,1530,1240,1840,13000,10000,15000,505,246,855,estimated
DJI,DJ,262,Djibouti,EMR,2005,839160,1530,1250,1850,13000,10000,15000,501,242,852,estimated
DJI,DJ,262,Djibouti,EMR,2006,855761,1350,1100,1630,12000,9400,14000,445,215,756,estimated
DJI,DJ,262,Djibouti,EMR,2007,874520,1320,1070,1590,12000,9400,14000,179,132,233,estimated
DJI,DJ,262,Djibouti,EMR,2008,892730,1390,1130,1680,12000,10000,15000,190,140,247,estimated
DJI,DJ,262,Djibouti,EMR,2009,911527,1320,1080,1590,12000,9800,15000,156,115,203,estimated
DJI,DJ,262,Djibouti,EMR,2010,930257,1350,1100,1630,13000,10000,15000,382,174,670,estimated
DJI,DJ,262,Djibouti,EMR,2011,948554,1140,926,1370,11000,8800,13000,306,137,541,estimated
DJI,DJ,262,Djibouti,EMR,2012,966755,1020,832,1230,9900,8000,12000,260,114,464,estimated
DJI,DJ,262,Djibouti,EMR,2013,984825,889,723,1070,8800,7100,11000,207,89,374,estimated
DJI,DJ,262,Djibouti,EMR,2014,1002712,651,530,785,6500,5300,7900,55,41,72,estimated
DJI,DJ,262,Djibouti,EMR,2015,1020320,691,562,833,7100,5700,8500,41,30,53,estimated
DJI,DJ,262,Djibouti,EMR,2016,1037654,600,488,723,6200,5100,7500,31,23,41,estimated
DJI,DJ,262,Djibouti,EMR,2017,1054839,454,369,547,4800,3900,5800,22,16,28,estimated
DJI,DJ,262,Djibouti,EMR,2018,1071888,433,352,522,4600,3800,5600,16,11,21,estimated
DJI,DJ,262,Djibouti,EMR,2019,1088716,389,317,469,4200,3400,5100,13,8.9,17,estimated
DJI,DJ,262,Djibouti,EMR,2020,1105184,366,298,441,4000,3300,4900,14,10,19,estimated
DJI,DJ,262,Djibouti,EMR,2021,1121254,392,319,472,4400,3600,5300,11,7.3,15,estimated
DJI,DJ,262,Djibouti,EMR,2022,1137098,462,376,557,5300,4300,6300,16,11,21,estimated
DJI,DJ,262,Djibouti,EMR,2023,1152944,477,388,575,5500,4500,6600,16,12,21,estimated
DJI,DJ,262,Djibouti,EMR,2024,1168719,495,403,596,5800,4700,7000,17,12,22,estimated
DMA,DM,212,Dominica,AMR,2000,68503,4.4,3.6,5.3,3,2,4,,,,estimated
DMA,DM,212,Dominica,AMR,2001,68287,5.4,4.4,6.5,4,3,4,,,,estimated
DMA,DM,212,Dominica,AMR,2002,68357,2.9,2.4,3.5,2,2,2,,,,estimated
DMA,DM,212,Dominica,AMR,2003,68540,7.6,6.1,9.1,5,4,6,,,,estimated
DMA,DM,212,Dominica,AMR,2004,68645,8.7,7.1,10,6,5,7,,,,estimated
DMA,DM,212,Dominica,AMR,2005,68733,9.7,7.9,12,7,5,8,,,,estimated
DMA,DM,212,Dominica,AMR,2006,68805,28,22,33,19,15,23,,,,estimated
DMA,DM,212,Dominica,AMR,2007,68846,4.4,3.5,5.3,3,2,4,,,,estimated
DMA,DM,212,Dominica,AMR,2008,68846,19,15,23,13,11,16,,,,estimated
DMA,DM,212,Dominica,AMR,2009,68862,5.8,4.7,7,4,3,5,,,,estimated
DMA,DM,212,Dominica,AMR,2010,68854,12,9.5,14,8,7,10,,,,estimated
DMA,DM,212,Dominica,AMR,2011,69045,2.9,2.4,3.5,2,2,2,,,,estimated
DMA,DM,212,Dominica,AMR,2012,69114,10,8.2,12,7,6,8,,,,estimated
DMA,DM,212,Dominica,AMR,2013,69701,4.3,3.5,5.2,3,2,4,,,,estimated
DMA,DM,212,Dominica,AMR,2014,70368,1.4,1.2,1.7,1,1,1,,,,estimated
DMA,DM,212,Dominica,AMR,2015,70407,9.9,8.1,12,7,6,8,,,,estimated
DMA,DM,212,Dominica,AMR,2016,69603,7.2,5.8,8.7,5,4,6,,,,estimated
DMA,DM,212,Dominica,AMR,2017,68491,1.5,1.2,1.8,1,1,1,,,,estimated
DMA,DM,212,Dominica,AMR,2018,68171,5.9,4.8,7.1,4,3,5,,,,estimated
DMA,DM,212,Dominica,AMR,2019,67872,15,12,18,10,8,12,,,,estimated
DMA,DM,212,Dominica,AMR,2020,67568,5.2,4.3,6.3,4,3,4,,,,estimated
DMA,DM,212,Dominica,AMR,2021,67206,0,0,0,0,0,0,,,,estimated
DMA,DM,212,Dominica,AMR,2022,66825,0,0,0,0,0,0,,,,estimated
DMA,DM,212,Dominica,AMR,2023,66511,6,4.9,7.2,4,3,5,,,,estimated
DMA,DM,212,Dominica,AMR,2024,66212,4.5,3.7,5.5,3,2,4,,,,estimated
DNK,DK,208,Denmark,EUR,2000,5339658,16,13,19,840,680,1000,1.3,0.49,2.5,estimated
DNK,DK,208,Denmark,EUR,2001,5358829,13,11,16,700,570,840,1,0.38,1.9,estimated
DNK,DK,208,Denmark,EUR,2002,5375966,10,8.5,13,560,460,680,0.75,0.28,1.5,estimated
DNK,DK,208,Denmark,EUR,2003,5390620,10,8.2,12,540,440,650,0.66,0.24,1.3,estimated
DNK,DK,208,Denmark,EUR,2004,5404602,9.1,7.4,11,490,400,590,0.17,0.06,0.33,estimated
DNK,DK,208,Denmark,EUR,2005,5419554,10,8.1,12,540,440,650,0.49,0.18,0.96,estimated
DNK,DK,208,Denmark,EUR,2006,5437418,8.5,6.9,10,460,380,560,0.35,0.13,0.69,estimated
DNK,DK,208,Denmark,EUR,2007,5461611,8.7,7.1,11,480,390,570,0.31,0.11,0.6,estimated
DNK,DK,208,Denmark,EUR,2008,5493767,8,6.5,9.6,440,360,530,0.01,0.01,0.01,estimated
DNK,DK,208,Denmark,EUR,2009,5523178,7,5.7,8.4,390,310,460,0.01,0.01,0.01,estimated
DNK,DK,208,Denmark,EUR,2010,5547867,7.8,6.4,9.4,430,350,520,0.23,0.17,0.3,estimated
DNK,DK,208,Denmark,EUR,2011,5570840,8.3,6.8,10,460,380,560,0.3,0.15,0.51,estimated
DNK,DK,208,Denmark,EUR,2012,5591915,7.8,6.4,9.4,440,360,530,0.24,0.17,0.31,estimated
DNK,DK,208,Denmark,EUR,2013,5615340,7.5,6.1,9,420,340,500,0.2,0.07,0.39,estimated
DNK,DK,208,Denmark,EUR,2014,5643799,6.5,5.3,7.9,370,300,440,0.17,0.06,0.33,estimated
DNK,DK,208,Denmark,EUR,2015,5683700,7,5.7,8.4,400,320,480,0.17,0.06,0.35,estimated
DNK,DK,208,Denmark,EUR,2016,5728202,6.3,5.1,7.6,360,290,440,0.16,0.06,0.32,estimated
DNK,DK,208,Denmark,EUR,2017,5765163,5.4,4.4,6.5,310,250,370,0.14,0.05,0.28,estimated
DNK,DK,208,Denmark,EUR,2018,5793819,5.7,4.6,6.9,330,270,400,0.15,0.05,0.29,estimated
DNK,DK,208,Denmark,EUR,2019,5814619,5.4,4.4,6.6,320,260,380,0.12,0.03,0.26,estimated
DNK,DK,208,Denmark,EUR,2020,5831526,4.3,3.5,5.2,250,200,300,0.1,0.03,0.21,estimated
DNK,DK,208,Denmark,EUR,2021,5856781,4,3.2,4.8,230,190,280,0.09,0.03,0.19,estimated
DNK,DK,208,Denmark,EUR,2022,5902905,4.2,3.4,5.1,250,200,300,0.11,0.03,0.25,estimated
DNK,DK,208,Denmark,EUR,2023,5948138,3.5,2.9,4.3,210,170,250,0.1,0.03,0.21,estimated
DNK,DK,208,Denmark,EUR,2024,5977402,3.2,2.6,3.9,190,160,230,0.09,0.02,0.19,estimated
DOM,DO,214,Dominican Republic,AMR,2000,8584190,145,118,175,12000,10000,15000,48,23,83,estimated
DOM,DO,214,Dominican Republic,AMR,2001,8720279,124,101,150,11000,8800,13000,35,16,62,estimated
DOM,DO,214,Dominican Republic,AMR,2002,8852229,100,82,121,8900,7200,11000,25,11,45,estimated
DOM,DO,214,Dominican Republic,AMR,2003,8980613,113,92,137,10000,8300,12000,25,11,46,estimated
DOM,DO,214,Dominican Republic,AMR,2004,9104891,103,84,124,9400,7600,11000,22,8.9,40,estimated
DOM,DO,214,Dominican Republic,AMR,2005,9225029,108,88,130,10000,8100,12000,9.3,6.9,12,estimated
DOM,DO,214,Dominican Republic,AMR,2006,9341182,92,74,110,8600,7000,10000,19,7.9,35,estimated
DOM,DO,214,Dominican Republic,AMR,2007,9455650,78,63,94,7300,6000,8800,16,6.8,30,estimated
DOM,DO,214,Dominican Republic,AMR,2008,9573131,75,61,90,7200,5800,8600,15,6.3,28,estimated
DOM,DO,214,Dominican Republic,AMR,2009,9695253,70,57,84,6800,5500,8100,6,4.4,7.8,estimated
DOM,DO,214,Dominican Republic,AMR,2010,9820177,61,50,73,6000,4900,7200,12,4.7,21,estimated
DOM,DO,214,Dominican Republic,AMR,2011,9945632,64,52,77,6400,5200,7700,12,4.8,22,estimated
DOM,DO,214,Dominican Republic,AMR,2012,10070407,61,50,74,6200,5000,7500,13,9.3,16,estimated
DOM,DO,214,Dominican Republic,AMR,2013,10193837,62,51,75,6300,5200,7600,15,11,20,estimated
DOM,DO,214,Dominican Republic,AMR,2014,10315524,60,49,72,6200,5000,7400,14,10,18,estimated
DOM,DO,214,Dominican Republic,AMR,2015,10434829,59,48,71,6200,5000,7500,14,10,18,estimated
DOM,DO,214,Dominican Republic,AMR,2016,10551427,55,45,66,5800,4700,7000,13,9.9,17,estimated
DOM,DO,214,Dominican Republic,AMR,2017,10666840,50,40,60,5300,4300,6400,13,9.3,16,estimated
DOM,DO,214,Dominican Republic,AMR,2018,10782056,49,40,59,5300,4300,6400,12,9.1,16,estimated
DOM,DO,214,Dominican Republic,AMR,2019,10894044,45,36,54,4900,4000,5900,11,8.2,14,estimated
DOM,DO,214,Dominican Republic,AMR,2020,11008306,46,37,55,5100,4100,6100,12,8.6,15,estimated
DOM,DO,214,Dominican Republic,AMR,2021,11123481,47,38,57,5300,4300,6300,11,8.5,15,estimated
DOM,DO,214,Dominican Republic,AMR,2022,11230741,49,39,59,5500,4400,6600,10,7.7,13,estimated
DOM,DO,214,Dominican Republic,AMR,2023,11331267,50,41,60,5600,4600,6800,11,8.4,15,estimated
DOM,DO,214,Dominican Republic,AMR,2024,11427554,51,42,62,5800,4700,7000,12,8.6,15,estimated
DZA,DZ,012,Algeria,AFR,2000,30903885,118,96,142,36000,30000,44000,0.38,0.21,0.6,estimated
DZA,DZ,012,Algeria,AFR,2001,31331224,111,91,134,35000,28000,42000,0.32,0.17,0.51,estimated
DZA,DZ,012,Algeria,AFR,2002,31750827,112,91,134,35000,29000,43000,0.2,0.15,0.26,estimated
DZA,DZ,012,Algeria,AFR,2003,32175816,112,91,135,36000,29000,43000,0.31,0.17,0.5,estimated
DZA,DZ,012,Algeria,AFR,2004,32628297,109,89,132,36000,29000,43000,0.32,0.18,0.52,estimated
DZA,DZ,012,Algeria,AFR,2005,33109248,113,92,136,37000,30000,45000,0.38,0.21,0.6,estimated
DZA,DZ,012,Algeria,AFR,2006,33623506,107,87,129,36000,29000,43000,0.41,0.22,0.65,estimated
DZA,DZ,012,Algeria,AFR,2007,34189418,104,84,125,35000,29000,43000,0.45,0.24,0.71,estimated
DZA,DZ,012,Algeria,AFR,2008,34816961,95,78,115,33000,27000,40000,0.44,0.24,0.7,estimated
DZA,DZ,012,Algeria,AFR,2009,35490449,96,78,116,34000,28000,41000,0.48,0.26,0.77,estimated
DZA,DZ,012,Algeria,AFR,2010,36188242,95,77,114,34000,28000,41000,0.51,0.28,0.81,estimated
DZA,DZ,012,Algeria,AFR,2011,36903379,87,71,105,32000,26000,39000,0.51,0.28,0.81,estimated
DZA,DZ,012,Algeria,AFR,2012,37646159,85,69,102,32000,26000,38000,0.54,0.3,0.86,estimated
DZA,DZ,012,Algeria,AFR,2013,38414180,77,62,92,29000,24000,36000,0.52,0.29,0.82,estimated
DZA,DZ,012,Algeria,AFR,2014,39205025,80,65,96,31000,25000,38000,0.56,0.31,0.89,estimated
DZA,DZ,012,Algeria,AFR,2015,40019536,81,66,97,32000,26000,39000,0.59,0.32,0.93,estimated
DZA,DZ,012,Algeria,AFR,2016,40850723,76,62,91,31000,25000,37000,0.58,0.32,0.91,estimated
DZA,DZ,012,Algeria,AFR,2017,41689297,75,61,90,31000,25000,38000,0.59,0.32,0.94,estimated
DZA,DZ,012,Algeria,AFR,2018,42505030,74,60,90,32000,26000,38000,0.61,0.33,0.96,estimated
DZA,DZ,012,Algeria,AFR,2019,43294544,65,53,78,28000,23000,34000,0.54,0.3,0.86,estimated
DZA,DZ,012,Algeria,AFR,2020,44042084,52,43,63,23000,19000,28000,0.44,0.24,0.69,estimated
DZA,DZ,012,Algeria,AFR,2021,44761094,57,46,69,26000,21000,31000,0.48,0.26,0.75,estimated
DZA,DZ,012,Algeria,AFR,2022,45477388,55,45,67,25000,20000,30000,0.46,0.25,0.73,estimated
DZA,DZ,012,Algeria,AFR,2023,46164214,55,44,66,25000,21000,30000,0.46,0.25,0.72,estimated
DZA,DZ,012,Algeria,AFR,2024,46814312,54,44,65,25000,20000,30000,0.45,0.25,0.71,estimated
ECU,EC,218,Ecuador,AMR,2000,12689211,124,101,150,16000,13000,19000,8,2.4,17,estimated
ECU,EC,218,Ecuador,AMR,2001,12910747,103,84,124,13000,11000,16000,5.8,1.8,12,estimated
ECU,EC,218,Ecuador,AMR,2002,13138476,95,77,114,12000,10000,15000,4.8,1.5,10,estimated
ECU,EC,218,Ecuador,AMR,2003,13372305,105,86,127,14000,11000,17000,5.1,1.6,10,estimated
ECU,EC,218,Ecuador,AMR,2004,13608695,93,76,112,13000,10000,15000,4.4,1.4,9.1,estimated
ECU,EC,218,Ecuador,AMR,2005,13846163,62,51,75,8600,7000,10000,3.1,1,6.4,estimated
ECU,EC,218,Ecuador,AMR,2006,14086131,60,49,73,8500,6900,10000,3.3,1.1,6.7,estimated
ECU,EC,218,Ecuador,AMR,2007,14328771,60,49,72,8600,7000,10000,5.4,4,7,estimated
ECU,EC,218,Ecuador,AMR,2008,14575203,56,45,67,8100,6600,9800,4.3,3.2,5.6,estimated
ECU,EC,218,Ecuador,AMR,2009,14825955,51,42,62,7600,6200,9100,4.5,3.3,5.8,estimated
ECU,EC,218,Ecuador,AMR,2010,15076703,49,40,60,7500,6100,9000,4.1,3,5.3,estimated
ECU,EC,218,Ecuador,AMR,2011,15326231,50,41,60,7600,6200,9200,5.4,4,7,estimated
ECU,EC,218,Ecuador,AMR,2012,15572197,51,41,61,7900,6500,9600,5.5,4.1,7.2,estimated
ECU,EC,218,Ecuador,AMR,2013,15807125,47,38,57,7500,6100,9000,6.6,4.9,8.5,estimated
ECU,EC,218,Ecuador,AMR,2014,16035135,44,36,53,7100,5800,8500,5.9,4.4,7.7,estimated
ECU,EC,218,Ecuador,AMR,2015,16266217,42,34,50,6800,5500,8200,4.8,3.6,6.2,estimated
ECU,EC,218,Ecuador,AMR,2016,16505132,42,34,51,7000,5700,8400,5.7,4.2,7.4,estimated
ECU,EC,218,Ecuador,AMR,2017,16759517,44,36,54,7500,6100,9000,5.9,4.3,7.6,estimated
ECU,EC,218,Ecuador,AMR,2018,17049544,45,36,54,7600,6200,9200,6,4.5,7.8,estimated
ECU,EC,218,Ecuador,AMR,2019,17340025,46,37,56,8000,6500,9600,6.2,4.6,8,estimated
ECU,EC,218,Ecuador,AMR,2020,17546077,38,31,46,6700,5400,8100,5.1,3.8,6.6,estimated
ECU,EC,218,Ecuador,AMR,2021,17682453,41,33,49,7200,5800,8600,5.4,4,7,estimated
ECU,EC,218,Ecuador,AMR,2022,17823893,50,40,60,8900,7200,11000,7.4,5.5,9.6,estimated
ECU,EC,218,Ecuador,AMR,2023,17980089,59,48,71,11000,8700,13000,8.5,6.3,11,estimated
ECU,EC,218,Ecuador,AMR,2024,18135477,66,54,80,12000,9800,14000,11,8.2,14,estimated
EGY,EG,818,Egypt,EMR,2000,73083284,21,17,26,15000,12000,19000,0.03,0.01,0.06,estimated
EGY,EG,818,Egypt,EMR,2001,74652027,21,16,25,15000,12000,19000,0.03,0.01,0.05,estimated
EGY,EG,818,Egypt,EMR,2002,76239140,20,16,24,15000,12000,19000,0.03,0.01,0.05,estimated
EGY,EG,818,Egypt,EMR,2003,77853559,19,15,24,15000,12000,18000,0.03,0.01,0.05,estimated
EGY,EG,818,Egypt,EMR,2004,79477441,19,15,23,15000,12000,18000,0.03,0.01,0.05,estimated
EGY,EG,818,Egypt,EMR,2005,81101004,18,14,22,15000,12000,18000,0.03,0.01,0.06,estimated
EGY,EG,818,Egypt,EMR,2006,82700402,17,14,21,14000,11000,18000,0.04,0.02,0.07,estimated
EGY,EG,818,Egypt,EMR,2007,84276219,17,13,21,14000,11000,17000,0.05,0.02,0.08,estimated
EGY,EG,818,Egypt,EMR,2008,85864792,16,13,20,14000,11000,17000,0.05,0.02,0.09,estimated
EGY,EG,818,Egypt,EMR,2009,87501631,16,12,19,14000,11000,17000,0.05,0.03,0.09,estimated
EGY,EG,818,Egypt,EMR,2010,89196087,15,12,19,14000,11000,17000,0.06,0.03,0.11,estimated
EGY,EG,818,Egypt,EMR,2011,91093062,15,12,18,13000,11000,17000,0.07,0.03,0.13,estimated
EGY,EG,818,Egypt,EMR,2012,93161010,14,11,18,13000,10000,16000,0.08,0.03,0.14,estimated
EGY,EG,818,Egypt,EMR,2013,95333548,14,11,17,13000,10000,16000,0.08,0.03,0.14,estimated
EGY,EG,818,Egypt,EMR,2014,97528658,13,10,17,13000,10000,16000,0.08,0.04,0.15,estimated
EGY,EG,818,Egypt,EMR,2015,99597336,13,10,16,13000,10000,16000,0.08,0.04,0.15,estimated
EGY,EG,818,Egypt,EMR,2016,101644591,13,9.8,16,13000,10000,16000,0.09,0.04,0.16,estimated
EGY,EG,818,Egypt,EMR,2017,103696066,12,9.5,15,13000,9900,16000,0.09,0.04,0.16,estimated
EGY,EG,818,Egypt,EMR,2018,105682093,12,9.2,15,12000,9800,16000,0.09,0.04,0.17,estimated
EGY,EG,818,Egypt,EMR,2019,107553162,11,9,14,12000,9700,15000,0.1,0.04,0.17,estimated
EGY,EG,818,Egypt,EMR,2020,109315120,11,8.7,14,12000,9600,15000,0.09,0.04,0.17,estimated
EGY,EG,818,Egypt,EMR,2021,110957005,11,8.5,13,12000,9500,15000,0.09,0.04,0.16,estimated
EGY,EG,818,Egypt,EMR,2022,112618246,11,8.3,13,12000,9400,15000,0.09,0.04,0.16,estimated
EGY,EG,818,Egypt,EMR,2023,114535766,10,8.1,13,12000,9300,15000,0.11,0.08,0.14,estimated
EGY,EG,818,Egypt,EMR,2024,116538257,10,8,12,12000,9300,14000,0.18,0.13,0.24,estimated
ERI,ER,232,Eritrea,AFR,2000,2247028,1440,1170,1730,32000,26000,39000,397,180,698,estimated
ERI,ER,232,Eritrea,AFR,2001,2312078,538,438,648,12000,10000,15000,127,56,226,estimated
ERI,ER,232,Eritrea,AFR,2002,2392972,498,406,601,12000,9700,14000,102,43,185,estimated
ERI,ER,232,Eritrea,AFR,2003,2493899,756,615,911,19000,15000,23000,138,57,254,estimated
ERI,ER,232,Eritrea,AFR,2004,2598276,617,502,744,16000,13000,19000,103,42,192,estimated
ERI,ER,232,Eritrea,AFR,2005,2661211,483,393,582,13000,10000,15000,79,32,147,estimated
ERI,ER,232,Eritrea,AFR,2006,2703499,375,305,451,10000,8200,12000,61,24,114,estimated
ERI,ER,232,Eritrea,AFR,2007,2743211,417,339,502,11000,9300,14000,68,27,127,estimated
ERI,ER,232,Eritrea,AFR,2008,2816328,312,254,376,8800,7100,11000,103,76,134,estimated
ERI,ER,232,Eritrea,AFR,2009,2887891,281,228,338,8100,6600,9800,41,16,78,estimated
ERI,ER,232,Eritrea,AFR,2010,2945194,258,210,311,7600,6200,9200,35,14,67,estimated
ERI,ER,232,Eritrea,AFR,2011,2998484,262,214,316,7900,6400,9500,47,35,61,estimated
ERI,ER,232,Eritrea,AFR,2012,3036981,261,212,314,7900,6400,9500,47,34,61,estimated
ERI,ER,232,Eritrea,AFR,2013,3074359,229,186,276,7000,5700,8500,15,11,20,estimated
ERI,ER,232,Eritrea,AFR,2014,3095172,186,151,224,5700,4700,6900,11,8.3,15,estimated
ERI,ER,232,Eritrea,AFR,2015,3105542,156,127,188,4800,3900,5800,8.4,6.3,11,estimated
ERI,ER,232,Eritrea,AFR,2016,3124698,163,133,197,5100,4200,6200,9.8,7.2,13,estimated
ERI,ER,232,Eritrea,AFR,2017,3150353,147,119,177,4600,3800,5600,6.4,4.7,8.4,estimated
ERI,ER,232,Eritrea,AFR,2018,3192759,132,108,159,4200,3400,5100,5.9,4.3,7.7,estimated
ERI,ER,232,Eritrea,AFR,2019,3240187,127,103,153,4100,3300,5000,5,3.6,6.7,estimated
ERI,ER,232,Eritrea,AFR,2020,3291261,111,90,133,3600,3000,4400,4.2,2.9,5.6,estimated
ERI,ER,232,Eritrea,AFR,2021,3350177,111,90,134,3700,3000,4500,2.9,1.9,4.1,estimated
ERI,ER,232,Eritrea,AFR,2022,3409453,134,109,161,4600,3700,5500,4,2.8,5.4,estimated
ERI,ER,232,Eritrea,AFR,2023,3470390,149,121,179,5200,4200,6200,3.7,2.6,5.1,estimated
ERI,ER,232,Eritrea,AFR,2024,3535603,115,93,138,4100,3300,4900,2.7,1.8,3.8,estimated
ESP,ES,724,Spain,EUR,2000,41019779,30,24,36,12000,9900,15000,7.1,3.2,13,estimated
ESP,ES,724,Spain,EUR,2001,41245601,25,20,30,10000,8300,12000,5.5,2.4,9.8,estimated
ESP,ES,724,Spain,EUR,2002,41755700,26,21,31,11000,8700,13000,5.2,2.3,9.2,estimated
ESP,ES,724,Spain,EUR,2003,42506544,33,27,40,14000,12000,17000,6,2.6,11,estimated
ESP,ES,724,Spain,EUR,2004,43234562,20,16,24,8500,6900,10000,3.1,1.3,5.7,estimated
ESP,ES,724,Spain,EUR,2005,43958886,23,19,28,10000,8200,12000,3.1,1.3,5.7,estimated
ESP,ES,724,Spain,EUR,2006,44695448,24,19,29,11000,8700,13000,2.7,1.1,5.1,estimated
ESP,ES,724,Spain,EUR,2007,45516500,22,18,26,9900,8100,12000,2.1,0.8,3.9,estimated
ESP,ES,724,Spain,EUR,2008,46235046,22,18,27,10000,8400,12000,2,0.77,3.8,estimated
ESP,ES,724,Spain,EUR,2009,46635177,20,16,24,9400,7700,11000,1.8,0.67,3.4,estimated
ESP,ES,724,Spain,EUR,2010,46840464,19,15,23,8900,7300,11000,1.8,1.3,2.3,estimated
ESP,ES,724,Spain,EUR,2011,46998045,17,14,21,8100,6600,9800,1.6,1.2,2,estimated
ESP,ES,724,Spain,EUR,2012,47018324,15,12,18,7100,5800,8500,1.3,0.98,1.7,estimated
ESP,ES,724,Spain,EUR,2013,46860391,14,11,16,6400,5200,7700,0.92,0.68,1.2,estimated
ESP,ES,724,Spain,EUR,2014,46720184,12,10,15,5800,4700,7000,0.9,0.67,1.2,estimated
ESP,ES,724,Spain,EUR,2015,46683692,10,8.3,12,4700,3900,5700,0.66,0.25,1.3,estimated
ESP,ES,724,Spain,EUR,2016,46732771,12,9.6,14,5500,4500,6700,0.78,0.29,1.5,estimated
ESP,ES,724,Spain,EUR,2017,46868593,11,8.8,13,5100,4100,6100,0.73,0.28,1.4,estimated
ESP,ES,724,Spain,EUR,2018,47092821,11,9,13,5200,4300,6300,0.76,0.28,1.5,estimated
ESP,ES,724,Spain,EUR,2019,47435116,10,8.1,12,4700,3900,5700,0.68,0.26,1.3,estimated
ESP,ES,724,Spain,EUR,2020,47679489,7.2,5.9,8.7,3400,2800,4100,0.49,0.18,0.95,estimated
ESP,ES,724,Spain,EUR,2021,47735665,8.2,6.7,9.9,3900,3200,4700,0.56,0.21,1.1,estimated
ESP,ES,724,Spain,EUR,2022,47828387,6.3,5.1,7.6,3000,2400,3600,0.43,0.16,0.83,estimated
ESP,ES,724,Spain,EUR,2023,47911585,9.7,7.9,12,4700,3800,5600,0.66,0.25,1.3,estimated
ESP,ES,724,Spain,EUR,2024,47910532,7.9,6.5,9.6,3800,3100,4600,0.54,0.2,1,estimated
EST,EE,233,Estonia,EUR,2000,1396995,105,86,127,1500,1200,1800,5.5,1.9,11,estimated
EST,EE,233,Estonia,EUR,2001,1388168,94,77,114,1300,1100,1600,9.6,3.8,18,estimated
EST,EE,233,Estonia,EUR,2002,1379429,83,67,100,1100,930,1400,11,4.7,21,estimated
EST,EE,233,Estonia,EUR,2003,1370853,78,63,94,1100,870,1300,12,5.1,23,estimated
EST,EE,233,Estonia,EUR,2004,1362673,71,58,86,970,790,1200,3.9,2.4,5.7,estimated
EST,EE,233,Estonia,EUR,2005,1354848,64,52,77,860,700,1000,4.3,2.7,6.2,estimated
EST,EE,233,Estonia,EUR,2006,1346881,54,44,65,720,590,870,5.3,3.6,7.4,estimated
EST,EE,233,Estonia,EUR,2007,1340701,56,45,67,750,610,900,6.4,4.5,8.7,estimated
EST,EE,233,Estonia,EUR,2008,1337074,47,38,56,630,510,760,4.6,3.2,6.4,estimated
EST,EE,233,Estonia,EUR,2009,1334530,40,33,48,540,440,650,4.2,2.8,5.9,estimated
EST,EE,233,Estonia,EUR,2010,1331449,31,25,37,410,330,500,3.2,2.2,4.3,estimated
EST,EE,233,Estonia,EUR,2011,1327353,31,25,38,410,340,500,4.6,3.1,6.3,estimated
EST,EE,233,Estonia,EUR,2012,1322603,27,22,33,360,290,430,4.5,3.1,6.2,estimated
EST,EE,233,Estonia,EUR,2013,1317916,27,22,33,360,290,430,3.6,2.4,5.1,estimated
EST,EE,233,Estonia,EUR,2014,1314452,24,20,29,320,260,380,2.4,1.5,3.6,estimated
EST,EE,233,Estonia,EUR,2015,1314581,21,17,25,270,220,330,2.4,1.5,3.6,estimated
EST,EE,233,Estonia,EUR,2016,1315840,19,15,23,250,200,300,2.2,1.3,3.3,estimated
EST,EE,233,Estonia,EUR,2017,1317435,17,14,20,220,180,270,1.4,0.71,2.3,estimated
EST,EE,233,Estonia,EUR,2018,1321970,14,11,17,190,150,220,1.3,0.62,2.1,estimated
EST,EE,233,Estonia,EUR,2019,1326816,14,12,17,190,150,230,1.6,0.9,2.6,estimated
EST,EE,233,Estonia,EUR,2020,1329664,11,9.3,14,150,120,180,1.1,0.53,1.9,estimated
EST,EE,233,Estonia,EUR,2021,1331751,10,8.3,12,140,110,160,1.2,0.62,2.1,estimated
EST,EE,233,Estonia,EUR,2022,1350094,12,9.5,14,160,130,190,0.6,0.21,1.2,estimated
EST,EE,233,Estonia,EUR,2023,1367194,9.1,7.4,11,120,100,150,1.2,0.57,1.9,estimated
EST,EE,233,Estonia,EUR,2024,1360550,8.2,6.7,9.9,110,91,130,0.59,0.2,1.2,estimated
ETH,ET,231,Ethiopia,AFR,2000,67411490,489,284,749,330000,191000,505000,177,72,328,estimated
ETH,ET,231,Ethiopia,AFR,2001,69487754,462,265,713,321000,184000,496000,141,55,268,estimated
ETH,ET,231,Ethiopia,AFR,2002,71635516,437,247,679,313000,177000,486000,114,42,222,estimated
ETH,ET,231,Ethiopia,AFR,2003,73832653,412,230,645,304000,170000,476000,95,33,189,estimated
ETH,ET,231,Ethiopia,AFR,2004,76077207,388,215,612,296000,163000,466000,82,28,166,estimated
ETH,ET,231,Ethiopia,AFR,2005,78367471,366,200,581,287000,157000,455000,75,25,153,estimated
ETH,ET,231,Ethiopia,AFR,2006,80703490,345,186,550,278000,150000,444000,71,23,145,estimated
ETH,ET,231,Ethiopia,AFR,2007,83103218,324,174,521,269000,144000,433000,67,22,138,estimated
ETH,ET,231,Ethiopia,AFR,2008,85543657,305,162,492,261000,139000,421000,61,20,126,estimated
ETH,ET,231,Ethiopia,AFR,2009,88007634,287,151,464,252000,133000,409000,55,18,114,estimated
ETH,ET,231,Ethiopia,AFR,2010,90538520,269,142,438,244000,128000,396000,50,15,103,estimated
ETH,ET,231,Ethiopia,AFR,2011,93149971,253,133,412,236000,124000,384000,44,22,73,estimated
ETH,ET,231,Ethiopia,AFR,2012,95798765,238,122,392,228000,117000,376000,24,12,41,estimated
ETH,ET,231,Ethiopia,AFR,2013,98438751,224,113,373,221000,111000,367000,25,12,43,estimated
ETH,ET,231,Ethiopia,AFR,2014,101115610,211,105,355,214000,106000,359000,21,9.7,35,estimated
ETH,ET,231,Ethiopia,AFR,2015,103867142,200,97,338,207000,101000,351000,17,7.7,29,estimated
ETH,ET,231,Ethiopia,AFR,2016,106718159,189,91,322,202000,97000,344000,14,6.6,25,estimated
ETH,ET,231,Ethiopia,AFR,2017,109666475,179,85,307,196000,94000,337000,13,5.8,22,estimated
ETH,ET,231,Ethiopia,AFR,2018,112664149,170,81,293,192000,91000,330000,7.8,3.5,14,estimated
ETH,ET,231,Ethiopia,AFR,2019,115737383,163,77,280,188000,89000,324000,11,4.8,19,estimated
ETH,ET,231,Ethiopia,AFR,2020,118917673,156,75,268,186000,89000,318000,10,4.6,18,estimated
ETH,ET,231,Ethiopia,AFR,2021,122138583,151,73,256,184000,89000,313000,7.8,3.6,14,estimated
ETH,ET,231,Ethiopia,AFR,2022,125384281,146,72,246,184000,91000,309000,5.7,2.7,9.9,estimated
ETH,ET,231,Ethiopia,AFR,2023,128691689,143,72,237,184000,93000,305000,12,5.7,20,estimated
ETH,ET,231,Ethiopia,AFR,2024,132059780,141,74,229,186000,97000,302000,9.3,4.7,16,estimated
FIN,FI,246,Finland,EUR,2000,5176215,14,11,17,730,590,880,0.33,0.18,0.53,estimated
FIN,FI,246,Finland,EUR,2001,5187973,12,9.8,14,620,510,750,0.28,0.15,0.45,estimated
FIN,FI,246,Finland,EUR,2002,5200545,11,9.3,14,590,480,710,0.26,0.14,0.42,estimated
FIN,FI,246,Finland,EUR,2003,5212953,9.8,7.9,12,510,410,610,0.21,0.11,0.34,estimated
FIN,FI,246,Finland,EUR,2004,5228153,7.7,6.3,9.3,400,330,480,0.15,0.08,0.25,estimated
FIN,FI,246,Finland,EUR,2005,5246074,8,6.5,9.6,420,340,500,0.14,0.08,0.23,estimated
FIN,FI,246,Finland,EUR,2006,5266245,6.5,5.3,7.8,340,280,410,0.1,0.05,0.17,estimated
FIN,FI,246,Finland,EUR,2007,5288713,6.9,5.6,8.3,360,300,440,0.1,0.05,0.16,estimated
FIN,FI,246,Finland,EUR,2008,5313370,7.5,6.1,9,400,320,480,0.1,0.06,0.17,estimated
FIN,FI,246,Finland,EUR,2009,5338864,9,7.3,11,480,390,580,0.13,0.07,0.21,estimated
FIN,FI,246,Finland,EUR,2010,5363344,6.8,5.6,8.2,370,300,440,0.1,0.05,0.16,estimated
FIN,FI,246,Finland,EUR,2011,5388241,6.9,5.6,8.4,370,300,450,0.1,0.05,0.16,estimated
FIN,FI,246,Finland,EUR,2012,5413971,5.7,4.6,6.8,310,250,370,0.08,0.04,0.13,estimated
FIN,FI,246,Finland,EUR,2013,5439052,5.7,4.7,6.9,310,250,380,0.08,0.04,0.12,estimated
FIN,FI,246,Finland,EUR,2014,5461681,5.4,4.4,6.5,290,240,360,0.07,0.04,0.11,estimated
FIN,FI,246,Finland,EUR,2015,5479722,5.7,4.6,6.8,310,250,370,0.07,0.04,0.12,estimated
FIN,FI,246,Finland,EUR,2016,5495478,4.8,3.9,5.8,260,210,320,0.07,0.03,0.11,estimated
FIN,FI,246,Finland,EUR,2017,5508406,5,4.1,6,280,220,330,0.07,0.04,0.12,estimated
FIN,FI,246,Finland,EUR,2018,5515729,4.9,4,5.9,270,220,330,0.07,0.04,0.12,estimated
FIN,FI,246,Finland,EUR,2019,5521754,4.8,3.9,5.8,260,220,320,0.07,0.04,0.12,estimated
FIN,FI,246,Finland,EUR,2020,5529613,3.7,3,4.4,200,170,250,0.06,0.03,0.09,estimated
FIN,FI,246,Finland,EUR,2021,5541087,3.6,2.9,4.3,200,160,240,0.05,0.03,0.09,estimated
FIN,FI,246,Finland,EUR,2022,5569300,4,3.2,4.8,220,180,270,0.06,0.03,0.1,estimated
FIN,FI,246,Finland,EUR,2023,5601190,3.7,3,4.5,210,170,250,0.06,0.03,0.09,estimated
FIN,FI,246,Finland,EUR,2024,5617315,3.7,3,4.5,210,170,250,0.06,0.03,0.09,estimated
FJI,FJ,242,Fiji,WPR,2000,840913,49,40,59,410,330,490,0.37,0.01,1.5,estimated
FJI,FJ,242,Fiji,WPR,2001,849604,58,47,69,490,400,590,0.39,0,1.6,estimated
FJI,FJ,242,Fiji,WPR,2002,858056,44,35,52,370,300,450,0.29,0,1.2,estimated
FJI,FJ,242,Fiji,WPR,2003,866284,51,42,62,440,360,530,1.7,0.52,3.5,estimated
FJI,FJ,242,Fiji,WPR,2004,874357,35,28,42,300,250,370,0,0,0,estimated
FJI,FJ,242,Fiji,WPR,2005,882381,32,26,39,290,230,340,0.24,0,1.2,estimated
FJI,FJ,242,Fiji,WPR,2006,890362,27,22,33,240,200,290,0.29,0.03,0.86,estimated
FJI,FJ,242,Fiji,WPR,2007,897833,22,18,26,200,160,240,0.27,0.04,0.74,estimated
FJI,FJ,242,Fiji,WPR,2008,903403,24,20,29,220,180,260,0,0,0,estimated
FJI,FJ,242,Fiji,WPR,2009,907229,32,26,39,290,240,350,0.08,0.03,0.16,estimated
FJI,FJ,242,Fiji,WPR,2010,910428,42,34,50,380,310,460,0.8,0.13,2.1,estimated
FJI,FJ,242,Fiji,WPR,2011,912991,46,37,55,420,340,500,0.86,0.17,2.1,estimated
FJI,FJ,242,Fiji,WPR,2012,914917,43,35,52,400,320,480,0.89,0.26,1.9,estimated
FJI,FJ,242,Fiji,WPR,2013,916360,51,41,61,470,380,560,1.1,0.33,2.3,estimated
FJI,FJ,242,Fiji,WPR,2014,917589,74,60,89,680,550,810,2.9,1.5,4.8,estimated
FJI,FJ,242,Fiji,WPR,2015,918566,69,56,83,630,510,760,1.3,0.4,2.6,estimated
FJI,FJ,242,Fiji,WPR,2016,919169,59,48,71,550,440,660,1.9,0.78,3.4,estimated
FJI,FJ,242,Fiji,WPR,2017,918754,68,56,82,630,510,760,1.9,0.78,3.4,estimated
FJI,FJ,242,Fiji,WPR,2018,917176,73,59,88,670,540,810,3.8,2.2,5.9,estimated
FJI,FJ,242,Fiji,WPR,2019,914896,89,72,107,810,660,980,5.5,3.5,8.1,estimated
FJI,FJ,242,Fiji,WPR,2020,914961,81,66,97,740,600,890,4.1,2.3,6.2,estimated
FJI,FJ,242,Fiji,WPR,2021,916716,63,52,76,580,470,700,5.2,3.2,7.6,estimated
FJI,FJ,242,Fiji,WPR,2022,919416,105,86,127,970,790,1200,9.8,6.9,13,estimated
FJI,FJ,242,Fiji,WPR,2023,924145,72,58,87,660,540,800,13,9.5,17,estimated
FJI,FJ,242,Fiji,WPR,2024,928779,104,84,125,960,780,1200,29,22,38,estimated
FRA,FR,250,France,EUR,2000,59483714,12,12,13,7400,7100,7700,1.9,0.81,3.5,estimated
FRA,FR,250,France,EUR,2001,59905131,12,11,12,7000,6800,7300,1.7,0.73,3.2,estimated
FRA,FR,250,France,EUR,2002,60327252,11,11,12,6900,6600,7200,1.6,0.66,2.9,estimated
FRA,FR,250,France,EUR,2003,60741119,12,12,12,7300,7000,7600,1.6,0.64,2.9,estimated
FRA,FR,250,France,EUR,2004,61175254,10,9.7,11,6200,6000,6500,1.2,0.48,2.2,estimated
FRA,FR,250,France,EUR,2005,61625024,9.8,9.4,10,6100,5800,6300,1,0.4,1.9,estimated
FRA,FR,250,France,EUR,2006,62049842,9.7,9.3,10,6000,5800,6300,0.86,0.34,1.6,estimated
FRA,FR,250,France,EUR,2007,62432435,11,10,11,6600,6300,6900,0.81,0.31,1.5,estimated
FRA,FR,250,France,EUR,2008,62780189,10,10,11,6600,6300,6800,0.77,0.29,1.5,estimated
FRA,FR,250,France,EUR,2009,63106470,9.4,9.1,9.8,6000,5700,6200,0.68,0.26,1.3,estimated
FRA,FR,250,France,EUR,2010,63417352,9.2,8.8,9.5,5800,5600,6000,0.75,0.61,0.91,estimated
FRA,FR,250,France,EUR,2011,63733780,9,8.6,9.3,5700,5500,5900,0.65,0.53,0.8,estimated
FRA,FR,250,France,EUR,2012,64058467,8.9,8.5,9.2,5700,5500,5900,0.65,0.53,0.78,estimated
FRA,FR,250,France,EUR,2013,64387730,8.8,8.5,9.2,5700,5500,5900,0.65,0.52,0.78,estimated
FRA,FR,250,France,EUR,2014,64692484,8.5,8.1,8.8,5500,5300,5700,0.49,0.4,0.6,estimated
FRA,FR,250,France,EUR,2015,64916332,8.4,8,8.7,5400,5200,5700,0.51,0.41,0.61,estimated
FRA,FR,250,France,EUR,2016,65086856,8.7,8.3,9,5700,5400,5900,0.59,0.47,0.71,estimated
FRA,FR,250,France,EUR,2017,65284780,9,8.6,9.3,5900,5600,6100,0.51,0.41,0.62,estimated
FRA,FR,250,France,EUR,2018,65519537,8.8,8.5,9.2,5800,5600,6000,0.55,0.44,0.67,estimated
FRA,FR,250,France,EUR,2019,65729461,9,8.6,9.3,5900,5700,6100,0.55,0.21,1.1,estimated
FRA,FR,250,France,EUR,2020,65905281,8.1,7.8,8.4,5300,5100,5500,0.41,0.33,0.5,estimated
FRA,FR,250,France,EUR,2021,66083549,7.4,7.1,7.7,4900,4700,5100,0.39,0.32,0.48,estimated
FRA,FR,250,France,EUR,2022,66277416,7,6.7,7.3,4600,4500,4800,0.32,0.26,0.39,estimated
FRA,FR,250,France,EUR,2023,66438822,8.3,8,8.7,5500,5300,5800,0.43,0.35,0.53,estimated
FRA,FR,250,France,EUR,2024,66548536,7.8,7.4,8.1,5200,5000,5400,0.38,0.31,0.46,estimated
FSM,FM,583,Micronesia (Federated States of),WPR,2000,112044,281,228,338,310,260,380,0,0,0,estimated
FSM,FM,583,Micronesia (Federated States of),WPR,2001,112366,312,254,376,350,290,420,0,0,0,estimated
FSM,FM,583,Micronesia (Federated States of),WPR,2002,112447,372,303,448,420,340,500,0,0,0,estimated
FSM,FM,583,Micronesia (Federated States of),WPR,2003,112286,304,247,366,340,280,410,0,0,0,estimated
FSM,FM,583,Micronesia (Federated States of),WPR,2004,111920,332,270,400,370,300,450,0,0,0,estimated
FSM,FM,583,Micronesia (Federated States of),WPR,2005,111410,271,220,326,300,250,360,0,0,0,estimated
FSM,FM,583,Micronesia (Federated States of),WPR,2006,110726,271,221,327,300,240,360,0,0,0,estimated
FSM,FM,583,Micronesia (Federated States of),WPR,2007,109886,347,282,418,380,310,460,0,0,0,estimated
FSM,FM,583,Micronesia (Federated States of),WPR,2008,108934,388,316,467,420,340,510,0,0,0,estimated
FSM,FM,583,Micronesia (Federated States of),WPR,2009,107950,335,273,404,360,290,440,0,0,0,estimated
FSM,FM,583,Micronesia (Federated States of),WPR,2010,107536,354,288,427,380,310,460,0,0,0,estimated
FSM,FM,583,Micronesia (Federated States of),WPR,2011,107693,317,258,382,340,280,410,0,0,0,estimated
FSM,FM,583,Micronesia (Federated States of),WPR,2012,107893,305,249,368,330,270,400,0,0,0,estimated
FSM,FM,583,Micronesia (Federated States of),WPR,2013,108125,312,253,375,340,270,410,0,0,0,estimated
FSM,FM,583,Micronesia (Federated States of),WPR,2014,108393,391,318,471,420,340,510,0,0,0,estimated
FSM,FM,583,Micronesia (Federated States of),WPR,2015,108706,214,174,258,230,190,280,0,0,0,estimated
FSM,FM,583,Micronesia (Federated States of),WPR,2016,109077,293,239,353,320,260,390,0,0,0,estimated
FSM,FM,583,Micronesia (Federated States of),WPR,2017,109476,262,213,316,290,230,350,0,0,0,estimated
FSM,FM,583,Micronesia (Federated States of),WPR,2018,109907,187,152,226,210,170,250,0,0,0,estimated
FSM,FM,583,Micronesia (Federated States of),WPR,2019,110289,180,146,217,200,160,240,0,0,0,estimated
FSM,FM,583,Micronesia (Federated States of),WPR,2020,110920,178,145,215,200,160,240,0,0,0,estimated
FSM,FM,583,Micronesia (Federated States of),WPR,2021,111611,137,111,165,150,120,180,0,0,0,estimated
FSM,FM,583,Micronesia (Federated States of),WPR,2022,112115,91,74,109,100,83,120,0,0,0,estimated
FSM,FM,583,Micronesia (Federated States of),WPR,2023,112635,397,323,479,450,360,540,1.9,0,9.4,estimated
FSM,FM,583,Micronesia (Federated States of),WPR,2024,113161,264,215,318,300,240,360,2,0.01,9.4,estimated
GAB,GA,266,Gabon,AFR,2000,1275564,332,178,809,4200,2300,10000,190,122,272,estimated
GAB,GA,266,Gabon,AFR,2001,1309587,336,186,779,4400,2400,10000,174,107,257,estimated
GAB,GA,266,Gabon,AFR,2002,1345133,342,194,759,4600,2600,10000,164,98,248,estimated
GAB,GA,266,Gabon,AFR,2003,1382352,350,203,748,4800,2800,10000,160,93,245,estimated
GAB,GA,266,Gabon,AFR,2004,1421614,361,213,747,5100,3000,11000,119,94,147,estimated
GAB,GA,266,Gabon,AFR,2005,1463500,373,223,754,5500,3300,11000,168,97,258,estimated
GAB,GA,266,Gabon,AFR,2006,1508337,387,232,767,5800,3500,12000,178,105,271,estimated
GAB,GA,266,Gabon,AFR,2007,1556241,405,244,797,6300,3800,12000,134,107,164,estimated
GAB,GA,266,Gabon,AFR,2008,1607180,426,257,840,6900,4100,14000,179,143,219,estimated
GAB,GA,266,Gabon,AFR,2009,1661552,445,269,878,7400,4500,15000,206,122,312,estimated
GAB,GA,266,Gabon,AFR,2010,1719878,461,277,913,7900,4800,16000,209,122,318,estimated
GAB,GA,266,Gabon,AFR,2011,1781980,475,284,949,8500,5100,17000,212,124,324,estimated
GAB,GA,266,Gabon,AFR,2012,1846875,483,289,971,8900,5300,18000,208,118,322,estimated
GAB,GA,266,Gabon,AFR,2013,1913060,488,292,978,9300,5600,19000,202,112,317,estimated
GAB,GA,266,Gabon,AFR,2014,1978393,491,295,978,9700,5800,19000,195,108,306,estimated
GAB,GA,266,Gabon,AFR,2015,2040989,488,294,967,10000,6000,20000,181,98,290,estimated
GAB,GA,266,Gabon,AFR,2016,2100306,475,287,934,10000,6000,20000,167,88,270,estimated
GAB,GA,266,Gabon,AFR,2017,2156895,456,277,888,9800,6000,19000,151,78,248,estimated
GAB,GA,266,Gabon,AFR,2018,2212311,440,268,851,9700,5900,19000,138,69,229,estimated
GAB,GA,266,Gabon,AFR,2019,2267706,427,261,823,9700,5900,19000,127,62,213,estimated
GAB,GA,266,Gabon,AFR,2020,2322542,413,253,795,9600,5900,18000,123,60,206,estimated
GAB,GA,266,Gabon,AFR,2021,2376719,401,245,769,9500,5800,18000,119,58,200,estimated
GAB,GA,266,Gabon,AFR,2022,2430737,390,239,750,9500,5800,18000,116,57,195,estimated
GAB,GA,266,Gabon,AFR,2023,2484780,380,232,733,9400,5800,18000,113,55,190,estimated
GAB,GA,266,Gabon,AFR,2024,2538949,371,226,720,9400,5700,18000,110,54,186,estimated
GBR,GB,826,United Kingdom of Great Britain and Northern Ireland,EUR,2000,59057338,12,11,13,7000,6500,7500,1.3,0.54,2.5,estimated
GBR,GB,826,United Kingdom of Great Britain and Northern Ireland,EUR,2001,59288089,11,11,12,6800,6300,7300,1.2,0.49,2.2,estimated
GBR,GB,826,United Kingdom of Great Britain and Northern Ireland,EUR,2002,59540769,13,12,14,7800,7200,8300,1.3,0.51,2.4,estimated
GBR,GB,826,United Kingdom of Great Britain and Northern Ireland,EUR,2003,59820380,13,12,14,8000,7400,8600,1.2,0.47,2.2,estimated
GBR,GB,826,United Kingdom of Great Britain and Northern Ireland,EUR,2004,60169974,13,12,14,7900,7300,8500,1,0.41,1.9,estimated
GBR,GB,826,United Kingdom of Great Britain and Northern Ireland,EUR,2005,60596107,15,14,16,9200,8500,9900,1,0.4,1.9,estimated
GBR,GB,826,United Kingdom of Great Britain and Northern Ireland,EUR,2006,61051090,15,14,16,9300,8600,10000,0.86,0.33,1.6,estimated
GBR,GB,826,United Kingdom of Great Britain and Northern Ireland,EUR,2007,61535854,15,14,16,9000,8300,9700,0.69,0.26,1.3,estimated
GBR,GB,826,United Kingdom of Great Britain and Northern Ireland,EUR,2008,62027311,15,14,16,9300,8600,10000,0.67,0.26,1.3,estimated
GBR,GB,826,United Kingdom of Great Britain and Northern Ireland,EUR,2009,62506230,15,14,16,9100,8400,9800,0.64,0.24,1.2,estimated
GBR,GB,826,United Kingdom of Great Britain and Northern Ireland,EUR,2010,63006483,14,13,15,8800,8200,9500,0.61,0.23,1.2,estimated
GBR,GB,826,United Kingdom of Great Britain and Northern Ireland,EUR,2011,63509291,15,14,16,9500,8800,10000,0.62,0.24,1.2,estimated
GBR,GB,826,United Kingdom of Great Britain and Northern Ireland,EUR,2012,63960487,15,13,16,9300,8600,10000,0.58,0.22,1.1,estimated
GBR,GB,826,United Kingdom of Great Britain and Northern Ireland,EUR,2013,64389390,13,12,14,8300,7700,8900,0.49,0.39,0.6,estimated
GBR,GB,826,United Kingdom of Great Britain and Northern Ireland,EUR,2014,64865918,11,11,12,7400,6900,8000,0.39,0.15,0.75,estimated
GBR,GB,826,United Kingdom of Great Britain and Northern Ireland,EUR,2015,65382102,10,9.3,11,6600,6100,7100,0.33,0.13,0.64,estimated
GBR,GB,826,United Kingdom of Great Britain and Northern Ireland,EUR,2016,65893353,9.9,9.2,11,6500,6000,7000,0.33,0.13,0.65,estimated
GBR,GB,826,United Kingdom of Great Britain and Northern Ireland,EUR,2017,66354469,8.9,8.2,9.6,5900,5500,6400,0.26,0.21,0.32,estimated
GBR,GB,826,United Kingdom of Great Britain and Northern Ireland,EUR,2018,66752470,8,7.5,8.7,5400,5000,5800,0.23,0.18,0.28,estimated
GBR,GB,826,United Kingdom of Great Britain and Northern Ireland,EUR,2019,67110962,8.1,7.5,8.7,5400,5000,5800,0.28,0.1,0.54,estimated
GBR,GB,826,United Kingdom of Great Britain and Northern Ireland,EUR,2020,67351866,7,6.5,7.5,4700,4400,5100,0.24,0.09,0.47,estimated
GBR,GB,826,United Kingdom of Great Britain and Northern Ireland,EUR,2021,67668797,7.9,7.3,8.5,5400,5000,5800,0.27,0.1,0.53,estimated
GBR,GB,826,United Kingdom of Great Britain and Northern Ireland,EUR,2022,68179313,7.8,7.2,8.4,5300,4900,5700,0.27,0.1,0.52,estimated
GBR,GB,826,United Kingdom of Great Britain and Northern Ireland,EUR,2023,68682959,8.6,8,9.3,5900,5500,6400,0.3,0.11,0.57,estimated
GBR,GB,826,United Kingdom of Great Britain and Northern Ireland,EUR,2024,69138194,9.7,9,10,6700,6200,7200,0.16,0.12,0.19,estimated
GEO,GE,268,Georgia,EUR,2000,4328356,229,186,276,9900,8000,12000,0.26,0.07,0.56,estimated
GEO,GE,268,Georgia,EUR,2001,4209632,222,181,268,9400,7600,11000,0.32,0.1,0.68,estimated
GEO,GE,268,Georgia,EUR,2002,4127846,216,176,261,8900,7300,11000,0.5,0.16,1,estimated
GEO,GE,268,Georgia,EUR,2003,4085478,211,171,254,8600,7000,10000,0.77,0.25,1.6,estimated
GEO,GE,268,Georgia,EUR,2004,4056081,206,167,248,8300,6800,10000,1.1,0.39,2.2,estimated
GEO,GE,268,Georgia,EUR,2005,4026131,201,163,242,8100,6600,9700,1.6,0.55,3.1,estimated
GEO,GE,268,Georgia,EUR,2006,3996587,196,159,236,7800,6400,9400,2,0.71,4,estimated
GEO,GE,268,Georgia,EUR,2007,3967597,191,155,230,7600,6200,9100,3.7,2.8,4.7,estimated
GEO,GE,268,Georgia,EUR,2008,3941201,187,152,225,7400,6000,8900,2.4,1.8,3.1,estimated
GEO,GE,268,Georgia,EUR,2009,3918943,181,147,218,7100,5800,8600,3.6,1.3,7.2,estimated
GEO,GE,268,Georgia,EUR,2010,3895925,174,141,209,6800,5500,8200,2.2,1.6,2.9,estimated
GEO,GE,268,Georgia,EUR,2011,3868726,165,134,199,6400,5200,7700,4.5,1.6,8.8,estimated
GEO,GE,268,Georgia,EUR,2012,3839206,155,127,187,6000,4900,7200,4.7,1.7,9.2,estimated
GEO,GE,268,Georgia,EUR,2013,3809117,143,116,172,5400,4400,6600,2.9,2.1,3.8,estimated
GEO,GE,268,Georgia,EUR,2014,3792921,128,104,154,4800,3900,5800,2.8,2,3.7,estimated
GEO,GE,268,Georgia,EUR,2015,3791565,115,93,138,4300,3500,5200,3.2,2.3,4.2,estimated
GEO,GE,268,Georgia,EUR,2016,3792055,104,85,126,4000,3200,4800,2.2,1.6,3,estimated
GEO,GE,268,Georgia,EUR,2017,3792860,95,77,115,3600,2900,4400,1.7,1.1,2.3,estimated
GEO,GE,268,Georgia,EUR,2018,3794877,86,70,104,3300,2700,4000,1.8,1.2,2.5,estimated
GEO,GE,268,Georgia,EUR,2019,3796715,78,64,94,3000,2400,3600,1.4,0.91,2,estimated
GEO,GE,268,Georgia,EUR,2020,3795683,71,57,85,2700,2200,3200,1.4,0.86,2,estimated
GEO,GE,268,Georgia,EUR,2021,3788451,63,52,77,2400,2000,2900,1.9,1.3,2.7,estimated
GEO,GE,268,Georgia,EUR,2022,3794779,57,46,69,2200,1800,2600,1.6,1.1,2.3,estimated
GEO,GE,268,Georgia,EUR,2023,3807493,51,41,61,1900,1600,2300,1.1,0.71,1.7,estimated
GEO,GE,268,Georgia,EUR,2024,3807667,45,37,54,1700,1400,2100,1.3,0.83,1.9,estimated
GHA,GH,288,Ghana,AFR,2000,19637082,216,64,459,42000,13000,90000,86,19,202,estimated
GHA,GH,288,Ghana,AFR,2001,20167075,214,65,449,43000,13000,91000,75,17,174,estimated
GHA,GH,288,Ghana,AFR,2002,20729387,212,67,439,44000,14000,91000,66,15,155,estimated
GHA,GH,288,Ghana,AFR,2003,21296698,209,68,429,45000,14000,91000,60,14,141,estimated
GHA,GH,288,Ghana,AFR,2004,21868299,206,69,418,45000,15000,91000,57,13,132,estimated
GHA,GH,288,Ghana,AFR,2005,22449444,203,70,406,46000,16000,91000,56,13,130,estimated
GHA,GH,288,Ghana,AFR,2006,23040707,199,70,395,46000,16000,91000,57,14,130,estimated
GHA,GH,288,Ghana,AFR,2007,23642276,196,71,383,46000,17000,91000,57,14,129,estimated
GHA,GH,288,Ghana,AFR,2008,24249949,191,71,371,46000,17000,90000,55,14,124,estimated
GHA,GH,288,Ghana,AFR,2009,24862669,187,71,358,47000,18000,89000,42,15,82,estimated
GHA,GH,288,Ghana,AFR,2010,25474994,183,71,346,47000,18000,88000,48,18,93,estimated
GHA,GH,288,Ghana,AFR,2011,26095087,178,71,333,46000,18000,87000,41,16,79,estimated
GHA,GH,288,Ghana,AFR,2012,26734262,173,70,321,46000,19000,86000,41,16,78,estimated
GHA,GH,288,Ghana,AFR,2013,27386186,168,70,308,46000,19000,84000,40,16,76,estimated
GHA,GH,288,Ghana,AFR,2014,28041591,165,70,301,46000,20000,84000,40,16,74,estimated
GHA,GH,288,Ghana,AFR,2015,28696073,160,70,287,46000,20000,82000,35,15,65,estimated
GHA,GH,288,Ghana,AFR,2016,29356741,156,70,275,46000,21000,81000,36,16,65,estimated
GHA,GH,288,Ghana,AFR,2017,30008358,152,70,264,46000,21000,79000,33,14,58,estimated
GHA,GH,288,Ghana,AFR,2018,30637590,148,70,254,45000,21000,78000,29,13,51,estimated
GHA,GH,288,Ghana,AFR,2019,31258946,144,70,244,45000,22000,76000,30,14,53,estimated
GHA,GH,288,Ghana,AFR,2020,31887810,140,66,241,45000,21000,77000,26,12,45,estimated
GHA,GH,288,Ghana,AFR,2021,32518663,136,63,237,44000,21000,77000,20,8.7,35,estimated
GHA,GH,288,Ghana,AFR,2022,33149160,133,60,234,44000,20000,78000,18,7.9,33,estimated
GHA,GH,288,Ghana,AFR,2023,33787917,129,57,231,44000,19000,78000,14,6,26,estimated
GHA,GH,288,Ghana,AFR,2024,34427413,126,55,225,43000,19000,77000,15,6.4,28,estimated
GIN,GN,324,Guinea,AFR,2000,8428829,120,60,350,10000,5000,29000,34,15,61,estimated
GIN,GN,324,Guinea,AFR,2001,8539963,133,68,365,11000,5800,31000,22,15,30,estimated
GIN,GN,324,Guinea,AFR,2002,8674062,144,75,379,12000,6500,33000,32,14,56,estimated
GIN,GN,324,Guinea,AFR,2003,8870775,154,82,391,14000,7300,35000,31,14,56,estimated
GIN,GN,324,Guinea,AFR,2004,9062714,163,88,402,15000,8000,36000,32,14,57,estimated
GIN,GN,324,Guinea,AFR,2005,9245844,171,93,410,16000,8600,38000,34,15,61,estimated
GIN,GN,324,Guinea,AFR,2006,9441174,177,98,417,17000,9200,39000,37,17,66,estimated
GIN,GN,324,Guinea,AFR,2007,9662281,183,101,423,18000,9800,41000,40,18,71,estimated
GIN,GN,324,Guinea,AFR,2008,9898860,187,104,427,18000,10000,42000,41,19,73,estimated
GIN,GN,324,Guinea,AFR,2009,10143532,190,106,428,19000,11000,43000,44,34,56,estimated
GIN,GN,324,Guinea,AFR,2010,10396079,189,107,424,20000,11000,44000,32,24,41,estimated
GIN,GN,324,Guinea,AFR,2011,10656794,187,106,417,20000,11000,44000,41,18,72,estimated
GIN,GN,324,Guinea,AFR,2012,10921585,185,105,409,20000,11000,45000,45,34,58,estimated
GIN,GN,324,Guinea,AFR,2013,11191869,183,105,397,20000,12000,44000,42,32,54,estimated
GIN,GN,324,Guinea,AFR,2014,11472921,179,104,380,21000,12000,44000,44,33,57,estimated
GIN,GN,324,Guinea,AFR,2015,11767074,177,104,368,21000,12000,43000,43,32,55,estimated
GIN,GN,324,Guinea,AFR,2016,12073021,177,105,360,21000,13000,43000,43,32,56,estimated
GIN,GN,324,Guinea,AFR,2017,12385656,178,107,353,22000,13000,44000,45,34,57,estimated
GIN,GN,324,Guinea,AFR,2018,12704775,178,108,348,23000,14000,44000,44,33,56,estimated
GIN,GN,324,Guinea,AFR,2019,13034347,178,109,344,23000,14000,45000,42,31,54,estimated
GIN,GN,324,Guinea,AFR,2020,13371185,179,109,342,24000,15000,46000,51,39,66,estimated
GIN,GN,324,Guinea,AFR,2021,13710514,179,110,341,25000,15000,47000,36,27,47,estimated
GIN,GN,324,Guinea,AFR,2022,14055136,179,110,340,25000,15000,48000,33,24,43,estimated
GIN,GN,324,Guinea,AFR,2023,14405463,178,110,340,26000,16000,49000,31,22,40,estimated
GIN,GN,324,Guinea,AFR,2024,14754779,178,109,341,26000,16000,50000,30,22,40,estimated
GMB,GM,270,Gambia,AFR,2000,1455080,187,125,261,2700,1800,3800,53,22,97,estimated
GMB,GM,270,Gambia,AFR,2001,1495006,189,130,259,2800,1900,3900,48,20,89,estimated
GMB,GM,270,Gambia,AFR,2002,1535690,190,136,253,2900,2100,3900,45,19,83,estimated
GMB,GM,270,Gambia,AFR,2003,1577615,191,138,253,3000,2200,4000,44,18,80,estimated
GMB,GM,270,Gambia,AFR,2004,1621318,191,148,240,3100,2400,3900,44,19,79,estimated
GMB,GM,270,Gambia,AFR,2005,1667035,190,136,253,3200,2300,4200,45,19,83,estimated
GMB,GM,270,Gambia,AFR,2006,1715275,188,110,286,3200,1900,4900,47,17,92,estimated
GMB,GM,270,Gambia,AFR,2007,1765780,186,110,282,3300,1900,5000,49,18,95,estimated
GMB,GM,270,Gambia,AFR,2008,1817855,183,131,243,3300,2400,4400,49,21,88,estimated
GMB,GM,270,Gambia,AFR,2009,1871421,180,128,241,3400,2400,4500,29,19,40,estimated
GMB,GM,270,Gambia,AFR,2010,1926631,179,109,266,3400,2100,5100,47,18,89,estimated
GMB,GM,270,Gambia,AFR,2011,1983787,178,132,231,3500,2600,4600,47,20,84,estimated
GMB,GM,270,Gambia,AFR,2012,2043091,177,131,231,3600,2700,4700,29,20,40,estimated
GMB,GM,270,Gambia,AFR,2013,2103822,176,126,235,3700,2700,4900,25,16,34,estimated
GMB,GM,270,Gambia,AFR,2014,2164530,175,126,232,3800,2700,5000,35,23,48,estimated
GMB,GM,270,Gambia,AFR,2015,2224526,173,125,228,3800,2800,5100,30,20,42,estimated
GMB,GM,270,Gambia,AFR,2016,2283773,170,123,223,3900,2800,5100,31,21,43,estimated
GMB,GM,270,Gambia,AFR,2017,2342188,166,122,218,3900,2800,5100,32,22,44,estimated
GMB,GM,270,Gambia,AFR,2018,2399631,162,120,211,3900,2900,5100,32,22,44,estimated
GMB,GM,270,Gambia,AFR,2019,2456846,158,117,204,3900,2900,5000,28,20,39,estimated
GMB,GM,270,Gambia,AFR,2020,2515728,153,113,200,3900,2800,5000,25,17,35,estimated
GMB,GM,270,Gambia,AFR,2021,2576012,149,109,196,3800,2800,5100,20,13,27,estimated
GMB,GM,270,Gambia,AFR,2022,2636477,145,105,192,3800,2800,5100,20,13,28,estimated
GMB,GM,270,Gambia,AFR,2023,2697845,142,101,189,3800,2700,5100,18,12,25,estimated
GMB,GM,270,Gambia,AFR,2024,2759984,138,99,184,3800,2700,5100,17,11,23,estimated
GNB,GW,624,Guinea-Bissau,AFR,2000,1234742,202,102,564,2500,1300,7000,91,52,142,estimated
GNB,GW,624,Guinea-Bissau,AFR,2001,1261270,225,118,595,2800,1500,7500,94,52,147,estimated
GNB,GW,624,Guinea-Bissau,AFR,2002,1289308,245,131,619,3200,1700,8000,96,53,153,estimated
GNB,GW,624,Guinea-Bissau,AFR,2003,1318808,261,141,637,3400,1900,8400,100,55,159,estimated
GNB,GW,624,Guinea-Bissau,AFR,2004,1349562,273,150,648,3700,2000,8700,104,57,165,estimated
GNB,GW,624,Guinea-Bissau,AFR,2005,1381589,281,156,653,3900,2200,9000,110,61,174,estimated
GNB,GW,624,Guinea-Bissau,AFR,2006,1415301,286,160,652,4000,2300,9200,117,66,182,estimated
GNB,GW,624,Guinea-Bissau,AFR,2007,1450992,286,161,643,4200,2300,9300,121,69,188,estimated
GNB,GW,624,Guinea-Bissau,AFR,2008,1488058,282,160,626,4200,2400,9300,120,68,185,estimated
GNB,GW,624,Guinea-Bissau,AFR,2009,1526371,276,157,606,4200,2400,9300,116,66,181,estimated
GNB,GW,624,Guinea-Bissau,AFR,2010,1566348,266,152,581,4200,2400,9100,110,62,173,estimated
GNB,GW,624,Guinea-Bissau,AFR,2011,1608069,253,145,550,4100,2300,8900,104,58,163,estimated
GNB,GW,624,Guinea-Bissau,AFR,2012,1651416,241,138,521,4000,2300,8600,94,73,118,estimated
GNB,GW,624,Guinea-Bissau,AFR,2013,1695971,230,133,490,3900,2300,8300,94,73,118,estimated
GNB,GW,624,Guinea-Bissau,AFR,2014,1741119,218,128,457,3800,2200,7900,81,62,102,estimated
GNB,GW,624,Guinea-Bissau,AFR,2015,1786462,209,123,428,3700,2200,7700,54,41,69,estimated
GNB,GW,624,Guinea-Bissau,AFR,2016,1831890,203,121,408,3700,2200,7500,65,50,82,estimated
GNB,GW,624,Guinea-Bissau,AFR,2017,1877077,198,119,391,3700,2200,7300,62,47,78,estimated
GNB,GW,624,Guinea-Bissau,AFR,2018,1922167,194,118,377,3700,2300,7200,68,52,87,estimated
GNB,GW,624,Guinea-Bissau,AFR,2019,1967699,189,116,364,3700,2300,7200,59,44,75,estimated
GNB,GW,624,Guinea-Bissau,AFR,2020,2013260,186,114,354,3700,2300,7100,59,44,75,estimated
GNB,GW,624,Guinea-Bissau,AFR,2021,2058838,183,112,346,3800,2300,7100,54,40,70,estimated
GNB,GW,624,Guinea-Bissau,AFR,2022,2105531,180,111,341,3800,2300,7200,53,39,68,estimated
GNB,GW,624,Guinea-Bissau,AFR,2023,2153342,178,109,338,3800,2400,7300,54,39,71,estimated
GNB,GW,624,Guinea-Bissau,AFR,2024,2201346,176,108,337,3900,2400,7400,47,34,62,estimated
GNQ,GQ,226,Equatorial Guinea,AFR,2000,703280,323,197,626,2300,1400,4400,147,50,294,estimated
GNQ,GQ,226,Equatorial Guinea,AFR,2001,749827,316,193,614,2400,1400,4600,133,45,269,estimated
GNQ,GQ,226,Equatorial Guinea,AFR,2002,797951,310,189,601,2500,1500,4800,125,41,253,estimated
GNQ,GQ,226,Equatorial Guinea,AFR,2003,847867,304,185,589,2600,1600,5000,121,40,244,estimated
GNQ,GQ,226,Equatorial Guinea,AFR,2004,899919,298,182,578,2700,1600,5200,120,40,242,estimated
GNQ,GQ,226,Equatorial Guinea,AFR,2005,947363,292,178,566,2800,1700,5400,124,43,248,estimated
GNQ,GQ,226,Equatorial Guinea,AFR,2006,990339,286,174,555,2800,1700,5500,130,46,257,estimated
GNQ,GQ,226,Equatorial Guinea,AFR,2007,1036044,280,171,544,2900,1800,5600,136,49,266,estimated
GNQ,GQ,226,Equatorial Guinea,AFR,2008,1084523,275,167,533,3000,1800,5800,137,50,267,estimated
GNQ,GQ,226,Equatorial Guinea,AFR,2009,1135683,269,164,522,3100,1900,5900,137,51,267,estimated
GNQ,GQ,226,Equatorial Guinea,AFR,2010,1189080,264,161,512,3100,1900,6100,76,32,137,estimated
GNQ,GQ,226,Equatorial Guinea,AFR,2011,1241838,259,158,501,3200,2000,6200,137,51,264,estimated
GNQ,GQ,226,Equatorial Guinea,AFR,2012,1293477,253,154,491,3300,2000,6400,137,52,262,estimated
GNQ,GQ,226,Equatorial Guinea,AFR,2013,1346221,248,151,482,3300,2000,6500,133,50,256,estimated
GNQ,GQ,226,Equatorial Guinea,AFR,2014,1399822,243,148,472,3400,2100,6600,97,42,176,estimated
GNQ,GQ,226,Equatorial Guinea,AFR,2015,1453928,239,145,463,3500,2100,6700,119,51,216,estimated
GNQ,GQ,226,Equatorial Guinea,AFR,2016,1508182,234,142,453,3500,2100,6800,119,44,231,estimated
GNQ,GQ,226,Equatorial Guinea,AFR,2017,1562393,229,140,444,3600,2200,6900,90,39,163,estimated
GNQ,GQ,226,Equatorial Guinea,AFR,2018,1616419,225,137,435,3600,2200,7000,81,35,147,estimated
GNQ,GQ,226,Equatorial Guinea,AFR,2019,1670181,220,134,427,3700,2200,7100,71,31,128,estimated
GNQ,GQ,226,Equatorial Guinea,AFR,2020,1716475,216,131,418,3700,2300,7200,90,38,162,estimated
GNQ,GQ,226,Equatorial Guinea,AFR,2021,1758790,211,129,410,3700,2300,7200,84,36,152,estimated
GNQ,GQ,226,Equatorial Guinea,AFR,2022,1803547,207,126,402,3700,2300,7200,114,49,206,estimated
GNQ,GQ,226,Equatorial Guinea,AFR,2023,1847547,203,124,394,3800,2300,7300,128,55,231,estimated
GNQ,GQ,226,Equatorial Guinea,AFR,2024,1892525,199,121,386,3800,2300,7300,105,45,190,estimated
GRC,GR,300,Greece,EUR,2000,10782628,9.7,7.9,12,1000,850,1300,0.54,0.3,0.86,estimated
GRC,GR,300,Greece,EUR,2001,10843164,6.8,5.5,8.2,740,600,890,0.36,0.2,0.57,estimated
GRC,GR,300,Greece,EUR,2002,10890287,7.6,6.2,9.1,830,670,1000,0.38,0.21,0.6,estimated
GRC,GR,300,Greece,EUR,2003,10918464,7.8,6.3,9.4,850,690,1000,0.36,0.2,0.56,estimated
GRC,GR,300,Greece,EUR,2004,10947367,9.5,7.7,11,1000,850,1300,0.4,0.22,0.63,estimated
GRC,GR,300,Greece,EUR,2005,10981329,8.9,7.2,11,970,790,1200,0.32,0.18,0.51,estimated
GRC,GR,300,Greece,EUR,2006,11016104,7.8,6.4,9.4,860,700,1000,0.25,0.14,0.4,estimated
GRC,GR,300,Greece,EUR,2007,11045743,7.7,6.3,9.3,850,690,1000,0.22,0.12,0.36,estimated
GRC,GR,300,Greece,EUR,2008,11076863,7.3,5.9,8.8,810,660,970,0.22,0.12,0.35,estimated
GRC,GR,300,Greece,EUR,2009,11108069,6.7,5.4,8,740,600,890,0.22,0.12,0.34,estimated
GRC,GR,300,Greece,EUR,2010,11124663,5.4,4.4,6.5,600,490,720,0.19,0.1,0.3,estimated
GRC,GR,300,Greece,EUR,2011,11108842,5.5,4.5,6.6,610,500,740,0.19,0.11,0.31,estimated
GRC,GR,300,Greece,EUR,2012,11048301,6.3,5.1,7.5,690,560,830,0.22,0.12,0.34,estimated
GRC,GR,300,Greece,EUR,2013,10967547,6,4.8,7.2,650,530,790,0.19,0.11,0.31,estimated
GRC,GR,300,Greece,EUR,2014,10893159,5.8,4.7,7,630,520,770,0.19,0.1,0.29,estimated
GRC,GR,300,Greece,EUR,2015,10820906,5.3,4.3,6.3,570,460,690,0.17,0.09,0.26,estimated
GRC,GR,300,Greece,EUR,2016,10775510,4.9,4,5.9,520,430,630,0.16,0.09,0.25,estimated
GRC,GR,300,Greece,EUR,2017,10753540,5.2,4.2,6.2,550,450,670,0.18,0.1,0.28,estimated
GRC,GR,300,Greece,EUR,2018,10730838,4.8,3.9,5.8,520,420,620,0.17,0.09,0.27,estimated
GRC,GR,300,Greece,EUR,2019,10718576,5.1,4.2,6.2,550,450,660,0.18,0.1,0.29,estimated
GRC,GR,300,Greece,EUR,2020,10699378,4.4,3.6,5.3,470,390,570,0.16,0.09,0.25,estimated
GRC,GR,300,Greece,EUR,2021,10579554,2.3,1.8,2.7,240,200,290,0.08,0.04,0.13,estimated
GRC,GR,300,Greece,EUR,2022,10412480,3.6,2.9,4.3,370,300,450,0.15,0.08,0.26,estimated
GRC,GR,300,Greece,EUR,2023,10242906,5.6,4.6,6.8,580,470,690,0.16,0.08,0.27,estimated
GRC,GR,300,Greece,EUR,2024,10047812,3.6,2.9,4.3,360,290,430,0.1,0.05,0.17,estimated
GRD,GD,308,Grenada,AMR,2000,107446,0,0,0,0,0,0,,,,estimated
GRD,GD,308,Grenada,AMR,2001,107987,0.69,0.56,0.83,1,1,1,,,,estimated
GRD,GD,308,Grenada,AMR,2002,108401,0.92,0.75,1.1,1,1,1,,,,estimated
GRD,GD,308,Grenada,AMR,2003,108881,1.8,1.5,2.2,2,2,2,,,,estimated
GRD,GD,308,Grenada,AMR,2004,109319,1.8,1.5,2.2,2,2,2,,,,estimated
GRD,GD,308,Grenada,AMR,2005,109734,1.9,1.5,2.2,2,2,2,,,,estimated
GRD,GD,308,Grenada,AMR,2006,110130,0.91,0.74,1.1,1,1,1,,,,estimated
GRD,GD,308,Grenada,AMR,2007,110534,2.7,2.2,3.3,3,2,4,,,,estimated
GRD,GD,308,Grenada,AMR,2008,110902,4.5,3.7,5.4,5,4,6,,,,estimated
GRD,GD,308,Grenada,AMR,2009,111244,4.5,3.7,5.4,5,4,6,,,,estimated
GRD,GD,308,Grenada,AMR,2010,111591,3.6,2.9,4.3,4,3,5,,,,estimated
GRD,GD,308,Grenada,AMR,2011,112070,1.8,1.5,2.2,2,2,2,,,,estimated
GRD,GD,308,Grenada,AMR,2012,112761,0.89,0.72,1.1,1,1,1,,,,estimated
GRD,GD,308,Grenada,AMR,2013,113483,2.1,1.7,2.6,2,2,3,,,,estimated
GRD,GD,308,Grenada,AMR,2014,114129,0,0,0,0,0,0,,,,estimated
GRD,GD,308,Grenada,AMR,2015,114685,4.4,3.5,5.3,5,4,6,,,,estimated
GRD,GD,308,Grenada,AMR,2016,115136,5.2,4.2,6.3,6,5,7,,,,estimated
GRD,GD,308,Grenada,AMR,2017,115446,2.6,2.1,3.1,3,2,4,,,,estimated
GRD,GD,308,Grenada,AMR,2018,115694,1.7,1.4,2.1,2,2,2,,,,estimated
GRD,GD,308,Grenada,AMR,2019,115967,2.6,2.1,3.1,3,2,4,,,,estimated
GRD,GD,308,Grenada,AMR,2020,116337,0.86,0.7,1,1,1,1,,,,estimated
GRD,GD,308,Grenada,AMR,2021,116687,1.7,1.4,2.1,2,2,2,,,,estimated
GRD,GD,308,Grenada,AMR,2022,116921,0.86,0.7,1,1,1,1,,,,estimated
GRD,GD,308,Grenada,AMR,2023,117082,4.3,3.5,5.1,5,4,6,,,,estimated
GRD,GD,308,Grenada,AMR,2024,117199,1.7,1.4,2.1,2,2,2,,,,estimated
GRL,GL,304,Greenland,EUR,2000,56208,192,156,232,110,88,130,0,0,0,estimated
GRL,GL,304,Greenland,EUR,2001,56405,194,158,234,110,89,130,0,0,0,estimated
GRL,GL,304,Greenland,EUR,2002,56586,196,159,236,110,90,130,0,0,0,estimated
GRL,GL,304,Greenland,EUR,2003,56766,198,161,239,110,91,140,0,0,0,estimated
GRL,GL,304,Greenland,EUR,2004,56913,200,162,241,110,92,140,0,0,0,estimated
GRL,GL,304,Greenland,EUR,2005,56942,202,164,243,120,94,140,0,0,0,estimated
GRL,GL,304,Greenland,EUR,2006,56876,204,166,246,120,94,140,0,0,0,estimated
GRL,GL,304,Greenland,EUR,2007,56779,206,167,248,120,95,140,0,0,0,estimated
GRL,GL,304,Greenland,EUR,2008,56665,208,169,250,120,96,140,0,0,0,estimated
GRL,GL,304,Greenland,EUR,2009,56517,161,131,194,91,74,110,0,0,0,estimated
GRL,GL,304,Greenland,EUR,2010,56612,286,233,345,160,130,200,0,0,0,estimated
GRL,GL,304,Greenland,EUR,2011,56830,283,230,341,160,130,190,0,0,0,estimated
GRL,GL,304,Greenland,EUR,2012,56778,203,165,245,120,94,140,0,0,0,estimated
GRL,GL,304,Greenland,EUR,2013,56518,230,187,277,130,110,160,0,0,0,estimated
GRL,GL,304,Greenland,EUR,2014,56171,206,168,248,120,94,140,0,0,0,estimated
GRL,GL,304,Greenland,EUR,2015,56024,189,154,228,110,86,130,0,0,0,estimated
GRL,GL,304,Greenland,EUR,2016,56063,134,109,161,75,61,91,0,0,0,estimated
GRL,GL,304,Greenland,EUR,2017,56071,130,106,157,73,59,88,0,0,0,estimated
GRL,GL,304,Greenland,EUR,2018,56066,111,90,134,62,51,75,2.3,0,11,estimated
GRL,GL,304,Greenland,EUR,2019,56080,142,116,171,80,65,96,2.9,0,14,estimated
GRL,GL,304,Greenland,EUR,2020,56075,166,135,200,93,76,110,3.4,0.01,16,estimated
GRL,GL,304,Greenland,EUR,2021,56037,76,62,92,43,35,51,9.9,2.8,21,estimated
GRL,GL,304,Greenland,EUR,2022,55994,130,106,157,73,59,88,17,4.9,36,estimated
GRL,GL,304,Greenland,EUR,2023,55922,110,89,133,61,50,74,0,0,0,estimated
GRL,GL,304,Greenland,EUR,2024,55847,139,113,168,78,63,94,4.8,0.36,15,estimated
GTM,GT,320,Guatemala,AMR,2000,11697585,28,23,34,3300,2700,3900,2.4,0.87,4.6,estimated
GTM,GT,320,Guatemala,AMR,2001,11969429,23,18,27,2700,2200,3300,1.7,0.61,3.2,estimated
GTM,GT,320,Guatemala,AMR,2002,12246918,27,22,32,3300,2700,3900,1.7,0.64,3.4,estimated
GTM,GT,320,Guatemala,AMR,2003,12525847,24,19,29,3000,2400,3600,1.4,0.53,2.8,estimated
GTM,GT,320,Guatemala,AMR,2004,12807403,29,24,35,3700,3000,4500,1.7,0.63,3.3,estimated
GTM,GT,320,Guatemala,AMR,2005,13087627,33,27,39,4300,3500,5200,2,0.74,3.9,estimated
GTM,GT,320,Guatemala,AMR,2006,13367451,31,25,37,4100,3300,4900,2,0.74,3.9,estimated
GTM,GT,320,Guatemala,AMR,2007,13652032,26,21,31,3500,2900,4300,4.9,3.6,6.4,estimated
GTM,GT,320,Guatemala,AMR,2008,13935172,26,21,32,3700,3000,4400,5,3.7,6.5,estimated
GTM,GT,320,Guatemala,AMR,2009,14215615,23,19,28,3300,2700,3900,3.1,2.3,4,estimated
GTM,GT,320,Guatemala,AMR,2010,14500115,26,21,31,3700,3000,4500,3.1,2.3,4,estimated
GTM,GT,320,Guatemala,AMR,2011,14792127,23,19,28,3400,2800,4100,3,2.2,3.8,estimated
GTM,GT,320,Guatemala,AMR,2012,15089659,26,21,31,3900,3200,4700,2.4,1.8,3.1,estimated
GTM,GT,320,Guatemala,AMR,2013,15387337,24,20,29,3700,3000,4500,2.4,1.8,3.1,estimated
GTM,GT,320,Guatemala,AMR,2014,15681718,23,18,27,3600,2900,4300,2,1.5,2.6,estimated
GTM,GT,320,Guatemala,AMR,2015,15971743,23,19,28,3700,3000,4500,1.5,1.1,1.9,estimated
GTM,GT,320,Guatemala,AMR,2016,16268768,22,18,27,3600,3000,4400,1.8,1.4,2.4,estimated
GTM,GT,320,Guatemala,AMR,2017,16567351,23,19,28,3900,3200,4700,1.7,1.3,2.2,estimated
GTM,GT,320,Guatemala,AMR,2018,16845683,24,19,29,4000,3300,4800,1.7,1.2,2.2,estimated
GTM,GT,320,Guatemala,AMR,2019,17103794,24,20,29,4200,3400,5000,2.9,2.2,3.8,estimated
GTM,GT,320,Guatemala,AMR,2020,17357328,18,15,21,3100,2500,3700,1.3,0.99,1.7,estimated
GTM,GT,320,Guatemala,AMR,2021,17598650,20,16,24,3500,2800,4200,1.8,1.3,2.3,estimated
GTM,GT,320,Guatemala,AMR,2022,17847882,26,21,31,4600,3700,5500,2.1,1.5,2.7,estimated
GTM,GT,320,Guatemala,AMR,2023,18124838,29,24,35,5300,4300,6400,2.4,1.8,3.1,estimated
GTM,GT,320,Guatemala,AMR,2024,18406356,28,23,34,5200,4200,6300,2.7,2,3.4,estimated
GUM,GU,316,Guam,WPR,2000,160069,81,66,98,130,110,160,0,0,0,estimated
GUM,GU,316,Guam,WPR,2001,161324,92,75,110,150,120,180,0,0,0,estimated
GUM,GU,316,Guam,WPR,2002,162324,72,59,87,120,95,140,0,0,0,estimated
GUM,GU,316,Guam,WPR,2003,163134,30,25,36,49,40,59,0,0,0,estimated
GUM,GU,316,Guam,WPR,2004,163813,67,54,80,110,89,130,0,0,0,estimated
GUM,GU,316,Guam,WPR,2005,164359,82,67,99,130,110,160,0,0,0,estimated
GUM,GU,316,Guam,WPR,2006,164845,55,45,66,90,73,110,0,0,0,estimated
GUM,GU,316,Guam,WPR,2007,165261,63,51,76,100,85,130,0,0,0,estimated
GUM,GU,316,Guam,WPR,2008,165701,102,83,123,170,140,200,3.5,0.48,9.3,estimated
GUM,GU,316,Guam,WPR,2009,166168,112,91,135,190,150,220,0,0,0,estimated
GUM,GU,316,Guam,WPR,2010,166529,107,87,129,180,140,210,1.7,0.02,6.8,estimated
GUM,GU,316,Guam,WPR,2011,166545,85,69,103,140,120,170,0,0,0,estimated
GUM,GU,316,Guam,WPR,2012,166323,69,57,84,120,94,140,0,0,0,estimated
GUM,GU,316,Guam,WPR,2013,165966,48,39,58,80,65,97,0,0,0,estimated
GUM,GU,316,Guam,WPR,2014,165480,55,45,67,92,75,110,0,0,0,estimated
GUM,GU,316,Guam,WPR,2015,164900,74,60,89,120,100,150,0,0,0,estimated
GUM,GU,316,Guam,WPR,2016,164238,72,59,87,120,97,140,0,0,0,estimated
GUM,GU,316,Guam,WPR,2017,163491,80,65,97,130,110,160,0.99,0,4.7,estimated
GUM,GU,316,Guam,WPR,2018,162680,68,55,82,110,90,130,0,0,0,estimated
GUM,GU,316,Guam,WPR,2019,161809,76,62,91,120,100,150,1.1,0,4.8,estimated
GUM,GU,316,Guam,WPR,2020,162160,54,44,65,88,72,110,0,0,0,estimated
GUM,GU,316,Guam,WPR,2021,163717,55,44,66,89,73,110,0.99,0,4.6,estimated
GUM,GU,316,Guam,WPR,2022,165183,55,45,66,91,74,110,0.95,0,4.6,estimated
GUM,GU,316,Guam,WPR,2023,166502,42,34,50,69,56,83,0,0,0,estimated
GUM,GU,316,Guam,WPR,2024,167772,55,45,66,92,75,110,0,0,0,estimated
GUY,GY,328,Guyana,AMR,2000,764831,148,120,178,1100,920,1400,20,7.5,38,estimated
GUY,GY,328,Guyana,AMR,2001,764472,134,109,162,1000,840,1200,17,6.7,33,estimated
GUY,GY,328,Guyana,AMR,2002,763647,173,140,208,1300,1100,1600,23,8.9,43,estimated
GUY,GY,328,Guyana,AMR,2003,763097,171,139,206,1300,1100,1600,24,9.5,44,estimated
GUY,GY,328,Guyana,AMR,2004,762422,152,124,183,1200,940,1400,23,9.3,42,estimated
GUY,GY,328,Guyana,AMR,2005,760908,151,123,181,1100,930,1400,26,20,34,estimated
GUY,GY,328,Guyana,AMR,2006,758973,163,133,197,1200,1000,1500,22,16,28,estimated
GUY,GY,328,Guyana,AMR,2007,756863,133,108,161,1000,820,1200,44,33,57,estimated
GUY,GY,328,Guyana,AMR,2008,754610,143,117,173,1100,880,1300,32,24,41,estimated
GUY,GY,328,Guyana,AMR,2009,752094,164,133,197,1200,1000,1500,45,33,58,estimated
GUY,GY,328,Guyana,AMR,2010,749259,150,122,180,1100,910,1400,43,32,55,estimated
GUY,GY,328,Guyana,AMR,2011,746146,145,118,175,1100,880,1300,34,25,44,estimated
GUY,GY,328,Guyana,AMR,2012,746290,148,120,178,1100,900,1300,46,34,60,estimated
GUY,GY,328,Guyana,AMR,2013,750031,130,105,156,970,790,1200,33,25,43,estimated
GUY,GY,328,Guyana,AMR,2014,754230,100,82,121,760,620,910,25,19,33,estimated
GUY,GY,328,Guyana,AMR,2015,758781,102,83,122,770,630,930,25,18,32,estimated
GUY,GY,328,Guyana,AMR,2016,763554,101,82,121,770,630,930,25,18,32,estimated
GUY,GY,328,Guyana,AMR,2017,768476,90,73,108,690,560,830,25,19,33,estimated
GUY,GY,328,Guyana,AMR,2018,791561,85,69,103,670,550,810,16,12,21,estimated
GUY,GY,328,Guyana,AMR,2019,807664,80,65,96,640,520,780,15,11,20,estimated
GUY,GY,328,Guyana,AMR,2020,807476,59,48,71,470,390,570,11,8.3,15,estimated
GUY,GY,328,Guyana,AMR,2021,815477,66,54,79,540,440,650,13,9.9,17,estimated
GUY,GY,328,Guyana,AMR,2022,821636,61,50,74,510,410,610,9.2,6.6,12,estimated
GUY,GY,328,Guyana,AMR,2023,826356,66,54,80,550,450,660,15,11,19,estimated
GUY,GY,328,Guyana,AMR,2024,831082,67,54,80,550,450,670,11,8.2,15,estimated
HKG,HK,344,"China, Hong Kong SAR",WPR,2000,6704666,216,176,260,14000,12000,17000,1.8,1.2,2.5,estimated
HKG,HK,344,"China, Hong Kong SAR",WPR,2001,6774238,235,191,283,16000,13000,19000,2,1.3,2.7,estimated
HKG,HK,344,"China, Hong Kong SAR",WPR,2002,6821412,211,171,254,14000,12000,17000,1.8,1.2,2.4,estimated
HKG,HK,344,"China, Hong Kong SAR",WPR,2003,6858913,193,157,232,13000,11000,16000,1.6,1.1,2.2,estimated
HKG,HK,344,"China, Hong Kong SAR",WPR,2004,6888163,180,147,217,12000,10000,15000,1.5,1,2.1,estimated
HKG,HK,344,"China, Hong Kong SAR",WPR,2005,6908485,175,142,211,12000,9800,15000,1.5,0.98,2,estimated
HKG,HK,344,"China, Hong Kong SAR",WPR,2006,6931088,164,133,197,11000,9200,14000,1.2,0.79,1.7,estimated
HKG,HK,344,"China, Hong Kong SAR",WPR,2007,6971343,152,123,183,11000,8600,13000,0.89,0.66,1.2,estimated
HKG,HK,344,"China, Hong Kong SAR",WPR,2008,7020689,150,122,180,11000,8600,13000,0.76,0.15,1.9,estimated
HKG,HK,344,"China, Hong Kong SAR",WPR,2009,7064462,133,109,161,9400,7700,11000,1.3,0.97,1.7,estimated
HKG,HK,344,"China, Hong Kong SAR",WPR,2010,7101632,123,100,148,8700,7100,10000,0.86,0.63,1.1,estimated
HKG,HK,344,"China, Hong Kong SAR",WPR,2011,7142969,115,93,138,8200,6700,9900,0.98,0.73,1.3,estimated
HKG,HK,344,"China, Hong Kong SAR",WPR,2012,7201063,113,92,137,8200,6600,9800,0.65,0.48,0.84,estimated
HKG,HK,344,"China, Hong Kong SAR",WPR,2013,7264334,109,89,131,7900,6400,9500,0.71,0.53,0.92,estimated
HKG,HK,344,"China, Hong Kong SAR",WPR,2014,7319500,107,87,128,7800,6300,9400,0.73,0.54,0.95,estimated
HKG,HK,344,"China, Hong Kong SAR",WPR,2015,7366408,98,80,119,7200,5900,8700,0.63,0.39,0.93,estimated
HKG,HK,344,"China, Hong Kong SAR",WPR,2016,7408011,94,77,114,7000,5700,8400,0.74,0.48,1.1,estimated
HKG,HK,344,"China, Hong Kong SAR",WPR,2017,7444892,90,73,109,6700,5500,8100,0.86,0.57,1.2,estimated
HKG,HK,344,"China, Hong Kong SAR",WPR,2018,7471194,89,73,108,6700,5400,8000,0.59,0.32,0.94,estimated
HKG,HK,344,"China, Hong Kong SAR",WPR,2019,7485812,84,68,101,6300,5100,7600,1,0.68,1.4,estimated
HKG,HK,344,"China, Hong Kong SAR",WPR,2020,7490233,75,61,91,5600,4600,6800,0.48,0.28,0.73,estimated
HKG,HK,344,"China, Hong Kong SAR",WPR,2021,7484591,76,62,92,5700,4600,6900,0.78,0.51,1.1,estimated
HKG,HK,344,"China, Hong Kong SAR",WPR,2022,7465905,66,54,79,4900,4000,5900,0.39,0.22,0.62,estimated
HKG,HK,344,"China, Hong Kong SAR",WPR,2023,7442727,67,54,80,5000,4000,6000,0.52,0.31,0.79,estimated
HKG,HK,344,"China, Hong Kong SAR",WPR,2024,7414911,66,54,80,4900,4000,5900,0.41,0.22,0.64,estimated
HND,HN,340,Honduras,AMR,2000,6577777,280,228,338,18000,15000,22000,55,23,99,estimated
HND,HN,340,Honduras,AMR,2001,6757983,200,162,240,13000,11000,16000,32,13,59,estimated
HND,HN,340,Honduras,AMR,2002,6938867,161,131,194,11000,9100,13000,21,8.7,40,estimated
HND,HN,340,Honduras,AMR,2003,7119211,133,108,160,9500,7700,11000,6.1,4.5,7.9,estimated
HND,HN,340,Honduras,AMR,2004,7299003,108,88,130,7900,6400,9500,11,4.3,21,estimated
HND,HN,340,Honduras,AMR,2005,7478354,92,75,111,6900,5600,8300,9.1,3.5,17,estimated
HND,HN,340,Honduras,AMR,2006,7656833,84,68,101,6400,5200,7800,8.3,3.2,16,estimated
HND,HN,340,Honduras,AMR,2007,7834796,69,56,83,5400,4400,6500,6.9,2.7,13,estimated
HND,HN,340,Honduras,AMR,2008,8012589,67,55,81,5400,4400,6500,6.4,2.5,12,estimated
HND,HN,340,Honduras,AMR,2009,8189900,66,54,79,5400,4400,6500,6,2.3,11,estimated
HND,HN,340,Honduras,AMR,2010,8365871,62,50,74,5200,4200,6200,5.2,2,10,estimated
HND,HN,340,Honduras,AMR,2011,8540587,66,54,80,5600,4600,6800,7.1,5.2,9.1,estimated
HND,HN,340,Honduras,AMR,2012,8715081,59,48,71,5100,4200,6200,6.6,4.9,8.5,estimated
HND,HN,340,Honduras,AMR,2013,8889280,55,45,67,4900,4000,5900,5.7,4.2,7.4,estimated
HND,HN,340,Honduras,AMR,2014,9063122,49,40,60,4500,3600,5400,5.1,3.8,6.6,estimated
HND,HN,340,Honduras,AMR,2015,9237309,49,40,59,4600,3700,5500,5.2,3.8,6.7,estimated
HND,HN,340,Honduras,AMR,2016,9412377,48,39,58,4500,3700,5400,3.9,2.9,5.1,estimated
HND,HN,340,Honduras,AMR,2017,9588144,46,37,55,4400,3600,5300,3.1,2.3,4.1,estimated
HND,HN,340,Honduras,AMR,2018,9765209,45,37,54,4400,3600,5300,2.9,2.1,3.7,estimated
HND,HN,340,Honduras,AMR,2019,9943626,38,31,45,3800,3100,4500,2.1,1.6,2.8,estimated
HND,HN,340,Honduras,AMR,2020,10119645,38,31,45,3800,3100,4600,1.9,1.4,2.5,estimated
HND,HN,340,Honduras,AMR,2021,10289877,38,31,45,3900,3200,4700,2.2,1.6,2.8,estimated
HND,HN,340,Honduras,AMR,2022,10463882,38,31,45,3900,3200,4800,2.4,1.8,3.1,estimated
HND,HN,340,Honduras,AMR,2023,10644848,38,31,45,4000,3300,4800,2.3,1.7,3,estimated
HND,HN,340,Honduras,AMR,2024,10825694,38,31,45,4100,3300,4900,2.5,1.9,3.3,estimated
HRV,HR,191,Croatia,EUR,2000,4326097,56,45,67,2400,2000,2900,0.82,0.43,1.3,estimated
HRV,HR,191,Croatia,EUR,2001,4301063,47,38,56,2000,1600,2400,0.69,0.36,1.1,estimated
HRV,HR,191,Croatia,EUR,2002,4305787,48,39,58,2100,1700,2500,0.69,0.36,1.1,estimated
HRV,HR,191,Croatia,EUR,2003,4306681,46,38,56,2000,1600,2400,0.62,0.33,1,estimated
HRV,HR,191,Croatia,EUR,2004,4310059,38,31,46,1700,1300,2000,0.48,0.25,0.79,estimated
HRV,HR,191,Croatia,EUR,2005,4313949,34,28,41,1500,1200,1800,0.38,0.2,0.62,estimated
HRV,HR,191,Croatia,EUR,2006,4315798,33,27,40,1400,1200,1700,0.32,0.17,0.52,estimated
HRV,HR,191,Croatia,EUR,2007,4315962,30,25,36,1300,1100,1600,0.26,0.14,0.42,estimated
HRV,HR,191,Croatia,EUR,2008,4314625,31,25,37,1300,1100,1600,0.26,0.14,0.43,estimated
HRV,HR,191,Croatia,EUR,2009,4310525,26,21,31,1100,910,1300,0.23,0.12,0.37,estimated
HRV,HR,191,Croatia,EUR,2010,4301142,21,17,26,910,740,1100,0.19,0.1,0.31,estimated
HRV,HR,191,Croatia,EUR,2011,4280830,19,16,23,820,670,990,0.17,0.09,0.28,estimated
HRV,HR,191,Croatia,EUR,2012,4259232,17,14,20,710,580,860,0.14,0.08,0.23,estimated
HRV,HR,191,Croatia,EUR,2013,4242400,16,13,19,670,540,810,0.13,0.07,0.21,estimated
HRV,HR,191,Croatia,EUR,2014,4219480,15,12,18,650,530,780,0.12,0.06,0.2,estimated
HRV,HR,191,Croatia,EUR,2015,4183722,15,12,18,630,510,760,0.12,0.06,0.2,estimated
HRV,HR,191,Croatia,EUR,2016,4136441,14,11,17,580,470,700,0.12,0.06,0.2,estimated
HRV,HR,191,Croatia,EUR,2017,4079200,11,9.3,14,460,380,560,0.1,0.05,0.17,estimated
HRV,HR,191,Croatia,EUR,2018,4024868,11,9.3,14,460,370,550,0.11,0.06,0.17,estimated
HRV,HR,191,Croatia,EUR,2019,3986339,9.3,7.6,11,370,300,450,0.09,0.05,0.15,estimated
HRV,HR,191,Croatia,EUR,2020,3953963,5.6,4.6,6.8,220,180,270,0.05,0.03,0.09,estimated
HRV,HR,191,Croatia,EUR,2021,3924604,4.9,4,5.9,190,160,230,0.05,0.02,0.08,estimated
HRV,HR,191,Croatia,EUR,2022,3907017,6.6,5.4,8,260,210,310,0.06,0.03,0.1,estimated
HRV,HR,191,Croatia,EUR,2023,3896036,8.4,6.8,10,330,270,390,0.08,0.04,0.13,estimated
HRV,HR,191,Croatia,EUR,2024,3875319,6.6,5.4,8,260,210,310,0.06,0.03,0.1,estimated
HTI,HT,332,Haiti,AMR,2000,8303152,576,468,694,48000,39000,58000,251,139,395,estimated
HTI,HT,332,Haiti,AMR,2001,8455921,576,469,694,49000,40000,59000,218,117,351,estimated
HTI,HT,332,Haiti,AMR,2002,8607647,571,464,688,49000,40000,59000,193,98,319,estimated
HTI,HT,332,Haiti,AMR,2003,8759913,562,457,677,49000,40000,59000,174,85,296,estimated
HTI,HT,332,Haiti,AMR,2004,8910259,549,447,662,49000,40000,59000,162,77,277,estimated
HTI,HT,332,Haiti,AMR,2005,9061270,532,433,642,48000,39000,58000,157,75,269,estimated
HTI,HT,332,Haiti,AMR,2006,9216559,514,418,619,47000,39000,57000,155,75,263,estimated
HTI,HT,332,Haiti,AMR,2007,9373301,488,397,588,46000,37000,55000,112,84,145,estimated
HTI,HT,332,Haiti,AMR,2008,9530774,456,371,550,43000,35000,52000,105,78,136,estimated
HTI,HT,332,Haiti,AMR,2009,9689580,428,348,515,41000,34000,50000,97,72,125,estimated
HTI,HT,332,Haiti,AMR,2010,9803296,407,331,490,40000,32000,48000,81,61,104,estimated
HTI,HT,332,Haiti,AMR,2011,9914905,389,317,469,39000,31000,47000,81,60,104,estimated
HTI,HT,332,Haiti,AMR,2012,10069768,372,302,448,37000,30000,45000,74,55,97,estimated
HTI,HT,332,Haiti,AMR,2013,10222353,353,287,426,36000,29000,44000,69,50,90,estimated
HTI,HT,332,Haiti,AMR,2014,10373231,336,273,405,35000,28000,42000,62,46,81,estimated
HTI,HT,332,Haiti,AMR,2015,10523236,318,258,383,33000,27000,40000,52,39,68,estimated
HTI,HT,332,Haiti,AMR,2016,10671458,297,242,358,32000,26000,38000,45,34,58,estimated
HTI,HT,332,Haiti,AMR,2017,10817755,276,224,332,30000,24000,36000,44,33,57,estimated
HTI,HT,332,Haiti,AMR,2018,10962369,256,209,309,28000,23000,34000,39,29,50,estimated
HTI,HT,332,Haiti,AMR,2019,11105171,239,195,289,27000,22000,32000,38,28,49,estimated
HTI,HT,332,Haiti,AMR,2020,11243847,223,182,269,25000,20000,30000,30,22,39,estimated
HTI,HT,332,Haiti,AMR,2021,11374584,209,170,252,24000,19000,29000,30,22,39,estimated
HTI,HT,332,Haiti,AMR,2022,11503612,196,160,236,23000,18000,27000,29,21,37,estimated
HTI,HT,332,Haiti,AMR,2023,11637406,185,151,223,22000,18000,26000,25,19,33,estimated
HTI,HT,332,Haiti,AMR,2024,11772562,175,143,211,21000,17000,25000,26,19,33,estimated
HUN,HU,348,Hungary,EUR,2000,10190597,45,37,54,4600,3700,5500,0.59,0.31,0.96,estimated
HUN,HU,348,Hungary,EUR,2001,10166688,43,35,52,4400,3500,5200,0.53,0.28,0.85,estimated
HUN,HU,348,Hungary,EUR,2002,10138459,40,32,48,4000,3300,4900,0.45,0.24,0.73,estimated
HUN,HU,348,Hungary,EUR,2003,10108961,40,32,48,4000,3300,4800,0.41,0.22,0.67,estimated
HUN,HU,348,Hungary,EUR,2004,10085791,33,27,39,3300,2700,4000,0.31,0.16,0.5,estimated
HUN,HU,348,Hungary,EUR,2005,10065705,26,21,31,2600,2100,3200,0.22,0.12,0.36,estimated
HUN,HU,348,Hungary,EUR,2006,10049937,24,20,29,2400,2000,2900,0.18,0.1,0.3,estimated
HUN,HU,348,Hungary,EUR,2007,10034086,22,18,27,2200,1800,2700,0.15,0.08,0.25,estimated
HUN,HU,348,Hungary,EUR,2008,10016666,20,17,25,2100,1700,2500,0.15,0.08,0.24,estimated
HUN,HU,348,Hungary,EUR,2009,10001370,18,15,22,1800,1500,2200,0.14,0.08,0.23,estimated
HUN,HU,348,Hungary,EUR,2010,9979132,22,18,26,2200,1800,2600,0.18,0.1,0.3,estimated
HUN,HU,348,Hungary,EUR,2011,9946681,18,15,22,1800,1500,2200,0.15,0.08,0.25,estimated
HUN,HU,348,Hungary,EUR,2012,9916622,16,13,19,1600,1300,1900,0.14,0.07,0.22,estimated
HUN,HU,348,Hungary,EUR,2013,9889351,14,12,17,1400,1100,1700,0.12,0.06,0.19,estimated
HUN,HU,348,Hungary,EUR,2014,9862845,11,8.8,13,1100,870,1300,0.09,0.05,0.15,estimated
HUN,HU,348,Hungary,EUR,2015,9839211,11,9.3,14,1100,920,1400,0.1,0.05,0.16,estimated
HUN,HU,348,Hungary,EUR,2016,9810544,9.8,8,12,960,780,1200,0.09,0.05,0.15,estimated
HUN,HU,348,Hungary,EUR,2017,9785610,8.6,7,10,840,690,1000,0.09,0.05,0.14,estimated
HUN,HU,348,Hungary,EUR,2018,9774396,8,6.5,9.6,780,630,940,0.08,0.04,0.14,estimated
HUN,HU,348,Hungary,EUR,2019,9770341,7,5.7,8.4,680,560,820,0.08,0.04,0.12,estimated
HUN,HU,348,Hungary,EUR,2020,9749457,5.1,4.1,6.1,490,400,600,0.05,0.03,0.09,estimated
HUN,HU,348,Hungary,EUR,2021,9707853,4.1,3.4,5,400,330,480,0.04,0.02,0.07,estimated
HUN,HU,348,Hungary,EUR,2022,9684301,5.7,4.7,6.9,560,450,670,0.06,0.03,0.1,estimated
HUN,HU,348,Hungary,EUR,2023,9686464,6.5,5.3,7.8,630,510,760,0.07,0.04,0.11,estimated
HUN,HU,348,Hungary,EUR,2024,9676124,5.6,4.5,6.7,540,440,650,0.06,0.03,0.1,estimated
IDN,ID,360,Indonesia,WPR,2000,216077793,370,331,411,799000,716000,887000,1.7,0.74,3.1,estimated
IDN,ID,360,Indonesia,WPR,2001,219097894,369,331,409,808000,724000,897000,2.2,0.92,3.9,estimated
IDN,ID,360,Indonesia,WPR,2002,222088489,367,329,408,816000,732000,905000,2.8,1.2,5,estimated
IDN,ID,360,Indonesia,WPR,2003,225048011,366,328,405,823000,738000,912000,3.6,1.6,6.5,estimated
IDN,ID,360,Indonesia,WPR,2004,227926643,363,326,402,828000,743000,917000,4.5,2,8.2,estimated
IDN,ID,360,Indonesia,WPR,2005,230871650,360,324,399,832000,747000,921000,5.7,2.5,10,estimated
IDN,ID,360,Indonesia,WPR,2006,233951648,357,321,395,835000,751000,924000,6.8,3,12,estimated
IDN,ID,360,Indonesia,WPR,2007,237062338,353,318,390,837000,754000,925000,7.8,3.4,14,estimated
IDN,ID,360,Indonesia,WPR,2008,240157904,349,315,385,839000,756000,926000,8.6,3.8,15,estimated
IDN,ID,360,Indonesia,WPR,2009,243220031,345,312,381,840000,758000,926000,9.3,4.1,17,estimated
IDN,ID,360,Indonesia,WPR,2010,246305322,342,309,376,842000,760000,927000,9.8,4.3,18,estimated
IDN,ID,360,Indonesia,WPR,2011,249470034,338,306,372,844000,763000,929000,10,4.5,18,estimated
IDN,ID,360,Indonesia,WPR,2012,252698523,335,303,368,847000,767000,931000,11,4.7,19,estimated
IDN,ID,360,Indonesia,WPR,2013,255852473,332,301,365,850000,770000,933000,10,4.6,19,estimated
IDN,ID,360,Indonesia,WPR,2014,258877417,329,298,361,851000,772000,934000,9.8,4.3,18,estimated
IDN,ID,360,Indonesia,WPR,2015,261799252,325,295,357,852000,774000,934000,9.2,4,16,estimated
IDN,ID,360,Indonesia,WPR,2016,264627410,322,293,353,852000,775000,934000,8.6,3.8,15,estimated
IDN,ID,360,Indonesia,WPR,2017,267346647,319,290,349,852000,775000,933000,7.7,3.4,14,estimated
IDN,ID,360,Indonesia,WPR,2018,269951843,316,287,345,852000,776000,931000,7.6,3.3,14,estimated
IDN,ID,360,Indonesia,WPR,2019,272489386,312,285,341,851000,776000,929000,7.1,3.1,13,estimated
IDN,ID,360,Indonesia,WPR,2020,274814856,306,276,336,840000,759000,924000,7,3,12,estimated
IDN,ID,360,Indonesia,WPR,2021,276758054,330,291,371,915000,804000,1030000,7.5,3.3,14,estimated
IDN,ID,360,Indonesia,WPR,2022,278830522,375,317,433,1050000,884000,1210000,8.6,3.7,15,estimated
IDN,ID,360,Indonesia,WPR,2023,281190070,388,325,445,1090000,914000,1250000,8.8,3.8,16,estimated
IDN,ID,360,Indonesia,WPR,2024,283487922,382,319,433,1080000,905000,1230000,12,8.9,15,estimated
IND,IN,356,India,SEA,2000,1057922722,322,110,644,3400000,1160000,6810000,44,8,110,estimated
IND,IN,356,India,SEA,2001,1077898574,321,110,642,3460000,1190000,6920000,37,6.6,92,estimated
IND,IN,356,India,SEA,2002,1097600382,320,110,638,3510000,1210000,7000000,31,5.5,78,estimated
IND,IN,356,India,SEA,2003,1116802995,318,110,632,3550000,1230000,7060000,27,4.8,69,estimated
IND,IN,356,India,SEA,2004,1135991522,315,111,623,3580000,1260000,7070000,24,4.3,62,estimated
IND,IN,356,India,SEA,2005,1154676330,311,111,610,3590000,1280000,7040000,24,4.2,59,estimated
IND,IN,356,India,SEA,2006,1172878890,305,112,593,3580000,1310000,6960000,23,4.2,58,estimated
IND,IN,356,India,SEA,2007,1190676022,298,112,573,3550000,1340000,6830000,21,7.5,41,estimated
IND,IN,356,India,SEA,2008,1207930973,291,113,552,3520000,1360000,6670000,21,4.1,52,estimated
IND,IN,356,India,SEA,2009,1225524748,283,113,530,3470000,1390000,6490000,19,3.9,47,estimated
IND,IN,356,India,SEA,2010,1243481553,276,114,508,3430000,1410000,6320000,18,3.6,43,estimated
IND,IN,356,India,SEA,2011,1261224955,268,138,440,3380000,1750000,5550000,17,4.2,37,estimated
IND,IN,356,India,SEA,2012,1278674506,258,141,410,3300000,1800000,5240000,15,4,34,estimated
IND,IN,356,India,SEA,2013,1295829516,248,141,385,3220000,1830000,4990000,12,6.7,20,estimated
IND,IN,356,India,SEA,2014,1312277198,243,171,329,3190000,2240000,4310000,10,6.8,15,estimated
IND,IN,356,India,SEA,2015,1328024502,237,181,300,3140000,2400000,3990000,9.4,6.6,13,estimated
IND,IN,356,India,SEA,2016,1343944301,225,191,263,3030000,2560000,3530000,7.1,5.4,9,estimated
IND,IN,356,India,SEA,2017,1359657407,217,192,242,2950000,2620000,3290000,6.2,4.9,7.7,estimated
IND,IN,356,India,SEA,2018,1374659072,208,185,233,2860000,2550000,3200000,7.3,5.7,9,estimated
IND,IN,356,India,SEA,2019,1389030316,202,179,226,2810000,2490000,3150000,5.3,4.1,6.5,estimated
IND,IN,356,India,SEA,2020,1402617699,197,171,228,2770000,2400000,3200000,4,3.1,5,estimated
IND,IN,356,India,SEA,2021,1414203891,196,170,227,2770000,2400000,3210000,3.6,2.8,4.5,estimated
IND,IN,356,India,SEA,2022,1425423217,196,170,228,2790000,2420000,3240000,3.4,2.6,4.3,estimated
IND,IN,356,India,SEA,2023,1438069593,192,166,223,2760000,2380000,3210000,2.9,2.2,3.7,estimated
IND,IN,356,India,SEA,2024,1450935788,187,160,218,2710000,2330000,3160000,2.6,2,3.2,estimated
IRL,IE,372,Ireland,EUR,2000,3802578,14,12,17,540,440,660,0.92,0.51,1.5,estimated
IRL,IE,372,Ireland,EUR,2001,3862987,14,12,17,550,450,660,0.89,0.49,1.4,estimated
IRL,IE,372,Ireland,EUR,2002,3928451,13,11,16,520,420,620,0.79,0.44,1.2,estimated
IRL,IE,372,Ireland,EUR,2003,3992939,14,11,17,560,450,670,0.78,0.43,1.2,estimated
IRL,IE,372,Ireland,EUR,2004,4066070,14,11,16,550,450,670,0.7,0.39,1.1,estimated
IRL,IE,372,Ireland,EUR,2005,4155293,14,11,16,570,460,680,0.62,0.34,0.98,estimated
IRL,IE,372,Ireland,EUR,2006,4268783,14,11,17,590,480,710,0.54,0.3,0.87,estimated
IRL,IE,372,Ireland,EUR,2007,4393512,13,11,16,580,470,700,0.46,0.25,0.73,estimated
IRL,IE,372,Ireland,EUR,2008,4486001,13,10,15,570,460,690,0.43,0.24,0.69,estimated
IRL,IE,372,Ireland,EUR,2009,4533748,12,10,15,560,460,680,0.43,0.23,0.69,estimated
IRL,IE,372,Ireland,EUR,2010,4559082,11,9.1,13,510,410,610,0.4,0.22,0.64,estimated
IRL,IE,372,Ireland,EUR,2011,4579600,11,8.9,13,500,410,610,0.38,0.21,0.61,estimated
IRL,IE,372,Ireland,EUR,2012,4600120,9.5,7.7,11,440,350,530,0.32,0.18,0.52,estimated
IRL,IE,372,Ireland,EUR,2013,4624687,9.7,7.9,12,450,370,540,0.31,0.17,0.49,estimated
IRL,IE,372,Ireland,EUR,2014,4658244,8,6.5,9.6,370,300,450,0.25,0.13,0.4,estimated
IRL,IE,372,Ireland,EUR,2015,4702497,7.7,6.3,9.3,360,300,440,0.24,0.13,0.39,estimated
IRL,IE,372,Ireland,EUR,2016,4753500,7.6,6.2,9.1,360,290,430,0.25,0.13,0.41,estimated
IRL,IE,372,Ireland,EUR,2017,4810255,7.7,6.3,9.3,370,300,450,0.27,0.14,0.43,estimated
IRL,IE,372,Ireland,EUR,2018,4872559,7.4,6,8.9,360,290,440,0.26,0.14,0.43,estimated
IRL,IE,372,Ireland,EUR,2019,4933495,6.2,5,7.4,300,250,370,0.22,0.12,0.36,estimated
IRL,IE,372,Ireland,EUR,2020,4982595,5.6,4.6,6.7,280,230,340,0.2,0.11,0.33,estimated
IRL,IE,372,Ireland,EUR,2021,5028427,5,4.1,6.1,250,210,310,0.18,0.1,0.29,estimated
IRL,IE,372,Ireland,EUR,2022,5110010,4.7,3.8,5.6,240,190,290,0.17,0.09,0.27,estimated
IRL,IE,372,Ireland,EUR,2023,5196629,4.8,3.9,5.8,250,200,300,0.17,0.09,0.28,estimated
IRL,IE,372,Ireland,EUR,2024,5255016,6.2,5,7.4,320,260,390,0.22,0.12,0.36,estimated
IRN,IR,364,Iran (Islamic Republic of),EMR,2000,66418666,43,35,52,29000,23000,34000,0.48,0.06,1.3,estimated
IRN,IR,364,Iran (Islamic Republic of),EMR,2001,67452003,42,34,51,28000,23000,34000,0.51,0.09,1.3,estimated
IRN,IR,364,Iran (Islamic Republic of),EMR,2002,68011319,40,33,49,28000,22000,33000,0.57,0.13,1.3,estimated
IRN,IR,364,Iran (Islamic Republic of),EMR,2003,68769345,38,31,46,26000,21000,31000,0.63,0.17,1.4,estimated
IRN,IR,364,Iran (Islamic Republic of),EMR,2004,70256325,35,28,42,24000,20000,29000,0.67,0.2,1.4,estimated
IRN,IR,364,Iran (Islamic Republic of),EMR,2005,71828453,31,25,37,22000,18000,26000,0.7,0.22,1.5,estimated
IRN,IR,364,Iran (Islamic Republic of),EMR,2006,73392739,30,24,36,22000,18000,26000,0.78,0.25,1.6,estimated
IRN,IR,364,Iran (Islamic Republic of),EMR,2007,74602638,28,23,34,21000,17000,26000,0.82,0.27,1.7,estimated
IRN,IR,364,Iran (Islamic Republic of),EMR,2008,75514207,28,23,34,21000,17000,25000,0.83,0.27,1.7,estimated
IRN,IR,364,Iran (Islamic Republic of),EMR,2009,76457819,29,23,35,22000,18000,27000,0.85,0.28,1.7,estimated
IRN,IR,364,Iran (Islamic Republic of),EMR,2010,77420845,29,23,35,22000,18000,27000,0.82,0.27,1.7,estimated
IRN,IR,364,Iran (Islamic Republic of),EMR,2011,78383591,28,23,34,22000,18000,26000,0.79,0.25,1.6,estimated
IRN,IR,364,Iran (Islamic Republic of),EMR,2012,79370581,26,21,32,21000,17000,25000,0.71,0.22,1.5,estimated
IRN,IR,364,Iran (Islamic Republic of),EMR,2013,80414680,24,20,29,20000,16000,24000,0.61,0.18,1.3,estimated
IRN,IR,364,Iran (Islamic Republic of),EMR,2014,81502041,21,17,25,17000,14000,21000,0.47,0.14,1,estimated
IRN,IR,364,Iran (Islamic Republic of),EMR,2015,82619360,20,16,24,16000,13000,20000,0.39,0.11,0.84,estimated
IRN,IR,364,Iran (Islamic Republic of),EMR,2016,83812228,17,14,20,14000,11000,17000,0.97,0.72,1.3,estimated
IRN,IR,364,Iran (Islamic Republic of),EMR,2017,85026754,16,13,19,13000,11000,16000,0.61,0.45,0.8,estimated
IRN,IR,364,Iran (Islamic Republic of),EMR,2018,86117998,15,12,18,13000,10000,15000,0.51,0.38,0.66,estimated
IRN,IR,364,Iran (Islamic Republic of),EMR,2019,87051651,14,11,16,12000,9600,14000,0.45,0.33,0.58,estimated
IRN,IR,364,Iran (Islamic Republic of),EMR,2020,87723439,13,10,15,11000,9100,14000,0.31,0.23,0.41,estimated
IRN,IR,364,Iran (Islamic Republic of),EMR,2021,88455483,12,9.9,15,11000,8800,13000,0.26,0.19,0.34,estimated
IRN,IR,364,Iran (Islamic Republic of),EMR,2022,89524250,12,9.5,14,10000,8500,13000,0.23,0.17,0.29,estimated
IRN,IR,364,Iran (Islamic Republic of),EMR,2023,90608706,11,9.1,13,10000,8200,12000,0.18,0.14,0.24,estimated
IRN,IR,364,Iran (Islamic Republic of),EMR,2024,91567739,10,8.5,13,9600,7800,12000,0.15,0.11,0.2,estimated
IRQ,IQ,368,Iraq,EMR,2000,24424058,60,48,73,15000,12000,18000,0.01,0,0.02,estimated
IRQ,IQ,368,Iraq,EMR,2001,25197848,63,51,77,16000,13000,19000,0.01,0,0.01,estimated
IRQ,IQ,368,Iraq,EMR,2002,26006556,69,56,84,18000,15000,22000,0.01,0,0.01,estimated
IRQ,IQ,368,Iraq,EMR,2003,26802655,66,53,80,18000,14000,21000,0.01,0,0.01,estimated
IRQ,IQ,368,Iraq,EMR,2004,27577880,58,46,70,16000,13000,19000,0,0,0.01,estimated
IRQ,IQ,368,Iraq,EMR,2005,28407453,50,41,61,14000,12000,17000,0,0,0.01,estimated
IRQ,IQ,368,Iraq,EMR,2006,28616508,43,34,52,12000,9800,15000,0,0,0.01,estimated
IRQ,IQ,368,Iraq,EMR,2007,28391605,42,34,51,12000,9600,14000,0.01,0,0.01,estimated
IRQ,IQ,368,Iraq,EMR,2008,28971038,48,38,58,14000,11000,17000,0.01,0,0.01,estimated
IRQ,IQ,368,Iraq,EMR,2009,30058204,47,38,57,14000,11000,17000,0.01,0,0.03,estimated
IRQ,IQ,368,Iraq,EMR,2010,31045375,47,38,58,15000,12000,18000,0.01,0,0.03,estimated
IRQ,IQ,368,Iraq,EMR,2011,32161417,42,34,51,13000,11000,16000,0.01,0,0.03,estimated
IRQ,IQ,368,Iraq,EMR,2012,33654836,39,31,47,13000,11000,16000,0.01,0,0.03,estimated
IRQ,IQ,368,Iraq,EMR,2013,35281988,37,30,45,13000,10000,16000,0.01,0,0.02,estimated
IRQ,IQ,368,Iraq,EMR,2014,36550059,34,28,42,13000,10000,15000,0.01,0,0.02,estimated
IRQ,IQ,368,Iraq,EMR,2015,37560533,33,27,40,12000,10000,15000,0.01,0,0.02,estimated
IRQ,IQ,368,Iraq,EMR,2016,38469630,29,23,35,11000,8800,13000,0.01,0,0.02,estimated
IRQ,IQ,368,Iraq,EMR,2017,39337361,29,24,36,12000,9300,14000,0.01,0,0.02,estimated
IRQ,IQ,368,Iraq,EMR,2018,40265625,27,22,32,11000,8700,13000,0,0,0,estimated
IRQ,IQ,368,Iraq,EMR,2019,41192170,24,20,30,10000,8100,12000,0.01,0,0.02,estimated
IRQ,IQ,368,Iraq,EMR,2020,42116599,18,14,22,7600,6100,9200,0.01,0,0.02,estimated
IRQ,IQ,368,Iraq,EMR,2021,43071206,20,16,25,8800,7100,11000,0.01,0,0.02,estimated
IRQ,IQ,368,Iraq,EMR,2022,44070549,23,18,28,10000,8100,12000,0,0,0.02,estimated
IRQ,IQ,368,Iraq,EMR,2023,45074055,23,19,28,11000,8500,13000,0,0,0,estimated
IRQ,IQ,368,Iraq,EMR,2024,46042013,21,17,26,9800,7900,12000,0,0,0,estimated
ISL,IS,352,Iceland,EUR,2000,281279,4.6,3.8,5.6,13,11,16,,,,estimated
ISL,IS,352,Iceland,EUR,2001,285048,4.2,3.4,5.1,12,10,14,,,,estimated
ISL,IS,352,Iceland,EUR,2002,287604,2.8,2.3,3.4,8,7,10,,,,estimated
ISL,IS,352,Iceland,EUR,2003,289612,1.7,1.4,2.1,5,4,6,,,,estimated
ISL,IS,352,Iceland,EUR,2004,292168,3.8,3.1,4.5,11,9,13,,,,estimated
ISL,IS,352,Iceland,EUR,2005,296830,3.4,2.7,4.1,10,8,12,,,,estimated
ISL,IS,352,Iceland,EUR,2006,303876,4.3,3.5,5.2,13,11,16,,,,estimated
ISL,IS,352,Iceland,EUR,2007,311646,3.9,3.1,4.6,12,10,14,,,,estimated
ISL,IS,352,Iceland,EUR,2008,317518,1.9,1.5,2.3,6,5,7,,,,estimated
ISL,IS,352,Iceland,EUR,2009,318607,2.8,2.3,3.4,9,7,11,,,,estimated
ISL,IS,352,Iceland,EUR,2010,318158,6.9,5.6,8.3,22,18,27,,,,estimated
ISL,IS,352,Iceland,EUR,2011,319147,2.5,2,3,8,7,10,,,,estimated
ISL,IS,352,Iceland,EUR,2012,320835,3.1,2.5,3.8,10,8,12,,,,estimated
ISL,IS,352,Iceland,EUR,2013,323893,3.4,2.8,4.1,11,9,13,,,,estimated
ISL,IS,352,Iceland,EUR,2014,327507,2.4,2,2.9,8,7,10,,,,estimated
ISL,IS,352,Iceland,EUR,2015,330948,2.1,1.7,2.5,7,6,8,,,,estimated
ISL,IS,352,Iceland,EUR,2016,335580,1.8,1.5,2.2,6,5,7,,,,estimated
ISL,IS,352,Iceland,EUR,2017,343527,3.8,3.1,4.6,13,11,16,,,,estimated
ISL,IS,352,Iceland,EUR,2018,352849,2.3,1.8,2.7,8,7,10,,,,estimated
ISL,IS,352,Iceland,EUR,2019,360713,3.6,2.9,4.3,13,11,16,,,,estimated
ISL,IS,352,Iceland,EUR,2020,366615,3.3,2.7,3.9,12,10,14,,,,estimated
ISL,IS,352,Iceland,EUR,2021,372640,1.9,1.5,2.3,7,6,8,,,,estimated
ISL,IS,352,Iceland,EUR,2022,380355,4.2,3.4,5.1,16,13,19,,,,estimated
ISL,IS,352,Iceland,EUR,2023,387551,3.6,2.9,4.4,14,11,17,,,,estimated
ISL,IS,352,Iceland,EUR,2024,393395,3,2.5,3.6,12,10,14,,,,estimated
ISR,IL,376,Israel,EUR,2000,6111188,13,10,15,770,630,930,0.77,0.5,1.1,estimated
ISR,IL,376,Israel,EUR,2001,6259977,12,9.4,14,720,590,870,0.72,0.46,1,estimated
ISR,IL,376,Israel,EUR,2002,6387724,10,8.2,12,650,530,780,0.64,0.4,0.93,estimated
ISR,IL,376,Israel,EUR,2003,6502816,9.9,8.1,12,650,530,780,0.92,0.62,1.3,estimated
ISR,IL,376,Israel,EUR,2004,6615083,9.3,7.6,11,620,500,740,0.29,0.15,0.48,estimated
ISR,IL,376,Israel,EUR,2005,6728206,7.3,6,8.9,490,400,600,0.4,0.22,0.61,estimated
ISR,IL,376,Israel,EUR,2006,6844040,6.6,5.3,7.9,450,370,540,0.27,0.14,0.45,estimated
ISR,IL,376,Israel,EUR,2007,6962455,7.4,6.1,9,520,420,620,0.3,0.16,0.49,estimated
ISR,IL,376,Israel,EUR,2008,7082623,5.9,4.8,7.1,420,340,500,0.25,0.12,0.42,estimated
ISR,IL,376,Israel,EUR,2009,7206104,6.2,5,7.5,450,360,540,0.47,0.29,0.7,estimated
ISR,IL,376,Israel,EUR,2010,7336732,5.9,4.8,7.1,430,350,520,0.22,0.17,0.29,estimated
ISR,IL,376,Israel,EUR,2011,7471012,7,5.7,8.4,520,420,630,0.43,0.26,0.65,estimated
ISR,IL,376,Israel,EUR,2012,7607783,8.3,6.8,10,630,520,760,0.26,0.14,0.43,estimated
ISR,IL,376,Israel,EUR,2013,7749381,4.9,4,5.9,380,310,460,0.23,0.12,0.38,estimated
ISR,IL,376,Israel,EUR,2014,7897179,5.6,4.6,6.8,440,360,540,0.38,0.23,0.57,estimated
ISR,IL,376,Israel,EUR,2015,8052910,4.3,3.5,5.2,350,280,420,0.21,0.11,0.36,estimated
ISR,IL,376,Israel,EUR,2016,8210007,3.7,3,4.4,300,250,360,0.27,0.15,0.42,estimated
ISR,IL,376,Israel,EUR,2017,8361801,3.4,2.7,4,280,230,340,0.17,0.08,0.3,estimated
ISR,IL,376,Israel,EUR,2018,8510061,4.1,3.3,4.9,350,280,420,0.17,0.08,0.29,estimated
ISR,IL,376,Israel,EUR,2019,8657474,2.9,2.4,3.5,250,210,310,0.11,0.04,0.21,estimated
ISR,IL,376,Israel,EUR,2020,8800377,2.1,1.7,2.5,180,150,220,0.2,0.1,0.32,estimated
ISR,IL,376,Israel,EUR,2021,8942923,2.8,2.2,3.3,250,200,300,0.21,0.11,0.33,estimated
ISR,IL,376,Israel,EUR,2022,9103159,2.7,2.2,3.2,240,200,290,0.09,0.03,0.18,estimated
ISR,IL,376,Israel,EUR,2023,9256311,2.8,2.3,3.4,260,210,310,0.12,0.05,0.22,estimated
ISR,IL,376,Israel,EUR,2024,9387024,2.4,2,2.9,230,190,280,0.11,0.05,0.21,estimated
ITA,IT,380,Italy,EUR,2000,57272194,9.1,7.4,11,5200,4300,6300,1.3,0.77,2,estimated
ITA,IT,380,Italy,EUR,2001,57305753,11,8.9,13,6300,5100,7500,1.5,0.87,2.3,estimated
ITA,IT,380,Italy,EUR,2002,57420629,9.7,7.9,12,5600,4600,6700,1.3,0.72,1.9,estimated
ITA,IT,380,Italy,EUR,2003,57739701,11,8.6,13,6100,4900,7300,1.2,0.71,1.9,estimated
ITA,IT,380,Italy,EUR,2004,58176741,9.3,7.6,11,5400,4400,6500,0.99,0.56,1.5,estimated
ITA,IT,380,Italy,EUR,2005,58519684,8.8,7.1,11,5100,4200,6200,0.81,0.46,1.3,estimated
ITA,IT,380,Italy,EUR,2006,58754431,9.3,7.6,11,5500,4400,6600,0.73,0.41,1.1,estimated
ITA,IT,380,Italy,EUR,2007,59108722,6.1,4.9,7.3,3600,2900,4300,0.41,0.23,0.65,estimated
ITA,IT,380,Italy,EUR,2008,59561684,8.9,7.3,11,5300,4300,6400,0.58,0.32,0.91,estimated
ITA,IT,380,Italy,EUR,2009,59904009,8.7,7.1,10,5200,4200,6300,0.56,0.31,0.88,estimated
ITA,IT,380,Italy,EUR,2010,60164220,9.5,7.7,11,5700,4700,6900,0.61,0.34,0.96,estimated
ITA,IT,380,Italy,EUR,2011,60367883,7.1,5.8,8.5,4300,3500,5200,0.44,0.24,0.69,estimated
ITA,IT,380,Italy,EUR,2012,60531519,6.3,5.2,7.6,3800,3100,4600,0.37,0.2,0.58,estimated
ITA,IT,380,Italy,EUR,2013,60653862,6.1,5,7.4,3700,3000,4500,0.32,0.18,0.51,estimated
ITA,IT,380,Italy,EUR,2014,60664178,6.7,5.5,8.1,4100,3300,4900,0.34,0.19,0.54,estimated
ITA,IT,380,Italy,EUR,2015,60575321,6.9,5.6,8.3,4200,3400,5100,0.34,0.19,0.54,estimated
ITA,IT,380,Italy,EUR,2016,60478115,7.5,6.1,9,4500,3700,5400,0.38,0.21,0.6,estimated
ITA,IT,380,Italy,EUR,2017,60390306,7.5,6.1,9.1,4500,3700,5500,0.39,0.21,0.62,estimated
ITA,IT,380,Italy,EUR,2018,60277493,7.4,6,8.9,4400,3600,5400,0.39,0.21,0.61,estimated
ITA,IT,380,Italy,EUR,2019,60130141,6.2,5,7.5,3700,3000,4500,0.32,0.18,0.51,estimated
ITA,IT,380,Italy,EUR,2020,59912772,4.2,3.4,5.1,2500,2100,3100,0.22,0.12,0.35,estimated
ITA,IT,380,Italy,EUR,2021,59729355,4.7,3.8,5.7,2800,2300,3400,0.24,0.13,0.39,estimated
ITA,IT,380,Italy,EUR,2022,59619113,4.5,3.7,5.5,2700,2200,3300,0.24,0.13,0.37,estimated
ITA,IT,380,Italy,EUR,2023,59499452,5.4,4.4,6.5,3200,2600,3800,0.28,0.15,0.44,estimated
ITA,IT,380,Italy,EUR,2024,59342869,5,4.1,6,3000,2400,3600,0.26,0.14,0.41,estimated
JAM,JM,388,Jamaica,AMR,2000,2607832,12,9.9,15,320,260,380,3.5,1.6,6.1,estimated
JAM,JM,388,Jamaica,AMR,2001,2624410,11,8.8,13,280,230,340,2.7,1.2,4.8,estimated
JAM,JM,388,Jamaica,AMR,2002,2640571,8.9,7.2,11,240,190,280,2,0.86,3.6,estimated
JAM,JM,388,Jamaica,AMR,2003,2656621,9.5,7.7,11,250,200,300,3.8,2.7,5,estimated
JAM,JM,388,Jamaica,AMR,2004,2672224,8.7,7,10,230,190,280,2.3,1.5,3.3,estimated
JAM,JM,388,Jamaica,AMR,2005,2687071,6.4,5.2,7.7,170,140,210,2.3,1.5,3.1,estimated
JAM,JM,388,Jamaica,AMR,2006,2700970,6.4,5.2,7.8,170,140,210,2,1.3,2.8,estimated
JAM,JM,388,Jamaica,AMR,2007,2713799,6.8,5.5,8.2,180,150,220,1.5,0.93,2.2,estimated
JAM,JM,388,Jamaica,AMR,2008,2725628,6.6,5.4,7.9,180,150,220,1.2,0.72,1.9,estimated
JAM,JM,388,Jamaica,AMR,2009,2736994,8.4,6.8,10,230,190,280,2.5,1.8,3.4,estimated
JAM,JM,388,Jamaica,AMR,2010,2748573,7.6,6.2,9.2,210,170,250,1.8,1.2,2.5,estimated
JAM,JM,388,Jamaica,AMR,2011,2760496,5.9,4.8,7.2,160,130,200,1.1,0.65,1.7,estimated
JAM,JM,388,Jamaica,AMR,2012,2772426,5,4.1,6,140,110,170,1.1,0.7,1.7,estimated
JAM,JM,388,Jamaica,AMR,2013,2783686,5.1,4.1,6.1,140,120,170,0.86,0.48,1.3,estimated
JAM,JM,388,Jamaica,AMR,2014,2793756,4.4,3.6,5.3,120,100,150,1.1,0.65,1.6,estimated
JAM,JM,388,Jamaica,AMR,2015,2802532,5.2,4.2,6.2,140,120,170,1.2,0.73,1.7,estimated
JAM,JM,388,Jamaica,AMR,2016,2809919,5.1,4.1,6.1,140,120,170,1,0.41,1.8,estimated
JAM,JM,388,Jamaica,AMR,2017,2815761,5.9,4.8,7.1,170,130,200,1.2,0.73,1.7,estimated
JAM,JM,388,Jamaica,AMR,2018,2820098,3.9,3.2,4.7,110,90,130,0.6,0.3,1,estimated
JAM,JM,388,Jamaica,AMR,2019,2823267,3.5,2.9,4.3,100,81,120,0.5,0.23,0.86,estimated
JAM,JM,388,Jamaica,AMR,2020,2830733,2.9,2.3,3.5,82,66,98,0.4,0.19,0.7,estimated
JAM,JM,388,Jamaica,AMR,2021,2837683,2.7,2.2,3.3,77,62,92,0.42,0.19,0.76,estimated
JAM,JM,388,Jamaica,AMR,2022,2839144,3.9,3.2,4.7,110,91,130,0.68,0.36,1.1,estimated
JAM,JM,388,Jamaica,AMR,2023,2839791,4.3,3.5,5.1,120,98,150,0.73,0.39,1.2,estimated
JAM,JM,388,Jamaica,AMR,2024,2839171,2.3,1.8,2.7,64,52,78,0.37,0.15,0.68,estimated
JOR,JO,400,Jordan,EMR,2000,5386946,9.5,7.7,11,510,420,620,0.01,0.01,0.03,estimated
JOR,JO,400,Jordan,EMR,2001,5498879,10,8.3,12,560,460,680,0.01,0,0.03,estimated
JOR,JO,400,Jordan,EMR,2002,5616076,9,7.3,11,500,410,610,0.01,0,0.02,estimated
JOR,JO,400,Jordan,EMR,2003,5741830,8.9,7.2,11,510,410,610,0.01,0,0.02,estimated
JOR,JO,400,Jordan,EMR,2004,5882058,8.6,7,10,510,410,610,0.01,0,0.02,estimated
JOR,JO,400,Jordan,EMR,2005,6029587,9.4,7.6,11,570,460,680,0.01,0,0.03,estimated
JOR,JO,400,Jordan,EMR,2006,6427358,8.9,7.3,11,570,470,690,0.01,0,0.03,estimated
JOR,JO,400,Jordan,EMR,2007,6827223,7.4,6,8.9,510,410,610,0.01,0,0.03,estimated
JOR,JO,400,Jordan,EMR,2008,6989865,7.6,6.2,9.1,530,430,640,0,0,0,estimated
JOR,JO,400,Jordan,EMR,2009,7141760,7.6,6.2,9.2,540,440,660,0,0,0,estimated
JOR,JO,400,Jordan,EMR,2010,7297045,6.7,5.5,8.1,490,400,590,0,0,0,estimated
JOR,JO,400,Jordan,EMR,2011,7480423,6.4,5.2,7.7,480,390,570,0.02,0,0.1,estimated
JOR,JO,400,Jordan,EMR,2012,7587132,6.4,5.2,7.7,480,390,580,0,0,0,estimated
JOR,JO,400,Jordan,EMR,2013,7991808,6.4,5.2,7.7,510,410,610,0,0,0,estimated
JOR,JO,400,Jordan,EMR,2014,8791705,6.4,5.2,7.7,560,460,680,0,0,0,estimated
JOR,JO,400,Jordan,EMR,2015,9544732,6.5,5.3,7.8,620,510,750,0,0,0,estimated
JOR,JO,400,Jordan,EMR,2016,10006364,6.1,4.9,7.3,610,490,730,0.01,0,0.07,estimated
JOR,JO,400,Jordan,EMR,2017,10234228,7.5,6.1,9,770,620,920,0,0,0,estimated
JOR,JO,400,Jordan,EMR,2018,10462313,5.6,4.6,6.8,590,480,710,0.05,0.01,0.12,estimated
JOR,JO,400,Jordan,EMR,2019,10671894,6.3,5.1,7.6,670,550,810,0,0,0,estimated
JOR,JO,400,Jordan,EMR,2020,10865234,5.3,4.3,6.4,580,470,700,0,0,0,estimated
JOR,JO,400,Jordan,EMR,2021,11066352,4.8,3.9,5.8,530,430,640,0,0,0,estimated
JOR,JO,400,Jordan,EMR,2022,11256258,4.2,3.4,5.1,480,390,570,0.06,0.01,0.15,estimated
JOR,JO,400,Jordan,EMR,2023,11439215,3.3,2.7,3.9,370,300,450,0,0,0,estimated
JOR,JO,400,Jordan,EMR,2024,11552878,3.5,2.8,4.2,400,330,490,0.02,0,0.07,estimated
JPN,JP,392,Japan,WPR,2000,127027790,47,38,57,60000,49000,72000,0.53,0.18,1.1,estimated
JPN,JP,392,Japan,WPR,2001,127260142,41,34,50,53000,43000,63000,0.46,0.16,0.92,estimated
JPN,JP,392,Japan,WPR,2002,127484608,37,30,45,48000,39000,57000,0.4,0.14,0.79,estimated
JPN,JP,392,Japan,WPR,2003,127671253,35,29,42,45000,37000,54000,0.35,0.12,0.7,estimated
JPN,JP,392,Japan,WPR,2004,127815777,32,26,39,41000,34000,50000,0.3,0.1,0.59,estimated
JPN,JP,392,Japan,WPR,2005,127913327,29,24,35,37000,30000,45000,0.23,0.08,0.46,estimated
JPN,JP,392,Japan,WPR,2006,127997251,27,22,32,34000,28000,41000,0.18,0.06,0.37,estimated
JPN,JP,392,Japan,WPR,2007,128087678,26,21,31,33000,27000,39000,0.09,0.07,0.12,estimated
JPN,JP,392,Japan,WPR,2008,128155995,25,20,30,31000,26000,38000,0.12,0.09,0.16,estimated
JPN,JP,392,Japan,WPR,2009,128192471,24,19,28,30000,25000,36000,0.14,0.05,0.28,estimated
JPN,JP,392,Japan,WPR,2010,128185274,22,18,27,29000,23000,34000,0.13,0.05,0.27,estimated
JPN,JP,392,Japan,WPR,2011,128096433,22,18,26,28000,22000,33000,0.12,0.04,0.25,estimated
JPN,JP,392,Japan,WPR,2012,127928285,20,16,24,26000,21000,31000,0.11,0.04,0.22,estimated
JPN,JP,392,Japan,WPR,2013,127723661,20,16,24,25000,20000,30000,0.1,0.03,0.2,estimated
JPN,JP,392,Japan,WPR,2014,127486602,19,15,23,24000,19000,29000,0.09,0.03,0.18,estimated
JPN,JP,392,Japan,WPR,2015,127275877,17,14,21,22000,18000,27000,0.08,0.03,0.17,estimated
JPN,JP,392,Japan,WPR,2016,127159959,17,14,20,21000,17000,26000,0.08,0.03,0.17,estimated
JPN,JP,392,Japan,WPR,2017,127064686,16,13,19,20000,16000,24000,0.08,0.03,0.17,estimated
JPN,JP,392,Japan,WPR,2018,126913436,15,12,18,19000,15000,23000,0.08,0.03,0.16,estimated
JPN,JP,392,Japan,WPR,2019,126699424,14,11,17,17000,14000,21000,0.07,0.03,0.15,estimated
JPN,JP,392,Japan,WPR,2020,126304549,12,9.9,15,15000,12000,18000,0.06,0.02,0.13,estimated
JPN,JP,392,Japan,WPR,2021,125679338,11,9,13,14000,11000,17000,0.06,0.02,0.12,estimated
JPN,JP,392,Japan,WPR,2022,124997581,9.9,8,12,12000,10000,15000,0.05,0.02,0.1,estimated
JPN,JP,392,Japan,WPR,2023,124370948,9.8,8,12,12000,9900,15000,0.05,0.02,0.1,estimated
JPN,JP,392,Japan,WPR,2024,123753041,9.8,8,12,12000,9800,15000,0.05,0.02,0.1,estimated
KAZ,KZ,398,Kazakhstan,EUR,2000,15501105,168,137,203,26000,21000,31000,2.5,0.78,5.1,estimated
KAZ,KZ,398,Kazakhstan,EUR,2001,15575558,170,138,205,26000,22000,32000,2.3,0.72,4.8,estimated
KAZ,KZ,398,Kazakhstan,EUR,2002,15656679,178,145,214,28000,23000,34000,2.3,0.74,4.9,estimated
KAZ,KZ,398,Kazakhstan,EUR,2003,15747383,225,183,272,35000,29000,43000,3.1,0.97,6.4,estimated
KAZ,KZ,398,Kazakhstan,EUR,2004,15850161,181,147,218,29000,23000,35000,2.7,0.85,5.6,estimated
KAZ,KZ,398,Kazakhstan,EUR,2005,15968119,181,147,218,29000,24000,35000,1.1,0.79,1.4,estimated
KAZ,KZ,398,Kazakhstan,EUR,2006,16103719,167,136,201,27000,22000,32000,0.9,0.67,1.2,estimated
KAZ,KZ,398,Kazakhstan,EUR,2007,16257218,166,135,200,27000,22000,33000,1.4,1.1,1.9,estimated
KAZ,KZ,398,Kazakhstan,EUR,2008,16426526,142,116,171,23000,19000,28000,1.2,0.89,1.6,estimated
KAZ,KZ,398,Kazakhstan,EUR,2009,16619853,151,123,182,25000,20000,30000,1.5,1.1,2,estimated
KAZ,KZ,398,Kazakhstan,EUR,2010,16836812,140,114,169,24000,19000,28000,2,1.5,2.5,estimated
KAZ,KZ,398,Kazakhstan,EUR,2011,17066005,148,121,179,25000,21000,31000,2.3,1.7,3,estimated
KAZ,KZ,398,Kazakhstan,EUR,2012,17306109,105,86,127,18000,15000,22000,2.2,1.6,2.8,estimated
KAZ,KZ,398,Kazakhstan,EUR,2013,17556507,109,89,131,19000,16000,23000,2.8,2.1,3.6,estimated
KAZ,KZ,398,Kazakhstan,EUR,2014,17816291,86,70,104,15000,13000,19000,3.5,2.6,4.5,estimated
KAZ,KZ,398,Kazakhstan,EUR,2015,18084172,78,64,94,14000,12000,17000,2.1,1.6,2.8,estimated
KAZ,KZ,398,Kazakhstan,EUR,2016,18363593,68,55,82,12000,10000,15000,3.7,2.7,4.8,estimated
KAZ,KZ,398,Kazakhstan,EUR,2017,18651927,67,55,81,13000,10000,15000,2.7,2,3.5,estimated
KAZ,KZ,398,Kazakhstan,EUR,2018,18932718,68,56,83,13000,11000,16000,4,3,5.2,estimated
KAZ,KZ,398,Kazakhstan,EUR,2019,19209557,66,53,79,13000,10000,15000,3.5,2.6,4.6,estimated
KAZ,KZ,398,Kazakhstan,EUR,2020,19482107,62,50,74,12000,9800,14000,4,3,5.2,estimated
KAZ,KZ,398,Kazakhstan,EUR,2021,19743602,57,47,69,11000,9200,14000,3.7,2.8,4.8,estimated
KAZ,KZ,398,Kazakhstan,EUR,2022,20034598,53,43,64,11000,8700,13000,3.5,2.6,4.5,estimated
KAZ,KZ,398,Kazakhstan,EUR,2023,20330099,49,40,59,10000,8100,12000,3,2.2,3.9,estimated
KAZ,KZ,398,Kazakhstan,EUR,2024,20592573,45,36,54,9200,7500,11000,2.6,1.9,3.3,estimated
KEN,KE,404,Kenya,AFR,2000,30642887,451,182,839,138000,56000,257000,309,116,597,estimated
KEN,KE,404,Kenya,AFR,2001,31619181,499,178,982,158000,56000,310000,310,100,637,estimated
KEN,KE,404,Kenya,AFR,2002,32629818,534,174,1090,174000,57000,356000,306,87,657,estimated
KEN,KE,404,Kenya,AFR,2003,33652217,610,161,1350,205000,54000,455000,329,74,770,estimated
KEN,KE,404,Kenya,AFR,2004,34713455,634,155,1440,220000,54000,500000,329,68,792,estimated
KEN,KE,404,Kenya,AFR,2005,35796484,630,156,1420,225000,56000,510000,325,67,780,estimated
KEN,KE,404,Kenya,AFR,2006,36904012,646,153,1490,239000,56000,549000,337,76,786,estimated
KEN,KE,404,Kenya,AFR,2007,38036346,618,159,1380,235000,60000,525000,296,73,671,estimated
KEN,KE,404,Kenya,AFR,2008,39206352,564,169,1190,221000,66000,467000,254,73,545,estimated
KEN,KE,404,Kenya,AFR,2009,40408892,566,169,1200,229000,68000,484000,249,71,535,estimated
KEN,KE,404,Kenya,AFR,2010,41598564,531,174,1080,221000,73000,449000,218,69,451,estimated
KEN,KE,404,Kenya,AFR,2011,42758459,506,177,1000,217000,76000,429000,199,67,402,estimated
KEN,KE,404,Kenya,AFR,2012,43888296,471,181,897,207000,79000,394000,179,66,348,estimated
KEN,KE,404,Kenya,AFR,2013,44986784,443,182,816,199000,82000,367000,166,65,313,estimated
KEN,KE,404,Kenya,AFR,2014,46051444,423,183,761,195000,84000,351000,150,62,277,estimated
KEN,KE,404,Kenya,AFR,2015,47088531,380,182,651,179000,86000,307000,126,58,222,estimated
KEN,KE,404,Kenya,AFR,2016,48139684,348,179,573,168000,86000,276000,109,53,184,estimated
KEN,KE,404,Kenya,AFR,2017,49197766,319,175,505,157000,86000,248000,91,48,149,estimated
KEN,KE,404,Kenya,AFR,2018,50207108,292,170,446,146000,85000,224000,79,43,124,estimated
KEN,KE,404,Kenya,AFR,2019,51202835,267,163,396,137000,84000,203000,70,40,107,estimated
KEN,KE,404,Kenya,AFR,2020,52217341,248,150,377,129000,79000,197000,62,38,89,estimated
KEN,KE,404,Kenya,AFR,2021,53219163,247,145,377,132000,77000,201000,60,34,88,estimated
KEN,KE,404,Kenya,AFR,2022,54252466,238,136,375,129000,74000,204000,54,31,80,estimated
KEN,KE,404,Kenya,AFR,2023,55339007,214,118,344,119000,65000,190000,46,25,68,estimated
KEN,KE,404,Kenya,AFR,2024,56432943,207,109,339,117000,61000,191000,44,22,69,estimated
KGZ,KG,417,Kyrgyzstan,EUR,2000,5025135,291,236,350,15000,12000,18000,0.12,0,0.66,estimated
KGZ,KG,417,Kyrgyzstan,EUR,2001,5071948,303,246,365,15000,12000,18000,0.26,0.01,0.89,estimated
KGZ,KG,417,Kyrgyzstan,EUR,2002,5116256,322,262,388,16000,13000,20000,0.6,0.11,1.5,estimated
KGZ,KG,417,Kyrgyzstan,EUR,2003,5159415,299,244,361,15000,13000,19000,0.99,0.27,2.2,estimated
KGZ,KG,417,Kyrgyzstan,EUR,2004,5203041,273,222,330,14000,12000,17000,1.4,0.45,2.9,estimated
KGZ,KG,417,Kyrgyzstan,EUR,2005,5246335,258,210,311,14000,11000,16000,1.9,0.67,3.9,estimated
KGZ,KG,417,Kyrgyzstan,EUR,2006,5282459,243,197,292,13000,10000,15000,2.5,0.88,5,estimated
KGZ,KG,417,Kyrgyzstan,EUR,2007,5313370,232,188,279,12000,10000,15000,3.1,1.1,6.1,estimated
KGZ,KG,417,Kyrgyzstan,EUR,2008,5342521,249,203,300,13000,11000,16000,4.5,3.3,5.8,estimated
KGZ,KG,417,Kyrgyzstan,EUR,2009,5398011,210,171,253,11000,9200,14000,2.9,2.1,3.8,estimated
KGZ,KG,417,Kyrgyzstan,EUR,2010,5491757,192,156,231,11000,8600,13000,4.1,1.5,8.1,estimated
KGZ,KG,417,Kyrgyzstan,EUR,2011,5594537,191,155,230,11000,8700,13000,4.4,3.2,5.7,estimated
KGZ,KG,417,Kyrgyzstan,EUR,2012,5696525,186,151,224,11000,8600,13000,4.1,3,5.3,estimated
KGZ,KG,417,Kyrgyzstan,EUR,2013,5797291,200,163,241,12000,9400,14000,5.3,1.9,10,estimated
KGZ,KG,417,Kyrgyzstan,EUR,2014,5898329,171,139,206,10000,8200,12000,5.3,4,6.9,estimated
KGZ,KG,417,Kyrgyzstan,EUR,2015,6001884,178,144,214,11000,8700,13000,5.4,4,7,estimated
KGZ,KG,417,Kyrgyzstan,EUR,2016,6108466,170,139,205,10000,8500,13000,5.7,4.2,7.4,estimated
KGZ,KG,417,Kyrgyzstan,EUR,2017,6220152,156,127,188,9700,7900,12000,5.6,4.2,7.3,estimated
KGZ,KG,417,Kyrgyzstan,EUR,2018,6341724,144,117,174,9200,7400,11000,4.7,3.5,6.1,estimated
KGZ,KG,417,Kyrgyzstan,EUR,2019,6494039,136,111,164,8800,7200,11000,3.1,2.3,4,estimated
KGZ,KG,417,Kyrgyzstan,EUR,2020,6664144,131,106,159,8700,7000,11000,4.3,3.2,5.6,estimated
KGZ,KG,417,Kyrgyzstan,EUR,2021,6820484,132,104,161,9000,7100,11000,3.8,2.8,5,estimated
KGZ,KG,417,Kyrgyzstan,EUR,2022,6955793,133,104,164,9200,7200,11000,3.8,2.7,5,estimated
KGZ,KG,417,Kyrgyzstan,EUR,2023,7073516,131,102,163,9300,7200,11000,4.6,3.3,6.1,estimated
KGZ,KG,417,Kyrgyzstan,EUR,2024,7186014,128,99,159,9200,7100,11000,4.5,3.2,6,estimated
KHM,KH,116,Cambodia,WPR,2000,12462329,853,605,1170,106000,75000,146000,97,63,138,estimated
KHM,KH,116,Cambodia,WPR,2001,12658493,815,577,1120,103000,73000,141000,89,58,127,estimated
KHM,KH,116,Cambodia,WPR,2002,12855242,773,548,1060,99000,70000,136000,81,53,115,estimated
KHM,KH,116,Cambodia,WPR,2003,13050951,728,518,993,95000,68000,130000,72,47,102,estimated
KHM,KH,116,Cambodia,WPR,2004,13244730,683,485,928,90000,64000,123000,63,42,90,estimated
KHM,KH,116,Cambodia,WPR,2005,13439202,640,455,866,86000,61000,116000,56,37,79,estimated
KHM,KH,116,Cambodia,WPR,2006,13639030,593,426,805,81000,58000,110000,50,33,70,estimated
KHM,KH,116,Cambodia,WPR,2007,13841776,549,400,745,76000,55000,103000,45,30,63,estimated
KHM,KH,116,Cambodia,WPR,2008,14053479,509,375,689,72000,53000,97000,42,27,61,estimated
KHM,KH,116,Cambodia,WPR,2009,14276813,473,349,640,68000,50000,91000,36,24,50,estimated
KHM,KH,116,Cambodia,WPR,2010,14500733,442,326,597,64000,47000,87000,28,19,39,estimated
KHM,KH,116,Cambodia,WPR,2011,14722592,416,307,561,61000,45000,83000,21,14,30,estimated
KHM,KH,116,Cambodia,WPR,2012,14945080,393,290,530,59000,43000,79000,17,12,24,estimated
KHM,KH,116,Cambodia,WPR,2013,15170201,373,276,501,57000,42000,76000,14,9.7,20,estimated
KHM,KH,116,Cambodia,WPR,2014,15396774,355,264,478,55000,41000,74000,9.5,6.4,13,estimated
KHM,KH,116,Cambodia,WPR,2015,15623257,339,253,456,53000,39000,71000,8.5,5.7,12,estimated
KHM,KH,116,Cambodia,WPR,2016,15852819,326,243,437,52000,38000,69000,8.2,5.5,11,estimated
KHM,KH,116,Cambodia,WPR,2017,16073368,313,234,421,50000,38000,68000,7.9,5.3,11,estimated
KHM,KH,116,Cambodia,WPR,2018,16274532,303,227,406,49000,37000,66000,6.5,4.4,9,estimated
KHM,KH,116,Cambodia,WPR,2019,16481306,293,221,394,48000,36000,65000,7.8,5.3,11,estimated
KHM,KH,116,Cambodia,WPR,2020,16725472,285,215,383,48000,36000,64000,7.1,4.8,9.8,estimated
KHM,KH,116,Cambodia,WPR,2021,16974300,279,210,374,47000,36000,63000,4.8,3.2,6.6,estimated
KHM,KH,116,Cambodia,WPR,2022,17201724,277,209,374,48000,36000,64000,3.1,2.1,4.3,estimated
KHM,KH,116,Cambodia,WPR,2023,17423885,276,208,370,48000,36000,65000,3.5,2.4,4.9,estimated
KHM,KH,116,Cambodia,WPR,2024,17638793,272,205,365,48000,36000,64000,3.4,2.3,4.7,estimated
KIR,KI,296,Kiribati,WPR,2000,88613,1280,1040,1540,1100,920,1400,13,9.5,17,estimated
KIR,KI,296,Kiribati,WPR,2001,90334,908,738,1090,820,670,990,9.1,6.7,12,estimated
KIR,KI,296,Kiribati,WPR,2002,92261,888,723,1070,820,670,990,8.9,6.6,12,estimated
KIR,KI,296,Kiribati,WPR,2003,94181,1220,990,1470,1100,930,1400,12,9,16,estimated
KIR,KI,296,Kiribati,WPR,2004,96092,1260,1020,1520,1200,980,1500,13,9.3,16,estimated
KIR,KI,296,Kiribati,WPR,2005,98039,1280,1040,1540,1300,1000,1500,13,9.4,17,estimated
KIR,KI,296,Kiribati,WPR,2006,100022,1320,1070,1590,1300,1100,1600,13,9.7,17,estimated
KIR,KI,296,Kiribati,WPR,2007,102065,1060,863,1280,1100,880,1300,11,7.8,14,estimated
KIR,KI,296,Kiribati,WPR,2008,104224,974,792,1170,1000,830,1200,9.7,7.2,13,estimated
KIR,KI,296,Kiribati,WPR,2009,106472,742,604,894,790,640,950,7.4,5.5,9.6,estimated
KIR,KI,296,Kiribati,WPR,2010,108701,704,573,849,770,620,920,4.8,3.6,6.2,estimated
KIR,KI,296,Kiribati,WPR,2011,110647,809,658,975,890,730,1100,0,0,0,estimated
KIR,KI,296,Kiribati,WPR,2012,112289,784,638,945,880,720,1100,0,0,0,estimated
KIR,KI,296,Kiribati,WPR,2013,113850,888,722,1070,1000,820,1200,0,0,0,estimated
KIR,KI,296,Kiribati,WPR,2014,115327,870,708,1050,1000,820,1200,0,0,0,estimated
KIR,KI,296,Kiribati,WPR,2015,116812,1010,818,1210,1200,960,1400,0,0,0,estimated
KIR,KI,296,Kiribati,WPR,2016,118473,1010,820,1210,1200,970,1400,0,0,0,estimated
KIR,KI,296,Kiribati,WPR,2017,120273,718,584,865,860,700,1000,0,0,0,estimated
KIR,KI,296,Kiribati,WPR,2018,122075,582,474,702,710,580,860,0,0,0,estimated
KIR,KI,296,Kiribati,WPR,2019,123925,715,582,862,890,720,1100,0,0,0,estimated
KIR,KI,296,Kiribati,WPR,2020,126095,655,533,789,830,670,1000,0,0,0,estimated
KIR,KI,296,Kiribati,WPR,2021,128371,547,445,660,700,570,850,2.5,0.02,11,estimated
KIR,KI,296,Kiribati,WPR,2022,130460,588,478,708,770,620,920,2.7,0.02,11,estimated
KIR,KI,296,Kiribati,WPR,2023,132526,908,739,1090,1200,980,1500,4.1,0.03,18,estimated
KIR,KI,296,Kiribati,WPR,2024,134524,945,769,1140,1300,1000,1500,4.3,0.03,18,estimated
KNA,KN,659,Saint Kitts and Nevis,AMR,2000,45235,0,0,0,0,0,0,,,,estimated
KNA,KN,659,Saint Kitts and Nevis,AMR,2001,45757,4.4,3.6,5.3,2,2,2,,,,estimated
KNA,KN,659,Saint Kitts and Nevis,AMR,2002,46013,6.5,5.3,7.9,3,2,4,,,,estimated
KNA,KN,659,Saint Kitts and Nevis,AMR,2003,46186,2.2,1.8,2.6,1,1,1,,,,estimated
KNA,KN,659,Saint Kitts and Nevis,AMR,2004,46307,4.3,3.5,5.2,2,2,2,,,,estimated
KNA,KN,659,Saint Kitts and Nevis,AMR,2005,46432,0,0,0,0,0,0,,,,estimated
KNA,KN,659,Saint Kitts and Nevis,AMR,2006,46566,2.1,1.7,2.6,1,1,1,,,,estimated
KNA,KN,659,Saint Kitts and Nevis,AMR,2007,46705,8.6,7,10,4,3,5,,,,estimated
KNA,KN,659,Saint Kitts and Nevis,AMR,2008,46836,11,8.7,13,5,4,6,,,,estimated
KNA,KN,659,Saint Kitts and Nevis,AMR,2009,46915,8.5,6.9,10,4,3,5,,,,estimated
KNA,KN,659,Saint Kitts and Nevis,AMR,2010,46855,4.3,3.5,5.1,2,2,2,,,,estimated
KNA,KN,659,Saint Kitts and Nevis,AMR,2011,46882,2.1,1.7,2.6,1,1,1,,,,estimated
KNA,KN,659,Saint Kitts and Nevis,AMR,2012,47034,4.3,3.5,5.1,2,2,2,,,,estimated
KNA,KN,659,Saint Kitts and Nevis,AMR,2013,47063,0,0,0,0,0,0,,,,estimated
KNA,KN,659,Saint Kitts and Nevis,AMR,2014,47085,15,12,18,7,6,8,,,,estimated
KNA,KN,659,Saint Kitts and Nevis,AMR,2015,47087,4.2,3.4,5.1,2,2,2,,,,estimated
KNA,KN,659,Saint Kitts and Nevis,AMR,2016,47075,0,0,0,0,0,0,,,,estimated
KNA,KN,659,Saint Kitts and Nevis,AMR,2017,47056,2.1,1.7,2.6,1,1,1,,,,estimated
KNA,KN,659,Saint Kitts and Nevis,AMR,2018,47009,0,0,0,0,0,0,,,,estimated
KNA,KN,659,Saint Kitts and Nevis,AMR,2019,46957,4.3,3.5,5.1,2,2,2,,,,estimated
KNA,KN,659,Saint Kitts and Nevis,AMR,2020,46871,4.3,3.5,5.1,2,2,2,,,,estimated
KNA,KN,659,Saint Kitts and Nevis,AMR,2021,46772,0,0,0,0,0,0,,,,estimated
KNA,KN,659,Saint Kitts and Nevis,AMR,2022,46707,1.8,1.5,2.2,1,1,1,,,,estimated
KNA,KN,659,Saint Kitts and Nevis,AMR,2023,46760,2.1,1.7,2.6,1,1,1,,,,estimated
KNA,KN,659,Saint Kitts and Nevis,AMR,2024,46842,1.1,0.93,1.4,1,0,1,,,,estimated
KOR,KR,410,Republic of Korea,WPR,2000,46766657,50,46,53,23000,22000,25000,,,,estimated
KOR,KR,410,Republic of Korea,WPR,2001,47043467,85,79,91,40000,37000,43000,,,,estimated
KOR,KR,410,Republic of Korea,WPR,2002,47299118,79,74,85,37000,35000,40000,,,,estimated
KOR,KR,410,Republic of Korea,WPR,2003,47514152,83,77,89,39000,37000,42000,,,,estimated
KOR,KR,410,Republic of Korea,WPR,2004,47697068,78,73,83,37000,35000,40000,,,,estimated
KOR,KR,410,Republic of Korea,WPR,2005,47851652,96,89,103,46000,43000,49000,,,,estimated
KOR,KR,410,Republic of Korea,WPR,2006,48006519,94,87,100,45000,42000,48000,,,,estimated
KOR,KR,410,Republic of Korea,WPR,2007,48178121,93,87,99,45000,42000,48000,,,,estimated
KOR,KR,410,Republic of Korea,WPR,2008,48356502,90,84,96,43000,40000,46000,,,,estimated
KOR,KR,410,Republic of Korea,WPR,2009,48546694,95,89,102,46000,43000,50000,,,,estimated
KOR,KR,410,Republic of Korea,WPR,2010,48769338,97,90,103,47000,44000,50000,,,,estimated
KOR,KR,410,Republic of Korea,WPR,2011,49127637,101,94,108,49000,46000,53000,,,,estimated
KOR,KR,410,Republic of Korea,WPR,2012,49599586,94,88,101,47000,44000,50000,,,,estimated
KOR,KR,410,Republic of Korea,WPR,2013,50071162,89,83,95,44000,41000,48000,,,,estimated
KOR,KR,410,Republic of Korea,WPR,2014,50539059,85,79,91,43000,40000,46000,,,,estimated
KOR,KR,410,Republic of Korea,WPR,2015,50983912,79,73,84,40000,37000,43000,,,,estimated
KOR,KR,410,Republic of Korea,WPR,2016,51297843,76,71,81,39000,36000,42000,,,,estimated
KOR,KR,410,Republic of Korea,WPR,2017,51486278,70,65,74,36000,33000,38000,,,,estimated
KOR,KR,410,Republic of Korea,WPR,2018,51640902,64,60,69,33000,31000,36000,,,,estimated
KOR,KR,410,Republic of Korea,WPR,2019,51767845,58,54,62,30000,28000,32000,,,,estimated
KOR,KR,410,Republic of Korea,WPR,2020,51858488,48,44,51,25000,23000,26000,,,,estimated
KOR,KR,410,Republic of Korea,WPR,2021,51848395,44,41,47,23000,21000,25000,,,,estimated
KOR,KR,410,Republic of Korea,WPR,2022,51782508,40,37,42,20000,19000,22000,,,,estimated
KOR,KR,410,Republic of Korea,WPR,2023,51748740,38,35,41,20000,18000,21000,,,,estimated
KOR,KR,410,Republic of Korea,WPR,2024,51717598,35,32,37,18000,17000,19000,,,,estimated
KWT,KW,414,Kuwait,EMR,2000,1954710,36,29,43,700,570,840,0.21,0.03,0.58,estimated
KWT,KW,414,Kuwait,EMR,2001,2008137,33,27,40,670,540,810,0.13,0.01,0.45,estimated
KWT,KW,414,Kuwait,EMR,2002,2059972,38,31,46,780,640,950,0.2,0.02,0.54,estimated
KWT,KW,414,Kuwait,EMR,2003,2109888,36,29,43,750,610,910,0.25,0.05,0.62,estimated
KWT,KW,414,Kuwait,EMR,2004,2157314,34,28,41,740,600,890,0.12,0.01,0.41,estimated
KWT,KW,414,Kuwait,EMR,2005,2236787,30,25,37,680,550,820,0.18,0.02,0.49,estimated
KWT,KW,414,Kuwait,EMR,2006,2364739,36,29,44,850,700,1000,0.11,0.01,0.38,estimated
KWT,KW,414,Kuwait,EMR,2007,2507889,34,28,42,860,700,1000,0.11,0,0.36,estimated
KWT,KW,414,Kuwait,EMR,2008,2651416,44,36,53,1200,950,1400,0.12,0.09,0.16,estimated
KWT,KW,414,Kuwait,EMR,2009,2795482,45,37,55,1300,1000,1500,1.2,0.91,1.6,estimated
KWT,KW,414,Kuwait,EMR,2010,2943370,45,36,54,1300,1100,1600,1.2,0.89,1.6,estimated
KWT,KW,414,Kuwait,EMR,2011,3132811,29,24,35,920,740,1100,0.79,0.59,1,estimated
KWT,KW,414,Kuwait,EMR,2012,3337025,30,24,36,1000,810,1200,0.81,0.6,1,estimated
KWT,KW,414,Kuwait,EMR,2013,3507751,27,22,32,940,770,1100,0.08,0.03,0.17,estimated
KWT,KW,414,Kuwait,EMR,2014,3665766,27,22,32,970,790,1200,0.08,0.03,0.16,estimated
KWT,KW,414,Kuwait,EMR,2015,3834455,26,21,31,980,800,1200,0.08,0.03,0.16,estimated
KWT,KW,414,Kuwait,EMR,2016,4003964,27,22,33,1100,890,1300,0.09,0.03,0.18,estimated
KWT,KW,414,Kuwait,EMR,2017,4154684,31,25,37,1300,1000,1500,0.11,0.04,0.22,estimated
KWT,KW,414,Kuwait,EMR,2018,4323389,25,20,30,1100,870,1300,0.09,0.03,0.18,estimated
KWT,KW,414,Kuwait,EMR,2019,4442191,23,19,28,1000,840,1200,0.09,0.03,0.18,estimated
KWT,KW,414,Kuwait,EMR,2020,4400136,20,17,25,900,730,1100,0.08,0.03,0.16,estimated
KWT,KW,414,Kuwait,EMR,2021,4360748,22,18,26,960,780,1200,0.08,0.03,0.17,estimated
KWT,KW,414,Kuwait,EMR,2022,4589513,13,10,15,580,470,700,0.11,0.02,0.28,estimated
KWT,KW,414,Kuwait,EMR,2023,4838777,11,9,13,530,430,640,0.05,0,0.18,estimated
KWT,KW,414,Kuwait,EMR,2024,4934510,10,8.5,13,520,420,620,0,0,0,estimated
LAO,LA,418,Lao People's Democratic Republic,WPR,2000,5431211,330,115,656,18000,6200,36000,5.8,1,14,estimated
LAO,LA,418,Lao People's Democratic Republic,WPR,2001,5521476,317,116,617,18000,6400,34000,5.5,1,13,estimated
LAO,LA,418,Lao People's Democratic Republic,WPR,2002,5610887,305,117,580,17000,6600,33000,5.5,1.1,13,estimated
LAO,LA,418,Lao People's Democratic Republic,WPR,2003,5697936,293,118,546,17000,6700,31000,5.9,1.2,14,estimated
LAO,LA,418,Lao People's Democratic Republic,WPR,2004,5781614,282,118,514,16000,6800,30000,6.4,1.4,15,estimated
LAO,LA,418,Lao People's Democratic Republic,WPR,2005,5869520,270,118,484,16000,7000,28000,7.2,1.7,17,estimated
LAO,LA,418,Lao People's Democratic Republic,WPR,2006,5963198,260,118,456,15000,7100,27000,8,1.9,18,estimated
LAO,LA,418,Lao People's Democratic Republic,WPR,2007,6056232,249,118,429,15000,7100,26000,8.7,2.2,20,estimated
LAO,LA,418,Lao People's Democratic Republic,WPR,2008,6148967,240,117,405,15000,7200,25000,9,2.3,20,estimated
LAO,LA,418,Lao People's Democratic Republic,WPR,2009,6241645,230,116,382,14000,7300,24000,9.4,2.5,21,estimated
LAO,LA,418,Lao People's Democratic Republic,WPR,2010,6334194,221,115,361,14000,7300,23000,9.6,2.6,21,estimated
LAO,LA,418,Lao People's Democratic Republic,WPR,2011,6426594,213,114,341,14000,7300,22000,9.7,2.7,21,estimated
LAO,LA,418,Lao People's Democratic Republic,WPR,2012,6518977,204,113,322,13000,7400,21000,9.8,2.8,21,estimated
LAO,LA,418,Lao People's Democratic Republic,WPR,2013,6611384,197,111,306,13000,7400,20000,9.4,2.8,20,estimated
LAO,LA,418,Lao People's Democratic Republic,WPR,2014,6703167,189,110,290,13000,7400,19000,14,7.9,23,estimated
LAO,LA,418,Lao People's Democratic Republic,WPR,2015,6801648,182,108,275,12000,7400,19000,14,7.8,22,estimated
LAO,LA,418,Lao People's Democratic Republic,WPR,2016,6908808,175,106,260,12000,7400,18000,11,6.1,16,estimated
LAO,LA,418,Lao People's Democratic Republic,WPR,2017,7018152,168,105,247,12000,7300,17000,9.9,5.8,15,estimated
LAO,LA,418,Lao People's Democratic Republic,WPR,2018,7128054,162,103,234,12000,7300,17000,10,6.1,15,estimated
LAO,LA,418,Lao People's Democratic Republic,WPR,2019,7237635,155,100,222,11000,7300,16000,8.5,5.2,13,estimated
LAO,LA,418,Lao People's Democratic Republic,WPR,2020,7346525,149,97,213,11000,7100,16000,8.3,5.1,12,estimated
LAO,LA,418,Lao People's Democratic Republic,WPR,2021,7453192,143,91,208,11000,6800,15000,8.3,4.9,12,estimated
LAO,LA,418,Lao People's Democratic Republic,WPR,2022,7559011,138,86,202,10000,6500,15000,6.2,3.6,9.4,estimated
LAO,LA,418,Lao People's Democratic Republic,WPR,2023,7664987,132,81,197,10000,6200,15000,6.2,3.6,9.5,estimated
LAO,LA,418,Lao People's Democratic Republic,WPR,2024,7769822,127,77,189,9900,6000,15000,5.3,3,8.2,estimated
LBN,LB,422,Lebanon,EMR,2000,4329344,28,23,34,1200,1000,1500,0.2,0.07,0.4,estimated
LBN,LB,422,Lebanon,EMR,2001,4401924,24,19,29,1100,860,1300,0.15,0.05,0.29,estimated
LBN,LB,422,Lebanon,EMR,2002,4463501,19,15,23,850,690,1000,0.1,0.04,0.21,estimated
LBN,LB,422,Lebanon,EMR,2003,4525508,16,13,19,700,570,850,0.08,0.03,0.16,estimated
LBN,LB,422,Lebanon,EMR,2004,4599285,15,12,18,700,570,840,0.08,0.03,0.16,estimated
LBN,LB,422,Lebanon,EMR,2005,4671102,14,12,17,660,540,800,0.08,0.03,0.16,estimated
LBN,LB,422,Lebanon,EMR,2006,4751136,13,11,16,620,510,750,0.09,0.03,0.17,estimated
LBN,LB,422,Lebanon,EMR,2007,4844115,16,13,19,780,630,930,0.12,0.04,0.23,estimated
LBN,LB,422,Lebanon,EMR,2008,4925357,17,14,21,840,680,1000,0.13,0.05,0.26,estimated
LBN,LB,422,Lebanon,EMR,2009,4992282,16,13,19,790,640,950,0.13,0.05,0.26,estimated
LBN,LB,422,Lebanon,EMR,2010,5041287,16,13,19,800,650,960,0.14,0.05,0.27,estimated
LBN,LB,422,Lebanon,EMR,2011,5096028,15,12,18,760,620,910,0.13,0.05,0.27,estimated
LBN,LB,422,Lebanon,EMR,2012,5235744,18,15,22,950,770,1100,0.13,0.03,0.29,estimated
LBN,LB,422,Lebanon,EMR,2013,5743442,18,14,21,1000,830,1200,0.16,0.06,0.33,estimated
LBN,LB,422,Lebanon,EMR,2014,6346989,16,13,19,990,800,1200,0.31,0.23,0.4,estimated
LBN,LB,422,Lebanon,EMR,2015,6472469,15,12,18,950,770,1100,0.18,0.13,0.23,estimated
LBN,LB,422,Lebanon,EMR,2016,6323057,14,12,17,920,750,1100,0.12,0.03,0.26,estimated
LBN,LB,422,Lebanon,EMR,2017,6160125,14,11,17,860,700,1000,0.1,0.02,0.23,estimated
LBN,LB,422,Lebanon,EMR,2018,5984119,15,12,18,910,740,1100,0.15,0.05,0.32,estimated
LBN,LB,422,Lebanon,EMR,2019,5794591,18,15,22,1000,840,1300,0.14,0.04,0.3,estimated
LBN,LB,422,Lebanon,EMR,2020,5702402,16,13,19,910,740,1100,0.06,0.01,0.17,estimated
LBN,LB,422,Lebanon,EMR,2021,5718126,11,9.3,14,650,530,790,0.1,0.02,0.24,estimated
LBN,LB,422,Lebanon,EMR,2022,5744485,12,10,15,710,570,850,0.04,0,0.16,estimated
LBN,LB,422,Lebanon,EMR,2023,5773500,12,9.9,15,700,570,840,0.1,0.02,0.24,estimated
LBN,LB,422,Lebanon,EMR,2024,5805970,13,10,15,740,600,890,0.03,0,0.12,estimated
LBR,LR,430,Liberia,AFR,2000,2928120,115,58,319,3400,1700,9300,47,23,79,estimated
LBR,LR,430,Liberia,AFR,2001,3015328,152,80,393,4600,2400,12000,53,27,89,estimated
LBR,LR,430,Liberia,AFR,2002,3094786,186,100,459,5800,3100,14000,57,28,97,estimated
LBR,LR,430,Liberia,AFR,2003,3119536,216,118,517,6800,3700,16000,61,29,103,estimated
LBR,LR,430,Liberia,AFR,2004,3156889,244,135,568,7700,4300,18000,64,30,110,estimated
LBR,LR,430,Liberia,AFR,2005,3301021,268,150,612,8800,4900,20000,70,33,120,estimated
LBR,LR,430,Liberia,AFR,2006,3490794,288,162,648,10000,5700,23000,76,36,130,estimated
LBR,LR,430,Liberia,AFR,2007,3669040,305,173,677,11000,6400,25000,82,39,139,estimated
LBR,LR,430,Liberia,AFR,2008,3821003,320,183,698,12000,7000,27000,83,40,142,estimated
LBR,LR,430,Liberia,AFR,2009,3943032,329,189,710,13000,7400,28000,82,38,141,estimated
LBR,LR,430,Liberia,AFR,2010,4058892,331,191,711,13000,7700,29000,78,36,136,estimated
LBR,LR,430,Liberia,AFR,2011,4221174,328,189,704,14000,8000,30000,75,34,131,estimated
LBR,LR,430,Liberia,AFR,2012,4373039,324,187,692,14000,8200,30000,71,32,125,estimated
LBR,LR,430,Liberia,AFR,2013,4470246,315,183,666,14000,8200,30000,65,29,115,estimated
LBR,LR,430,Liberia,AFR,2014,4564299,302,177,627,14000,8100,29000,57,25,102,estimated
LBR,LR,430,Liberia,AFR,2015,4659434,289,171,592,13000,8000,28000,37,29,47,estimated
LBR,LR,430,Liberia,AFR,2016,4755608,279,167,561,13000,7900,27000,44,34,54,estimated
LBR,LR,430,Liberia,AFR,2017,4848919,268,162,529,13000,7800,26000,41,32,51,estimated
LBR,LR,430,Liberia,AFR,2018,4944728,257,157,501,13000,7700,25000,44,35,55,estimated
LBR,LR,430,Liberia,AFR,2019,5043714,249,152,479,13000,7700,24000,36,28,45,estimated
LBR,LR,430,Liberia,AFR,2020,5149461,240,147,460,12000,7600,24000,27,21,33,estimated
LBR,LR,430,Liberia,AFR,2021,5259313,232,143,443,12000,7500,23000,27,20,34,estimated
LBR,LR,430,Liberia,AFR,2022,5373300,224,137,427,12000,7400,23000,25,19,32,estimated
LBR,LR,430,Liberia,AFR,2023,5493031,215,132,413,12000,7200,23000,23,17,30,estimated
LBR,LR,430,Liberia,AFR,2024,5612815,207,126,402,12000,7100,23000,22,17,29,estimated
LBY,LY,434,Libya,EMR,2000,5305030,59,29,170,3100,1600,9000,0.53,0.12,1.2,estimated
LBY,LY,434,Libya,EMR,2001,5403641,62,32,162,3300,1700,8800,0.57,0.14,1.3,estimated
LBY,LY,434,Libya,EMR,2002,5508418,63,35,155,3500,1900,8500,0.65,0.17,1.4,estimated
LBY,LY,434,Libya,EMR,2003,5619395,64,36,147,3600,2000,8200,0.78,0.21,1.7,estimated
LBY,LY,434,Libya,EMR,2004,5736691,65,38,139,3700,2200,8000,0.93,0.26,2,estimated
LBY,LY,434,Libya,EMR,2005,5858788,64,38,131,3700,2200,7700,1.1,0.32,2.4,estimated
LBY,LY,434,Libya,EMR,2006,5980212,63,38,123,3700,2300,7400,1.3,0.38,2.8,estimated
LBY,LY,434,Libya,EMR,2007,6104372,60,37,115,3700,2300,7000,1.4,0.41,3.1,estimated
LBY,LY,434,Libya,EMR,2008,6235439,57,35,107,3600,2200,6700,1.5,0.41,3.2,estimated
LBY,LY,434,Libya,EMR,2009,6366691,53,33,99,3400,2100,6300,1.4,0.38,3.2,estimated
LBY,LY,434,Libya,EMR,2010,6497834,49,30,89,3200,2000,5800,1.3,0.31,3.1,estimated
LBY,LY,434,Libya,EMR,2011,6343210,43,27,79,2700,1700,5000,3.6,1.3,7.1,estimated
LBY,LY,434,Libya,EMR,2012,6179328,38,24,71,2400,1500,4400,2.7,0.88,5.6,estimated
LBY,LY,434,Libya,EMR,2013,6304630,35,22,65,2200,1400,4100,1.4,0.38,3,estimated
LBY,LY,434,Libya,EMR,2014,6427249,33,21,60,2100,1300,3900,1.5,0.38,3.5,estimated
LBY,LY,434,Libya,EMR,2015,6531828,32,20,58,2100,1300,3800,0.69,0.13,1.7,estimated
LBY,LY,434,Libya,EMR,2016,6632119,32,20,60,2200,1300,4000,0.72,0.16,1.7,estimated
LBY,LY,434,Libya,EMR,2017,6738773,34,22,64,2300,1400,4300,0.88,0.23,2,estimated
LBY,LY,434,Libya,EMR,2018,6849053,37,23,69,2500,1600,4700,0.45,0.11,1,estimated
LBY,LY,434,Libya,EMR,2019,6951035,40,24,76,2800,1700,5300,0.46,0.14,0.98,estimated
LBY,LY,434,Libya,EMR,2020,7045405,43,26,85,3000,1800,6000,0.28,0.07,0.63,estimated
LBY,LY,434,Libya,EMR,2021,7135172,47,28,96,3400,2000,6800,0.31,0.08,0.69,estimated
LBY,LY,434,Libya,EMR,2022,7223810,52,31,108,3800,2200,7800,0.6,0.22,1.2,estimated
LBY,LY,434,Libya,EMR,2023,7305660,57,33,123,4200,2400,9000,2.1,0.88,3.8,estimated
LBY,LY,434,Libya,EMR,2024,7381021,63,36,138,4700,2700,10000,0.76,0.32,1.4,estimated
LCA,LC,662,Saint Lucia,AMR,2000,158624,5.7,4.6,6.8,9,7,11,,,,estimated
LCA,LC,662,Saint Lucia,AMR,2001,160235,9.4,7.6,11,15,12,18,,,,estimated
LCA,LC,662,Saint Lucia,AMR,2002,161640,11,8.6,13,17,14,20,,,,estimated
LCA,LC,662,Saint Lucia,AMR,2003,162975,9.2,7.5,11,15,12,18,,,,estimated
LCA,LC,662,Saint Lucia,AMR,2004,164240,9.1,7.4,11,15,12,18,,,,estimated
LCA,LC,662,Saint Lucia,AMR,2005,165444,8.5,6.9,10,14,11,17,,,,estimated
LCA,LC,662,Saint Lucia,AMR,2006,166634,9,7.3,11,15,12,18,,,,estimated
LCA,LC,662,Saint Lucia,AMR,2007,167760,11,9.2,14,19,15,23,,,,estimated
LCA,LC,662,Saint Lucia,AMR,2008,168804,12,10,15,21,17,25,,,,estimated
LCA,LC,662,Saint Lucia,AMR,2009,169873,5.9,4.8,7.1,10,8,12,,,,estimated
LCA,LC,662,Saint Lucia,AMR,2010,170907,5.3,4.3,6.3,9,7,11,,,,estimated
LCA,LC,662,Saint Lucia,AMR,2011,171800,4.1,3.3,4.9,7,6,8,,,,estimated
LCA,LC,662,Saint Lucia,AMR,2012,172585,6.4,5.2,7.7,11,9,13,,,,estimated
LCA,LC,662,Saint Lucia,AMR,2013,173368,5.2,4.2,6.3,9,7,11,,,,estimated
LCA,LC,662,Saint Lucia,AMR,2014,174136,3.4,2.8,4.2,6,5,7,,,,estimated
LCA,LC,662,Saint Lucia,AMR,2015,174902,8,6.5,9.6,14,11,17,,,,estimated
LCA,LC,662,Saint Lucia,AMR,2016,175642,1.7,1.4,2.1,3,2,4,,,,estimated
LCA,LC,662,Saint Lucia,AMR,2017,176338,6.2,5.1,7.5,11,9,13,,,,estimated
LCA,LC,662,Saint Lucia,AMR,2018,177020,2.8,2.3,3.4,5,4,6,,,,estimated
LCA,LC,662,Saint Lucia,AMR,2019,177660,3.4,2.7,4.1,6,5,7,,,,estimated
LCA,LC,662,Saint Lucia,AMR,2020,178256,4.5,3.7,5.4,8,7,10,,,,estimated
LCA,LC,662,Saint Lucia,AMR,2021,178528,2.2,1.8,2.7,4,3,5,,,,estimated
LCA,LC,662,Saint Lucia,AMR,2022,178773,1.1,0.91,1.3,2,2,2,,,,estimated
LCA,LC,662,Saint Lucia,AMR,2023,179278,1.1,0.91,1.3,2,2,2,,,,estimated
LCA,LC,662,Saint Lucia,AMR,2024,179741,0.56,0.45,0.67,1,1,1,,,,estimated
LKA,LK,144,Sri Lanka,SEA,2000,19293048,148,55,992,29000,11000,191000,0.79,0.27,1.6,estimated
LKA,LK,144,Sri Lanka,SEA,2001,19600360,140,56,810,27000,11000,159000,0.68,0.23,1.4,estimated
LKA,LK,144,Sri Lanka,SEA,2002,19805751,132,57,653,26000,11000,129000,0.61,0.21,1.2,estimated
LKA,LK,144,Sri Lanka,SEA,2003,19951526,125,58,518,25000,11000,103000,0.58,0.19,1.2,estimated
LKA,LK,144,Sri Lanka,SEA,2004,20087600,118,58,408,24000,12000,82000,0.56,0.19,1.1,estimated
LKA,LK,144,Sri Lanka,SEA,2005,20216529,112,58,321,23000,12000,65000,0.58,0.19,1.2,estimated
LKA,LK,144,Sri Lanka,SEA,2006,20352402,106,57,251,22000,12000,51000,0.21,0.14,0.29,estimated
LKA,LK,144,Sri Lanka,SEA,2007,20492539,101,57,210,21000,12000,43000,0.2,0.14,0.28,estimated
LKA,LK,144,Sri Lanka,SEA,2008,20629376,96,56,197,20000,11000,41000,0.6,0.2,1.2,estimated
LKA,LK,144,Sri Lanka,SEA,2009,20756434,92,54,184,19000,11000,38000,0.57,0.18,1.2,estimated
LKA,LK,144,Sri Lanka,SEA,2010,20879085,88,53,171,18000,11000,36000,0.88,0.55,1.3,estimated
LKA,LK,144,Sri Lanka,SEA,2011,21009044,85,51,166,18000,11000,35000,0.51,0.16,1.1,estimated
LKA,LK,144,Sri Lanka,SEA,2012,21169454,82,50,159,17000,10000,34000,0.48,0.15,1,estimated
LKA,LK,144,Sri Lanka,SEA,2013,21358830,78,48,149,17000,10000,32000,0.43,0.13,0.91,estimated
LKA,LK,144,Sri Lanka,SEA,2014,21547461,74,46,139,16000,9800,30000,0.21,0.1,0.35,estimated
LKA,LK,144,Sri Lanka,SEA,2015,21729973,70,43,130,15000,9400,28000,0.22,0.11,0.38,estimated
LKA,LK,144,Sri Lanka,SEA,2016,21910773,66,41,120,14000,9000,26000,0.1,0.04,0.19,estimated
LKA,LK,144,Sri Lanka,SEA,2017,22087536,61,39,111,14000,8600,25000,0.22,0.1,0.39,estimated
LKA,LK,144,Sri Lanka,SEA,2018,22253117,58,37,105,13000,8300,23000,0.24,0.11,0.43,estimated
LKA,LK,144,Sri Lanka,SEA,2019,22410558,57,36,102,13000,8000,23000,0.26,0.12,0.47,estimated
LKA,LK,144,Sri Lanka,SEA,2020,22561801,55,35,101,13000,7900,23000,0.27,0.12,0.5,estimated
LKA,LK,144,Sri Lanka,SEA,2021,22700374,55,34,103,13000,7800,23000,0.4,0.17,0.74,estimated
LKA,LK,144,Sri Lanka,SEA,2022,22834967,56,34,106,13000,7800,24000,0.33,0.14,0.61,estimated
LKA,LK,144,Sri Lanka,SEA,2023,22971614,57,34,112,13000,7900,26000,0.27,0.11,0.51,estimated
LKA,LK,144,Sri Lanka,SEA,2024,23103568,59,35,119,14000,8100,28000,0.46,0.2,0.83,estimated
LSO,LS,426,Lesotho,AFR,2000,2003915,827,443,1330,17000,8900,27000,572,282,962,estimated
LSO,LS,426,Lesotho,AFR,2001,2000860,923,454,1550,18000,9100,31000,647,295,1130,estimated
LSO,LS,426,Lesotho,AFR,2002,1994677,1010,459,1770,20000,9100,35000,714,304,1300,estimated
LSO,LS,426,Lesotho,AFR,2003,1985055,1080,459,1970,22000,9100,39000,776,309,1450,estimated
LSO,LS,426,Lesotho,AFR,2004,1971130,1150,456,2150,23000,9000,42000,831,311,1600,estimated
LSO,LS,426,Lesotho,AFR,2005,1953073,1200,453,2290,23000,8800,45000,873,312,1710,estimated
LSO,LS,426,Lesotho,AFR,2006,1945061,1230,450,2380,24000,8800,46000,907,316,1800,estimated
LSO,LS,426,Lesotho,AFR,2007,1953265,1230,450,2390,24000,8800,47000,920,320,1830,estimated
LSO,LS,426,Lesotho,AFR,2008,1966540,1240,449,2420,24000,8800,48000,940,326,1870,estimated
LSO,LS,426,Lesotho,AFR,2009,1980876,1230,450,2390,24000,8900,47000,942,330,1870,estimated
LSO,LS,426,Lesotho,AFR,2010,1996254,1180,454,2250,24000,9100,45000,910,334,1770,estimated
LSO,LS,426,Lesotho,AFR,2011,2014009,1120,457,2070,23000,9200,42000,836,327,1580,estimated
LSO,LS,426,Lesotho,AFR,2012,2034354,1040,459,1860,21000,9300,38000,777,327,1420,estimated
LSO,LS,426,Lesotho,AFR,2013,2056494,948,456,1620,19000,9400,33000,698,320,1220,estimated
LSO,LS,426,Lesotho,AFR,2014,2080095,853,447,1390,18000,9300,29000,615,307,1030,estimated
LSO,LS,426,Lesotho,AFR,2015,2104605,780,436,1220,16000,9200,26000,562,298,908,estimated
LSO,LS,426,Lesotho,AFR,2016,2130430,721,423,1100,15000,9000,23000,521,290,819,estimated
LSO,LS,426,Lesotho,AFR,2017,2157111,681,413,1010,15000,8900,22000,479,275,739,estimated
LSO,LS,426,Lesotho,AFR,2018,2183606,659,407,970,14000,8900,21000,437,255,667,estimated
LSO,LS,426,Lesotho,AFR,2019,2209407,654,406,959,14000,9000,21000,403,236,613,estimated
LSO,LS,426,Lesotho,AFR,2020,2235727,599,369,900,13000,8200,20000,363,224,531,estimated
LSO,LS,426,Lesotho,AFR,2021,2261539,606,368,900,14000,8300,20000,368,207,549,estimated
LSO,LS,426,Lesotho,AFR,2022,2286112,611,361,903,14000,8300,21000,362,203,545,estimated
LSO,LS,426,Lesotho,AFR,2023,2311476,584,337,878,14000,7800,20000,340,183,510,estimated
LSO,LS,426,Lesotho,AFR,2024,2337432,548,304,837,13000,7100,20000,319,163,470,estimated
LTU,LT,440,Lithuania,EUR,2000,3500408,181,147,218,6300,5100,7600,7,2.5,14,estimated
LTU,LT,440,Lithuania,EUR,2001,3473000,172,140,207,6000,4900,7200,6.7,2.4,13,estimated
LTU,LT,440,Lithuania,EUR,2002,3444054,156,127,187,5400,4400,6500,6,2.1,12,estimated
LTU,LT,440,Lithuania,EUR,2003,3415277,164,134,198,5600,4600,6800,6,2.2,12,estimated
LTU,LT,440,Lithuania,EUR,2004,3376692,125,102,151,4200,3400,5100,0.4,0.13,0.81,estimated
LTU,LT,440,Lithuania,EUR,2005,3322261,128,104,155,4300,3500,5100,3.8,1.4,7.5,estimated
LTU,LT,440,Lithuania,EUR,2006,3269809,142,115,171,4600,3800,5600,3.7,1.3,7.2,estimated
LTU,LT,440,Lithuania,EUR,2007,3231363,132,108,159,4300,3500,5100,3,1.1,5.9,estimated
LTU,LT,440,Lithuania,EUR,2008,3198478,122,99,147,3900,3200,4700,2.8,0.97,5.4,estimated
LTU,LT,440,Lithuania,EUR,2009,3163253,109,89,131,3400,2800,4100,87,64,113,estimated
LTU,LT,440,Lithuania,EUR,2010,3097720,100,81,121,3100,2500,3700,2.4,0.85,4.7,estimated
LTU,LT,440,Lithuania,EUR,2011,3028645,99,80,119,3000,2400,3600,2.3,0.82,4.6,estimated
LTU,LT,440,Lithuania,EUR,2012,2988327,91,74,109,2700,2200,3300,2.1,1.4,3,estimated
LTU,LT,440,Lithuania,EUR,2013,2958356,85,69,103,2500,2100,3000,2.9,2,4,estimated
LTU,LT,440,Lithuania,EUR,2014,2933169,79,64,95,2300,1900,2800,2.5,1.7,3.4,estimated
LTU,LT,440,Lithuania,EUR,2015,2905765,73,59,87,2100,1700,2500,2.7,1.9,3.7,estimated
LTU,LT,440,Lithuania,EUR,2016,2869101,70,57,84,2000,1600,2400,2.3,1.5,3.2,estimated
LTU,LT,440,Lithuania,EUR,2017,2829308,65,53,79,1900,1500,2200,2.3,1.5,3.2,estimated
LTU,LT,440,Lithuania,EUR,2018,2802472,54,44,65,1500,1200,1800,1.7,1.1,2.5,estimated
LTU,LT,440,Lithuania,EUR,2019,2795061,50,41,60,1400,1100,1700,1.3,0.78,1.9,estimated
LTU,LT,440,Lithuania,EUR,2020,2795766,34,28,41,950,770,1100,0.99,0.56,1.5,estimated
LTU,LT,440,Lithuania,EUR,2021,2794486,31,25,37,860,700,1000,0.77,0.4,1.3,estimated
LTU,LT,440,Lithuania,EUR,2022,2816920,35,29,42,990,800,1200,0.96,0.54,1.5,estimated
LTU,LT,440,Lithuania,EUR,2023,2854095,34,28,41,970,790,1200,1.4,0.89,2.1,estimated
LTU,LT,440,Lithuania,EUR,2024,2859108,31,25,37,890,720,1100,0.73,0.38,1.2,estimated
LUX,LU,442,Luxembourg,EUR,2000,436126,14,11,17,61,50,74,1.4,0.78,2.2,estimated
LUX,LU,442,Luxembourg,EUR,2001,441748,9.7,7.9,12,43,35,52,0.91,0.51,1.4,estimated
LUX,LU,442,Luxembourg,EUR,2002,446387,9.5,7.8,11,43,35,51,0.84,0.47,1.3,estimated
LUX,LU,442,Luxembourg,EUR,2003,451840,16,13,20,74,60,89,1.3,0.73,2.1,estimated
LUX,LU,442,Luxembourg,EUR,2004,458306,9.2,7.5,11,42,34,51,0.67,0.37,1.1,estimated
LUX,LU,442,Luxembourg,EUR,2005,465360,11,8.7,13,50,41,60,0.68,0.38,1.1,estimated
LUX,LU,442,Luxembourg,EUR,2006,472858,9.4,7.6,11,44,36,53,0.51,0.28,0.81,estimated
LUX,LU,442,Luxembourg,EUR,2007,480269,11,8.8,13,52,42,63,0.51,0.28,0.82,estimated
LUX,LU,442,Luxembourg,EUR,2008,488995,7.6,6.2,9.2,37,30,45,0.35,0.19,0.56,estimated
LUX,LU,442,Luxembourg,EUR,2009,498191,7.1,5.8,8.6,36,29,43,0.34,0.18,0.54,estimated
LUX,LU,442,Luxembourg,EUR,2010,507414,7.5,6.1,9,38,31,46,0.36,0.2,0.57,estimated
LUX,LU,442,Luxembourg,EUR,2011,518589,6.2,5,7.5,32,26,39,0.29,0.16,0.46,estimated
LUX,LU,442,Luxembourg,EUR,2012,530947,11,8.7,13,57,46,68,0.49,0.27,0.78,estimated
LUX,LU,442,Luxembourg,EUR,2013,543354,8.7,7.1,10,47,38,57,0.37,0.2,0.58,estimated
LUX,LU,442,Luxembourg,EUR,2014,556280,5.3,4.3,6.3,29,24,35,0.22,0.12,0.34,estimated
LUX,LU,442,Luxembourg,EUR,2015,569531,6.3,5.1,7.6,36,29,43,0.26,0.14,0.41,estimated
LUX,LU,442,Luxembourg,EUR,2016,583502,5.9,4.8,7.1,34,28,42,0.25,0.14,0.4,estimated
LUX,LU,442,Luxembourg,EUR,2017,596498,6.3,5.2,7.6,38,31,46,0.28,0.15,0.45,estimated
LUX,LU,442,Luxembourg,EUR,2018,608102,8.1,6.6,9.8,49,40,59,0.36,0.2,0.58,estimated
LUX,LU,442,Luxembourg,EUR,2019,620158,9,7.3,11,56,46,67,0,0,0,estimated
LUX,LU,442,Luxembourg,EUR,2020,630581,6,4.9,7.2,38,31,46,0,0,0,estimated
LUX,LU,442,Luxembourg,EUR,2021,640276,6.4,5.2,7.7,41,33,49,0,0,0,estimated
LUX,LU,442,Luxembourg,EUR,2022,653311,8.7,7,10,57,46,68,0.27,0.01,0.94,estimated
LUX,LU,442,Luxembourg,EUR,2023,665098,7.6,6.2,9.2,51,41,61,0.54,0.08,1.4,estimated
LUX,LU,442,Luxembourg,EUR,2024,673034,7.5,6.1,9,50,41,61,0.54,0.08,1.4,estimated
LVA,LV,428,Latvia,EUR,2000,2368315,196,159,236,4600,3800,5600,21,7.1,42,estimated
LVA,LV,428,Latvia,EUR,2001,2338306,193,157,233,4500,3700,5400,20,6.7,40,estimated
LVA,LV,428,Latvia,EUR,2002,2311345,170,139,205,3900,3200,4700,16,5.6,33,estimated
LVA,LV,428,Latvia,EUR,2003,2288979,156,127,188,3600,2900,4300,14,4.7,28,estimated
LVA,LV,428,Latvia,EUR,2004,2264177,143,116,172,3200,2600,3900,3.9,2.6,5.5,estimated
LVA,LV,428,Latvia,EUR,2005,2239775,125,102,151,2800,2300,3400,5.4,3.8,7.3,estimated
LVA,LV,428,Latvia,EUR,2006,2219043,111,91,134,2500,2000,3000,4.6,3.2,6.3,estimated
LVA,LV,428,Latvia,EUR,2007,2200768,103,84,124,2300,1800,2700,5.4,3.8,7.2,estimated
LVA,LV,428,Latvia,EUR,2008,2177707,86,70,103,1900,1500,2300,6.7,4.9,8.7,estimated
LVA,LV,428,Latvia,EUR,2009,2142045,76,62,92,1600,1300,2000,6.7,5,8.7,estimated
LVA,LV,428,Latvia,EUR,2010,2097833,73,59,88,1500,1200,1800,6.9,5.1,9,estimated
LVA,LV,428,Latvia,EUR,2011,2059941,69,56,83,1400,1200,1700,6.5,4.7,8.5,estimated
LVA,LV,428,Latvia,EUR,2012,2034639,76,62,91,1500,1300,1900,10,7.6,13,estimated
LVA,LV,428,Latvia,EUR,2013,2013013,68,55,82,1400,1100,1700,3.7,1.2,7.6,estimated
LVA,LV,428,Latvia,EUR,2014,1994152,57,46,69,1100,930,1400,11,8.2,14,estimated
LVA,LV,428,Latvia,EUR,2015,1977871,53,43,64,1100,860,1300,8.8,6.5,11,estimated
LVA,LV,428,Latvia,EUR,2016,1959871,47,38,57,920,750,1100,5.2,3.7,6.9,estimated
LVA,LV,428,Latvia,EUR,2017,1942600,38,31,46,750,610,900,4.1,2.9,5.6,estimated
LVA,LV,428,Latvia,EUR,2018,1927591,33,27,40,640,520,770,2.4,0.82,4.9,estimated
LVA,LV,428,Latvia,EUR,2019,1914257,28,23,34,540,440,650,2.2,0.74,4.4,estimated
LVA,LV,428,Latvia,EUR,2020,1901124,23,19,28,450,360,540,1.8,0.61,3.6,estimated
LVA,LV,428,Latvia,EUR,2021,1885588,19,15,23,350,290,420,1.4,0.49,2.9,estimated
LVA,LV,428,Latvia,EUR,2022,1881060,22,18,27,420,340,510,2.1,1.3,3,estimated
LVA,LV,428,Latvia,EUR,2023,1882395,22,18,26,410,330,490,2,1.2,2.9,estimated
LVA,LV,428,Latvia,EUR,2024,1871873,21,17,25,390,320,470,0.07,0,0.37,estimated
MAC,MO,446,"China, Macao SAR",WPR,2000,437311,247,201,298,1100,880,1300,0.68,0,3.3,estimated
MAC,MO,446,"China, Macao SAR",WPR,2001,445125,245,199,295,1100,890,1300,0.68,0,3.3,estimated
MAC,MO,446,"China, Macao SAR",WPR,2002,456023,195,159,235,890,720,1100,0.54,0,2.6,estimated
MAC,MO,446,"China, Macao SAR",WPR,2003,469056,179,146,216,840,680,1000,0.5,0,2.4,estimated
MAC,MO,446,"China, Macao SAR",WPR,2004,482204,153,124,184,740,600,890,0,0,0,estimated
MAC,MO,446,"China, Macao SAR",WPR,2005,495415,172,140,207,850,690,1000,0.45,0,2.2,estimated
MAC,MO,446,"China, Macao SAR",WPR,2006,508735,166,135,201,850,690,1000,1.7,0.35,4,estimated
MAC,MO,446,"China, Macao SAR",WPR,2007,522275,144,118,174,750,610,910,1.6,0.36,3.8,estimated
MAC,MO,446,"China, Macao SAR",WPR,2008,535930,139,113,168,750,610,900,0.35,0.26,0.45,estimated
MAC,MO,446,"China, Macao SAR",WPR,2009,549482,114,93,138,630,510,760,0.34,0,1.7,estimated
MAC,MO,446,"China, Macao SAR",WPR,2010,562804,123,100,149,700,570,840,0.93,0.11,2.6,estimated
MAC,MO,446,"China, Macao SAR",WPR,2011,575631,114,93,138,660,540,790,0.63,0.04,2,estimated
MAC,MO,446,"China, Macao SAR",WPR,2012,587443,117,95,141,690,560,830,1.3,0.3,2.9,estimated
MAC,MO,446,"China, Macao SAR",WPR,2013,598755,121,98,145,720,590,870,1.6,0.44,3.4,estimated
MAC,MO,446,"China, Macao SAR",WPR,2014,610312,106,86,128,650,530,780,1.8,0.57,3.7,estimated
MAC,MO,446,"China, Macao SAR",WPR,2015,622170,96,78,115,600,480,720,0.29,0,1.3,estimated
MAC,MO,446,"China, Macao SAR",WPR,2016,634306,89,73,108,570,460,680,1.1,0.26,2.5,estimated
MAC,MO,446,"China, Macao SAR",WPR,2017,646554,92,74,110,590,480,710,0,0,0,estimated
MAC,MO,446,"China, Macao SAR",WPR,2018,658771,77,63,93,510,410,610,0.77,0.12,2,estimated
MAC,MO,446,"China, Macao SAR",WPR,2019,670976,84,68,101,560,460,680,0.26,0,1.2,estimated
MAC,MO,446,"China, Macao SAR",WPR,2020,683062,82,67,99,560,460,680,0.49,0.03,1.5,estimated
MAC,MO,446,"China, Macao SAR",WPR,2021,694395,75,61,90,520,420,630,0.97,0.23,2.2,estimated
MAC,MO,446,"China, Macao SAR",WPR,2022,704354,64,52,78,450,370,550,0.48,0.03,1.5,estimated
MAC,MO,446,"China, Macao SAR",WPR,2023,713923,68,55,82,480,390,580,0.7,0.11,1.8,estimated
MAC,MO,446,"China, Macao SAR",WPR,2024,720264,59,48,71,420,350,510,0.64,0.08,1.8,estimated
MAR,MA,504,Morocco,EMR,2000,28423443,114,93,138,32000,26000,39000,1.9,0.67,3.8,estimated
MAR,MA,504,Morocco,EMR,2001,28814642,110,90,133,32000,26000,38000,1.6,0.56,3.2,estimated
MAR,MA,504,Morocco,EMR,2002,29198133,115,93,138,34000,27000,40000,1.5,0.53,3,estimated
MAR,MA,504,Morocco,EMR,2003,29571410,102,83,123,30000,25000,36000,1.3,0.46,2.6,estimated
MAR,MA,504,Morocco,EMR,2004,29953022,97,79,117,29000,24000,35000,1.2,0.44,2.5,estimated
MAR,MA,504,Morocco,EMR,2005,30358135,97,79,117,30000,24000,36000,1.3,0.48,2.7,estimated
MAR,MA,504,Morocco,EMR,2006,30771183,95,78,115,29000,24000,35000,1.4,0.51,2.9,estimated
MAR,MA,504,Morocco,EMR,2007,31186467,92,75,111,29000,23000,35000,0.45,0.33,0.59,estimated
MAR,MA,504,Morocco,EMR,2008,31606759,96,78,115,30000,25000,36000,0.37,0.28,0.48,estimated
MAR,MA,504,Morocco,EMR,2009,32030772,96,78,116,31000,25000,37000,0.37,0.28,0.49,estimated
MAR,MA,504,Morocco,EMR,2010,32467014,98,80,118,32000,26000,38000,1.7,0.96,2.6,estimated
MAR,MA,504,Morocco,EMR,2011,32912577,98,80,118,32000,26000,39000,1.7,0.61,3.4,estimated
MAR,MA,504,Morocco,EMR,2012,33355242,97,79,116,32000,26000,39000,0.62,0.46,0.8,estimated
MAR,MA,504,Morocco,EMR,2013,33787578,97,79,117,33000,27000,39000,1.6,0.58,3.2,estimated
MAR,MA,504,Morocco,EMR,2014,34204783,99,80,119,34000,27000,41000,1.6,0.56,3.1,estimated
MAR,MA,504,Morocco,EMR,2015,34607595,100,81,120,34000,28000,42000,1.5,0.52,2.9,estimated
MAR,MA,504,Morocco,EMR,2016,35023462,101,82,122,35000,29000,43000,1.4,0.5,2.8,estimated
MAR,MA,504,Morocco,EMR,2017,35446401,98,80,118,35000,28000,42000,1.3,0.46,2.5,estimated
MAR,MA,504,Morocco,EMR,2018,35839756,97,79,117,35000,28000,42000,1.2,0.43,2.4,estimated
MAR,MA,504,Morocco,EMR,2019,36210893,96,78,115,35000,28000,42000,1.1,0.4,2.2,estimated
MAR,MA,504,Morocco,EMR,2020,36584213,89,73,108,33000,27000,39000,1.1,0.37,2.1,estimated
MAR,MA,504,Morocco,EMR,2021,36954442,89,73,108,33000,27000,40000,1.1,0.37,2.1,estimated
MAR,MA,504,Morocco,EMR,2022,37329059,92,75,111,34000,28000,41000,1.1,0.39,2.1,estimated
MAR,MA,504,Morocco,EMR,2023,37712505,97,79,117,36000,30000,44000,1.1,0.41,2.3,estimated
MAR,MA,504,Morocco,EMR,2024,38081170,98,79,118,37000,30000,45000,1.4,1,1.8,estimated
MCO,MC,492,Monaco,EUR,2000,32455,0,0,0,0,0,0,,,,estimated
MCO,MC,492,Monaco,EUR,2001,32455,0,0,0,0,0,0,,,,estimated
MCO,MC,492,Monaco,EUR,2002,32411,0,0,0,0,0,0,,,,estimated
MCO,MC,492,Monaco,EUR,2003,32374,0.53,0.43,0.64,0,0,0,,,,estimated
MCO,MC,492,Monaco,EUR,2004,32301,0.63,0.51,0.76,0,0,0,,,,estimated
MCO,MC,492,Monaco,EUR,2005,32210,0.73,0.59,0.88,0,0,0,,,,estimated
MCO,MC,492,Monaco,EUR,2006,32052,0.82,0.67,0.99,0,0,0,,,,estimated
MCO,MC,492,Monaco,EUR,2007,31835,0.9,0.73,1.1,0,0,0,,,,estimated
MCO,MC,492,Monaco,EUR,2008,31842,0.97,0.79,1.2,0,0,0,,,,estimated
MCO,MC,492,Monaco,EUR,2009,32367,1,0.84,1.3,0,0,0,,,,estimated
MCO,MC,492,Monaco,EUR,2010,33166,3,2.5,3.6,1,1,1,,,,estimated
MCO,MC,492,Monaco,EUR,2011,33940,1.1,0.92,1.4,0,0,0,,,,estimated
MCO,MC,492,Monaco,EUR,2012,34699,1.2,0.94,1.4,0,0,0,,,,estimated
MCO,MC,492,Monaco,EUR,2013,35443,1.2,0.95,1.4,0,0,0,,,,estimated
MCO,MC,492,Monaco,EUR,2014,36129,0,0,0,0,0,0,,,,estimated
MCO,MC,492,Monaco,EUR,2015,36761,0,0,0,0,0,0,,,,estimated
MCO,MC,492,Monaco,EUR,2016,37278,5.4,4.4,6.5,2,2,2,,,,estimated
MCO,MC,492,Monaco,EUR,2017,37674,0,0,0,0,0,0,,,,estimated
MCO,MC,492,Monaco,EUR,2018,38155,2.6,2.1,3.2,1,1,1,,,,estimated
MCO,MC,492,Monaco,EUR,2019,38109,0,0,0,0,0,0,,,,estimated
MCO,MC,492,Monaco,EUR,2020,38044,0,0,0,0,0,0,,,,estimated
MCO,MC,492,Monaco,EUR,2021,38531,0,0,0,0,0,0,,,,estimated
MCO,MC,492,Monaco,EUR,2022,38932,0.91,0.74,1.1,0,0,0,,,,estimated
MCO,MC,492,Monaco,EUR,2023,38955,0.86,0.7,1,0,0,0,,,,estimated
MCO,MC,492,Monaco,EUR,2024,38632,0.82,0.66,0.98,0,0,0,,,,estimated
MDA,MD,498,Republic of Moldova,EUR,2000,4234959,70,57,84,3000,2400,3600,5.2,2,10,estimated
MDA,MD,498,Republic of Moldova,EUR,2001,4189765,87,71,105,3600,3000,4400,5.8,2.2,11,estimated
MDA,MD,498,Republic of Moldova,EUR,2002,4142931,92,75,111,3800,3100,4600,5.7,2.1,11,estimated
MDA,MD,498,Republic of Moldova,EUR,2003,4095419,106,86,128,4300,3500,5200,6.5,2.4,13,estimated
MDA,MD,498,Republic of Moldova,EUR,2004,4046672,120,98,145,4900,3900,5900,7.6,2.8,15,estimated
MDA,MD,498,Republic of Moldova,EUR,2005,3988670,130,106,157,5200,4200,6300,0.18,0.06,0.36,estimated
MDA,MD,498,Republic of Moldova,EUR,2006,3921310,129,105,155,5000,4100,6100,9.8,3.7,19,estimated
MDA,MD,498,Republic of Moldova,EUR,2007,3851403,127,104,154,4900,4000,5900,4.8,3.6,6.3,estimated
MDA,MD,498,Republic of Moldova,EUR,2008,3779506,119,97,144,4500,3700,5400,6,4.4,7.8,estimated
MDA,MD,498,Republic of Moldova,EUR,2009,3706213,122,99,147,4500,3700,5400,6.2,4.6,8,estimated
MDA,MD,498,Republic of Moldova,EUR,2010,3631983,115,94,139,4200,3400,5000,6.8,5.1,8.8,estimated
MDA,MD,498,Republic of Moldova,EUR,2011,3557259,120,98,145,4300,3500,5200,6.8,5.1,8.9,estimated
MDA,MD,498,Republic of Moldova,EUR,2012,3482615,128,104,154,4500,3600,5400,8.2,6.1,11,estimated
MDA,MD,498,Republic of Moldova,EUR,2013,3408739,133,108,160,4500,3700,5500,8.1,6,11,estimated
MDA,MD,498,Republic of Moldova,EUR,2014,3342711,123,100,148,4100,3300,4900,9.4,6.9,12,estimated
MDA,MD,498,Republic of Moldova,EUR,2015,3287166,111,90,134,3600,3000,4400,9.7,7.2,13,estimated
MDA,MD,498,Republic of Moldova,EUR,2016,3237791,111,91,134,3600,2900,4300,9.7,7.2,13,estimated
MDA,MD,498,Republic of Moldova,EUR,2017,3193496,106,86,128,3400,2800,4100,8.8,6.5,11,estimated
MDA,MD,498,Republic of Moldova,EUR,2018,3153767,97,79,117,3100,2500,3700,8.3,6.2,11,estimated
MDA,MD,498,Republic of Moldova,EUR,2019,3112561,91,74,110,2800,2300,3400,9.6,7.1,12,estimated
MDA,MD,498,Republic of Moldova,EUR,2020,3069135,86,70,103,2600,2100,3200,11,8.2,14,estimated
MDA,MD,498,Republic of Moldova,EUR,2021,3023783,80,65,97,2400,2000,2900,8.6,6.4,11,estimated
MDA,MD,498,Republic of Moldova,EUR,2022,3039991,75,61,90,2300,1900,2700,8.6,6.4,11,estimated
MDA,MD,498,Republic of Moldova,EUR,2023,3067072,70,57,84,2100,1700,2600,8.8,6.5,11,estimated
MDA,MD,498,Republic of Moldova,EUR,2024,3034960,64,52,77,2000,1600,2400,7.9,5.9,10,estimated
MDG,MG,450,Madagascar,AFR,2000,16516340,207,104,593,34000,17000,98000,0.94,0.24,2.1,estimated
MDG,MG,450,Madagascar,AFR,2001,17032938,215,110,587,37000,19000,100000,0.93,0.26,2,estimated
MDG,MG,450,Madagascar,AFR,2002,17549912,221,116,580,39000,20000,102000,1,0.3,2.2,estimated
MDG,MG,450,Madagascar,AFR,2003,18071850,226,121,573,41000,22000,104000,1.2,0.37,2.5,estimated
MDG,MG,450,Madagascar,AFR,2004,18606601,231,125,566,43000,23000,105000,1.4,0.46,3,estimated
MDG,MG,450,Madagascar,AFR,2005,19159711,234,128,559,45000,24000,107000,1.8,0.59,3.7,estimated
MDG,MG,450,Madagascar,AFR,2006,19730906,236,130,552,46000,26000,109000,2.2,0.73,4.5,estimated
MDG,MG,450,Madagascar,AFR,2007,20318586,236,131,545,48000,27000,111000,2.6,0.88,5.3,estimated
MDG,MG,450,Madagascar,AFR,2008,20923847,236,132,538,49000,28000,113000,3,1,6.1,estimated
MDG,MG,450,Madagascar,AFR,2009,21547281,235,132,530,51000,28000,114000,3.5,1.2,7,estimated
MDG,MG,450,Madagascar,AFR,2010,22183334,233,131,523,52000,29000,116000,0.55,0.4,0.73,estimated
MDG,MG,450,Madagascar,AFR,2011,22822308,230,129,516,52000,30000,118000,3.9,3,4.9,estimated
MDG,MG,450,Madagascar,AFR,2012,23462446,227,128,508,53000,30000,119000,4.8,1.7,9.6,estimated
MDG,MG,450,Madagascar,AFR,2013,24109289,225,128,494,54000,31000,119000,5.3,4,6.6,estimated
MDG,MG,450,Madagascar,AFR,2014,24764345,221,128,476,55000,32000,118000,5.2,4,6.5,estimated
MDG,MG,450,Madagascar,AFR,2015,25426698,219,127,461,56000,32000,117000,5.4,1.9,11,estimated
MDG,MG,450,Madagascar,AFR,2016,26099949,217,128,446,57000,33000,116000,5.5,2,11,estimated
MDG,MG,450,Madagascar,AFR,2017,26788373,215,128,432,57000,34000,116000,5.7,2,11,estimated
MDG,MG,450,Madagascar,AFR,2018,27494919,214,129,421,59000,35000,116000,3.3,2.6,4.2,estimated
MDG,MG,450,Madagascar,AFR,2019,28219565,214,130,415,60000,37000,117000,2.7,2,3.4,estimated
MDG,MG,450,Madagascar,AFR,2020,28953557,214,131,411,62000,38000,119000,3.5,2.7,4.4,estimated
MDG,MG,450,Madagascar,AFR,2021,29691079,216,133,410,64000,39000,122000,3.5,2.7,4.5,estimated
MDG,MG,450,Madagascar,AFR,2022,30437261,218,134,412,66000,41000,125000,3.5,2.7,4.5,estimated
MDG,MG,450,Madagascar,AFR,2023,31195929,220,136,417,69000,42000,130000,6.5,4.9,8.3,estimated
MDG,MG,450,Madagascar,AFR,2024,31964951,224,138,424,72000,44000,136000,8.4,6.4,11,estimated
MDV,MV,462,Maldives,SEA,2000,282019,139,113,167,390,320,470,0.17,0.05,0.35,estimated
MDV,MV,462,Maldives,SEA,2001,286771,141,115,170,400,330,490,0.14,0.04,0.29,estimated
MDV,MV,462,Maldives,SEA,2002,291623,122,99,147,360,290,430,0.1,0.03,0.22,estimated
MDV,MV,462,Maldives,SEA,2003,296490,129,105,156,380,310,460,0,0,0,estimated
MDV,MV,462,Maldives,SEA,2004,301407,108,88,131,330,270,390,0.08,0.02,0.17,estimated
MDV,MV,462,Maldives,SEA,2005,306428,107,87,129,330,270,400,0.09,0.03,0.18,estimated
MDV,MV,462,Maldives,SEA,2006,313849,78,63,94,240,200,290,0.07,0.02,0.14,estimated
MDV,MV,462,Maldives,SEA,2007,324477,89,72,107,290,230,350,0.09,0.03,0.18,estimated
MDV,MV,462,Maldives,SEA,2008,336167,75,61,91,250,210,310,0.08,0.02,0.17,estimated
MDV,MV,462,Maldives,SEA,2009,348278,57,46,68,200,160,240,0.06,0.02,0.14,estimated
MDV,MV,462,Maldives,SEA,2010,360792,49,40,59,180,140,210,0.06,0.02,0.12,estimated
MDV,MV,462,Maldives,SEA,2011,373673,42,34,50,160,130,190,0.05,0.02,0.11,estimated
MDV,MV,462,Maldives,SEA,2012,386818,49,40,59,190,160,230,0.07,0.02,0.14,estimated
MDV,MV,462,Maldives,SEA,2013,400070,48,39,58,190,160,230,0,0,0,estimated
MDV,MV,462,Maldives,SEA,2014,413614,50,41,60,210,170,250,0,0,0,estimated
MDV,MV,462,Maldives,SEA,2015,428160,57,46,69,240,200,290,0,0,0,estimated
MDV,MV,462,Maldives,SEA,2016,443311,57,46,69,250,210,300,0.34,0,1.7,estimated
MDV,MV,462,Maldives,SEA,2017,458285,42,34,50,190,160,230,0,0,0,estimated
MDV,MV,462,Maldives,SEA,2018,473093,43,35,51,200,160,240,0.31,0,1.5,estimated
MDV,MV,462,Maldives,SEA,2019,487726,48,39,58,230,190,280,0,0,0,estimated
MDV,MV,462,Maldives,SEA,2020,502117,33,27,40,170,140,200,0,0,0,estimated
MDV,MV,462,Maldives,SEA,2021,516163,27,22,33,140,110,170,0,0,0,estimated
MDV,MV,462,Maldives,SEA,2022,524106,34,28,41,180,150,220,0,0,0,estimated
MDV,MV,462,Maldives,SEA,2023,525988,36,29,43,190,150,230,0,0,0,estimated
MDV,MV,462,Maldives,SEA,2024,527794,40,32,48,210,170,250,0,0,0,estimated
MEX,MX,484,Mexico,AMR,2000,98625553,37,30,44,36000,30000,44000,2.4,0.89,4.7,estimated
MEX,MX,484,Mexico,AMR,2001,100099100,36,29,44,36000,30000,44000,2,0.75,4,estimated
MEX,MX,484,Mexico,AMR,2002,101548624,33,27,40,33000,27000,40000,1.7,0.61,3.2,estimated
MEX,MX,484,Mexico,AMR,2003,102978521,34,28,41,35000,29000,42000,1.6,0.59,3.1,estimated
MEX,MX,484,Mexico,AMR,2004,104394130,26,21,31,27000,22000,33000,1.2,0.44,2.3,estimated
MEX,MX,484,Mexico,AMR,2005,105811498,31,25,37,32000,26000,39000,1.5,0.55,2.9,estimated
MEX,MX,484,Mexico,AMR,2006,107253666,29,23,35,31000,25000,37000,1.5,0.56,3,estimated
MEX,MX,484,Mexico,AMR,2007,108774358,28,23,34,31000,25000,37000,1.6,0.6,3.1,estimated
MEX,MX,484,Mexico,AMR,2008,110374280,28,23,34,31000,25000,37000,1.6,0.6,3.2,estimated
MEX,MX,484,Mexico,AMR,2009,111999728,27,22,33,31000,25000,37000,1.4,0.97,1.8,estimated
MEX,MX,484,Mexico,AMR,2010,113623900,28,23,34,32000,26000,38000,1.4,0.99,1.9,estimated
MEX,MX,484,Mexico,AMR,2011,115243495,27,22,32,31000,25000,37000,1.6,0.6,3.1,estimated
MEX,MX,484,Mexico,AMR,2012,116818202,26,21,32,31000,25000,37000,2.1,1.6,2.8,estimated
MEX,MX,484,Mexico,AMR,2013,118343576,26,21,31,30000,25000,37000,1.9,1.4,2.5,estimated
MEX,MX,484,Mexico,AMR,2014,119784258,25,21,30,30000,25000,36000,1.8,1.3,2.3,estimated
MEX,MX,484,Mexico,AMR,2015,121072295,25,20,30,30000,25000,36000,2.8,2.1,3.7,estimated
MEX,MX,484,Mexico,AMR,2016,122251354,25,20,30,31000,25000,37000,3.2,2.4,4.1,estimated
MEX,MX,484,Mexico,AMR,2017,123400050,25,21,31,31000,25000,38000,3.1,2.3,4,estimated
MEX,MX,484,Mexico,AMR,2018,124573705,26,21,31,32000,26000,38000,2.5,1.8,3.2,estimated
MEX,MX,484,Mexico,AMR,2019,125762984,26,21,31,32000,26000,39000,3.1,2.3,4,estimated
MEX,MX,484,Mexico,AMR,2020,126799056,26,21,32,33000,27000,40000,3.3,2.5,4.3,estimated
MEX,MX,484,Mexico,AMR,2021,127648145,27,22,32,34000,28000,41000,3.4,2.5,4.4,estimated
MEX,MX,484,Mexico,AMR,2022,128613122,27,22,33,35000,28000,42000,3.4,2.5,4.4,estimated
MEX,MX,484,Mexico,AMR,2023,129739759,28,22,33,36000,29000,43000,3.1,2.3,4.1,estimated
MEX,MX,484,Mexico,AMR,2024,130861014,28,23,34,37000,30000,44000,3.4,2.5,4.4,estimated
MHL,MH,584,Marshall Islands,WPR,2000,50706,190,155,229,96,78,120,0,0,0,estimated
MHL,MH,584,Marshall Islands,WPR,2001,51123,304,248,367,160,130,190,0,0,0,estimated
MHL,MH,584,Marshall Islands,WPR,2002,51422,270,220,326,140,110,170,0,0,0,estimated
MHL,MH,584,Marshall Islands,WPR,2003,51635,311,253,375,160,130,190,0,0,0,estimated
MHL,MH,584,Marshall Islands,WPR,2004,51797,594,483,716,310,250,370,0,0,0,estimated
MHL,MH,584,Marshall Islands,WPR,2005,51904,552,449,666,290,230,350,0,0,0,estimated
MHL,MH,584,Marshall Islands,WPR,2006,51987,643,523,775,330,270,400,0,0,0,estimated
MHL,MH,584,Marshall Islands,WPR,2007,52034,683,556,824,360,290,430,0,0,0,estimated
MHL,MH,584,Marshall Islands,WPR,2008,52032,508,413,612,260,220,320,0,0,0,estimated
MHL,MH,584,Marshall Islands,WPR,2009,52015,541,440,652,280,230,340,11,1.3,31,estimated
MHL,MH,584,Marshall Islands,WPR,2010,52044,700,570,844,360,300,440,0,0,0,estimated
MHL,MH,584,Marshall Islands,WPR,2011,51914,498,405,601,260,210,310,0,0,0,estimated
MHL,MH,584,Marshall Islands,WPR,2012,51424,517,421,624,270,220,320,0,0,0,estimated
MHL,MH,584,Marshall Islands,WPR,2013,50676,532,433,641,270,220,330,4.7,0.07,18,estimated
MHL,MH,584,Marshall Islands,WPR,2014,49796,509,414,614,250,210,310,0,0,0,estimated
MHL,MH,584,Marshall Islands,WPR,2015,48805,498,405,600,240,200,290,0,0,0,estimated
MHL,MH,584,Marshall Islands,WPR,2016,47711,649,528,782,310,250,370,0,0,0,estimated
MHL,MH,584,Marshall Islands,WPR,2017,46535,745,606,898,350,280,420,0,0,0,estimated
MHL,MH,584,Marshall Islands,WPR,2018,45284,1610,1310,1940,730,590,880,0,0,0,estimated
MHL,MH,584,Marshall Islands,WPR,2019,44003,877,713,1060,390,310,460,3.9,0,19,estimated
MHL,MH,584,Marshall Islands,WPR,2020,42705,581,473,700,250,200,300,0,0,0,estimated
MHL,MH,584,Marshall Islands,WPR,2021,41359,478,389,576,200,160,240,0,0,0,estimated
MHL,MH,584,Marshall Islands,WPR,2022,40070,427,347,514,170,140,210,0,0,0,estimated
MHL,MH,584,Marshall Islands,WPR,2023,38833,928,755,1120,360,290,430,0,0,0,estimated
MHL,MH,584,Marshall Islands,WPR,2024,37545,411,334,495,150,130,190,0,0,0,estimated
MKD,MK,807,North Macedonia,EUR,2000,2057256,59,48,71,1200,980,1500,0.05,0.02,0.1,estimated
MKD,MK,807,North Macedonia,EUR,2001,2066297,59,48,71,1200,990,1500,0.05,0.02,0.09,estimated
MKD,MK,807,North Macedonia,EUR,2002,2074484,62,51,75,1300,1000,1600,0.05,0.02,0.09,estimated
MKD,MK,807,North Macedonia,EUR,2003,2081408,63,51,76,1300,1100,1600,0.05,0.02,0.1,estimated
MKD,MK,807,North Macedonia,EUR,2004,2086576,58,47,70,1200,980,1500,0.05,0.02,0.11,estimated
MKD,MK,807,North Macedonia,EUR,2005,2089809,54,44,65,1100,910,1400,0.06,0.02,0.12,estimated
MKD,MK,807,North Macedonia,EUR,2006,2089229,49,40,59,1000,830,1200,0.07,0.02,0.13,estimated
MKD,MK,807,North Macedonia,EUR,2007,2081973,45,36,54,930,760,1100,0.07,0.02,0.14,estimated
MKD,MK,807,North Macedonia,EUR,2008,2070842,37,30,45,770,630,930,0.07,0.02,0.14,estimated
MKD,MK,807,North Macedonia,EUR,2009,2060607,37,30,44,750,610,910,0.08,0.03,0.15,estimated
MKD,MK,807,North Macedonia,EUR,2010,2051503,30,25,37,630,510,750,0.07,0.03,0.15,estimated
MKD,MK,807,North Macedonia,EUR,2011,2040449,26,21,31,530,430,640,0.07,0.03,0.14,estimated
MKD,MK,807,North Macedonia,EUR,2012,2027289,26,21,31,530,430,640,0.08,0.03,0.16,estimated
MKD,MK,807,North Macedonia,EUR,2013,2013273,23,19,28,470,380,570,0,0,0,estimated
MKD,MK,807,North Macedonia,EUR,2014,1997843,20,17,25,410,330,490,0.12,0,0.47,estimated
MKD,MK,807,North Macedonia,EUR,2015,1980369,20,16,24,390,320,480,0,0,0,estimated
MKD,MK,807,North Macedonia,EUR,2016,1961260,18,15,22,360,300,440,0,0,0,estimated
MKD,MK,807,North Macedonia,EUR,2017,1940877,15,12,18,290,240,350,0,0,0,estimated
MKD,MK,807,North Macedonia,EUR,2018,1919728,15,13,19,300,240,360,0.07,0.02,0.14,estimated
MKD,MK,807,North Macedonia,EUR,2019,1897639,14,12,17,270,220,330,0.09,0,0.37,estimated
MKD,MK,807,North Macedonia,EUR,2020,1872021,10,8.3,12,190,160,230,0.07,0,0.27,estimated
MKD,MK,807,North Macedonia,EUR,2021,1851108,10,8.3,12,190,150,230,0.07,0,0.27,estimated
MKD,MK,807,North Macedonia,EUR,2022,1840235,10,8.4,12,190,160,230,0.07,0,0.27,estimated
MKD,MK,807,North Macedonia,EUR,2023,1831803,11,9.2,14,210,170,250,0.07,0,0.29,estimated
MKD,MK,807,North Macedonia,EUR,2024,1823010,11,9.2,14,210,170,250,0.07,0,0.29,estimated
MLI,ML,466,Mali,AFR,2000,11559292,76,39,210,8800,4500,24000,25,9.7,48,estimated
MLI,ML,466,Mali,AFR,2001,11912159,77,40,203,9200,4800,24000,22,8.4,42,estimated
MLI,ML,466,Mali,AFR,2002,12288046,78,42,196,9600,5100,24000,19,7.3,37,estimated
MLI,ML,466,Mali,AFR,2003,12684953,79,43,190,10000,5400,24000,17,6.5,33,estimated
MLI,ML,466,Mali,AFR,2004,13102412,79,44,184,10000,5700,24000,16,6,31,estimated
MLI,ML,466,Mali,AFR,2005,13538649,79,44,179,11000,6000,24000,16,6,31,estimated
MLI,ML,466,Mali,AFR,2006,13990136,78,45,173,11000,6200,24000,16,6.2,31,estimated
MLI,ML,466,Mali,AFR,2007,14457773,78,44,168,11000,6400,24000,12,4.9,23,estimated
MLI,ML,466,Mali,AFR,2008,14940782,76,44,163,11000,6600,24000,16,6,30,estimated
MLI,ML,466,Mali,AFR,2009,15435539,75,43,158,12000,6700,24000,12,4.5,23,estimated
MLI,ML,466,Mali,AFR,2010,15945194,73,42,153,12000,6800,24000,12,6.7,18,estimated
MLI,ML,466,Mali,AFR,2011,16469045,70,41,149,12000,6700,24000,13,4.5,26,estimated
MLI,ML,466,Mali,AFR,2012,16957027,68,40,144,12000,6700,24000,4.9,2.7,7.8,estimated
MLI,ML,466,Mali,AFR,2013,17459614,66,39,139,12000,6800,24000,11,3.7,23,estimated
MLI,ML,466,Mali,AFR,2014,18020259,64,38,133,12000,6800,24000,9.9,3.2,20,estimated
MLI,ML,466,Mali,AFR,2015,18593023,63,37,128,12000,6900,24000,8.8,2.7,18,estimated
MLI,ML,466,Mali,AFR,2016,19191285,61,37,124,12000,7000,24000,7.9,2.4,17,estimated
MLI,ML,466,Mali,AFR,2017,19813015,60,36,119,12000,7100,24000,6.4,3.3,11,estimated
MLI,ML,466,Mali,AFR,2018,20442026,59,36,115,12000,7300,23000,5.9,2.9,10,estimated
MLI,ML,466,Mali,AFR,2019,21068404,57,35,111,12000,7300,23000,5.6,2.7,9.5,estimated
MLI,ML,466,Mali,AFR,2020,21713837,56,34,108,12000,7400,23000,5.2,2.5,8.9,estimated
MLI,ML,466,Mali,AFR,2021,22388629,54,33,104,12000,7500,23000,4.7,2,8.4,estimated
MLI,ML,466,Mali,AFR,2022,23072639,53,33,102,12000,7500,23000,4.7,2,8.5,estimated
MLI,ML,466,Mali,AFR,2023,23769129,52,32,99,12000,7600,24000,3.4,1.3,6.5,estimated
MLI,ML,466,Mali,AFR,2024,24478588,51,31,97,12000,7600,24000,3,1.1,5.7,estimated
MLT,MT,470,Malta,EUR,2000,399896,4,3.3,4.8,16,13,19,,,,estimated
MLT,MT,470,Malta,EUR,2001,402784,4,3.2,4.8,16,13,19,,,,estimated
MLT,MT,470,Malta,EUR,2002,405567,5.9,4.8,7.1,24,20,29,,,,estimated
MLT,MT,470,Malta,EUR,2003,408231,1.7,1.4,2.1,7,6,8,,,,estimated
MLT,MT,470,Malta,EUR,2004,410798,4.4,3.6,5.3,18,15,22,,,,estimated
MLT,MT,470,Malta,EUR,2005,413321,5.3,4.3,6.4,22,18,27,,,,estimated
MLT,MT,470,Malta,EUR,2006,415452,7.2,5.9,8.7,30,24,36,,,,estimated
MLT,MT,470,Malta,EUR,2007,417200,9.1,7.4,11,38,31,46,,,,estimated
MLT,MT,470,Malta,EUR,2008,418978,11,9.3,14,48,39,58,,,,estimated
MLT,MT,470,Malta,EUR,2009,420793,10,8.1,12,42,34,51,,,,estimated
MLT,MT,470,Malta,EUR,2010,422659,6.9,5.6,8.3,29,24,35,,,,estimated
MLT,MT,470,Malta,EUR,2011,424627,7.1,5.7,8.5,30,24,36,,,,estimated
MLT,MT,470,Malta,EUR,2012,426606,9.8,8,12,42,34,51,,,,estimated
MLT,MT,470,Malta,EUR,2013,428448,12,9.5,14,50,41,60,,,,estimated
MLT,MT,470,Malta,EUR,2014,434490,10,8.4,12,45,37,54,,,,estimated
MLT,MT,470,Malta,EUR,2015,444986,7.2,5.9,8.7,32,26,39,,,,estimated
MLT,MT,470,Malta,EUR,2016,455274,11,8.9,13,50,41,60,,,,estimated
MLT,MT,470,Malta,EUR,2017,467897,9,7.3,11,42,34,51,,,,estimated
MLT,MT,470,Malta,EUR,2018,484555,11,9.2,14,55,45,66,,,,estimated
MLT,MT,470,Malta,EUR,2019,504010,19,16,23,98,80,120,,,,estimated
MLT,MT,470,Malta,EUR,2020,518203,27,22,33,140,110,170,,,,estimated
MLT,MT,470,Malta,EUR,2021,524376,10,8.4,12,54,44,65,,,,estimated
MLT,MT,470,Malta,EUR,2022,528194,11,9.2,14,60,49,72,,,,estimated
MLT,MT,470,Malta,EUR,2023,532959,13,10,15,68,55,82,,,,estimated
MLT,MT,470,Malta,EUR,2024,539598,15,12,18,82,67,99,,,,estimated
MMR,MM,104,Myanmar,SEA,2000,45290828,555,194,1100,252000,88000,500000,77,16,184,estimated
MMR,MM,104,Myanmar,SEA,2001,45771142,555,195,1100,254000,89000,503000,68,14,164,estimated
MMR,MM,104,Myanmar,SEA,2002,46232661,554,196,1090,256000,91000,505000,63,13,151,estimated
MMR,MM,104,Myanmar,SEA,2003,46667190,552,197,1080,257000,92000,506000,60,12,145,estimated
MMR,MM,104,Myanmar,SEA,2004,47068767,549,198,1070,258000,93000,505000,60,12,143,estimated
MMR,MM,104,Myanmar,SEA,2005,47438364,545,198,1060,258000,94000,504000,62,13,149,estimated
MMR,MM,104,Myanmar,SEA,2006,47785129,540,198,1050,258000,95000,502000,59,21,117,estimated
MMR,MM,104,Myanmar,SEA,2007,48125036,535,198,1040,257000,95000,499000,58,21,115,estimated
MMR,MM,104,Myanmar,SEA,2008,48390797,530,197,1020,256000,95000,495000,58,21,115,estimated
MMR,MM,104,Myanmar,SEA,2009,48660461,525,197,1010,255000,96000,491000,58,21,113,estimated
MMR,MM,104,Myanmar,SEA,2010,49024388,500,205,923,245000,100000,453000,52,20,98,estimated
MMR,MM,104,Myanmar,SEA,2011,49419821,476,211,846,235000,104000,418000,47,20,86,estimated
MMR,MM,104,Myanmar,SEA,2012,49837443,453,215,777,226000,107000,387000,44,20,77,estimated
MMR,MM,104,Myanmar,SEA,2013,50262659,431,218,715,217000,110000,359000,40,19,68,estimated
MMR,MM,104,Myanmar,SEA,2014,50681635,411,220,659,208000,112000,334000,44,13,94,estimated
MMR,MM,104,Myanmar,SEA,2015,51089060,391,221,609,200000,113000,311000,35,19,56,estimated
MMR,MM,104,Myanmar,SEA,2016,51495694,372,221,563,192000,114000,290000,35,20,55,estimated
MMR,MM,104,Myanmar,SEA,2017,51894933,355,219,522,184000,114000,271000,31,18,47,estimated
MMR,MM,104,Myanmar,SEA,2018,52272235,338,217,484,177000,113000,253000,29,17,43,estimated
MMR,MM,104,Myanmar,SEA,2019,52640716,322,212,454,169000,111000,239000,25,16,37,estimated
MMR,MM,104,Myanmar,SEA,2020,53016515,316,210,448,167000,111000,238000,27,17,39,estimated
MMR,MM,104,Myanmar,SEA,2021,53387099,353,233,515,188000,124000,275000,25,15,38,estimated
MMR,MM,104,Myanmar,SEA,2022,53756792,434,278,666,233000,149000,358000,26,15,40,estimated
MMR,MM,104,Myanmar,SEA,2023,54133801,482,305,747,261000,165000,404000,32,18,50,estimated
MMR,MM,104,Myanmar,SEA,2024,54500093,482,307,742,263000,167000,404000,30,17,46,estimated
MNE,ME,499,Montenegro,EUR,2005,634046,41,33,49,260,210,310,0.22,0.04,0.56,estimated
MNE,ME,499,Montenegro,EUR,2006,633872,43,35,52,270,220,330,0.27,0.05,0.68,estimated
MNE,ME,499,Montenegro,EUR,2007,633382,38,31,45,240,190,290,0.26,0.04,0.66,estimated
MNE,ME,499,Montenegro,EUR,2008,632840,33,27,40,210,170,250,0.25,0.04,0.64,estimated
MNE,ME,499,Montenegro,EUR,2009,632436,29,23,34,180,150,220,0,0,0,estimated
MNE,ME,499,Montenegro,EUR,2010,632086,27,22,33,170,140,210,0.32,0.01,1.3,estimated
MNE,ME,499,Montenegro,EUR,2011,632684,27,22,32,170,140,210,0,0,0,estimated
MNE,ME,499,Montenegro,EUR,2012,633538,24,19,29,150,120,180,0,0,0,estimated
MNE,ME,499,Montenegro,EUR,2013,633200,29,23,34,180,150,220,0.58,0.06,1.7,estimated
MNE,ME,499,Montenegro,EUR,2014,631377,27,22,32,170,140,200,0,0,0,estimated
MNE,ME,499,Montenegro,EUR,2015,628145,19,15,23,120,97,140,0.26,0,1.2,estimated
MNE,ME,499,Montenegro,EUR,2016,624247,20,17,25,130,100,150,0,0,0,estimated
MNE,ME,499,Montenegro,EUR,2017,620114,17,14,21,110,87,130,0,0,0,estimated
MNE,ME,499,Montenegro,EUR,2018,615795,19,16,23,120,97,140,0.23,0.05,0.55,estimated
MNE,ME,499,Montenegro,EUR,2019,611673,18,15,22,110,91,140,0,0,0,estimated
MNE,ME,499,Montenegro,EUR,2020,607936,18,14,21,110,86,130,0,0,0,estimated
MNE,ME,499,Montenegro,EUR,2021,603847,17,14,21,100,83,130,0,0,0,estimated
MNE,ME,499,Montenegro,EUR,2022,614641,17,14,21,100,83,130,0.51,0.04,1.6,estimated
MNE,ME,499,Montenegro,EUR,2023,633551,17,13,21,110,84,130,0.54,0.03,1.8,estimated
MNE,ME,499,Montenegro,EUR,2024,638476,16,13,20,100,83,130,0,0,0,estimated
MNG,MN,496,Mongolia,WPR,2000,2455177,428,220,703,11000,5400,17000,0.31,0.08,0.7,estimated
MNG,MN,496,Mongolia,WPR,2001,2477704,428,220,703,11000,5500,17000,0.39,0.1,0.87,estimated
MNG,MN,496,Mongolia,WPR,2002,2500082,428,220,703,11000,5500,18000,0.51,0.13,1.1,estimated
MNG,MN,496,Mongolia,WPR,2003,2521803,428,220,703,11000,5600,18000,0.67,0.17,1.5,estimated
MNG,MN,496,Mongolia,WPR,2004,2542803,428,220,703,11000,5600,18000,0.85,0.22,1.9,estimated
MNG,MN,496,Mongolia,WPR,2005,2563467,428,220,703,11000,5600,18000,1.1,0.28,2.4,estimated
MNG,MN,496,Mongolia,WPR,2006,2584756,428,220,703,11000,5700,18000,1.3,0.33,2.9,estimated
MNG,MN,496,Mongolia,WPR,2007,2607960,428,220,703,11000,5700,18000,0.64,0.31,1.1,estimated
MNG,MN,496,Mongolia,WPR,2008,2634410,428,220,703,11000,5800,19000,0.64,0.31,1.1,estimated
MNG,MN,496,Mongolia,WPR,2009,2665327,428,220,703,11000,5900,19000,0,0,0,estimated
MNG,MN,496,Mongolia,WPR,2010,2701736,428,220,703,12000,6000,19000,0.2,0.01,0.7,estimated
MNG,MN,496,Mongolia,WPR,2011,2745182,428,220,703,12000,6000,19000,0.36,0.04,1,estimated
MNG,MN,496,Mongolia,WPR,2012,2795464,428,220,703,12000,6200,20000,0.49,0.08,1.3,estimated
MNG,MN,496,Mongolia,WPR,2013,2851879,428,220,703,12000,6300,20000,0.59,0.13,1.4,estimated
MNG,MN,496,Mongolia,WPR,2014,2913038,428,220,703,12000,6400,20000,0.98,0.31,2,estimated
MNG,MN,496,Mongolia,WPR,2015,2976533,428,220,703,13000,6600,21000,0.69,0.17,1.6,estimated
MNG,MN,496,Mongolia,WPR,2016,3040815,428,220,703,13000,6700,21000,1,0.33,2.1,estimated
MNG,MN,496,Mongolia,WPR,2017,3104363,428,220,703,13000,6800,22000,0.79,0.21,1.8,estimated
MNG,MN,496,Mongolia,WPR,2018,3167705,428,220,703,14000,7000,22000,0.48,0.08,1.2,estimated
MNG,MN,496,Mongolia,WPR,2019,3232109,428,220,703,14000,7100,23000,0.52,0.1,1.3,estimated
MNG,MN,496,Mongolia,WPR,2020,3290785,418,215,690,14000,7100,23000,0.5,0.08,1.3,estimated
MNG,MN,496,Mongolia,WPR,2021,3339678,421,219,689,14000,7300,23000,0.39,0.02,1.3,estimated
MNG,MN,496,Mongolia,WPR,2022,3386010,440,235,706,15000,8000,24000,0,0,0,estimated
MNG,MN,496,Mongolia,WPR,2023,3431928,448,243,713,15000,8300,24000,0.49,0.06,1.4,estimated
MNG,MN,496,Mongolia,WPR,2024,3475537,446,240,713,16000,8400,25000,0.33,0.01,1.1,estimated
MNP,MP,580,Northern Mariana Islands,WPR,2000,68354,264,215,318,180,150,220,0,0,0,estimated
MNP,MP,580,Northern Mariana Islands,WPR,2001,67989,200,163,241,140,110,160,0,0,0,estimated
MNP,MP,580,Northern Mariana Islands,WPR,2002,66778,182,148,219,120,99,150,0,0,0,estimated
MNP,MP,580,Northern Mariana Islands,WPR,2003,65421,154,125,185,100,82,120,0,0,0,estimated
MNP,MP,580,Northern Mariana Islands,WPR,2004,63934,181,147,218,120,94,140,0,0,0,estimated
MNP,MP,580,Northern Mariana Islands,WPR,2005,62351,195,159,235,120,99,150,0,0,0,estimated
MNP,MP,580,Northern Mariana Islands,WPR,2006,60689,172,140,208,100,85,130,0,0,0,estimated
MNP,MP,580,Northern Mariana Islands,WPR,2007,58950,147,120,177,87,71,100,0,0,0,estimated
MNP,MP,580,Northern Mariana Islands,WPR,2008,57145,93,76,112,53,43,64,0,0,0,estimated
MNP,MP,580,Northern Mariana Islands,WPR,2009,55312,126,102,151,69,57,84,0,0,0,estimated
MNP,MP,580,Northern Mariana Islands,WPR,2010,54097,104,85,126,56,46,68,0,0,0,estimated
MNP,MP,580,Northern Mariana Islands,WPR,2011,53605,107,87,128,57,46,69,0,0,0,estimated
MNP,MP,580,Northern Mariana Islands,WPR,2012,53236,102,83,123,54,44,66,3.8,0.04,15,estimated
MNP,MP,580,Northern Mariana Islands,WPR,2013,52759,104,85,126,55,45,66,3.2,0.01,15,estimated
MNP,MP,580,Northern Mariana Islands,WPR,2014,52178,82,66,98,43,35,51,0,0,0,estimated
MNP,MP,580,Northern Mariana Islands,WPR,2015,51510,88,71,106,45,37,54,0,0,0,estimated
MNP,MP,580,Northern Mariana Islands,WPR,2016,50772,87,71,105,44,36,54,0,0,0,estimated
MNP,MP,580,Northern Mariana Islands,WPR,2017,49958,128,104,154,64,52,77,0,0,0,estimated
MNP,MP,580,Northern Mariana Islands,WPR,2018,49080,149,121,180,73,60,88,3.2,0.01,15,estimated
MNP,MP,580,Northern Mariana Islands,WPR,2019,48132,164,134,198,79,64,95,0,0,0,estimated
MNP,MP,580,Northern Mariana Islands,WPR,2020,47529,133,108,161,63,52,76,0,0,0,estimated
MNP,MP,580,Northern Mariana Islands,WPR,2021,46977,115,93,138,54,44,65,3.3,0.01,16,estimated
MNP,MP,580,Northern Mariana Islands,WPR,2022,46076,77,63,93,35,29,43,0,0,0,estimated
MNP,MP,580,Northern Mariana Islands,WPR,2023,45150,75,61,90,34,28,41,0,0,0,estimated
MNP,MP,580,Northern Mariana Islands,WPR,2024,44279,35,28,42,15,13,19,0,0,0,estimated
MOZ,MZ,508,Mozambique,AFR,2000,18129657,336,215,484,61000,39000,88000,222,126,345,estimated
MOZ,MZ,508,Mozambique,AFR,2001,18537725,338,216,486,63000,40000,90000,211,117,332,estimated
MOZ,MZ,508,Mozambique,AFR,2002,18958331,339,216,488,64000,41000,93000,204,111,324,estimated
MOZ,MZ,508,Mozambique,AFR,2003,19392474,339,216,490,66000,42000,95000,201,109,322,estimated
MOZ,MZ,508,Mozambique,AFR,2004,19840315,341,217,492,68000,43000,98000,202,109,324,estimated
MOZ,MZ,508,Mozambique,AFR,2005,20304568,342,217,496,70000,44000,101000,209,114,332,estimated
MOZ,MZ,508,Mozambique,AFR,2006,20787084,345,218,500,72000,45000,104000,217,119,343,estimated
MOZ,MZ,508,Mozambique,AFR,2007,21287636,348,219,506,74000,47000,108000,165,98,249,estimated
MOZ,MZ,508,Mozambique,AFR,2008,21819033,351,220,512,77000,48000,112000,211,125,319,estimated
MOZ,MZ,508,Mozambique,AFR,2009,22391742,354,221,518,79000,49000,116000,233,137,354,estimated
MOZ,MZ,508,Mozambique,AFR,2010,22999236,357,222,524,82000,51000,120000,216,127,329,estimated
MOZ,MZ,508,Mozambique,AFR,2011,23649039,359,222,529,85000,53000,125000,221,129,337,estimated
MOZ,MZ,508,Mozambique,AFR,2012,24337854,361,223,532,88000,54000,129000,211,123,322,estimated
MOZ,MZ,508,Mozambique,AFR,2013,25051612,361,223,532,90000,56000,133000,194,113,296,estimated
MOZ,MZ,508,Mozambique,AFR,2014,25788478,361,223,532,93000,57000,137000,189,110,289,estimated
MOZ,MZ,508,Mozambique,AFR,2015,26547571,361,223,532,96000,59000,141000,186,108,284,estimated
MOZ,MZ,508,Mozambique,AFR,2016,27337101,361,223,532,99000,61000,145000,160,93,244,estimated
MOZ,MZ,508,Mozambique,AFR,2017,28166390,361,223,532,102000,63000,150000,145,85,221,estimated
MOZ,MZ,508,Mozambique,AFR,2018,29018644,361,223,532,105000,65000,154000,129,75,197,estimated
MOZ,MZ,508,Mozambique,AFR,2019,29884382,361,223,532,108000,67000,159000,122,71,187,estimated
MOZ,MZ,508,Mozambique,AFR,2020,30783693,361,220,537,111000,68000,165000,99,57,153,estimated
MOZ,MZ,508,Mozambique,AFR,2021,31707807,361,220,537,114000,70000,170000,90,52,138,estimated
MOZ,MZ,508,Mozambique,AFR,2022,32656245,361,220,537,118000,72000,175000,92,53,142,estimated
MOZ,MZ,508,Mozambique,AFR,2023,33635160,361,220,537,121000,74000,181000,83,48,128,estimated
MOZ,MZ,508,Mozambique,AFR,2024,34631768,361,220,537,125000,76000,186000,85,49,131,estimated
MRT,MR,478,Mauritania,AFR,2000,2613443,229,118,613,6000,3100,16000,26,10,48,estimated
MRT,MR,478,Mauritania,AFR,2001,2678760,224,118,576,6000,3200,15000,22,8.5,41,estimated
MRT,MR,478,Mauritania,AFR,2002,2738648,217,117,541,5900,3200,15000,19,7.3,36,estimated
MRT,MR,478,Mauritania,AFR,2003,2802053,210,115,507,5900,3200,14000,11,8.3,14,estimated
MRT,MR,478,Mauritania,AFR,2004,2868670,203,112,475,5800,3200,14000,16,6.1,30,estimated
MRT,MR,478,Mauritania,AFR,2005,2939054,195,109,444,5700,3200,13000,16,6,30,estimated
MRT,MR,478,Mauritania,AFR,2006,3013668,186,105,415,5600,3200,13000,16,6.1,30,estimated
MRT,MR,478,Mauritania,AFR,2007,3093061,176,100,386,5500,3100,12000,15,6,29,estimated
MRT,MR,478,Mauritania,AFR,2008,3183267,165,95,359,5300,3000,11000,8.6,6.4,11,estimated
MRT,MR,478,Mauritania,AFR,2009,3284451,155,89,333,5100,2900,11000,13,4.9,25,estimated
MRT,MR,478,Mauritania,AFR,2010,3390965,145,84,310,4900,2800,11000,11,4.2,22,estimated
MRT,MR,478,Mauritania,AFR,2011,3502812,134,77,290,4700,2700,10000,10,3.8,20,estimated
MRT,MR,478,Mauritania,AFR,2012,3619024,125,72,270,4500,2600,9800,9.1,3.3,18,estimated
MRT,MR,478,Mauritania,AFR,2013,3734319,118,68,252,4400,2600,9400,8,2.8,16,estimated
MRT,MR,478,Mauritania,AFR,2014,3848514,112,65,236,4300,2500,9100,6.8,2.4,13,estimated
MRT,MR,478,Mauritania,AFR,2015,3965959,107,63,221,4200,2500,8800,5.7,1.9,11,estimated
MRT,MR,478,Mauritania,AFR,2016,4086647,102,60,207,4200,2500,8500,4.9,1.7,9.9,estimated
MRT,MR,478,Mauritania,AFR,2017,4210602,98,59,195,4100,2500,8200,4.3,1.4,8.6,estimated
MRT,MR,478,Mauritania,AFR,2018,4337687,94,57,184,4100,2500,8000,3.7,1.2,7.6,estimated
MRT,MR,478,Mauritania,AFR,2019,4467699,89,54,172,4000,2400,7700,3.3,1,6.7,estimated
MRT,MR,478,Mauritania,AFR,2020,4600138,84,51,161,3900,2400,7400,3.1,0.96,6.4,estimated
MRT,MR,478,Mauritania,AFR,2021,4734879,79,49,151,3800,2300,7200,2.9,0.86,6.2,estimated
MRT,MR,478,Mauritania,AFR,2022,4875641,75,46,142,3600,2200,6900,1.3,0.66,2.1,estimated
MRT,MR,478,Mauritania,AFR,2023,5022448,70,43,133,3500,2200,6700,1.8,0.85,3,estimated
MRT,MR,478,Mauritania,AFR,2024,5169393,65,40,125,3400,2100,6500,1.6,0.75,2.9,estimated
MSR,MS,500,Montserrat,AMR,2000,5022,0,0,0,0,0,0,,,,estimated
MSR,MS,500,Montserrat,AMR,2001,4592,0,0,0,0,0,0,,,,estimated
MSR,MS,500,Montserrat,AMR,2002,4471,0,0,0,0,0,0,,,,estimated
MSR,MS,500,Montserrat,AMR,2003,4488,22,18,27,1,1,1,,,,estimated
MSR,MS,500,Montserrat,AMR,2004,4512,0,0,0,0,0,0,,,,estimated
MSR,MS,500,Montserrat,AMR,2005,4543,22,18,27,1,1,1,,,,estimated
MSR,MS,500,Montserrat,AMR,2006,4583,0,0,0,0,0,0,,,,estimated
MSR,MS,500,Montserrat,AMR,2007,4627,43,35,52,2,2,2,,,,estimated
MSR,MS,500,Montserrat,AMR,2008,4673,29,23,35,1,1,2,,,,estimated
MSR,MS,500,Montserrat,AMR,2009,4734,14,12,17,1,1,1,,,,estimated
MSR,MS,500,Montserrat,AMR,2010,4791,0,0,0,0,0,0,,,,estimated
MSR,MS,500,Montserrat,AMR,2011,4823,0,0,0,0,0,0,,,,estimated
MSR,MS,500,Montserrat,AMR,2012,4797,0,0,0,0,0,0,,,,estimated
MSR,MS,500,Montserrat,AMR,2013,4751,0,0,0,0,0,0,,,,estimated
MSR,MS,500,Montserrat,AMR,2014,4709,0,0,0,0,0,0,,,,estimated
MSR,MS,500,Montserrat,AMR,2015,4669,0,0,0,0,0,0,,,,estimated
MSR,MS,500,Montserrat,AMR,2016,4636,0,0,0,0,0,0,,,,estimated
MSR,MS,500,Montserrat,AMR,2017,4600,0,0,0,0,0,0,,,,estimated
MSR,MS,500,Montserrat,AMR,2018,4571,0,0,0,0,0,0,,,,estimated
MSR,MS,500,Montserrat,AMR,2019,4546,0,0,0,0,0,0,,,,estimated
MSR,MS,500,Montserrat,AMR,2020,4503,0,0,0,0,0,0,,,,estimated
MSR,MS,500,Montserrat,AMR,2021,4479,0,0,0,0,0,0,,,,estimated
MSR,MS,500,Montserrat,AMR,2022,4458,0,0,0,0,0,0,,,,estimated
MSR,MS,500,Montserrat,AMR,2023,4424,0,0,0,0,0,0,,,,estimated
MSR,MS,500,Montserrat,AMR,2024,4387,0,0,0,0,0,0,,,,estimated
MUS,MU,480,Mauritius,AFR,2000,1216633,32,26,38,390,320,470,4.6,1.5,9.4,estimated
MUS,MU,480,Mauritius,AFR,2001,1225805,24,19,29,290,240,350,3.3,1.1,6.6,estimated
MUS,MU,480,Mauritius,AFR,2002,1234085,26,21,32,320,260,390,3.7,1.3,7.2,estimated
MUS,MU,480,Mauritius,AFR,2003,1242093,25,20,30,310,250,380,0.65,0.1,1.7,estimated
MUS,MU,480,Mauritius,AFR,2004,1249801,24,20,29,300,250,370,0.42,0.04,1.2,estimated
MUS,MU,480,Mauritius,AFR,2005,1257219,22,18,26,270,220,330,0.38,0.03,1.2,estimated
MUS,MU,480,Mauritius,AFR,2006,1263778,19,16,23,240,200,290,0.95,0.28,2,estimated
MUS,MU,480,Mauritius,AFR,2007,1269521,17,14,21,220,180,260,1.2,0.42,2.2,estimated
MUS,MU,480,Mauritius,AFR,2008,1274635,17,14,20,210,170,260,1.5,1.1,1.9,estimated
MUS,MU,480,Mauritius,AFR,2009,1278975,17,14,21,220,180,270,1,0.77,1.3,estimated
MUS,MU,480,Mauritius,AFR,2010,1282710,18,15,22,230,190,280,1.1,0.8,1.4,estimated
MUS,MU,480,Mauritius,AFR,2011,1286266,16,13,19,210,170,250,1.1,0.83,1.4,estimated
MUS,MU,480,Mauritius,AFR,2012,1289174,17,14,21,220,180,270,1.3,0.98,1.7,estimated
MUS,MU,480,Mauritius,AFR,2013,1290988,17,14,20,220,180,260,3,2.2,3.8,estimated
MUS,MU,480,Mauritius,AFR,2014,1292009,16,13,19,210,170,250,1.8,1.3,2.3,estimated
MUS,MU,480,Mauritius,AFR,2015,1292270,16,13,19,200,160,240,1.7,1.3,2.2,estimated
MUS,MU,480,Mauritius,AFR,2016,1291806,15,12,18,190,150,230,2,1.1,3.2,estimated
MUS,MU,480,Mauritius,AFR,2017,1290653,14,11,17,180,150,220,2.6,1.6,3.9,estimated
MUS,MU,480,Mauritius,AFR,2018,1288832,16,13,19,200,160,240,3.4,2.2,4.9,estimated
MUS,MU,480,Mauritius,AFR,2019,1286271,14,12,17,180,150,220,3.7,2.5,5.2,estimated
MUS,MU,480,Mauritius,AFR,2020,1283223,12,9.9,15,160,130,190,2.2,1.2,3.3,estimated
MUS,MU,480,Mauritius,AFR,2021,1279621,11,8.9,13,140,110,170,1.4,0.71,2.4,estimated
MUS,MU,480,Mauritius,AFR,2022,1276130,15,12,17,190,150,220,2.4,1.4,3.7,estimated
MUS,MU,480,Mauritius,AFR,2023,1273587,12,10,15,160,130,190,2.1,1.2,3.2,estimated
MUS,MU,480,Mauritius,AFR,2024,1271172,13,10,15,160,130,190,1.2,0.54,2.2,estimated
MWI,MW,454,Malawi,AFR,2000,11315944,386,43,1100,44000,4800,124000,306,32,880,estimated
MWI,MW,454,Malawi,AFR,2001,11593054,395,40,1140,46000,4700,132000,304,28,898,estimated
MWI,MW,454,Malawi,AFR,2002,11880448,401,39,1170,48000,4600,139000,283,26,840,estimated
MWI,MW,454,Malawi,AFR,2003,12181574,403,38,1190,49000,4700,144000,275,24,823,estimated
MWI,MW,454,Malawi,AFR,2004,12500743,402,39,1180,50000,4800,147000,268,23,803,estimated
MWI,MW,454,Malawi,AFR,2005,12840036,398,40,1160,51000,5100,149000,266,24,790,estimated
MWI,MW,454,Malawi,AFR,2006,13198699,392,41,1130,52000,5400,149000,274,27,796,estimated
MWI,MW,454,Malawi,AFR,2007,13576347,383,43,1080,52000,5900,147000,261,28,744,estimated
MWI,MW,454,Malawi,AFR,2008,13976415,371,47,1020,52000,6500,143000,234,28,652,estimated
MWI,MW,454,Malawi,AFR,2009,14395793,356,50,952,51000,7300,137000,229,31,621,estimated
MWI,MW,454,Malawi,AFR,2010,14826450,338,55,870,50000,8200,129000,260,39,686,estimated
MWI,MW,454,Malawi,AFR,2011,15265026,316,61,777,48000,9300,119000,189,35,470,estimated
MWI,MW,454,Malawi,AFR,2012,15709577,291,67,675,46000,11000,106000,173,38,407,estimated
MWI,MW,454,Malawi,AFR,2013,16161813,261,73,567,42000,12000,92000,147,39,323,estimated
MWI,MW,454,Malawi,AFR,2014,16621537,228,78,455,38000,13000,76000,123,40,249,estimated
MWI,MW,454,Malawi,AFR,2015,17085589,197,81,364,34000,14000,62000,105,41,197,estimated
MWI,MW,454,Malawi,AFR,2016,17557739,176,81,307,31000,14000,54000,92,41,165,estimated
MWI,MW,454,Malawi,AFR,2017,18039695,162,80,272,29000,14000,49000,80,38,138,estimated
MWI,MW,454,Malawi,AFR,2018,18528076,153,79,250,28000,15000,46000,74,37,125,estimated
MWI,MW,454,Malawi,AFR,2019,19025747,146,78,235,28000,15000,45000,68,35,113,estimated
MWI,MW,454,Malawi,AFR,2020,19533892,138,73,225,27000,14000,44000,62,31,103,estimated
MWI,MW,454,Malawi,AFR,2021,20047262,132,67,218,26000,13000,44000,60,29,101,estimated
MWI,MW,454,Malawi,AFR,2022,20568724,125,61,212,26000,12000,44000,61,28,105,estimated
MWI,MW,454,Malawi,AFR,2023,21104478,119,55,206,25000,12000,44000,56,25,100,estimated
MWI,MW,454,Malawi,AFR,2024,21655289,113,52,196,24000,11000,42000,49,22,87,estimated
MYS,MY,458,Malaysia,WPR,2000,22967812,152,123,183,35000,28000,42000,16,6.1,30,estimated
MYS,MY,458,Malaysia,WPR,2001,23526540,136,111,164,32000,26000,39000,12,4.6,23,estimated
MYS,MY,458,Malaysia,WPR,2002,24102474,121,98,146,29000,24000,35000,9.3,3.5,18,estimated
MYS,MY,458,Malaysia,WPR,2003,24679600,121,99,146,30000,24000,36000,10,7.4,13,estimated
MYS,MY,458,Malaysia,WPR,2004,25256772,107,87,129,27000,22000,32000,7.2,2.7,14,estimated
MYS,MY,458,Malaysia,WPR,2005,25836074,102,83,122,26000,21000,32000,13,9.5,17,estimated
MYS,MY,458,Malaysia,WPR,2006,26417912,101,82,122,27000,22000,32000,11,8.3,14,estimated
MYS,MY,458,Malaysia,WPR,2007,26998390,98,79,118,26000,21000,32000,7.5,2.9,14,estimated
MYS,MY,458,Malaysia,WPR,2008,27570061,100,81,120,27000,22000,33000,12,8.8,15,estimated
MYS,MY,458,Malaysia,WPR,2009,28124774,97,79,117,27000,22000,33000,10,7.8,14,estimated
MYS,MY,458,Malaysia,WPR,2010,28655784,100,81,120,29000,23000,34000,9.2,6.8,12,estimated
MYS,MY,458,Malaysia,WPR,2011,29162030,102,83,123,30000,24000,36000,9,6.7,12,estimated
MYS,MY,458,Malaysia,WPR,2012,29662828,108,88,131,32000,26000,39000,6.6,4.9,8.6,estimated
MYS,MY,458,Malaysia,WPR,2013,30174268,112,91,135,34000,27000,41000,8.2,6.1,11,estimated
MYS,MY,458,Malaysia,WPR,2014,30696137,110,90,133,34000,28000,41000,7.5,5.5,9.7,estimated
MYS,MY,458,Malaysia,WPR,2015,31232799,104,85,126,33000,26000,39000,5.2,3.9,6.7,estimated
MYS,MY,458,Malaysia,WPR,2016,31789694,106,86,128,34000,27000,41000,6.7,5,8.7,estimated
MYS,MY,458,Malaysia,WPR,2017,32355649,103,84,125,33000,27000,40000,6.3,4.7,8.2,estimated
MYS,MY,458,Malaysia,WPR,2018,32910965,100,82,121,33000,27000,40000,6.4,4.8,8.4,estimated
MYS,MY,458,Malaysia,WPR,2019,33440590,100,81,120,33000,27000,40000,5.9,4.4,7.7,estimated
MYS,MY,458,Malaysia,WPR,2020,33889557,99,81,119,34000,27000,40000,5.6,4.1,7.2,estimated
MYS,MY,458,Malaysia,WPR,2021,34282393,98,80,118,34000,27000,41000,4.5,3.3,5.8,estimated
MYS,MY,458,Malaysia,WPR,2022,34695492,98,79,118,34000,28000,41000,4.3,3.2,5.6,estimated
MYS,MY,458,Malaysia,WPR,2023,35126304,97,79,117,34000,28000,41000,3.9,2.9,5,estimated
MYS,MY,458,Malaysia,WPR,2024,35557672,96,78,116,34000,28000,41000,4.4,3.3,5.7,estimated
NAM,NA,516,Namibia,AFR,2000,1818651,985,469,1690,18000,8500,31000,770,350,1350,estimated
NAM,NA,516,Namibia,AFR,2001,1857048,1100,471,1990,20000,8700,37000,816,332,1510,estimated
NAM,NA,516,Namibia,AFR,2002,1889967,1190,468,2230,22000,8800,42000,846,314,1630,estimated
NAM,NA,516,Namibia,AFR,2003,1917455,1240,464,2380,24000,8900,46000,863,303,1710,estimated
NAM,NA,516,Namibia,AFR,2004,1942083,1260,462,2440,24000,9000,47000,869,298,1740,estimated
NAM,NA,516,Namibia,AFR,2005,1966573,1250,463,2410,25000,9100,47000,873,303,1740,estimated
NAM,NA,516,Namibia,AFR,2006,1991890,1210,466,2300,24000,9300,46000,864,312,1690,estimated
NAM,NA,516,Namibia,AFR,2007,2018595,1140,470,2110,23000,9500,43000,830,322,1570,estimated
NAM,NA,516,Namibia,AFR,2008,2047048,1060,471,1880,22000,9600,39000,626,265,1140,estimated
NAM,NA,516,Namibia,AFR,2009,2077400,974,468,1660,20000,9700,34000,565,259,987,estimated
NAM,NA,516,Namibia,AFR,2010,2109806,892,461,1460,19000,9700,31000,490,241,826,estimated
NAM,NA,516,Namibia,AFR,2011,2146326,815,450,1290,17000,9700,28000,405,212,659,estimated
NAM,NA,516,Namibia,AFR,2012,2194650,754,438,1150,17000,9600,25000,356,196,563,estimated
NAM,NA,516,Namibia,AFR,2013,2252503,710,427,1060,16000,9600,24000,317,181,491,estimated
NAM,NA,516,Namibia,AFR,2014,2312141,674,417,991,16000,9700,23000,296,173,451,estimated
NAM,NA,516,Namibia,AFR,2015,2374298,639,407,922,15000,9700,22000,256,154,385,estimated
NAM,NA,516,Namibia,AFR,2016,2439209,604,395,856,15000,9600,21000,230,141,339,estimated
NAM,NA,516,Namibia,AFR,2017,2506855,565,381,784,14000,9600,20000,205,130,296,estimated
NAM,NA,516,Namibia,AFR,2018,2577326,524,365,712,14000,9400,18000,182,118,259,estimated
NAM,NA,516,Namibia,AFR,2019,2650504,486,348,647,13000,9200,17000,158,105,220,estimated
NAM,NA,516,Namibia,AFR,2020,2728764,450,315,611,12000,8600,17000,143,105,184,estimated
NAM,NA,516,Namibia,AFR,2021,2810543,441,296,604,12000,8300,17000,139,99,185,estimated
NAM,NA,516,Namibia,AFR,2022,2889662,441,281,612,13000,8100,18000,137,96,185,estimated
NAM,NA,516,Namibia,AFR,2023,2963092,432,257,607,13000,7600,18000,130,92,175,estimated
NAM,NA,516,Namibia,AFR,2024,3030137,422,236,600,13000,7100,18000,126,88,171,estimated
NCL,NC,540,New Caledonia,WPR,2000,223088,101,82,122,230,180,270,,,,estimated
NCL,NC,540,New Caledonia,WPR,2001,227703,63,51,76,140,120,170,,,,estimated
NCL,NC,540,New Caledonia,WPR,2002,232228,64,52,77,150,120,180,,,,estimated
NCL,NC,540,New Caledonia,WPR,2003,236676,36,29,43,85,69,100,,,,estimated
NCL,NC,540,New Caledonia,WPR,2004,240858,55,45,67,130,110,160,,,,estimated
NCL,NC,540,New Caledonia,WPR,2005,244389,41,33,50,100,82,120,,,,estimated
NCL,NC,540,New Caledonia,WPR,2006,247542,41,34,50,100,83,120,,,,estimated
NCL,NC,540,New Caledonia,WPR,2007,250726,37,30,45,93,75,110,,,,estimated
NCL,NC,540,New Caledonia,WPR,2008,253827,37,30,45,95,77,110,,,,estimated
NCL,NC,540,New Caledonia,WPR,2009,257247,38,31,46,99,80,120,,,,estimated
NCL,NC,540,New Caledonia,WPR,2010,261581,33,27,40,86,70,100,,,,estimated
NCL,NC,540,New Caledonia,WPR,2011,266556,34,27,41,90,73,110,,,,estimated
NCL,NC,540,New Caledonia,WPR,2012,271623,24,19,29,65,53,78,,,,estimated
NCL,NC,540,New Caledonia,WPR,2013,276821,26,21,31,72,58,86,,,,estimated
NCL,NC,540,New Caledonia,WPR,2014,281229,17,14,20,48,39,57,,,,estimated
NCL,NC,540,New Caledonia,WPR,2015,283168,32,26,38,90,73,110,,,,estimated
NCL,NC,540,New Caledonia,WPR,2016,283427,21,17,26,60,49,73,,,,estimated
NCL,NC,540,New Caledonia,WPR,2017,283547,19,15,23,53,43,64,,,,estimated
NCL,NC,540,New Caledonia,WPR,2018,283546,20,17,24,58,47,69,,,,estimated
NCL,NC,540,New Caledonia,WPR,2019,283603,13,10,15,36,29,43,,,,estimated
NCL,NC,540,New Caledonia,WPR,2020,284176,23,19,28,65,53,78,,,,estimated
NCL,NC,540,New Caledonia,WPR,2021,285212,13,11,16,38,31,46,,,,estimated
NCL,NC,540,New Caledonia,WPR,2022,287111,17,14,20,48,39,58,,,,estimated
NCL,NC,540,New Caledonia,WPR,2023,289868,17,14,20,49,40,59,,,,estimated
NCL,NC,540,New Caledonia,WPR,2024,292634,18,15,22,52,43,63,,,,estimated
NER,NE,562,Niger,AFR,2000,11509627,83,41,246,9500,4700,28000,11,3.8,23,estimated
NER,NE,562,Niger,AFR,2001,11920645,94,48,261,11000,5700,31000,11,3.8,22,estimated
NER,NE,562,Niger,AFR,2002,12349144,103,54,273,13000,6700,34000,10,3.8,21,estimated
NER,NE,562,Niger,AFR,2003,12796978,112,60,282,14000,7600,36000,10,3.6,20,estimated
NER,NE,562,Niger,AFR,2004,13265832,118,64,289,16000,8500,38000,9.8,3.6,19,estimated
NER,NE,562,Niger,AFR,2005,13756196,123,68,293,17000,9300,40000,10,3.7,19,estimated
NER,NE,562,Niger,AFR,2006,14268586,127,70,295,18000,10000,42000,10,3.9,20,estimated
NER,NE,562,Niger,AFR,2007,14803609,129,72,294,19000,11000,44000,11,4,20,estimated
NER,NE,562,Niger,AFR,2008,15361908,130,73,290,20000,11000,45000,14,10,19,estimated
NER,NE,562,Niger,AFR,2009,15943670,129,73,284,21000,12000,45000,14,10,19,estimated
NER,NE,562,Niger,AFR,2010,16548826,126,72,276,21000,12000,46000,14,9.8,19,estimated
NER,NE,562,Niger,AFR,2011,17176278,122,70,266,21000,12000,46000,7.4,2.7,15,estimated
NER,NE,562,Niger,AFR,2012,17836776,117,67,254,21000,12000,45000,6.7,2.4,13,estimated
NER,NE,562,Niger,AFR,2013,18519902,111,64,239,21000,12000,44000,5.8,2,12,estimated
NER,NE,562,Niger,AFR,2014,19215911,104,61,221,20000,12000,42000,7.2,4.8,10,estimated
NER,NE,562,Niger,AFR,2015,19939497,98,58,205,20000,11000,41000,5.3,3.4,7.6,estimated
NER,NE,562,Niger,AFR,2016,20685756,93,55,190,19000,11000,39000,4.6,3,6.7,estimated
NER,NE,562,Niger,AFR,2017,21435440,88,53,176,19000,11000,38000,3.8,2.4,5.5,estimated
NER,NE,562,Niger,AFR,2018,22188074,84,51,166,19000,11000,37000,3.4,2,5,estimated
NER,NE,562,Niger,AFR,2019,22947752,82,50,159,19000,11000,36000,3,1.8,4.4,estimated
NER,NE,562,Niger,AFR,2020,23717612,81,49,155,19000,12000,37000,3,1.8,4.4,estimated
NER,NE,562,Niger,AFR,2021,24502141,80,50,153,20000,12000,37000,2.6,1.5,4,estimated
NER,NE,562,Niger,AFR,2022,25311974,81,50,154,21000,13000,39000,2.4,1.4,3.8,estimated
NER,NE,562,Niger,AFR,2023,26159867,83,51,158,22000,13000,41000,2.2,1.2,3.4,estimated
NER,NE,562,Niger,AFR,2024,27032412,86,53,164,23000,14000,44000,2,1.1,3,estimated
NGA,NG,566,Nigeria,AFR,2000,126382499,219,143,311,277000,181000,393000,63,25,117,estimated
NGA,NG,566,Nigeria,AFR,2001,129862591,219,143,311,284000,186000,404000,55,21,103,estimated
NGA,NG,566,Nigeria,AFR,2002,133471995,219,143,311,292000,191000,415000,49,19,93,estimated
NGA,NG,566,Nigeria,AFR,2003,137202652,219,143,311,301000,196000,427000,45,17,87,estimated
NGA,NG,566,Nigeria,AFR,2004,141057055,219,143,311,309000,202000,439000,43,16,84,estimated
NGA,NG,566,Nigeria,AFR,2005,145017254,219,143,311,318000,207000,451000,44,16,86,estimated
NGA,NG,566,Nigeria,AFR,2006,149077326,219,143,311,327000,213000,464000,46,17,89,estimated
NGA,NG,566,Nigeria,AFR,2007,153267261,219,143,311,336000,219000,477000,48,18,93,estimated
NGA,NG,566,Nigeria,AFR,2008,157595016,219,143,311,345000,225000,490000,60,37,88,estimated
NGA,NG,566,Nigeria,AFR,2009,162049467,219,143,311,355000,232000,504000,56,34,83,estimated
NGA,NG,566,Nigeria,AFR,2010,166642878,219,143,311,365000,238000,518000,54,33,80,estimated
NGA,NG,566,Nigeria,AFR,2011,171379591,219,143,311,375000,245000,533000,57,35,84,estimated
NGA,NG,566,Nigeria,AFR,2012,176200623,219,143,311,386000,252000,548000,51,31,76,estimated
NGA,NG,566,Nigeria,AFR,2013,181049450,219,143,311,397000,259000,563000,48,30,71,estimated
NGA,NG,566,Nigeria,AFR,2014,185896909,219,143,311,407000,266000,578000,42,26,62,estimated
NGA,NG,566,Nigeria,AFR,2015,190671881,219,143,311,418000,273000,593000,37,23,55,estimated
NGA,NG,566,Nigeria,AFR,2016,195443699,219,143,311,428000,279000,608000,34,21,51,estimated
NGA,NG,566,Nigeria,AFR,2017,200254578,219,143,311,439000,286000,623000,30,19,45,estimated
NGA,NG,566,Nigeria,AFR,2018,204938754,219,143,311,449000,293000,638000,27,16,40,estimated
NGA,NG,566,Nigeria,AFR,2019,209485642,219,143,311,459000,299000,652000,23,14,34,estimated
NGA,NG,566,Nigeria,AFR,2020,213996186,219,143,311,469000,306000,666000,17,10,24,estimated
NGA,NG,566,Nigeria,AFR,2021,218529294,219,143,311,479000,312000,680000,13,8,19,estimated
NGA,NG,566,Nigeria,AFR,2022,223150906,219,143,311,489000,319000,694000,13,7.7,19,estimated
NGA,NG,566,Nigeria,AFR,2023,227882944,219,143,311,499000,326000,709000,11,6.6,16,estimated
NGA,NG,566,Nigeria,AFR,2024,232679479,219,143,311,510000,333000,724000,11,6.5,16,estimated
NIC,NI,558,Nicaragua,AMR,2000,5022636,125,101,150,6300,5100,7500,4.5,1.4,9.2,estimated
NIC,NI,558,Nicaragua,AMR,2001,5087828,120,98,145,6100,5000,7400,3.8,1.2,7.9,estimated
NIC,NI,558,Nicaragua,AMR,2002,5149913,98,80,118,5000,4100,6100,2.9,0.93,5.9,estimated
NIC,NI,558,Nicaragua,AMR,2003,5210962,102,83,123,5300,4300,6400,2.9,0.94,6,estimated
NIC,NI,558,Nicaragua,AMR,2004,5272913,94,77,114,5000,4100,6000,2.7,0.88,5.6,estimated
NIC,NI,558,Nicaragua,AMR,2005,5342109,77,63,93,4100,3400,5000,2.4,0.78,4.9,estimated
NIC,NI,558,Nicaragua,AMR,2006,5418852,75,61,90,4100,3300,4900,2.5,0.82,5.1,estimated
NIC,NI,558,Nicaragua,AMR,2007,5497249,80,65,97,4400,3600,5300,2.9,0.96,5.9,estimated
NIC,NI,558,Nicaragua,AMR,2008,5576598,76,62,92,4200,3400,5100,2.8,0.94,5.7,estimated
NIC,NI,558,Nicaragua,AMR,2009,5656595,69,56,84,3900,3200,4700,2.6,0.89,5.3,estimated
NIC,NI,558,Nicaragua,AMR,2010,5737455,70,57,84,4000,3300,4800,2.7,0.92,5.4,estimated
NIC,NI,558,Nicaragua,AMR,2011,5819048,74,60,89,4300,3500,5200,2.9,1,5.9,estimated
NIC,NI,558,Nicaragua,AMR,2012,5901289,74,60,89,4400,3500,5300,3,1,6,estimated
NIC,NI,558,Nicaragua,AMR,2013,5983848,70,57,84,4200,3400,5000,2.8,0.97,5.6,estimated
NIC,NI,558,Nicaragua,AMR,2014,6066494,65,53,78,3900,3200,4700,2.5,0.87,5,estimated
NIC,NI,558,Nicaragua,AMR,2015,6149420,59,48,71,3600,2900,4400,3,2.2,3.8,estimated
NIC,NI,558,Nicaragua,AMR,2016,6232668,54,44,65,3400,2700,4100,2.5,1.9,3.3,estimated
NIC,NI,558,Nicaragua,AMR,2017,6316235,51,41,61,3200,2600,3900,2.5,1.8,3.2,estimated
NIC,NI,558,Nicaragua,AMR,2018,6400093,46,38,56,3000,2400,3600,2.5,1.9,3.3,estimated
NIC,NI,558,Nicaragua,AMR,2019,6483664,49,40,59,3100,2600,3800,2.4,1.8,3.1,estimated
NIC,NI,558,Nicaragua,AMR,2020,6565269,47,39,57,3100,2500,3800,2.7,2,3.5,estimated
NIC,NI,558,Nicaragua,AMR,2021,6644745,46,38,56,3100,2500,3700,2.5,1.8,3.2,estimated
NIC,NI,558,Nicaragua,AMR,2022,6730650,45,37,55,3100,2500,3700,2.8,2.1,3.6,estimated
NIC,NI,558,Nicaragua,AMR,2023,6823619,44,36,53,3000,2500,3600,2.9,2.2,3.8,estimated
NIC,NI,558,Nicaragua,AMR,2024,6916136,43,35,52,3000,2400,3600,2.8,2.1,3.7,estimated
NIU,NU,570,Niue,WPR,2000,2049,0,0,0,0,0,0,,,,estimated
NIU,NU,570,Niue,WPR,2001,1989,0,0,0,0,0,0,,,,estimated
NIU,NU,570,Niue,WPR,2002,1934,207,168,249,4,3,5,,,,estimated
NIU,NU,570,Niue,WPR,2003,1907,0,0,0,0,0,0,,,,estimated
NIU,NU,570,Niue,WPR,2004,1863,0,0,0,0,0,0,,,,estimated
NIU,NU,570,Niue,WPR,2005,1824,0,0,0,0,0,0,,,,estimated
NIU,NU,570,Niue,WPR,2006,1801,0,0,0,0,0,0,,,,estimated
NIU,NU,570,Niue,WPR,2007,1788,0,0,0,0,0,0,,,,estimated
NIU,NU,570,Niue,WPR,2008,1778,0,0,0,0,0,0,,,,estimated
NIU,NU,570,Niue,WPR,2009,1780,0,0,0,0,0,0,,,,estimated
NIU,NU,570,Niue,WPR,2010,1765,0,0,0,0,0,0,,,,estimated
NIU,NU,570,Niue,WPR,2011,1753,57,46,69,1,1,1,,,,estimated
NIU,NU,570,Niue,WPR,2012,1761,0,0,0,0,0,0,,,,estimated
NIU,NU,570,Niue,WPR,2013,1759,0,0,0,0,0,0,,,,estimated
NIU,NU,570,Niue,WPR,2014,1770,0,0,0,0,0,0,,,,estimated
NIU,NU,570,Niue,WPR,2015,1769,0,0,0,0,0,0,,,,estimated
NIU,NU,570,Niue,WPR,2016,1781,20,16,24,0,0,0,,,,estimated
NIU,NU,570,Niue,WPR,2017,1782,0,0,0,0,0,0,,,,estimated
NIU,NU,570,Niue,WPR,2018,1789,112,91,135,2,2,2,,,,estimated
NIU,NU,570,Niue,WPR,2019,1787,0,0,0,0,0,0,,,,estimated
NIU,NU,570,Niue,WPR,2020,1796,56,45,67,1,1,1,,,,estimated
NIU,NU,570,Niue,WPR,2021,1815,0,0,0,0,0,0,,,,estimated
NIU,NU,570,Niue,WPR,2022,1823,0,0,0,0,0,0,,,,estimated
NIU,NU,570,Niue,WPR,2023,1816,0,0,0,0,0,0,,,,estimated
NIU,NU,570,Niue,WPR,2024,1818,55,45,66,1,1,1,,,,estimated
NLD,NL,528,Netherlands (Kingdom of the),EUR,2000,16058758,8.9,7.6,10,1400,1200,1700,0.72,0.28,1.4,estimated
NLD,NL,528,Netherlands (Kingdom of the),EUR,2001,16182703,10,8.6,12,1600,1400,1900,0.78,0.3,1.5,estimated
NLD,NL,528,Netherlands (Kingdom of the),EUR,2002,16288049,9.6,8.2,11,1600,1300,1800,0.7,0.27,1.3,estimated
NLD,NL,528,Netherlands (Kingdom of the),EUR,2003,16366916,9.2,7.9,11,1500,1300,1700,0.62,0.24,1.2,estimated
NLD,NL,528,Netherlands (Kingdom of the),EUR,2004,16425564,9.2,7.9,11,1500,1300,1700,0.32,0.22,0.43,estimated
NLD,NL,528,Netherlands (Kingdom of the),EUR,2005,16465713,7.9,6.7,9.1,1300,1100,1500,0.42,0.16,0.81,estimated
NLD,NL,528,Netherlands (Kingdom of the),EUR,2006,16493851,7,6,8.1,1200,990,1300,0.32,0.12,0.62,estimated
NLD,NL,528,Netherlands (Kingdom of the),EUR,2007,16531357,6.5,5.5,7.5,1100,920,1200,0.26,0.1,0.5,estimated
NLD,NL,528,Netherlands (Kingdom of the),EUR,2008,16597255,6.7,5.7,7.7,1100,950,1300,0.26,0.1,0.5,estimated
NLD,NL,528,Netherlands (Kingdom of the),EUR,2009,16684148,7.8,6.6,9,1300,1100,1500,0.31,0.23,0.41,estimated
NLD,NL,528,Netherlands (Kingdom of the),EUR,2010,16771245,7,6,8.1,1200,1000,1400,0.28,0.1,0.53,estimated
NLD,NL,528,Netherlands (Kingdom of the),EUR,2011,16851067,6.6,5.7,7.6,1100,950,1300,0.25,0.09,0.48,estimated
NLD,NL,528,Netherlands (Kingdom of the),EUR,2012,16915196,6.3,5.4,7.2,1100,910,1200,0.22,0.08,0.43,estimated
NLD,NL,528,Netherlands (Kingdom of the),EUR,2013,16967065,5.6,4.8,6.5,960,820,1100,0.18,0.07,0.35,estimated
NLD,NL,528,Netherlands (Kingdom of the),EUR,2014,17030091,5.5,4.7,6.4,940,800,1100,0.17,0.06,0.33,estimated
NLD,NL,528,Netherlands (Kingdom of the),EUR,2015,17107442,5.7,4.9,6.6,980,840,1100,0.17,0.06,0.34,estimated
NLD,NL,528,Netherlands (Kingdom of the),EUR,2016,17204696,5.9,5,6.8,1000,860,1200,0.2,0.13,0.29,estimated
NLD,NL,528,Netherlands (Kingdom of the),EUR,2017,17315363,5.2,4.4,6,890,760,1000,0.22,0.14,0.31,estimated
NLD,NL,528,Netherlands (Kingdom of the),EUR,2018,17421276,5.2,4.5,6,910,780,1100,0.21,0.13,0.29,estimated
NLD,NL,528,Netherlands (Kingdom of the),EUR,2019,17537508,4.9,4.2,5.7,860,730,990,0.17,0.1,0.24,estimated
NLD,NL,528,Netherlands (Kingdom of the),EUR,2020,17636733,4,3.4,4.6,710,600,820,0.13,0.07,0.19,estimated
NLD,NL,528,Netherlands (Kingdom of the),EUR,2021,17730563,4.4,3.7,5,770,660,890,0.13,0.07,0.2,estimated
NLD,NL,528,Netherlands (Kingdom of the),EUR,2022,17904423,4,3.4,4.6,720,610,830,0.16,0.1,0.24,estimated
NLD,NL,528,Netherlands (Kingdom of the),EUR,2023,18092527,4.5,3.9,5.2,820,700,940,0.19,0.11,0.27,estimated
NLD,NL,528,Netherlands (Kingdom of the),EUR,2024,18228738,4.7,4,5.5,860,740,1000,0.13,0.08,0.2,estimated
NOR,NO,578,Norway,EUR,2000,4490875,7,5.7,8.5,310,260,380,0.34,0.12,0.65,estimated
NOR,NO,578,Norway,EUR,2001,4513656,8.5,6.9,10,380,310,460,0.4,0.15,0.78,estimated
NOR,NO,578,Norway,EUR,2002,4538014,7.2,5.8,8.7,330,270,390,0.33,0.12,0.64,estimated
NOR,NO,578,Norway,EUR,2003,4564668,9.5,7.7,11,430,350,520,0.41,0.15,0.8,estimated
NOR,NO,578,Norway,EUR,2004,4591738,7.8,6.4,9.4,360,290,430,0.32,0.12,0.62,estimated
NOR,NO,578,Norway,EUR,2005,4623124,7.4,6,8.9,340,280,410,0.27,0.1,0.52,estimated
NOR,NO,578,Norway,EUR,2006,4660494,7.3,5.9,8.8,340,280,410,0.23,0.08,0.45,estimated
NOR,NO,578,Norway,EUR,2007,4709023,7.3,5.9,8.8,340,280,410,0.2,0.07,0.39,estimated
NOR,NO,578,Norway,EUR,2008,4768105,7.5,6.1,9,360,290,430,0.2,0.07,0.4,estimated
NOR,NO,578,Norway,EUR,2009,4828626,8.1,6.6,9.7,390,320,470,0.22,0.08,0.43,estimated
NOR,NO,578,Norway,EUR,2010,4889163,7.1,5.8,8.6,350,280,420,0.2,0.07,0.38,estimated
NOR,NO,578,Norway,EUR,2011,4952966,7.6,6.2,9.1,380,310,450,0.2,0.07,0.39,estimated
NOR,NO,578,Norway,EUR,2012,5018466,8,6.5,9.6,400,330,480,0.2,0.07,0.4,estimated
NOR,NO,578,Norway,EUR,2013,5080131,8.3,6.8,10,420,340,510,0.19,0.07,0.37,estimated
NOR,NO,578,Norway,EUR,2014,5137388,6.9,5.6,8.3,350,290,420,0.15,0.05,0.29,estimated
NOR,NO,578,Norway,EUR,2015,5189757,6.4,5.2,7.7,330,270,400,0.14,0.05,0.27,estimated
NOR,NO,578,Norway,EUR,2016,5235979,6.1,5,7.4,320,260,390,0.24,0.11,0.43,estimated
NOR,NO,578,Norway,EUR,2017,5276813,5.2,4.2,6.2,270,220,330,0.11,0.04,0.22,estimated
NOR,NO,578,Norway,EUR,2018,5311755,4.1,3.3,4.9,220,180,260,0.16,0.06,0.31,estimated
NOR,NO,578,Norway,EUR,2019,5347735,3.3,2.7,4,180,140,210,0.15,0.05,0.3,estimated
NOR,NO,578,Norway,EUR,2020,5379277,3.1,2.5,3.7,170,130,200,0.14,0.05,0.28,estimated
NOR,NO,578,Norway,EUR,2021,5408099,3,2.4,3.6,160,130,190,0.14,0.05,0.27,estimated
NOR,NO,578,Norway,EUR,2022,5456813,3.2,2.6,3.8,170,140,210,0.1,0.03,0.23,estimated
NOR,NO,578,Norway,EUR,2023,5519169,2.8,2.3,3.4,160,130,190,0.07,0.01,0.17,estimated
NOR,NO,578,Norway,EUR,2024,5576659,3.3,2.6,3.9,180,150,220,0.05,0,0.14,estimated
NPL,NP,524,Nepal,SEA,2000,24546513,417,235,652,102000,58000,160000,13,3.6,27,estimated
NPL,NP,524,Nepal,SEA,2001,24946746,405,228,633,101000,57000,158000,12,3.3,25,estimated
NPL,NP,524,Nepal,SEA,2002,25328980,393,221,614,100000,56000,156000,11,3.2,24,estimated
NPL,NP,524,Nepal,SEA,2003,25688772,382,215,597,98000,55000,153000,11,3.1,24,estimated
NPL,NP,524,Nepal,SEA,2004,26016662,371,208,579,96000,54000,151000,11,3.2,24,estimated
NPL,NP,524,Nepal,SEA,2005,26309450,360,202,562,95000,53000,148000,12,3.4,25,estimated
NPL,NP,524,Nepal,SEA,2006,26565431,350,196,547,93000,52000,145000,12,3.5,26,estimated
NPL,NP,524,Nepal,SEA,2007,26788492,339,190,531,91000,51000,142000,8.1,4.3,13,estimated
NPL,NP,524,Nepal,SEA,2008,26990037,329,185,515,89000,50000,139000,12,3.5,26,estimated
NPL,NP,524,Nepal,SEA,2009,27173041,320,179,500,87000,49000,136000,12,3.3,25,estimated
NPL,NP,524,Nepal,SEA,2010,27341956,311,175,485,85000,48000,133000,5.3,2.8,8.5,estimated
NPL,NP,524,Nepal,SEA,2011,27464502,302,170,470,83000,47000,129000,10,3,22,estimated
NPL,NP,524,Nepal,SEA,2012,27534914,293,166,455,81000,46000,125000,9.7,2.8,21,estimated
NPL,NP,524,Nepal,SEA,2013,27589997,284,162,440,78000,45000,121000,8.9,2.6,19,estimated
NPL,NP,524,Nepal,SEA,2014,27672368,276,159,425,76000,44000,118000,7.9,2.3,17,estimated
NPL,NP,524,Nepal,SEA,2015,27823636,268,155,411,75000,43000,114000,7,2.1,15,estimated
NPL,NP,524,Nepal,SEA,2016,27955457,260,152,397,73000,42000,111000,2.9,1.6,4.5,estimated
NPL,NP,524,Nepal,SEA,2017,28011262,253,148,384,71000,41000,108000,2.8,1.5,4.4,estimated
NPL,NP,524,Nepal,SEA,2018,28079677,245,145,371,69000,41000,104000,2.2,1.2,3.4,estimated
NPL,NP,524,Nepal,SEA,2019,28414070,238,141,359,68000,40000,102000,1.7,0.97,2.7,estimated
NPL,NP,524,Nepal,SEA,2020,28966575,228,136,346,66000,39000,100000,1.6,0.93,2.6,estimated
NPL,NP,524,Nepal,SEA,2021,29475018,230,135,348,68000,40000,103000,1.8,1,2.8,estimated
NPL,NP,524,Nepal,SEA,2022,29715440,234,136,353,70000,40000,105000,1.8,1,2.8,estimated
NPL,NP,524,Nepal,SEA,2023,29694620,231,132,353,69000,39000,105000,1.5,0.8,2.3,estimated
NPL,NP,524,Nepal,SEA,2024,29651067,227,129,350,67000,38000,104000,1.4,0.78,2.3,estimated
NRU,NR,520,Nauru,WPR,2000,10169,39,32,47,4,3,5,,,,estimated
NRU,NR,520,Nauru,WPR,2001,10126,30,24,36,3,2,4,,,,estimated
NRU,NR,520,Nauru,WPR,2002,10075,50,40,60,5,4,6,,,,estimated
NRU,NR,520,Nauru,WPR,2003,10051,30,24,36,3,2,4,,,,estimated
NRU,NR,520,Nauru,WPR,2004,10058,65,53,78,7,5,8,,,,estimated
NRU,NR,520,Nauru,WPR,2005,10046,109,89,132,11,9,13,,,,estimated
NRU,NR,520,Nauru,WPR,2006,10034,120,97,144,12,10,14,,,,estimated
NRU,NR,520,Nauru,WPR,2007,10021,30,24,36,3,2,4,,,,estimated
NRU,NR,520,Nauru,WPR,2008,10001,50,41,60,5,4,6,,,,estimated
NRU,NR,520,Nauru,WPR,2009,10017,40,32,48,4,3,5,,,,estimated
NRU,NR,520,Nauru,WPR,2010,10034,30,24,36,3,2,4,,,,estimated
NRU,NR,520,Nauru,WPR,2011,10090,50,40,60,5,4,6,,,,estimated
NRU,NR,520,Nauru,WPR,2012,10260,60,48,72,6,5,7,,,,estimated
NRU,NR,520,Nauru,WPR,2013,10518,67,55,81,7,6,9,,,,estimated
NRU,NR,520,Nauru,WPR,2014,10746,74,61,90,8,7,10,,,,estimated
NRU,NR,520,Nauru,WPR,2015,10943,91,74,110,10,8,12,,,,estimated
NRU,NR,520,Nauru,WPR,2016,11146,90,73,108,10,8,12,,,,estimated
NRU,NR,520,Nauru,WPR,2017,11319,80,65,96,9,7,11,,,,estimated
NRU,NR,520,Nauru,WPR,2018,11477,44,35,53,5,4,6,,,,estimated
NRU,NR,520,Nauru,WPR,2019,11580,147,119,177,17,14,20,,,,estimated
NRU,NR,520,Nauru,WPR,2020,11645,112,91,135,13,11,16,,,,estimated
NRU,NR,520,Nauru,WPR,2021,11710,179,146,216,21,17,25,,,,estimated
NRU,NR,520,Nauru,WPR,2022,11796,161,131,194,19,15,23,,,,estimated
NRU,NR,520,Nauru,WPR,2023,11864,152,123,183,18,15,22,,,,estimated
NRU,NR,520,Nauru,WPR,2024,11944,161,131,194,19,16,23,,,,estimated
NZL,NZ,554,New Zealand,WPR,2000,3857578,12,9.9,15,470,380,570,0.49,0.18,0.95,estimated
NZL,NZ,554,New Zealand,WPR,2001,3891767,13,11,16,510,410,610,0.49,0.18,0.97,estimated
NZL,NZ,554,New Zealand,WPR,2002,3951113,11,9,13,440,360,530,0.39,0.14,0.76,estimated
NZL,NZ,554,New Zealand,WPR,2003,4022588,14,11,17,560,450,670,0.44,0.16,0.87,estimated
NZL,NZ,554,New Zealand,WPR,2004,4083915,12,9.6,14,480,390,580,0.34,0.12,0.67,estimated
NZL,NZ,554,New Zealand,WPR,2005,4135012,10,8.3,12,420,340,510,0.26,0.09,0.51,estimated
NZL,NZ,554,New Zealand,WPR,2006,4181945,10,8.5,13,440,350,530,0.22,0.08,0.44,estimated
NZL,NZ,554,New Zealand,WPR,2007,4223262,8.2,6.6,9.9,350,280,420,0.15,0.05,0.3,estimated
NZL,NZ,554,New Zealand,WPR,2008,4261826,8.6,7,10,370,300,440,0.16,0.06,0.31,estimated
NZL,NZ,554,New Zealand,WPR,2009,4304301,8.6,7,10,370,300,450,0.16,0.06,0.31,estimated
NZL,NZ,554,New Zealand,WPR,2010,4347771,8.6,7,10,370,300,450,0.14,0.04,0.32,estimated
NZL,NZ,554,New Zealand,WPR,2011,4382693,8.5,6.9,10,370,300,450,0.15,0.05,0.3,estimated
NZL,NZ,554,New Zealand,WPR,2012,4411665,8.1,6.6,9.7,360,290,430,0.14,0.05,0.28,estimated
NZL,NZ,554,New Zealand,WPR,2013,4453849,7.4,6,8.9,330,270,400,0,0,0,estimated
NZL,NZ,554,New Zealand,WPR,2014,4522986,7.9,6.4,9.5,360,290,430,0.07,0.01,0.21,estimated
NZL,NZ,554,New Zealand,WPR,2015,4614023,7.5,6.1,9.1,350,280,420,0.03,0,0.13,estimated
NZL,NZ,554,New Zealand,WPR,2016,4714771,7.4,6,8.9,350,280,420,0.07,0.01,0.2,estimated
NZL,NZ,554,New Zealand,WPR,2017,4812749,7.3,6,8.8,350,290,420,0.03,0,0.12,estimated
NZL,NZ,554,New Zealand,WPR,2018,4900844,7.2,5.9,8.7,350,290,430,0.03,0,0.12,estimated
NZL,NZ,554,New Zealand,WPR,2019,4989406,7.4,6,8.9,370,300,440,0.05,0,0.16,estimated
NZL,NZ,554,New Zealand,WPR,2020,5069891,7.3,6,8.9,370,300,450,0.05,0,0.16,estimated
NZL,NZ,554,New Zealand,WPR,2021,5107697,7,5.7,8.4,350,290,430,0.07,0.01,0.19,estimated
NZL,NZ,554,New Zealand,WPR,2022,5131733,6.1,5,7.4,310,260,380,0.05,0,0.15,estimated
NZL,NZ,554,New Zealand,WPR,2023,5172833,6.7,5.5,8.1,350,280,420,0.02,0,0.11,estimated
NZL,NZ,554,New Zealand,WPR,2024,5213941,7.9,6.5,9.6,410,340,500,0.07,0.01,0.19,estimated
OMN,OM,512,Oman,EMR,2000,2282136,25,20,30,570,470,690,1.6,0.59,3,estimated
OMN,OM,512,Oman,EMR,2001,2310215,22,18,27,520,420,620,1.3,0.49,2.6,estimated
OMN,OM,512,Oman,EMR,2002,2337146,22,18,26,510,420,620,1.2,0.44,2.3,estimated
OMN,OM,512,Oman,EMR,2003,2363804,19,15,23,450,360,540,1.2,0.67,2,estimated
OMN,OM,512,Oman,EMR,2004,2404816,21,17,25,510,410,610,0.73,0.32,1.3,estimated
OMN,OM,512,Oman,EMR,2005,2459803,18,15,22,450,360,540,0.71,0.31,1.3,estimated
OMN,OM,512,Oman,EMR,2006,2514806,23,18,27,570,460,690,0.68,0.29,1.2,estimated
OMN,OM,512,Oman,EMR,2007,2570179,21,17,25,540,440,650,0.9,0.45,1.5,estimated
OMN,OM,512,Oman,EMR,2008,2626532,21,17,26,560,460,680,0.49,0.2,0.89,estimated
OMN,OM,512,Oman,EMR,2009,2684651,20,16,24,520,430,630,0.18,0.02,0.5,estimated
OMN,OM,512,Oman,EMR,2010,2757451,17,14,21,480,390,570,0.22,0.06,0.49,estimated
OMN,OM,512,Oman,EMR,2011,3076765,17,14,20,520,420,620,0.4,0.15,0.77,estimated
OMN,OM,512,Oman,EMR,2012,3547099,16,13,20,580,470,700,0.6,0.3,1,estimated
OMN,OM,512,Oman,EMR,2013,3833909,13,11,16,500,410,600,0.2,0.05,0.44,estimated
OMN,OM,512,Oman,EMR,2014,4002438,13,11,16,540,440,650,0.11,0.01,0.31,estimated
OMN,OM,512,Oman,EMR,2015,4184893,12,9.5,14,490,400,590,0.14,0.03,0.35,estimated
OMN,OM,512,Oman,EMR,2016,4390879,12,9.4,14,510,410,610,0.41,0.19,0.7,estimated
OMN,OM,512,Oman,EMR,2017,4537390,8.7,7.1,10,390,320,470,0.1,0.01,0.27,estimated
OMN,OM,512,Oman,EMR,2018,4597875,7.7,6.3,9.3,360,290,430,0.19,0.06,0.4,estimated
OMN,OM,512,Oman,EMR,2019,4591251,11,9.4,14,530,430,640,0.32,0.14,0.58,estimated
OMN,OM,512,Oman,EMR,2020,4522491,9.9,8.1,12,450,370,540,0.27,0.1,0.5,estimated
OMN,OM,512,Oman,EMR,2021,4500426,7.4,6,8.9,330,270,400,0.13,0.03,0.31,estimated
OMN,OM,512,Oman,EMR,2022,4730228,11,9.1,14,530,430,640,0.22,0.08,0.43,estimated
OMN,OM,512,Oman,EMR,2023,5049264,14,11,17,700,570,850,0.2,0.07,0.4,estimated
OMN,OM,512,Oman,EMR,2024,5281542,11,9.3,14,600,490,730,0.11,0.02,0.27,estimated
PAK,PK,586,Pakistan,EMR,2000,154879125,275,174,399,427000,270000,618000,0.08,0,0.31,estimated
PAK,PK,586,Pakistan,EMR,2001,159270907,275,174,399,439000,278000,636000,0,0,0,estimated
PAK,PK,586,Pakistan,EMR,2002,163222547,275,174,399,450000,284000,652000,0,0,0,estimated
PAK,PK,586,Pakistan,EMR,2003,167110244,276,174,400,460000,291000,668000,0.1,0,0.38,estimated
PAK,PK,586,Pakistan,EMR,2004,171286004,276,174,400,472000,299000,685000,0.31,0.01,1.2,estimated
PAK,PK,586,Pakistan,EMR,2005,175453215,276,174,400,484000,306000,701000,0.63,0.01,2.4,estimated
PAK,PK,586,Pakistan,EMR,2006,179682693,276,174,400,495000,313000,718000,1.1,0.02,4.1,estimated
PAK,PK,586,Pakistan,EMR,2007,184493228,276,174,400,508000,322000,737000,1.6,0.03,6,estimated
PAK,PK,586,Pakistan,EMR,2008,189499115,276,174,400,522000,330000,757000,2.1,0.04,8.1,estimated
PAK,PK,586,Pakistan,EMR,2009,194376530,276,174,400,536000,339000,777000,2.7,0.05,10,estimated
PAK,PK,586,Pakistan,EMR,2010,199239045,276,174,400,549000,347000,796000,0.83,0.02,3.2,estimated
PAK,PK,586,Pakistan,EMR,2011,203746063,276,174,400,562000,355000,815000,3.7,0.07,14,estimated
PAK,PK,586,Pakistan,EMR,2012,207667121,276,174,400,572000,362000,830000,4.1,0.08,16,estimated
PAK,PK,586,Pakistan,EMR,2013,211073973,275,174,399,581000,368000,841000,4.3,0.08,16,estimated
PAK,PK,586,Pakistan,EMR,2014,214264643,270,173,389,579000,370000,833000,4.3,0.08,16,estimated
PAK,PK,586,Pakistan,EMR,2015,217290884,270,178,381,587000,387000,827000,1.4,0.03,5.1,estimated
PAK,PK,586,Pakistan,EMR,2016,220138861,268,190,360,591000,418000,793000,1.4,0.03,5.5,estimated
PAK,PK,586,Pakistan,EMR,2017,223273959,267,188,359,595000,420000,801000,1.2,0.03,4.6,estimated
PAK,PK,586,Pakistan,EMR,2018,226928904,265,187,356,601000,425000,807000,1.8,0.04,6.8,estimated
PAK,PK,586,Pakistan,EMR,2019,230800896,263,187,353,608000,431000,814000,2.4,0.05,8.9,estimated
PAK,PK,586,Pakistan,EMR,2020,235001745,260,185,351,610000,434000,824000,1.9,0.04,7.1,estimated
PAK,PK,586,Pakistan,EMR,2021,239477804,270,191,366,646000,458000,876000,1.5,0.03,5.5,estimated
PAK,PK,586,Pakistan,EMR,2022,243700671,275,194,371,671000,473000,904000,1,0.02,3.8,estimated
PAK,PK,586,Pakistan,EMR,2023,247504499,267,188,358,662000,465000,885000,1,0.02,3.9,estimated
PAK,PK,586,Pakistan,EMR,2024,251269166,266,186,355,669000,468000,893000,1,0.02,3.9,estimated
PAN,PA,591,Panama,AMR,2000,3010366,71,57,85,2100,1700,2600,9.8,4,18,estimated
PAN,PA,591,Panama,AMR,2001,3069538,99,81,119,3000,2500,3700,12,4.8,22,estimated
PAN,PA,591,Panama,AMR,2002,3129342,87,71,105,2700,2200,3300,9.5,3.8,18,estimated
PAN,PA,591,Panama,AMR,2003,3189795,85,69,103,2700,2200,3300,8.8,3.5,17,estimated
PAN,PA,591,Panama,AMR,2004,3251152,86,70,103,2800,2300,3400,8.8,3.5,17,estimated
PAN,PA,591,Panama,AMR,2005,3313034,79,64,95,2600,2100,3200,10,7.5,13,estimated
PAN,PA,591,Panama,AMR,2006,3375013,76,62,92,2600,2100,3100,11,8.2,14,estimated
PAN,PA,591,Panama,AMR,2007,3437502,72,58,86,2500,2000,3000,11,8.4,15,estimated
PAN,PA,591,Panama,AMR,2008,3500644,71,57,85,2500,2000,3000,13,9.4,16,estimated
PAN,PA,591,Panama,AMR,2009,3564377,64,52,77,2300,1900,2800,8.9,6.6,12,estimated
PAN,PA,591,Panama,AMR,2010,3628538,62,51,75,2300,1800,2700,9.6,7.1,12,estimated
PAN,PA,591,Panama,AMR,2011,3693503,64,52,77,2400,1900,2800,9.6,7.1,12,estimated
PAN,PA,591,Panama,AMR,2012,3759246,58,47,70,2200,1800,2600,8.6,6.3,11,estimated
PAN,PA,591,Panama,AMR,2013,3825336,54,44,65,2100,1700,2500,8.1,6,10,estimated
PAN,PA,591,Panama,AMR,2014,3892100,52,43,63,2000,1700,2500,4.2,3.1,5.5,estimated
PAN,PA,591,Panama,AMR,2015,3960035,58,47,69,2300,1900,2800,8.2,6.1,11,estimated
PAN,PA,591,Panama,AMR,2016,4029087,61,50,73,2500,2000,3000,9.5,7,12,estimated
PAN,PA,591,Panama,AMR,2017,4098714,61,49,73,2500,2000,3000,12,9.1,16,estimated
PAN,PA,591,Panama,AMR,2018,4167868,54,44,65,2300,1800,2700,10,7.4,13,estimated
PAN,PA,591,Panama,AMR,2019,4234707,39,31,47,1600,1300,2000,8.5,6.3,11,estimated
PAN,PA,591,Panama,AMR,2020,4293262,34,28,41,1500,1200,1800,8.6,6.4,11,estimated
PAN,PA,591,Panama,AMR,2021,4345402,43,35,52,1900,1500,2300,9.7,7.2,13,estimated
PAN,PA,591,Panama,AMR,2022,4400773,49,40,59,2100,1700,2600,10,7.6,13,estimated
PAN,PA,591,Panama,AMR,2023,4458759,61,49,73,2700,2200,3300,10,7.7,13,estimated
PAN,PA,591,Panama,AMR,2024,4515582,63,51,76,2800,2300,3400,11,8.1,14,estimated
PER,PE,604,Peru,AMR,2000,26598334,367,299,443,98000,79000,118000,33,13,63,estimated
PER,PE,604,Peru,AMR,2001,26964613,327,266,394,88000,72000,106000,24,9.1,47,estimated
PER,PE,604,Peru,AMR,2002,27288217,295,240,356,81000,66000,97000,19,6.9,36,estimated
PER,PE,604,Peru,AMR,2003,27580485,245,200,296,68000,55000,82000,14,5.1,27,estimated
PER,PE,604,Peru,AMR,2004,27852185,240,195,289,67000,54000,81000,13,4.6,24,estimated
PER,PE,604,Peru,AMR,2005,28101180,228,186,275,64000,52000,77000,12,4.5,24,estimated
PER,PE,604,Peru,AMR,2006,28324500,218,177,263,62000,50000,74000,12,4.5,24,estimated
PER,PE,604,Peru,AMR,2007,28530699,194,158,234,55000,45000,67000,12,4.3,22,estimated
PER,PE,604,Peru,AMR,2008,28719036,182,148,220,52000,43000,63000,11,4.1,21,estimated
PER,PE,604,Peru,AMR,2009,28896811,171,139,206,49000,40000,60000,2.6,1.9,3.3,estimated
PER,PE,604,Peru,AMR,2010,29086015,159,129,191,46000,38000,56000,3.2,2.3,4.1,estimated
PER,PE,604,Peru,AMR,2011,29304080,155,126,187,45000,37000,55000,9.4,3.5,18,estimated
PER,PE,604,Peru,AMR,2012,29550370,143,117,173,42000,34000,51000,8.8,3.2,17,estimated
PER,PE,604,Peru,AMR,2013,29817926,139,113,168,41000,34000,50000,8.4,6.2,11,estimated
PER,PE,604,Peru,AMR,2014,30115824,136,111,164,41000,33000,49000,8.1,6,11,estimated
PER,PE,604,Peru,AMR,2015,30457601,131,107,158,40000,33000,48000,7.9,5.9,10,estimated
PER,PE,604,Peru,AMR,2016,30866493,129,105,156,40000,32000,48000,7.5,5.6,9.7,estimated
PER,PE,604,Peru,AMR,2017,31324634,128,104,154,40000,33000,48000,6.2,4.6,8,estimated
PER,PE,604,Peru,AMR,2018,31897585,132,108,159,42000,34000,51000,8,5.9,10,estimated
PER,PE,604,Peru,AMR,2019,32449301,131,107,158,43000,35000,51000,8.3,6.2,11,estimated
PER,PE,604,Peru,AMR,2020,32838573,128,103,153,42000,34000,50000,8.1,6,10,estimated
PER,PE,604,Peru,AMR,2021,33155884,137,109,176,45000,36000,58000,8.1,5.8,11,estimated
PER,PE,604,Peru,AMR,2022,33475437,149,114,215,50000,38000,72000,9.7,6.3,14,estimated
PER,PE,604,Peru,AMR,2023,33845605,149,114,238,50000,39000,81000,8.9,5.3,14,estimated
PER,PE,604,Peru,AMR,2024,34217854,139,107,220,48000,37000,75000,7.7,4.6,11,estimated
PHL,PH,608,Philippines,WPR,2000,79625394,590,307,964,470000,244000,767000,4.6,2,8.4,estimated
PHL,PH,608,Philippines,WPR,2001,81401486,579,305,939,472000,248000,765000,4.5,2,8.1,estimated
PHL,PH,608,Philippines,WPR,2002,83068884,569,304,916,473000,252000,761000,4.5,2,7.9,estimated
PHL,PH,608,Philippines,WPR,2003,84731842,559,302,893,474000,256000,756000,4.4,2,7.7,estimated
PHL,PH,608,Philippines,WPR,2004,86394509,549,301,870,474000,260000,752000,4.3,1.9,7.5,estimated
PHL,PH,608,Philippines,WPR,2005,88015968,539,299,849,475000,263000,747000,4.2,1.9,7.4,estimated
PHL,PH,608,Philippines,WPR,2006,89508990,530,297,828,474000,266000,741000,4.1,1.9,7.2,estimated
PHL,PH,608,Philippines,WPR,2007,91075177,520,292,813,474000,266000,741000,4,1.9,7,estimated
PHL,PH,608,Philippines,WPR,2008,92699097,524,294,819,486000,273000,759000,4.1,1.9,7.1,estimated
PHL,PH,608,Philippines,WPR,2009,94384248,528,296,825,498000,280000,778000,4.1,1.9,7.1,estimated
PHL,PH,608,Philippines,WPR,2010,96337130,531,298,830,512000,287000,800000,4.1,1.9,7.2,estimated
PHL,PH,608,Philippines,WPR,2011,98248614,535,300,836,526000,295000,822000,4.1,1.9,7.2,estimated
PHL,PH,608,Philippines,WPR,2012,100175508,539,302,842,540000,303000,844000,4.2,1.9,7.2,estimated
PHL,PH,608,Philippines,WPR,2013,102076337,543,305,848,554000,311000,866000,4.2,1.9,7.3,estimated
PHL,PH,608,Philippines,WPR,2014,103767132,546,307,854,567000,318000,886000,4.2,1.9,7.3,estimated
PHL,PH,608,Philippines,WPR,2015,105312995,550,309,860,580000,325000,906000,4.2,1.9,7.4,estimated
PHL,PH,608,Philippines,WPR,2016,106735708,554,311,866,591000,332000,924000,4.2,2,7.4,estimated
PHL,PH,608,Philippines,WPR,2017,108119692,554,311,866,599000,336000,936000,4.2,2,7.4,estimated
PHL,PH,608,Philippines,WPR,2018,109465291,554,311,866,607000,340000,948000,4.2,2,7.4,estimated
PHL,PH,608,Philippines,WPR,2019,110804683,554,311,866,614000,345000,959000,4.2,2,7.4,estimated
PHL,PH,608,Philippines,WPR,2020,112081263,544,304,863,610000,341000,967000,4.1,1.9,7.3,estimated
PHL,PH,608,Philippines,WPR,2021,113100949,579,325,934,655000,368000,1060000,4.4,2,7.8,estimated
PHL,PH,608,Philippines,WPR,2022,113964347,627,346,1010,714000,395000,1150000,4.9,2.2,8.7,estimated
PHL,PH,608,Philippines,WPR,2023,114891201,632,348,1020,726000,400000,1180000,4.6,2,8.1,estimated
PHL,PH,608,Philippines,WPR,2024,115843666,625,344,1020,724000,399000,1180000,4.7,2.1,8.4,estimated
PLW,PW,585,Palau,WPR,2000,19192,56,46,68,11,9,13,,,,estimated
PLW,PW,585,Palau,WPR,2001,19355,55,45,66,11,9,13,,,,estimated
PLW,PW,585,Palau,WPR,2002,19501,56,46,68,11,9,13,,,,estimated
PLW,PW,585,Palau,WPR,2003,19659,46,37,55,9,7,11,,,,estimated
PLW,PW,585,Palau,WPR,2004,19816,25,21,30,5,4,6,,,,estimated
PLW,PW,585,Palau,WPR,2005,19816,50,41,61,10,8,12,,,,estimated
PLW,PW,585,Palau,WPR,2006,19590,61,50,74,12,10,14,,,,estimated
PLW,PW,585,Palau,WPR,2007,19301,57,46,69,11,9,13,,,,estimated
PLW,PW,585,Palau,WPR,2008,19011,79,64,95,15,12,18,,,,estimated
PLW,PW,585,Palau,WPR,2009,18705,102,83,122,19,15,23,,,,estimated
PLW,PW,585,Palau,WPR,2010,18399,103,84,124,19,15,23,,,,estimated
PLW,PW,585,Palau,WPR,2011,18071,66,54,80,12,10,14,,,,estimated
PLW,PW,585,Palau,WPR,2012,17758,23,18,27,4,3,5,,,,estimated
PLW,PW,585,Palau,WPR,2013,17649,45,37,55,8,7,10,,,,estimated
PLW,PW,585,Palau,WPR,2014,17714,79,64,95,14,11,17,,,,estimated
PLW,PW,585,Palau,WPR,2015,17772,79,64,95,14,11,17,,,,estimated
PLW,PW,585,Palau,WPR,2016,17794,129,105,156,23,19,28,,,,estimated
PLW,PW,585,Palau,WPR,2017,17819,112,91,135,20,16,24,,,,estimated
PLW,PW,585,Palau,WPR,2018,17814,95,78,115,17,14,20,,,,estimated
PLW,PW,585,Palau,WPR,2019,17791,34,27,41,6,5,7,,,,estimated
PLW,PW,585,Palau,WPR,2020,17789,56,46,68,10,8,12,,,,estimated
PLW,PW,585,Palau,WPR,2021,17785,45,37,54,8,7,10,,,,estimated
PLW,PW,585,Palau,WPR,2022,17762,39,32,48,7,6,8,,,,estimated
PLW,PW,585,Palau,WPR,2023,17725,85,69,102,15,12,18,,,,estimated
PLW,PW,585,Palau,WPR,2024,17696,28,23,34,5,4,6,,,,estimated
PNG,PG,598,Papua New Guinea,WPR,2000,5537068,1060,312,23500,59000,17000,1300000,82,29,162,estimated
PNG,PG,598,Papua New Guinea,WPR,2001,5728437,972,308,18000,56000,18000,1030000,74,26,147,estimated
PNG,PG,598,Papua New Guinea,WPR,2002,5923995,887,303,13300,53000,18000,790000,70,25,138,estimated
PNG,PG,598,Papua New Guinea,WPR,2003,6124001,810,299,9390,50000,18000,575000,68,24,133,estimated
PNG,PG,598,Papua New Guinea,WPR,2004,6328039,741,294,6220,47000,19000,394000,66,24,130,estimated
PNG,PG,598,Papua New Guinea,WPR,2005,6535909,679,288,3820,44000,19000,250000,67,24,131,estimated
PNG,PG,598,Papua New Guinea,WPR,2006,6747724,628,285,1970,42000,19000,133000,67,25,131,estimated
PNG,PG,598,Papua New Guinea,WPR,2007,6963337,584,280,1100,41000,20000,77000,67,25,130,estimated
PNG,PG,598,Papua New Guinea,WPR,2008,7182995,549,275,1160,39000,20000,84000,65,24,124,estimated
PNG,PG,598,Papua New Guinea,WPR,2009,7406433,527,274,1200,39000,20000,89000,63,24,121,estimated
PNG,PG,598,Papua New Guinea,WPR,2010,7633525,528,283,1110,40000,22000,85000,64,24,122,estimated
PNG,PG,598,Papua New Guinea,WPR,2011,7859346,547,297,1230,43000,23000,97000,67,26,128,estimated
PNG,PG,598,Papua New Guinea,WPR,2012,8081388,563,310,1300,45000,25000,105000,71,27,134,estimated
PNG,PG,598,Papua New Guinea,WPR,2013,8302699,582,326,1310,48000,27000,108000,72,28,136,estimated
PNG,PG,598,Papua New Guinea,WPR,2014,8523429,611,346,1360,52000,29000,116000,73,28,139,estimated
PNG,PG,598,Papua New Guinea,WPR,2015,8743245,629,359,1380,55000,31000,120000,72,28,137,estimated
PNG,PG,598,Papua New Guinea,WPR,2016,8961720,626,362,1340,56000,32000,120000,70,27,134,estimated
PNG,PG,598,Papua New Guinea,WPR,2017,9178715,616,359,1290,57000,33000,119000,68,26,129,estimated
PNG,PG,598,Papua New Guinea,WPR,2018,9394511,611,360,1260,57000,34000,119000,66,25,126,estimated
PNG,PG,598,Papua New Guinea,WPR,2019,9609014,614,363,1250,59000,35000,120000,65,25,124,estimated
PNG,PG,598,Papua New Guinea,WPR,2020,9815741,616,366,1250,60000,36000,122000,42,34,51,estimated
PNG,PG,598,Papua New Guinea,WPR,2021,10012899,622,370,1260,62000,37000,126000,43,34,52,estimated
PNG,PG,598,Papua New Guinea,WPR,2022,10203168,632,376,1280,65000,38000,131000,35,28,42,estimated
PNG,PG,598,Papua New Guinea,WPR,2023,10389640,647,384,1320,67000,40000,137000,36,29,44,estimated
PNG,PG,598,Papua New Guinea,WPR,2024,10576504,664,392,1370,70000,41000,145000,34,27,41,estimated
POL,PL,616,Poland,EUR,2000,38258080,46,38,56,18000,14000,21000,1.2,0.66,1.9,estimated
POL,PL,616,Poland,EUR,2001,38247356,42,34,51,16000,13000,19000,1,0.57,1.7,estimated
POL,PL,616,Poland,EUR,2002,38229410,41,33,49,16000,13000,19000,0.96,0.52,1.5,estimated
POL,PL,616,Poland,EUR,2003,38203527,40,33,49,15000,13000,19000,0.87,0.48,1.4,estimated
POL,PL,616,Poland,EUR,2004,38167568,34,28,41,13000,11000,16000,0.66,0.36,1.1,estimated
POL,PL,616,Poland,EUR,2005,38124385,31,26,38,12000,9700,14000,0.53,0.29,0.85,estimated
POL,PL,616,Poland,EUR,2006,38071165,30,25,37,12000,9400,14000,0.44,0.24,0.7,estimated
POL,PL,616,Poland,EUR,2007,38020427,30,24,36,11000,9300,14000,0.37,0.2,0.59,estimated
POL,PL,616,Poland,EUR,2008,37995903,27,22,33,10000,8500,13000,0.33,0.18,0.53,estimated
POL,PL,616,Poland,EUR,2009,38002150,28,23,34,11000,8600,13000,0.34,0.18,0.54,estimated
POL,PL,616,Poland,EUR,2010,38095350,25,20,30,9600,7800,12000,0.3,0.17,0.49,estimated
POL,PL,616,Poland,EUR,2011,38208638,28,23,34,11000,8700,13000,0.33,0.18,0.52,estimated
POL,PL,616,Poland,EUR,2012,38247870,24,20,29,9300,7600,11000,0.27,0.15,0.43,estimated
POL,PL,616,Poland,EUR,2013,38259274,24,19,29,9100,7400,11000,0.24,0.13,0.38,estimated
POL,PL,616,Poland,EUR,2014,38265108,22,18,26,8400,6800,10000,0.21,0.12,0.34,estimated
POL,PL,616,Poland,EUR,2015,38266307,21,17,25,7800,6400,9500,0.2,0.11,0.32,estimated
POL,PL,616,Poland,EUR,2016,38263269,20,16,24,7600,6200,9200,0.2,0.11,0.33,estimated
POL,PL,616,Poland,EUR,2017,38254953,18,14,21,6800,5500,8200,0.19,0.1,0.31,estimated
POL,PL,616,Poland,EUR,2018,38241080,17,14,20,6400,5200,7700,0.19,0.1,0.3,estimated
POL,PL,616,Poland,EUR,2019,38225889,16,13,19,6100,5000,7400,0.18,0.1,0.29,estimated
POL,PL,616,Poland,EUR,2020,38171007,10,8.2,12,3900,3100,4600,0.12,0.06,0.18,estimated
POL,PL,616,Poland,EUR,2021,38040299,11,9,13,4200,3400,5100,0.13,0.07,0.2,estimated
POL,PL,616,Poland,EUR,2022,38385744,13,10,15,4900,4000,5900,0.15,0.08,0.24,estimated
POL,PL,616,Poland,EUR,2023,38762846,13,11,16,5100,4100,6100,0.15,0.08,0.24,estimated
POL,PL,616,Poland,EUR,2024,38539206,11,9.2,14,4400,3500,5300,0.13,0.07,0.21,estimated
PRI,PR,630,Puerto Rico,AMR,2000,3809861,9.8,7.9,12,370,300,450,3.3,2.3,4.5,estimated
PRI,PR,630,Puerto Rico,AMR,2001,3813013,6.4,5.2,7.8,250,200,300,2.2,1.5,2.9,estimated
PRI,PR,630,Puerto Rico,AMR,2002,3810715,6.5,5.3,7.9,250,200,300,2.2,1.6,3,estimated
PRI,PR,630,Puerto Rico,AMR,2003,3806044,5.6,4.5,6.7,210,170,250,1.9,1.3,2.5,estimated
PRI,PR,630,Puerto Rico,AMR,2004,3798648,5.7,4.6,6.9,220,180,260,1.9,1.4,2.6,estimated
PRI,PR,630,Puerto Rico,AMR,2005,3788418,5,4.1,6,190,150,230,1.5,1,2.1,estimated
PRI,PR,630,Puerto Rico,AMR,2006,3776222,4.9,4,5.9,180,150,220,0.96,0.59,1.4,estimated
PRI,PR,630,Puerto Rico,AMR,2007,3763094,4.2,3.4,5,160,130,190,0.94,0.58,1.4,estimated
PRI,PR,630,Puerto Rico,AMR,2008,3749123,3.9,3.2,4.7,150,120,180,0.99,0.63,1.4,estimated
PRI,PR,630,Puerto Rico,AMR,2009,3735019,2.6,2.1,3.1,95,78,120,0.38,0.17,0.67,estimated
PRI,PR,630,Puerto Rico,AMR,2010,3714833,3.2,2.6,3.8,120,96,140,0.59,0.32,0.94,estimated
PRI,PR,630,Puerto Rico,AMR,2011,3683714,2,1.6,2.4,73,59,87,0.43,0.21,0.72,estimated
PRI,PR,630,Puerto Rico,AMR,2012,3646427,2.8,2.3,3.3,100,82,120,0.49,0.25,0.81,estimated
PRI,PR,630,Puerto Rico,AMR,2013,3606777,1.9,1.5,2.3,69,56,83,0.41,0.2,0.7,estimated
PRI,PR,630,Puerto Rico,AMR,2014,3565365,1.7,1.4,2,60,49,73,0.26,0.1,0.5,estimated
PRI,PR,630,Puerto Rico,AMR,2015,3521817,2,1.6,2.4,70,57,85,0.36,0.17,0.63,estimated
PRI,PR,630,Puerto Rico,AMR,2016,3476006,2.5,2,3,87,71,100,0.27,0.1,0.52,estimated
PRI,PR,630,Puerto Rico,AMR,2017,3371870,1.5,1.3,1.9,52,42,63,0.43,0.22,0.71,estimated
PRI,PR,630,Puerto Rico,AMR,2018,3290067,1,0.82,1.2,33,27,40,0.13,0.03,0.31,estimated
PRI,PR,630,Puerto Rico,AMR,2019,3288032,1.4,1.2,1.7,47,39,57,0.12,0.02,0.32,estimated
PRI,PR,630,Puerto Rico,AMR,2020,3275811,1.1,0.88,1.3,36,29,43,0.12,0.02,0.31,estimated
PRI,PR,630,Puerto Rico,AMR,2021,3253210,0.69,0.56,0.83,22,18,27,0.04,0,0.18,estimated
PRI,PR,630,Puerto Rico,AMR,2022,3240973,0.86,0.7,1,28,23,33,0.12,0.02,0.3,estimated
PRI,PR,630,Puerto Rico,AMR,2023,3242019,0.81,0.66,0.98,26,21,32,0.04,0,0.19,estimated
PRI,PR,630,Puerto Rico,AMR,2024,3242203,0.55,0.45,0.66,18,14,21,0.03,0,0.13,estimated
PRK,KP,408,Democratic People's Republic of Korea,SEA,2000,23665911,,,,,,,,,,not_estimated
PRK,KP,408,Democratic People's Republic of Korea,SEA,2001,23815359,,,,,,,,,,not_estimated
PRK,KP,408,Democratic People's Republic of Korea,SEA,2002,23943979,,,,,,,,,,not_estimated
PRK,KP,408,Democratic People's Republic of Korea,SEA,2003,24090380,,,,,,,,,,not_estimated
PRK,KP,408,Democratic People's Republic of Korea,SEA,2004,24254941,,,,,,,,,,not_estimated
PRK,KP,408,Democratic People's Republic of Korea,SEA,2005,24396437,,,,,,,,,,not_estimated
PRK,KP,408,Democratic People's Republic of Korea,SEA,2006,24524508,,,,,,,,,,not_estimated
PRK,KP,408,Democratic People's Republic of Korea,SEA,2007,24646381,,,,,,,,,,not_estimated
PRK,KP,408,Democratic People's Republic of Korea,SEA,2008,24764617,,,,,,,,,,not_estimated
PRK,KP,408,Democratic People's Republic of Korea,SEA,2009,24878341,,,,,,,,,,not_estimated
PRK,KP,408,Democratic People's Republic of Korea,SEA,2010,24987263,,,,,,,,,,not_estimated
PRK,KP,408,Democratic People's Republic of Korea,SEA,2011,25097872,,,,,,,,,,not_estimated
PRK,KP,408,Democratic People's Republic of Korea,SEA,2012,25211724,,,,,,,,,,not_estimated
PRK,KP,408,Democratic People's Republic of Korea,SEA,2013,25329449,,,,,,,,,,not_estimated
PRK,KP,408,Democratic People's Republic of Korea,SEA,2014,25451253,,,,,,,,,,not_estimated
PRK,KP,408,Democratic People's Republic of Korea,SEA,2015,25575344,,,,,,,,,,not_estimated
PRK,KP,408,Democratic People's Republic of Korea,SEA,2016,25698317,,,,,,,,,,not_estimated
PRK,KP,408,Democratic People's Republic of Korea,SEA,2017,25817704,,,,,,,,,,not_estimated
PRK,KP,408,Democratic People's Republic of Korea,SEA,2018,25931152,,,,,,,,,,not_estimated
PRK,KP,408,Democratic People's Republic of Korea,SEA,2019,26037635,,,,,,,,,,not_estimated
PRK,KP,408,Democratic People's Republic of Korea,SEA,2020,26136300,,,,,,,,,,not_estimated
PRK,KP,408,Democratic People's Republic of Korea,SEA,2021,26232533,,,,,,,,,,not_estimated
PRK,KP,408,Democratic People's Republic of Korea,SEA,2022,26328845,,,,,,,,,,not_estimated
PRK,KP,408,Democratic People's Republic of Korea,SEA,2023,26418201,,,,,,,,,,not_estimated
PRK,KP,408,Democratic People's Republic of Korea,SEA,2024,26498828,,,,,,,,,,not_estimated
PRT,PT,620,Portugal,EUR,2000,10283211,59,48,72,6100,5000,7400,16,7.4,28,estimated
PRT,PT,620,Portugal,EUR,2001,10354321,59,48,71,6100,5000,7400,15,6.8,26,estimated
PRT,PT,620,Portugal,EUR,2002,10413042,58,47,70,6000,4900,7300,14,6.1,24,estimated
PRT,PT,620,Portugal,EUR,2003,10454246,52,42,62,5400,4400,6500,11,4.9,19,estimated
PRT,PT,620,Portugal,EUR,2004,10481384,46,37,55,4800,3900,5800,11,8.5,15,estimated
PRT,PT,620,Portugal,EUR,2005,10503005,41,33,49,4300,3500,5200,9.4,6.9,12,estimated
PRT,PT,620,Portugal,EUR,2006,10524128,39,32,47,4100,3400,5000,7.4,5.5,9.6,estimated
PRT,PT,620,Portugal,EUR,2007,10546821,35,29,43,3700,3000,4500,6.2,4.6,8,estimated
PRT,PT,620,Portugal,EUR,2008,10564078,33,27,40,3500,2900,4200,4.8,3.6,6.3,estimated
PRT,PT,620,Portugal,EUR,2009,10576267,32,26,38,3300,2700,4000,5,3.7,6.5,estimated
PRT,PT,620,Portugal,EUR,2010,10578657,30,24,36,3200,2600,3800,3.6,2.7,4.6,estimated
PRT,PT,620,Portugal,EUR,2011,10557052,28,23,34,3000,2400,3600,4.1,3,5.3,estimated
PRT,PT,620,Portugal,EUR,2012,10513148,28,23,34,3000,2400,3600,3.7,2.7,4.8,estimated
PRT,PT,620,Portugal,EUR,2013,10458300,26,21,32,2800,2200,3300,3.2,2.4,4.2,estimated
PRT,PT,620,Portugal,EUR,2014,10406198,24,20,29,2500,2100,3100,3.8,2.8,4.9,estimated
PRT,PT,620,Portugal,EUR,2015,10370263,23,19,28,2400,2000,2900,3.3,2.4,4.3,estimated
PRT,PT,620,Portugal,EUR,2016,10346367,20,16,24,2100,1700,2500,2.8,2,3.6,estimated
PRT,PT,620,Portugal,EUR,2017,10330849,19,16,23,2000,1600,2400,2.2,1.6,2.9,estimated
PRT,PT,620,Portugal,EUR,2018,10325350,20,17,25,2100,1700,2500,1.7,0.67,3.3,estimated
PRT,PT,620,Portugal,EUR,2019,10343222,19,15,23,2000,1600,2400,1.9,1.4,2.5,estimated
PRT,PT,620,Portugal,EUR,2020,10370519,15,12,18,1600,1300,1900,1.5,1.1,2,estimated
PRT,PT,620,Portugal,EUR,2021,10390964,16,13,19,1700,1300,2000,1.4,1,1.8,estimated
PRT,PT,620,Portugal,EUR,2022,10417074,16,13,19,1700,1400,2000,1.5,1.1,2,estimated
PRT,PT,620,Portugal,EUR,2023,10430739,16,13,20,1700,1400,2000,1.7,1.3,2.3,estimated
PRT,PT,620,Portugal,EUR,2024,10425302,15,12,18,1500,1200,1800,1.7,1.2,2.1,estimated
PRY,PY,600,Paraguay,AMR,2000,5100873,98,80,118,5000,4100,6000,8.3,2.6,17,estimated
PRY,PY,600,Paraguay,AMR,2001,5187685,96,78,116,5000,4100,6000,7.2,2.2,15,estimated
PRY,PY,600,Paraguay,AMR,2002,5261327,91,74,109,4800,3900,5800,6.2,2,13,estimated
PRY,PY,600,Paraguay,AMR,2003,5326440,92,75,111,4900,4000,5900,5.9,1.9,12,estimated
PRY,PY,600,Paraguay,AMR,2004,5388181,88,71,106,4700,3900,5700,5.6,1.9,11,estimated
PRY,PY,600,Paraguay,AMR,2005,5448100,77,62,92,4200,3400,5000,5.1,1.7,10,estimated
PRY,PY,600,Paraguay,AMR,2006,5505152,82,67,99,4500,3700,5400,5.7,2,12,estimated
PRY,PY,600,Paraguay,AMR,2007,5559383,72,58,87,4000,3200,4800,1.4,1.1,1.9,estimated
PRY,PY,600,Paraguay,AMR,2008,5613576,67,55,81,3800,3100,4500,4.9,1.7,9.9,estimated
PRY,PY,600,Paraguay,AMR,2009,5671242,67,55,81,3800,3100,4600,4.9,1.7,9.8,estimated
PRY,PY,600,Paraguay,AMR,2010,5737972,62,50,75,3600,2900,4300,1.2,0.92,1.6,estimated
PRY,PY,600,Paraguay,AMR,2011,5814626,62,51,75,3600,3000,4400,7.1,5.3,9.2,estimated
PRY,PY,600,Paraguay,AMR,2012,5897000,62,50,75,3700,3000,4400,4.8,3.6,6.3,estimated
PRY,PY,600,Paraguay,AMR,2013,5982445,56,46,68,3400,2700,4100,5.5,4.1,7.2,estimated
PRY,PY,600,Paraguay,AMR,2014,6069811,54,44,65,3300,2700,4000,5.4,4,7,estimated
PRY,PY,600,Paraguay,AMR,2015,6159104,55,45,66,3400,2800,4100,4.9,3.6,6.3,estimated
PRY,PY,600,Paraguay,AMR,2016,6249130,55,45,67,3500,2800,4200,5.4,4,7,estimated
PRY,PY,600,Paraguay,AMR,2017,6338657,57,46,68,3600,2900,4300,4.8,3.5,6.2,estimated
PRY,PY,600,Paraguay,AMR,2018,6427387,56,45,67,3600,2900,4300,4.9,3.6,6.3,estimated
PRY,PY,600,Paraguay,AMR,2019,6515067,60,49,72,3900,3200,4700,5,3.7,6.5,estimated
PRY,PY,600,Paraguay,AMR,2020,6603739,50,40,60,3300,2700,4000,5,3.7,6.5,estimated
PRY,PY,600,Paraguay,AMR,2021,6684185,57,46,69,3800,3100,4600,5.8,4.3,7.5,estimated
PRY,PY,600,Paraguay,AMR,2022,6760463,67,54,81,4500,3700,5500,5.4,4,7,estimated
PRY,PY,600,Paraguay,AMR,2023,6844149,76,62,91,5200,4200,6200,6.7,5,8.7,estimated
PRY,PY,600,Paraguay,AMR,2024,6929154,81,66,98,5600,4600,6800,6.8,5,8.8,estimated
PSE,PS,275,"occupied Palestinian territory, including east Jerusalem",EMR,2000,3151792,5.6,4.6,6.7,180,140,210,0,0,0,estimated
PSE,PS,275,"occupied Palestinian territory, including east Jerusalem",EMR,2001,3242278,4.3,3.5,5.2,140,110,170,0,0,0,estimated
PSE,PS,275,"occupied Palestinian territory, including east Jerusalem",EMR,2002,3322361,3.2,2.6,3.8,110,86,130,0,0,0,estimated
PSE,PS,275,"occupied Palestinian territory, including east Jerusalem",EMR,2003,3398068,2.1,1.7,2.5,71,58,86,0,0,0,estimated
PSE,PS,275,"occupied Palestinian territory, including east Jerusalem",EMR,2004,3475172,1.3,1,1.5,44,36,53,0,0,0,estimated
PSE,PS,275,"occupied Palestinian territory, including east Jerusalem",EMR,2005,3557405,1.5,1.2,1.8,53,43,63,0,0,0,estimated
PSE,PS,275,"occupied Palestinian territory, including east Jerusalem",EMR,2006,3645101,2.1,1.7,2.6,77,63,93,0,0,0,estimated
PSE,PS,275,"occupied Palestinian territory, including east Jerusalem",EMR,2007,3736687,1.6,1.3,1.9,59,48,72,0,0,0,estimated
PSE,PS,275,"occupied Palestinian territory, including east Jerusalem",EMR,2008,3829040,1.8,1.5,2.2,71,57,85,0,0,0,estimated
PSE,PS,275,"occupied Palestinian territory, including east Jerusalem",EMR,2009,3921243,1.5,1.3,1.9,60,49,73,0,0,0,estimated
PSE,PS,275,"occupied Palestinian territory, including east Jerusalem",EMR,2010,4016918,1.3,1.1,1.6,53,43,63,0,0,0,estimated
PSE,PS,275,"occupied Palestinian territory, including east Jerusalem",EMR,2011,4115907,1.3,1.1,1.6,53,43,64,0,0,0,estimated
PSE,PS,275,"occupied Palestinian territory, including east Jerusalem",EMR,2012,4215311,1.2,1,1.5,52,43,63,0,0,0,estimated
PSE,PS,275,"occupied Palestinian territory, including east Jerusalem",EMR,2013,4315266,1.4,1.1,1.7,60,49,72,0,0,0,estimated
PSE,PS,275,"occupied Palestinian territory, including east Jerusalem",EMR,2014,4415878,1.5,1.2,1.8,68,55,82,0,0,0,estimated
PSE,PS,275,"occupied Palestinian territory, including east Jerusalem",EMR,2015,4521563,1.4,1.1,1.7,63,52,76,0,0,0,estimated
PSE,PS,275,"occupied Palestinian territory, including east Jerusalem",EMR,2016,4632738,1.2,0.96,1.4,55,45,66,0,0,0,estimated
PSE,PS,275,"occupied Palestinian territory, including east Jerusalem",EMR,2017,4742739,0.91,0.74,1.1,43,35,52,0,0,0,estimated
PSE,PS,275,"occupied Palestinian territory, including east Jerusalem",EMR,2018,4850589,0.91,0.74,1.1,44,36,53,0,0,0,estimated
PSE,PS,275,"occupied Palestinian territory, including east Jerusalem",EMR,2019,4957764,0.62,0.5,0.75,31,25,37,0,0,0,estimated
PSE,PS,275,"occupied Palestinian territory, including east Jerusalem",EMR,2020,5069701,0.74,0.6,0.9,38,31,45,0,0,0,estimated
PSE,PS,275,"occupied Palestinian territory, including east Jerusalem",EMR,2021,5185330,0.69,0.56,0.83,36,29,43,0,0,0,estimated
PSE,PS,275,"occupied Palestinian territory, including east Jerusalem",EMR,2022,5305257,0.57,0.46,0.68,30,25,36,0,0,0,estimated
PSE,PS,275,"occupied Palestinian territory, including east Jerusalem",EMR,2023,5409200,0.4,0.32,0.48,22,18,26,0,0,0,estimated
PSE,PS,275,"occupied Palestinian territory, including east Jerusalem",EMR,2024,5495436,0.29,0.23,0.35,16,13,19,0,0,0,estimated
PYF,PF,258,French Polynesia,WPR,2000,240338,62,51,75,150,120,180,0,0,0,estimated
PYF,PF,258,French Polynesia,WPR,2001,244094,60,48,72,150,120,180,0,0,0,estimated
PYF,PF,258,French Polynesia,WPR,2002,247780,61,50,74,150,120,180,0,0,0,estimated
PYF,PF,258,French Polynesia,WPR,2003,251649,45,37,55,110,93,140,0,0,0,estimated
PYF,PF,258,French Polynesia,WPR,2004,255650,53,43,64,140,110,160,0,0,0,estimated
PYF,PF,258,French Polynesia,WPR,2005,259501,52,42,62,130,110,160,0,0,0,estimated
PYF,PF,258,French Polynesia,WPR,2006,263228,54,44,65,140,120,170,0,0,0,estimated
PYF,PF,258,French Polynesia,WPR,2007,266436,47,38,57,130,100,150,0,0,0,estimated
PYF,PF,258,French Polynesia,WPR,2008,268365,35,29,43,95,77,110,0,0,0,estimated
PYF,PF,258,French Polynesia,WPR,2009,269477,36,29,43,97,79,120,0,0,0,estimated
PYF,PF,258,French Polynesia,WPR,2010,270576,27,22,32,72,59,87,0,0,0,estimated
PYF,PF,258,French Polynesia,WPR,2011,271716,41,33,49,110,90,130,0,0,0,estimated
PYF,PF,258,French Polynesia,WPR,2012,273085,31,25,38,85,69,100,0,0,0,estimated
PYF,PF,258,French Polynesia,WPR,2013,274726,32,26,38,87,71,100,0,0,0,estimated
PYF,PF,258,French Polynesia,WPR,2014,276388,33,27,40,92,75,110,0,0,0,estimated
PYF,PF,258,French Polynesia,WPR,2015,277864,27,22,32,74,60,89,0,0,0,estimated
PYF,PF,258,French Polynesia,WPR,2016,279170,31,25,38,87,71,110,0,0,0,estimated
PYF,PF,258,French Polynesia,WPR,2017,280095,29,24,35,81,66,98,0,0,0,estimated
PYF,PF,258,French Polynesia,WPR,2018,279812,30,24,36,84,68,100,0,0,0,estimated
PYF,PF,258,French Polynesia,WPR,2019,279039,27,22,32,75,61,91,0,0,0,estimated
PYF,PF,258,French Polynesia,WPR,2020,279211,35,29,43,99,80,120,0,0,0,estimated
PYF,PF,258,French Polynesia,WPR,2021,279790,19,15,23,52,43,63,0,0,0,estimated
PYF,PF,258,French Polynesia,WPR,2022,280380,30,25,36,85,69,100,0.75,0.02,2.8,estimated
PYF,PF,258,French Polynesia,WPR,2023,281128,19,16,23,54,44,65,0,0,0,estimated
PYF,PF,258,French Polynesia,WPR,2024,281799,24,19,28,67,54,80,0,0,0,estimated
QAT,QA,634,Qatar,EMR,2000,644986,99,81,120,640,520,770,0.58,0.16,1.3,estimated
QAT,QA,634,Qatar,EMR,2001,677924,95,78,115,650,530,780,0.55,0.16,1.2,estimated
QAT,QA,634,Qatar,EMR,2002,711200,89,72,107,630,510,760,0.49,0.14,1,estimated
QAT,QA,634,Qatar,EMR,2003,744679,84,68,101,620,510,750,0,0,0,estimated
QAT,QA,634,Qatar,EMR,2004,773338,79,64,95,610,500,730,0.29,0,1.5,estimated
QAT,QA,634,Qatar,EMR,2005,825405,88,71,106,720,590,870,0,0,0,estimated
QAT,QA,634,Qatar,EMR,2006,972839,72,59,87,700,570,840,0,0,0,estimated
QAT,QA,634,Qatar,EMR,2007,1208596,63,52,76,770,620,920,0,0,0,estimated
QAT,QA,634,Qatar,EMR,2008,1426930,71,58,86,1000,830,1200,0.01,0,0.03,estimated
QAT,QA,634,Qatar,EMR,2009,1586052,66,54,79,1000,850,1300,0.01,0,0.03,estimated
QAT,QA,634,Qatar,EMR,2010,1709233,54,44,65,920,750,1100,0.07,0.02,0.16,estimated
QAT,QA,634,Qatar,EMR,2011,1810954,47,39,57,860,700,1000,0.09,0.04,0.18,estimated
QAT,QA,634,Qatar,EMR,2012,1907116,58,47,70,1100,900,1300,0.06,0.02,0.14,estimated
QAT,QA,634,Qatar,EMR,2013,2032638,43,35,52,870,710,1100,0.04,0.01,0.08,estimated
QAT,QA,634,Qatar,EMR,2014,2218365,30,25,36,670,540,810,0,0,0,estimated
QAT,QA,634,Qatar,EMR,2015,2427333,31,25,37,740,610,900,0.02,0.01,0.05,estimated
QAT,QA,634,Qatar,EMR,2016,2599373,27,22,33,710,580,860,0.02,0.01,0.05,estimated
QAT,QA,634,Qatar,EMR,2017,2706720,31,26,38,850,690,1000,0.03,0.01,0.06,estimated
QAT,QA,634,Qatar,EMR,2018,2761144,38,31,45,1000,840,1300,0.03,0.01,0.07,estimated
QAT,QA,634,Qatar,EMR,2019,2797924,42,34,50,1200,950,1400,0.05,0,0.24,estimated
QAT,QA,634,Qatar,EMR,2020,2803366,41,33,50,1200,940,1400,0.1,0,0.32,estimated
QAT,QA,634,Qatar,EMR,2021,2814986,46,38,56,1300,1100,1600,0.14,0.02,0.39,estimated
QAT,QA,634,Qatar,EMR,2022,2892447,40,32,48,1200,940,1400,0.14,0.02,0.38,estimated
QAT,QA,634,Qatar,EMR,2023,2979081,40,33,49,1200,980,1500,0.22,0.06,0.5,estimated
QAT,QA,634,Qatar,EMR,2024,3048426,37,30,44,1100,910,1300,0.09,0,0.29,estimated
ROU,RO,642,Romania,EUR,2000,22046251,189,154,228,42000,34000,50000,3.4,1.1,6.8,estimated
ROU,RO,642,Romania,EUR,2001,21919919,196,159,236,43000,35000,52000,3.1,1,6.2,estimated
ROU,RO,642,Romania,EUR,2002,21770018,203,165,245,44000,36000,53000,2.9,0.96,6,estimated
ROU,RO,642,Romania,EUR,2003,21593450,202,165,244,44000,36000,53000,2.9,0.92,5.8,estimated
ROU,RO,642,Romania,EUR,2004,21403219,194,158,234,42000,34000,50000,2.8,0.91,5.8,estimated
ROU,RO,642,Romania,EUR,2005,21213384,177,144,214,38000,31000,45000,2.8,0.91,5.8,estimated
ROU,RO,642,Romania,EUR,2006,21035730,165,135,199,35000,28000,42000,3,0.94,6.1,estimated
ROU,RO,642,Romania,EUR,2007,20870716,154,125,186,32000,26000,39000,3,0.97,6.3,estimated
ROU,RO,642,Romania,EUR,2008,20718742,148,121,179,31000,25000,37000,4.9,3.6,6.4,estimated
ROU,RO,642,Romania,EUR,2009,20576927,141,115,170,29000,24000,35000,3.1,0.98,6.3,estimated
ROU,RO,642,Romania,EUR,2010,20432573,127,104,153,26000,21000,31000,4.1,3,5.3,estimated
ROU,RO,642,Romania,EUR,2011,20282009,116,94,140,24000,19000,28000,2.7,0.86,5.6,estimated
ROU,RO,642,Romania,EUR,2012,20158456,109,89,131,22000,18000,26000,2.6,0.83,5.4,estimated
ROU,RO,642,Romania,EUR,2013,20062915,104,85,125,21000,17000,25000,2.8,2.1,3.6,estimated
ROU,RO,642,Romania,EUR,2014,19968172,99,80,119,20000,16000,24000,2.8,2.1,3.7,estimated
ROU,RO,642,Romania,EUR,2015,19871020,94,76,113,19000,15000,22000,2.4,1.8,3.1,estimated
ROU,RO,642,Romania,EUR,2016,19777055,84,69,102,17000,14000,20000,2.2,1.6,2.8,estimated
ROU,RO,642,Romania,EUR,2017,19689392,81,66,98,16000,13000,19000,1.7,1.3,2.2,estimated
ROU,RO,642,Romania,EUR,2018,19597877,76,62,92,15000,12000,18000,1.8,1.4,2.4,estimated
ROU,RO,642,Romania,EUR,2019,19501547,73,60,88,14000,12000,17000,1.4,1,1.8,estimated
ROU,RO,642,Romania,EUR,2020,19392461,70,57,84,14000,11000,16000,1.6,1.2,2,estimated
ROU,RO,642,Romania,EUR,2021,19248164,67,54,80,13000,10000,15000,1.4,1.1,1.8,estimated
ROU,RO,642,Romania,EUR,2022,19166784,64,52,77,12000,9900,15000,1.1,0.83,1.5,estimated
ROU,RO,642,Romania,EUR,2023,19118479,62,50,74,12000,9600,14000,1.4,1,1.8,estimated
ROU,RO,642,Romania,EUR,2024,19015088,60,49,73,11000,9300,14000,1.4,1,1.8,estimated
RUS,RU,643,Russian Federation,EUR,2000,146717782,95,38,178,139000,55000,262000,1.5,0.3,3.6,estimated
RUS,RU,643,Russian Federation,EUR,2001,146117288,92,38,170,134000,55000,248000,1.6,0.34,3.9,estimated
RUS,RU,643,Russian Federation,EUR,2002,145939497,90,38,163,131000,55000,238000,1.9,0.42,4.5,estimated
RUS,RU,643,Russian Federation,EUR,2003,145794230,88,38,159,128000,55000,232000,2.3,0.53,5.5,estimated
RUS,RU,643,Russian Federation,EUR,2004,145180100,87,38,157,127000,55000,227000,2.9,0.67,6.7,estimated
RUS,RU,643,Russian Federation,EUR,2005,144597877,88,38,157,127000,55000,228000,3.6,0.84,8.3,estimated
RUS,RU,643,Russian Federation,EUR,2006,144102938,88,38,159,127000,55000,230000,4.4,1,10,estimated
RUS,RU,643,Russian Federation,EUR,2007,143859762,90,38,163,129000,55000,235000,5.2,1.2,12,estimated
RUS,RU,643,Russian Federation,EUR,2008,143811838,90,38,163,129000,55000,234000,5.4,2.2,10,estimated
RUS,RU,643,Russian Federation,EUR,2009,143869127,89,38,160,127000,55000,230000,7.1,2.9,13,estimated
RUS,RU,643,Russian Federation,EUR,2010,143934464,85,38,151,123000,55000,217000,7.1,1.8,16,estimated
RUS,RU,643,Russian Federation,EUR,2011,144043755,81,38,140,117000,55000,202000,7.6,2,17,estimated
RUS,RU,643,Russian Federation,EUR,2012,144291026,77,38,129,111000,54000,187000,7.9,2.2,17,estimated
RUS,RU,643,Russian Federation,EUR,2013,144604099,73,37,121,106000,54000,176000,7.9,2.3,17,estimated
RUS,RU,643,Russian Federation,EUR,2014,144925645,70,37,114,101000,53000,165000,7.8,2.3,16,estimated
RUS,RU,643,Russian Federation,EUR,2015,145307614,67,36,106,97000,53000,154000,7.5,2.3,16,estimated
RUS,RU,643,Russian Federation,EUR,2016,145778682,63,36,98,92000,52000,142000,13,7,21,estimated
RUS,RU,643,Russian Federation,EUR,2017,146186797,59,35,89,86000,51000,130000,11,6.4,18,estimated
RUS,RU,643,Russian Federation,EUR,2018,146430141,54,34,80,80000,49000,117000,11,6.4,17,estimated
RUS,RU,643,Russian Federation,EUR,2019,146533067,50,32,71,73000,47000,104000,12,7.1,17,estimated
RUS,RU,643,Russian Federation,EUR,2020,146371295,49,31,70,71000,45000,102000,12,7.1,18,estimated
RUS,RU,643,Russian Federation,EUR,2021,145836185,47,30,69,69000,43000,100000,12,7.3,18,estimated
RUS,RU,643,Russian Federation,EUR,2022,145579892,39,22,60,56000,31000,88000,9.9,5.3,16,estimated
RUS,RU,643,Russian Federation,EUR,2023,145440499,38,21,60,55000,30000,87000,9.6,5,16,estimated
RUS,RU,643,Russian Federation,EUR,2024,144820422,34,18,56,49000,25000,81000,8.5,4.1,14,estimated
RWA,RW,646,Rwanda,AFR,2000,8213927,238,209,269,20000,17000,22000,127,81,184,estimated
RWA,RW,646,Rwanda,AFR,2001,8287094,215,186,245,18000,15000,20000,102,61,152,estimated
RWA,RW,646,Rwanda,AFR,2002,8400185,193,165,223,16000,14000,19000,83,48,128,estimated
RWA,RW,646,Rwanda,AFR,2003,8586872,173,146,202,15000,13000,17000,70,39,110,estimated
RWA,RW,646,Rwanda,AFR,2004,8816837,155,128,184,14000,11000,16000,60,32,96,estimated
RWA,RW,646,Rwanda,AFR,2005,9054518,138,112,166,13000,10000,15000,63,47,81,estimated
RWA,RW,646,Rwanda,AFR,2006,9299243,123,98,151,11000,9100,14000,50,37,66,estimated
RWA,RW,646,Rwanda,AFR,2007,9549931,110,86,138,11000,8200,13000,41,30,55,estimated
RWA,RW,646,Rwanda,AFR,2008,9804273,99,76,126,9700,7400,12000,34,24,46,estimated
RWA,RW,646,Rwanda,AFR,2009,10060434,90,67,116,9000,6700,12000,31,21,42,estimated
RWA,RW,646,Rwanda,AFR,2010,10317557,82,60,108,8500,6200,11000,26,18,36,estimated
RWA,RW,646,Rwanda,AFR,2011,10573730,76,55,101,8100,5800,11000,22,14,30,estimated
RWA,RW,646,Rwanda,AFR,2012,10829898,72,51,97,7800,5500,10000,19,12,27,estimated
RWA,RW,646,Rwanda,AFR,2013,11093341,70,49,94,7700,5400,10000,17,11,24,estimated
RWA,RW,646,Rwanda,AFR,2014,11364755,68,47,92,7700,5400,10000,17,11,24,estimated
RWA,RW,646,Rwanda,AFR,2015,11640031,66,46,90,7700,5400,10000,18,12,26,estimated
RWA,RW,646,Rwanda,AFR,2016,11919186,65,46,89,7800,5400,11000,14,9.1,20,estimated
RWA,RW,646,Rwanda,AFR,2017,12202058,65,45,88,7900,5500,11000,14,9.2,20,estimated
RWA,RW,646,Rwanda,AFR,2018,12488000,64,45,87,8000,5600,11000,13,8.6,19,estimated
RWA,RW,646,Rwanda,AFR,2019,12776100,63,44,86,8100,5700,11000,13,8.5,19,estimated
RWA,RW,646,Rwanda,AFR,2020,13065832,63,44,85,8200,5800,11000,12,8,17,estimated
RWA,RW,646,Rwanda,AFR,2021,13355261,63,44,85,8400,5900,11000,9.9,6.5,14,estimated
RWA,RW,646,Rwanda,AFR,2022,13651023,62,44,84,8500,6000,11000,8.3,5.4,12,estimated
RWA,RW,646,Rwanda,AFR,2023,13954478,62,44,83,8700,6100,12000,7.7,5,11,estimated
RWA,RW,646,Rwanda,AFR,2024,14256561,62,44,83,8800,6200,12000,8,5.3,11,estimated
SAU,SA,682,Saudi Arabia,EMR,2000,16177716,23,21,26,3800,3400,4200,0.26,0.09,0.52,estimated
SAU,SA,682,Saudi Arabia,EMR,2001,17041400,21,19,24,3700,3300,4000,0.24,0.08,0.47,estimated
SAU,SA,682,Saudi Arabia,EMR,2002,17910906,21,19,23,3700,3300,4100,0.22,0.08,0.44,estimated
SAU,SA,682,Saudi Arabia,EMR,2003,18786766,19,18,21,3600,3300,4000,0.2,0.07,0.39,estimated
SAU,SA,682,Saudi Arabia,EMR,2004,19669490,19,17,20,3600,3300,4000,0.17,0.06,0.34,estimated
SAU,SA,682,Saudi Arabia,EMR,2005,20559895,19,17,21,3900,3500,4300,0.16,0.06,0.31,estimated
SAU,SA,682,Saudi Arabia,EMR,2006,21459150,19,17,21,4200,3700,4600,0.14,0.05,0.27,estimated
SAU,SA,682,Saudi Arabia,EMR,2007,22368314,19,18,21,4400,3900,4800,0.12,0.04,0.23,estimated
SAU,SA,682,Saudi Arabia,EMR,2008,23287873,19,17,21,4400,4000,4900,0.11,0.04,0.22,estimated
SAU,SA,682,Saudi Arabia,EMR,2009,24217660,18,17,20,4400,4000,4900,0.11,0.04,0.21,estimated
SAU,SA,682,Saudi Arabia,EMR,2010,25157125,20,18,22,4900,4400,5400,0.46,0.36,0.56,estimated
SAU,SA,682,Saudi Arabia,EMR,2011,26105653,17,15,18,4300,3900,4800,0.37,0.29,0.46,estimated
SAU,SA,682,Saudi Arabia,EMR,2012,27062443,15,14,17,4100,3700,4500,0.35,0.27,0.43,estimated
SAU,SA,682,Saudi Arabia,EMR,2013,28026831,13,12,15,3800,3400,4200,0.07,0.03,0.14,estimated
SAU,SA,682,Saudi Arabia,EMR,2014,28998137,12,11,14,3600,3200,3900,0.07,0.02,0.13,estimated
SAU,SA,682,Saudi Arabia,EMR,2015,29974939,12,11,13,3600,3300,4000,0.07,0.02,0.13,estimated
SAU,SA,682,Saudi Arabia,EMR,2016,30717805,10,9.4,12,3200,2900,3500,0.25,0.19,0.32,estimated
SAU,SA,682,Saudi Arabia,EMR,2017,30782402,10,9.2,11,3200,2800,3500,0.39,0.31,0.48,estimated
SAU,SA,682,Saudi Arabia,EMR,2018,30365132,11,9.7,12,3300,2900,3600,0.15,0.11,0.21,estimated
SAU,SA,682,Saudi Arabia,EMR,2019,30472816,11,9.6,12,3200,2900,3600,0.23,0.17,0.3,estimated
SAU,SA,682,Saudi Arabia,EMR,2020,30991210,8.7,7.8,9.6,2700,2400,3000,0.22,0.16,0.28,estimated
SAU,SA,682,Saudi Arabia,EMR,2021,31328376,9,8.2,10,2800,2600,3100,0.14,0.1,0.2,estimated
SAU,SA,682,Saudi Arabia,EMR,2022,32175352,8.8,8,9.8,2800,2600,3100,0.14,0.1,0.19,estimated
SAU,SA,682,Saudi Arabia,EMR,2023,33264294,8.4,7.6,9.3,2800,2500,3100,0.2,0.15,0.25,estimated
SAU,SA,682,Saudi Arabia,EMR,2024,33962761,8.4,7.6,9.3,2900,2600,3100,0.21,0.15,0.26,estimated
SCG,YU,891,Serbia & Montenegro,EUR,2000,8328802,33,21,47,2700,1800,3900,,,,estimated
SCG,YU,891,Serbia & Montenegro,EUR,2001,8285913,52,34,75,4300,2800,6200,,,,estimated
SCG,YU,891,Serbia & Montenegro,EUR,2002,8250513,49,32,70,4000,2600,5800,,,,estimated
SCG,YU,891,Serbia & Montenegro,EUR,2003,8224493,54,35,77,4400,2900,6400,,,,estimated
SCG,YU,891,Serbia & Montenegro,EUR,2004,8199606,43,28,61,3500,2300,5000,,,,estimated
SDN,SD,729,Sudan,EMR,2000,33849008,148,28,367,50000,9400,124000,6,0.44,19,estimated
SDN,SD,729,Sudan,EMR,2001,34825162,139,30,331,49000,10000,115000,4.9,0.44,15,estimated
SDN,SD,729,Sudan,EMR,2002,35825529,139,30,328,50000,11000,118000,4.3,0.41,13,estimated
SDN,SD,729,Sudan,EMR,2003,36799156,138,30,325,51000,11000,120000,4,0.4,12,estimated
SDN,SD,729,Sudan,EMR,2004,37789668,142,29,341,54000,11000,129000,3.9,0.39,11,estimated
SDN,SD,729,Sudan,EMR,2005,38852591,143,29,346,56000,11000,135000,4.1,0.4,12,estimated
SDN,SD,729,Sudan,EMR,2006,39968945,146,28,359,58000,11000,143000,15,2.7,37,estimated
SDN,SD,729,Sudan,EMR,2007,41152912,144,29,349,59000,12000,144000,15,2.8,36,estimated
SDN,SD,729,Sudan,EMR,2008,42441623,116,35,245,49000,15000,104000,3.5,0.55,9.2,estimated
SDN,SD,729,Sudan,EMR,2009,43812657,121,34,263,53000,15000,115000,3.8,0.54,10,estimated
SDN,SD,729,Sudan,EMR,2010,45160354,119,34,254,54000,16000,115000,3.8,0.57,9.9,estimated
SDN,SD,729,Sudan,EMR,2011,36140803,105,37,208,38000,13000,75000,3.5,0.65,8.7,estimated
SDN,SD,729,Sudan,EMR,2012,36923176,103,38,202,38000,14000,74000,3.5,0.67,8.8,estimated
SDN,SD,729,Sudan,EMR,2013,37785845,100,38,190,38000,14000,72000,3.3,0.67,8.1,estimated
SDN,SD,729,Sudan,EMR,2014,38823317,94,38,173,36000,15000,67000,2.9,0.62,6.9,estimated
SDN,SD,729,Sudan,EMR,2015,40024428,88,44,147,35000,18000,59000,2.5,0.63,5.5,estimated
SDN,SD,729,Sudan,EMR,2016,41259888,82,49,123,34000,20000,51000,2.1,0.63,4.6,estimated
SDN,SD,729,Sudan,EMR,2017,42714317,77,50,109,33000,21000,47000,1.9,0.58,3.9,estimated
SDN,SD,729,Sudan,EMR,2018,44230604,71,48,100,32000,21000,44000,1.6,0.52,3.4,estimated
SDN,SD,729,Sudan,EMR,2019,45548183,67,46,91,30000,21000,42000,1.5,0.47,3,estimated
SDN,SD,729,Sudan,EMR,2020,46789233,62,42,86,29000,20000,40000,1.4,0.44,2.8,estimated
SDN,SD,729,Sudan,EMR,2021,48066923,58,38,82,28000,18000,39000,1.3,0.4,2.6,estimated
SDN,SD,729,Sudan,EMR,2022,49383336,54,35,78,27000,17000,39000,1.2,0.36,2.5,estimated
SDN,SD,729,Sudan,EMR,2023,50042786,50,31,75,25000,16000,37000,1.1,0.33,2.3,estimated
SDN,SD,729,Sudan,EMR,2024,50448966,47,29,70,24000,15000,35000,1,0.31,2.2,estimated
SEN,SN,686,Senegal,AFR,2000,9968263,173,89,465,17000,8900,46000,25,9.8,46,estimated
SEN,SN,686,Senegal,AFR,2001,10212947,177,93,455,18000,9500,46000,22,8.8,42,estimated
SEN,SN,686,Senegal,AFR,2002,10466218,180,97,445,19000,10000,47000,20,8,38,estimated
SEN,SN,686,Senegal,AFR,2003,10721171,182,100,435,20000,11000,47000,19,7.6,37,estimated
SEN,SN,686,Senegal,AFR,2004,10975701,184,102,425,20000,11000,47000,19,7.5,36,estimated
SEN,SN,686,Senegal,AFR,2005,11235475,185,104,416,21000,12000,47000,20,7.8,37,estimated
SEN,SN,686,Senegal,AFR,2006,11500093,185,105,407,21000,12000,47000,21,8.2,39,estimated
SEN,SN,686,Senegal,AFR,2007,11770350,185,106,398,22000,13000,47000,21,8.5,40,estimated
SEN,SN,686,Senegal,AFR,2008,12048957,184,106,390,22000,13000,47000,21,8.2,39,estimated
SEN,SN,686,Senegal,AFR,2009,12337390,182,106,382,23000,13000,47000,20,7.8,37,estimated
SEN,SN,686,Senegal,AFR,2010,12635414,181,106,377,23000,13000,48000,18,13,22,estimated
SEN,SN,686,Senegal,AFR,2011,12958893,179,105,373,23000,14000,48000,18,13,23,estimated
SEN,SN,686,Senegal,AFR,2012,13310491,177,104,366,24000,14000,49000,16,12,20,estimated
SEN,SN,686,Senegal,AFR,2013,13710848,174,102,356,24000,14000,49000,14,11,18,estimated
SEN,SN,686,Senegal,AFR,2014,14152096,170,101,344,24000,14000,49000,12,9.3,16,estimated
SEN,SN,686,Senegal,AFR,2015,14593329,165,99,331,24000,14000,48000,11,8.4,15,estimated
SEN,SN,686,Senegal,AFR,2016,15034519,159,96,315,24000,14000,47000,10,7.4,13,estimated
SEN,SN,686,Senegal,AFR,2017,15475000,152,92,298,24000,14000,46000,9.3,6.9,12,estimated
SEN,SN,686,Senegal,AFR,2018,15914503,147,90,284,23000,14000,45000,7.1,5.1,9.4,estimated
SEN,SN,686,Senegal,AFR,2019,16352923,143,87,274,23000,14000,45000,7.3,5.2,9.6,estimated
SEN,SN,686,Senegal,AFR,2020,16789219,139,85,266,23000,14000,45000,6.9,4.9,9.2,estimated
SEN,SN,686,Senegal,AFR,2021,17220855,136,83,260,23000,14000,45000,5.4,3.8,7.3,estimated
SEN,SN,686,Senegal,AFR,2022,17651103,134,82,257,24000,14000,45000,4.7,3.2,6.3,estimated
SEN,SN,686,Senegal,AFR,2023,18077568,133,81,256,24000,15000,46000,5.2,3.5,7.1,estimated
SEN,SN,686,Senegal,AFR,2024,18501996,132,80,258,24000,15000,48000,5.9,4,8.2,estimated
SGP,SG,702,Singapore,WPR,2000,4035247,77,62,92,3100,2500,3700,7,2.7,13,estimated
SGP,SG,702,Singapore,WPR,2001,4116175,65,53,78,2700,2200,3200,5.7,2.2,11,estimated
SGP,SG,702,Singapore,WPR,2002,4146890,62,50,75,2600,2100,3100,5.1,2,9.8,estimated
SGP,SG,702,Singapore,WPR,2003,4138254,63,51,76,2600,2100,3200,4.8,1.8,9.2,estimated
SGP,SG,702,Singapore,WPR,2004,4172764,55,45,66,2300,1900,2800,3.8,1.4,7.3,estimated
SGP,SG,702,Singapore,WPR,2005,4268362,51,41,61,2200,1800,2600,3,1.1,5.8,estimated
SGP,SG,702,Singapore,WPR,2006,4407063,45,37,54,2000,1600,2400,2.3,0.84,4.4,estimated
SGP,SG,702,Singapore,WPR,2007,4596511,43,35,51,2000,1600,2400,1.8,0.66,3.5,estimated
SGP,SG,702,Singapore,WPR,2008,4806742,45,36,54,2100,1700,2600,1.8,0.66,3.5,estimated
SGP,SG,702,Singapore,WPR,2009,4968553,40,33,49,2000,1600,2400,1.9,1.3,2.5,estimated
SGP,SG,702,Singapore,WPR,2010,5077002,39,32,47,2000,1600,2400,1.6,1.2,2.2,estimated
SGP,SG,702,Singapore,WPR,2011,5182238,39,32,48,2000,1700,2500,1.8,1.3,2.4,estimated
SGP,SG,702,Singapore,WPR,2012,5293339,53,43,64,2800,2300,3400,1.3,0.87,1.7,estimated
SGP,SG,702,Singapore,WPR,2013,5385586,48,39,58,2600,2100,3100,1.4,0.97,1.8,estimated
SGP,SG,702,Singapore,WPR,2014,5457896,47,38,57,2600,2100,3100,1.3,0.9,1.7,estimated
SGP,SG,702,Singapore,WPR,2015,5525341,46,37,55,2500,2100,3000,0.83,0.55,1.2,estimated
SGP,SG,702,Singapore,WPR,2016,5577938,51,41,61,2800,2300,3400,0.79,0.52,1.1,estimated
SGP,SG,702,Singapore,WPR,2017,5604078,48,39,57,2700,2200,3200,0.71,0.45,1,estimated
SGP,SG,702,Singapore,WPR,2018,5634365,47,38,57,2700,2200,3200,0.61,0.38,0.9,estimated
SGP,SG,702,Singapore,WPR,2019,5669567,42,34,51,2400,1900,2900,0.82,0.54,1.2,estimated
SGP,SG,702,Singapore,WPR,2020,5620149,47,39,57,2700,2200,3200,0.47,0.27,0.71,estimated
SGP,SG,702,Singapore,WPR,2021,5546291,50,41,60,2800,2300,3300,0.42,0.24,0.66,estimated
SGP,SG,702,Singapore,WPR,2022,5649885,53,43,64,3000,2500,3600,0.52,0.31,0.77,estimated
SGP,SG,702,Singapore,WPR,2023,5789094,41,33,50,2400,1900,2900,0.53,0.32,0.79,estimated
SGP,SG,702,Singapore,WPR,2024,5832385,43,35,52,2500,2100,3000,0.34,0.18,0.54,estimated
SLB,SB,090,Solomon Islands,WPR,2000,440464,282,229,340,1200,1000,1500,,,,estimated
SLB,SB,090,Solomon Islands,WPR,2001,449114,264,215,318,1200,960,1400,,,,estimated
SLB,SB,090,Solomon Islands,WPR,2002,457668,224,182,270,1000,830,1200,,,,estimated
SLB,SB,090,Solomon Islands,WPR,2003,466155,249,202,300,1200,940,1400,,,,estimated
SLB,SB,090,Solomon Islands,WPR,2004,474608,280,228,338,1300,1100,1600,,,,estimated
SLB,SB,090,Solomon Islands,WPR,2005,483077,317,258,383,1500,1200,1800,,,,estimated
SLB,SB,090,Solomon Islands,WPR,2006,491594,271,220,326,1300,1100,1600,,,,estimated
SLB,SB,090,Solomon Islands,WPR,2007,500157,266,217,321,1300,1100,1600,,,,estimated
SLB,SB,090,Solomon Islands,WPR,2008,508791,239,195,288,1200,990,1500,,,,estimated
SLB,SB,090,Solomon Islands,WPR,2009,518133,209,170,252,1100,880,1300,,,,estimated
SLB,SB,090,Solomon Islands,WPR,2010,532967,177,144,214,950,770,1100,,,,estimated
SLB,SB,090,Solomon Islands,WPR,2011,552946,195,158,235,1100,880,1300,,,,estimated
SLB,SB,090,Solomon Islands,WPR,2012,573606,165,134,198,940,770,1100,,,,estimated
SLB,SB,090,Solomon Islands,WPR,2013,594940,153,125,185,910,740,1100,,,,estimated
SLB,SB,090,Solomon Islands,WPR,2014,616902,137,112,165,850,690,1000,,,,estimated
SLB,SB,090,Solomon Islands,WPR,2015,639406,155,126,187,990,810,1200,,,,estimated
SLB,SB,090,Solomon Islands,WPR,2016,662376,141,115,170,940,760,1100,,,,estimated
SLB,SB,090,Solomon Islands,WPR,2017,685672,124,101,149,850,690,1000,,,,estimated
SLB,SB,090,Solomon Islands,WPR,2018,709110,124,101,150,880,720,1100,,,,estimated
SLB,SB,090,Solomon Islands,WPR,2019,728147,111,90,133,800,650,970,,,,estimated
SLB,SB,090,Solomon Islands,WPR,2020,744493,97,79,117,720,590,870,,,,estimated
SLB,SB,090,Solomon Islands,WPR,2021,762582,108,88,130,820,670,990,,,,estimated
SLB,SB,090,Solomon Islands,WPR,2022,781067,97,79,117,760,620,920,,,,estimated
SLB,SB,090,Solomon Islands,WPR,2023,800007,97,79,117,780,630,940,,,,estimated
SLB,SB,090,Solomon Islands,WPR,2024,819192,123,100,148,1000,820,1200,,,,estimated
SLE,SL,694,Sierra Leone,AFR,2000,4423612,604,370,1160,27000,16000,51000,189,59,393,estimated
SLE,SL,694,Sierra Leone,AFR,2001,4692720,592,363,1140,28000,17000,53000,162,49,341,estimated
SLE,SL,694,Sierra Leone,AFR,2002,4971443,580,355,1120,29000,18000,56000,144,43,304,estimated
SLE,SL,694,Sierra Leone,AFR,2003,5177692,569,348,1090,29000,18000,57000,132,38,281,estimated
SLE,SL,694,Sierra Leone,AFR,2004,5355716,557,341,1070,30000,18000,57000,125,36,267,estimated
SLE,SL,694,Sierra Leone,AFR,2005,5501713,546,334,1050,30000,18000,58000,60,26,107,estimated
SLE,SL,694,Sierra Leone,AFR,2006,5624466,535,328,1030,30000,18000,58000,127,38,271,estimated
SLE,SL,694,Sierra Leone,AFR,2007,5749352,525,321,1010,30000,18000,58000,57,25,103,estimated
SLE,SL,694,Sierra Leone,AFR,2008,5894729,514,315,990,30000,19000,58000,56,24,101,estimated
SLE,SL,694,Sierra Leone,AFR,2009,6055652,504,308,970,31000,19000,59000,58,25,104,estimated
SLE,SL,694,Sierra Leone,AFR,2010,6222719,494,302,951,31000,19000,59000,50,22,89,estimated
SLE,SL,694,Sierra Leone,AFR,2011,6387251,484,296,932,31000,19000,60000,43,19,77,estimated
SLE,SL,694,Sierra Leone,AFR,2012,6551089,474,290,913,31000,19000,60000,55,24,98,estimated
SLE,SL,694,Sierra Leone,AFR,2013,6714043,465,285,895,31000,19000,60000,59,26,106,estimated
SLE,SL,694,Sierra Leone,AFR,2014,6876386,455,279,877,31000,19000,60000,54,23,97,estimated
SLE,SL,694,Sierra Leone,AFR,2015,7037657,446,273,859,31000,19000,60000,61,27,110,estimated
SLE,SL,694,Sierra Leone,AFR,2016,7205328,437,268,842,32000,19000,61000,61,27,110,estimated
SLE,SL,694,Sierra Leone,AFR,2017,7379299,429,262,825,32000,19000,61000,53,23,96,estimated
SLE,SL,694,Sierra Leone,AFR,2018,7554559,420,257,809,32000,19000,61000,54,24,98,estimated
SLE,SL,694,Sierra Leone,AFR,2019,7731990,412,252,793,32000,19000,61000,54,24,97,estimated
SLE,SL,694,Sierra Leone,AFR,2020,7912561,403,247,777,32000,20000,61000,57,25,102,estimated
SLE,SL,694,Sierra Leone,AFR,2021,8094608,395,242,761,32000,20000,62000,58,25,105,estimated
SLE,SL,694,Sierra Leone,AFR,2022,8276807,388,237,746,32000,20000,62000,52,22,93,estimated
SLE,SL,694,Sierra Leone,AFR,2023,8460512,380,233,731,32000,20000,62000,51,22,91,estimated
SLE,SL,694,Sierra Leone,AFR,2024,8642023,372,228,717,32000,20000,62000,52,23,94,estimated
SLV,SV,222,El Salvador,AMR,2000,5943377,58,47,70,3500,2800,4200,4.6,1.8,8.8,estimated
SLV,SV,222,El Salvador,AMR,2001,5968044,53,43,63,3100,2600,3800,3.7,1.4,7.1,estimated
SLV,SV,222,El Salvador,AMR,2002,5986635,52,42,63,3100,2500,3700,3.4,1.3,6.5,estimated
SLV,SV,222,El Salvador,AMR,2003,5998597,43,35,52,2600,2100,3100,4.1,3,5.3,estimated
SLV,SV,222,El Salvador,AMR,2004,6004677,41,34,50,2500,2000,3000,3,2.3,4,estimated
SLV,SV,222,El Salvador,AMR,2005,6005585,50,40,60,3000,2400,3600,6,4.5,7.8,estimated
SLV,SV,222,El Salvador,AMR,2006,6002317,44,36,53,2600,2100,3200,4.7,3.5,6.1,estimated
SLV,SV,222,El Salvador,AMR,2007,6009824,43,35,52,2600,2100,3100,5.8,4.3,7.5,estimated
SLV,SV,222,El Salvador,AMR,2008,6029294,43,35,51,2600,2100,3100,5,3.7,6.5,estimated
SLV,SV,222,El Salvador,AMR,2009,6048270,40,33,49,2400,2000,2900,5,3.7,6.5,estimated
SLV,SV,222,El Salvador,AMR,2010,6068245,39,32,47,2400,1900,2900,4.3,3.2,5.5,estimated
SLV,SV,222,El Salvador,AMR,2011,6090136,43,35,52,2600,2100,3200,4.5,3.3,5.8,estimated
SLV,SV,222,El Salvador,AMR,2012,6113974,46,38,56,2800,2300,3400,4.9,3.6,6.3,estimated
SLV,SV,222,El Salvador,AMR,2013,6138850,48,39,58,3000,2400,3600,4.6,3.4,5.9,estimated
SLV,SV,222,El Salvador,AMR,2014,6162953,48,39,58,3000,2400,3600,4.5,3.3,5.8,estimated
SLV,SV,222,El Salvador,AMR,2015,6183667,53,43,64,3300,2700,3900,4.1,3,5.3,estimated
SLV,SV,222,El Salvador,AMR,2016,6200791,65,53,78,4000,3300,4800,4.4,3.2,5.7,estimated
SLV,SV,222,El Salvador,AMR,2017,6213534,77,63,93,4800,3900,5800,3.6,2.7,4.7,estimated
SLV,SV,222,El Salvador,AMR,2018,6219817,76,62,91,4700,3800,5700,4.4,3.3,5.7,estimated
SLV,SV,222,El Salvador,AMR,2019,6222314,63,51,76,3900,3200,4700,4,3,5.2,estimated
SLV,SV,222,El Salvador,AMR,2020,6234679,42,34,51,2600,2100,3200,2.6,1.9,3.3,estimated
SLV,SV,222,El Salvador,AMR,2021,6255785,39,32,47,2400,2000,3000,2.6,1.9,3.4,estimated
SLV,SV,222,El Salvador,AMR,2022,6280330,51,41,61,3200,2600,3900,4.2,3.1,5.4,estimated
SLV,SV,222,El Salvador,AMR,2023,6309636,86,70,103,5400,4400,6500,5.2,3.8,6.7,estimated
SLV,SV,222,El Salvador,AMR,2024,6338193,116,94,139,7300,6000,8800,4,3,5.2,estimated
SMR,SM,674,San Marino,EUR,2000,26795,3.7,3,4.5,1,1,1,,,,estimated
SMR,SM,674,San Marino,EUR,2001,27147,0,0,0,0,0,0,,,,estimated
SMR,SM,674,San Marino,EUR,2002,27488,3.6,3,4.4,1,1,1,,,,estimated
SMR,SM,674,San Marino,EUR,2003,27848,3.6,2.9,4.3,1,1,1,,,,estimated
SMR,SM,674,San Marino,EUR,2004,28218,0,0,0,0,0,0,,,,estimated
SMR,SM,674,San Marino,EUR,2005,28580,0,0,0,0,0,0,,,,estimated
SMR,SM,674,San Marino,EUR,2006,28937,0,0,0,0,0,0,,,,estimated
SMR,SM,674,San Marino,EUR,2007,29316,0,0,0,0,0,0,,,,estimated
SMR,SM,674,San Marino,EUR,2008,29701,0,0,0,0,0,0,,,,estimated
SMR,SM,674,San Marino,EUR,2009,30095,0,0,0,0,0,0,,,,estimated
SMR,SM,674,San Marino,EUR,2010,30625,0,0,0,0,0,0,,,,estimated
SMR,SM,674,San Marino,EUR,2011,32175,0,0,0,0,0,0,,,,estimated
SMR,SM,674,San Marino,EUR,2012,33473,0,0,0,0,0,0,,,,estimated
SMR,SM,674,San Marino,EUR,2013,33622,0,0,0,0,0,0,,,,estimated
SMR,SM,674,San Marino,EUR,2014,33727,0,0,0,0,0,0,,,,estimated
SMR,SM,674,San Marino,EUR,2015,33900,0,0,0,0,0,0,,,,estimated
SMR,SM,674,San Marino,EUR,2016,34163,0,0,0,0,0,0,,,,estimated
SMR,SM,674,San Marino,EUR,2017,34376,0,0,0,0,0,0,,,,estimated
SMR,SM,674,San Marino,EUR,2018,34532,0,0,0,0,0,0,,,,estimated
SMR,SM,674,San Marino,EUR,2019,34660,0,0,0,0,0,0,,,,estimated
SMR,SM,674,San Marino,EUR,2020,34767,0,0,0,0,0,0,,,,estimated
SMR,SM,674,San Marino,EUR,2021,34568,0,0,0,0,0,0,,,,estimated
SMR,SM,674,San Marino,EUR,2022,34088,0,0,0,0,0,0,,,,estimated
SMR,SM,674,San Marino,EUR,2023,33728,0,0,0,0,0,0,,,,estimated
SMR,SM,674,San Marino,EUR,2024,33582,0,0,0,0,0,0,,,,estimated
SOM,SO,706,Somalia,EMR,2000,8838718,352,92,14000,31000,8100,1240000,19,7,36,estimated
SOM,SO,706,Somalia,EMR,2001,9198491,354,108,10500,33000,10000,965000,16,6.2,32,estimated
SOM,SO,706,Somalia,EMR,2002,9550067,351,121,7560,34000,12000,722000,15,5.5,28,estimated
SOM,SO,706,Somalia,EMR,2003,9909152,345,131,5100,34000,13000,505000,14,5.1,26,estimated
SOM,SO,706,Somalia,EMR,2004,10280994,336,138,3170,35000,14000,326000,13,4.8,24,estimated
SOM,SO,706,Somalia,EMR,2005,10644224,323,141,1740,34000,15000,186000,13,4.7,24,estimated
SOM,SO,706,Somalia,EMR,2006,10975496,308,143,669,34000,16000,73000,12,4.7,24,estimated
SOM,SO,706,Somalia,EMR,2007,11322579,287,140,542,33000,16000,61000,12,4.5,23,estimated
SOM,SO,706,Somalia,EMR,2008,11663097,261,132,415,30000,15000,48000,10,3.9,20,estimated
SOM,SO,706,Somalia,EMR,2009,11961201,238,126,519,28000,15000,62000,8.9,3.3,17,estimated
SOM,SO,706,Somalia,EMR,2010,12261752,220,120,434,27000,15000,53000,6.8,5.2,8.6,estimated
SOM,SO,706,Somalia,EMR,2011,12348828,204,113,431,25000,14000,53000,6.5,2.4,13,estimated
SOM,SO,706,Somalia,EMR,2012,12461162,192,109,418,24000,14000,52000,6,4.5,7.6,estimated
SOM,SO,706,Somalia,EMR,2013,12869597,187,108,393,24000,14000,51000,4.9,1.8,9.6,estimated
SOM,SO,706,Somalia,EMR,2014,13339493,188,110,391,25000,15000,52000,4.3,1.5,8.3,estimated
SOM,SO,706,Somalia,EMR,2015,13806960,187,110,384,26000,15000,53000,3.2,2.4,4.1,estimated
SOM,SO,706,Somalia,EMR,2016,14348735,184,110,369,26000,16000,53000,2.8,2.1,3.6,estimated
SOM,SO,706,Somalia,EMR,2017,14916633,182,110,358,27000,16000,53000,2,1.5,2.5,estimated
SOM,SO,706,Somalia,EMR,2018,15452485,179,109,348,28000,17000,54000,2.1,1.6,2.8,estimated
SOM,SO,706,Somalia,EMR,2019,16030965,175,107,338,28000,17000,54000,1.6,1.2,2.1,estimated
SOM,SO,706,Somalia,EMR,2020,16651180,171,105,330,29000,17000,55000,1.3,0.98,1.7,estimated
SOM,SO,706,Somalia,EMR,2021,17271438,167,101,324,29000,18000,56000,1.5,1.1,2,estimated
SOM,SO,706,Somalia,EMR,2022,17801893,162,98,319,29000,17000,57000,1.2,0.91,1.6,estimated
SOM,SO,706,Somalia,EMR,2023,18358618,157,94,316,29000,17000,58000,0.93,0.66,1.2,estimated
SOM,SO,706,Somalia,EMR,2024,19009144,151,89,314,29000,17000,60000,1.2,0.82,1.6,estimated
SRB,RS,688,Serbia,EUR,2005,7539135,69,57,84,5200,4300,6300,0.11,0.06,0.19,estimated
SRB,RS,688,Serbia,EUR,2006,7511398,68,56,82,5100,4200,6200,0.12,0.07,0.2,estimated
SRB,RS,688,Serbia,EUR,2007,7482987,63,51,76,4700,3800,5700,0.13,0.07,0.2,estimated
SRB,RS,688,Serbia,EUR,2008,7454277,59,48,72,4400,3600,5300,0.13,0.07,0.2,estimated
SRB,RS,688,Serbia,EUR,2009,7425345,55,45,67,4100,3300,5000,0.13,0.07,0.2,estimated
SRB,RS,688,Serbia,EUR,2010,7395861,51,42,62,3800,3100,4600,0.13,0.07,0.21,estimated
SRB,RS,688,Serbia,EUR,2011,7364850,47,38,56,3400,2800,4100,0.14,0.1,0.18,estimated
SRB,RS,688,Serbia,EUR,2012,7324618,39,32,47,2900,2300,3500,0.12,0.07,0.2,estimated
SRB,RS,688,Serbia,EUR,2013,7276181,43,35,52,3200,2600,3800,0.14,0.08,0.22,estimated
SRB,RS,688,Serbia,EUR,2014,7227195,37,30,44,2700,2200,3200,0.11,0.06,0.18,estimated
SRB,RS,688,Serbia,EUR,2015,7177263,33,27,40,2400,1900,2800,0.1,0.05,0.16,estimated
SRB,RS,688,Serbia,EUR,2016,7126087,29,24,35,2100,1700,2500,0.09,0.05,0.14,estimated
SRB,RS,688,Serbia,EUR,2017,7073502,29,23,34,2000,1600,2400,0.09,0.05,0.14,estimated
SRB,RS,688,Serbia,EUR,2018,7020017,26,21,31,1800,1500,2200,0.08,0.04,0.13,estimated
SRB,RS,688,Serbia,EUR,2019,6966155,21,17,25,1500,1200,1800,0.07,0.03,0.11,estimated
SRB,RS,688,Serbia,EUR,2020,6907809,21,17,25,1500,1200,1800,0.07,0.04,0.11,estimated
SRB,RS,688,Serbia,EUR,2021,6835431,19,16,23,1300,1100,1600,0.06,0.03,0.1,estimated
SRB,RS,688,Serbia,EUR,2022,6791212,17,14,21,1200,960,1400,0.05,0.03,0.09,estimated
SRB,RS,688,Serbia,EUR,2023,6773199,20,16,24,1300,1100,1600,0.06,0.03,0.1,estimated
SRB,RS,688,Serbia,EUR,2024,6736222,8.7,7.1,10,590,480,710,0.03,0.01,0.04,estimated
SSD,SS,728,South Sudan,AFR,2011,10288101,415,257,786,43000,26000,81000,61,20,124,estimated
SSD,SS,728,South Sudan,AFR,2012,10756246,407,251,770,44000,27000,83000,127,40,262,estimated
SSD,SS,728,South Sudan,AFR,2013,11166269,399,246,755,45000,28000,84000,58,26,103,estimated
SSD,SS,728,South Sudan,AFR,2014,11235079,391,242,740,44000,27000,83000,50,22,88,estimated
SSD,SS,728,South Sudan,AFR,2015,11107559,383,237,725,43000,26000,81000,44,20,78,estimated
SSD,SS,728,South Sudan,AFR,2016,10830108,376,232,711,41000,25000,77000,46,20,81,estimated
SSD,SS,728,South Sudan,AFR,2017,10259155,368,227,696,38000,23000,71000,45,20,80,estimated
SSD,SS,728,South Sudan,AFR,2018,10122987,361,223,682,37000,23000,69000,43,19,77,estimated
SSD,SS,728,South Sudan,AFR,2019,10423384,353,218,669,37000,23000,70000,41,18,73,estimated
SSD,SS,728,South Sudan,AFR,2020,10698474,346,214,655,37000,23000,70000,40,18,71,estimated
SSD,SS,728,South Sudan,AFR,2021,10865777,339,210,642,37000,23000,70000,44,20,78,estimated
SSD,SS,728,South Sudan,AFR,2022,11021177,333,206,629,37000,23000,69000,39,17,68,estimated
SSD,SS,728,South Sudan,AFR,2023,11483372,326,201,617,37000,23000,71000,36,16,64,estimated
SSD,SS,728,South Sudan,AFR,2024,11943418,320,197,605,38000,24000,72000,30,13,53,estimated
STP,ST,678,Sao Tome and Principe,AFR,2000,144017,254,207,306,370,300,440,62,27,111,estimated
STP,ST,678,Sao Tome and Principe,AFR,2001,146372,241,196,291,350,290,430,49,21,89,estimated
STP,ST,678,Sao Tome and Principe,AFR,2002,149920,220,179,266,330,270,400,38,15,69,estimated
STP,ST,678,Sao Tome and Principe,AFR,2003,153803,237,193,286,360,300,440,5.6,2.4,10,estimated
STP,ST,678,Sao Tome and Principe,AFR,2004,157709,252,205,304,400,320,480,33,13,63,estimated
STP,ST,678,Sao Tome and Principe,AFR,2005,161636,268,218,323,430,350,520,8.8,2.2,20,estimated
STP,ST,678,Sao Tome and Principe,AFR,2006,165633,273,222,330,450,370,550,35,13,66,estimated
STP,ST,678,Sao Tome and Principe,AFR,2007,169697,151,123,183,260,210,310,13,9.7,17,estimated
STP,ST,678,Sao Tome and Principe,AFR,2008,173791,101,82,122,180,140,210,8.6,6.4,11,estimated
STP,ST,678,Sao Tome and Principe,AFR,2009,177843,107,87,129,190,150,230,14,6.1,24,estimated
STP,ST,678,Sao Tome and Principe,AFR,2010,181796,153,125,185,280,230,340,18,9.2,29,estimated
STP,ST,678,Sao Tome and Principe,AFR,2011,185651,163,133,197,300,250,370,17,8.6,28,estimated
STP,ST,678,Sao Tome and Principe,AFR,2012,189431,131,107,158,250,200,300,19,10,29,estimated
STP,ST,678,Sao Tome and Principe,AFR,2013,193146,159,130,192,310,250,370,33,21,46,estimated
STP,ST,678,Sao Tome and Principe,AFR,2014,196760,163,133,197,320,260,390,29,18,42,estimated
STP,ST,678,Sao Tome and Principe,AFR,2015,200284,175,143,211,350,290,420,24,14,35,estimated
STP,ST,678,Sao Tome and Principe,AFR,2016,203688,175,143,211,360,290,430,35,23,48,estimated
STP,ST,678,Sao Tome and Principe,AFR,2017,206975,122,99,147,250,210,300,19,11,28,estimated
STP,ST,678,Sao Tome and Principe,AFR,2018,210191,123,100,148,260,210,310,18,11,27,estimated
STP,ST,678,Sao Tome and Principe,AFR,2019,213393,108,88,130,230,190,280,18,11,26,estimated
STP,ST,678,Sao Tome and Principe,AFR,2020,217432,69,56,83,150,120,180,4.6,1.5,9.4,estimated
STP,ST,678,Sao Tome and Principe,AFR,2021,221960,59,48,71,130,110,160,8.8,4.5,15,estimated
STP,ST,678,Sao Tome and Principe,AFR,2022,226304,87,71,105,200,160,240,8.7,0,68,estimated
STP,ST,678,Sao Tome and Principe,AFR,2023,230871,73,59,87,170,140,200,11,5.7,17,estimated
STP,ST,678,Sao Tome and Principe,AFR,2024,235536,87,71,105,210,170,250,17,10,25,estimated
SUR,SR,740,Suriname,AMR,2000,476633,50,40,60,240,190,280,11,4.6,20,estimated
SUR,SR,740,Suriname,AMR,2001,486567,38,31,46,180,150,220,7.5,3.1,14,estimated
SUR,SR,740,Suriname,AMR,2002,496540,44,36,54,220,180,270,8.1,3.4,15,estimated
SUR,SR,740,Suriname,AMR,2003,506422,44,36,53,220,180,270,11,7.2,16,estimated
SUR,SR,740,Suriname,AMR,2004,513923,38,31,45,190,160,230,9.6,6,14,estimated
SUR,SR,740,Suriname,AMR,2005,519314,42,34,51,220,180,270,7.9,3.3,14,estimated
SUR,SR,740,Suriname,AMR,2006,525002,45,36,54,230,190,280,8.9,3.8,16,estimated
SUR,SR,740,Suriname,AMR,2007,531016,43,35,51,230,180,270,9,3.9,16,estimated
SUR,SR,740,Suriname,AMR,2008,537240,34,28,42,190,150,220,9.6,6.3,13,estimated
SUR,SR,740,Suriname,AMR,2009,543577,55,44,66,300,240,360,17,12,22,estimated
SUR,SR,740,Suriname,AMR,2010,549928,57,47,69,310,260,380,19,14,25,estimated
SUR,SR,740,Suriname,AMR,2011,556273,35,29,43,200,160,240,12,8,16,estimated
SUR,SR,740,Suriname,AMR,2012,562627,35,28,42,200,160,240,10,6.8,14,estimated
SUR,SR,740,Suriname,AMR,2013,569018,37,30,45,210,170,260,8.4,5.6,12,estimated
SUR,SR,740,Suriname,AMR,2014,575374,37,30,45,210,170,260,11,7.4,14,estimated
SUR,SR,740,Suriname,AMR,2015,581624,35,29,43,210,170,250,11,7.5,14,estimated
SUR,SR,740,Suriname,AMR,2016,587756,27,22,33,160,130,190,6.4,4.1,9.3,estimated
SUR,SR,740,Suriname,AMR,2017,593719,31,25,37,180,150,220,5.6,3.4,8.2,estimated
SUR,SR,740,Suriname,AMR,2018,599515,41,33,49,240,200,290,6.1,3.8,8.9,estimated
SUR,SR,740,Suriname,AMR,2019,605772,31,25,37,190,150,220,8.4,5.7,12,estimated
SUR,SR,740,Suriname,AMR,2020,612323,25,21,31,160,130,190,5.6,3.4,8.2,estimated
SUR,SR,740,Suriname,AMR,2021,617900,23,19,28,140,120,170,4.5,2.5,6.9,estimated
SUR,SR,740,Suriname,AMR,2022,623163,32,26,39,200,160,240,4.7,2.7,7.3,estimated
SUR,SR,740,Suriname,AMR,2023,628883,31,25,37,200,160,240,3.6,1.9,6,estimated
SUR,SR,740,Suriname,AMR,2024,634427,34,28,41,210,170,260,6.3,3.9,9.2,estimated
SVK,SK,703,Slovakia,EUR,2000,5379999,32,26,39,1700,1400,2100,0.14,0.05,0.28,estimated
SVK,SK,703,Slovakia,EUR,2001,5379443,30,24,36,1600,1300,2000,0.12,0.04,0.24,estimated
SVK,SK,703,Slovakia,EUR,2002,5377688,29,23,35,1500,1300,1900,0.11,0.04,0.22,estimated
SVK,SK,703,Slovakia,EUR,2003,5376199,28,23,34,1500,1200,1800,0.1,0.03,0.19,estimated
SVK,SK,703,Slovakia,EUR,2004,5376048,18,15,22,980,800,1200,0,0,0,estimated
SVK,SK,703,Slovakia,EUR,2005,5376701,19,15,23,1000,830,1200,0.03,0,0.13,estimated
SVK,SK,703,Slovakia,EUR,2006,5376841,18,14,21,960,780,1200,0,0,0,estimated
SVK,SK,703,Slovakia,EUR,2007,5377003,16,13,20,870,710,1100,0,0,0,estimated
SVK,SK,703,Slovakia,EUR,2008,5379120,15,12,18,810,660,980,0,0,0,estimated
SVK,SK,703,Slovakia,EUR,2009,5385075,12,9.4,14,620,510,750,0.02,0,0.13,estimated
SVK,SK,703,Slovakia,EUR,2010,5391850,10,8.4,12,560,450,670,0.02,0,0.13,estimated
SVK,SK,703,Slovakia,EUR,2011,5398107,9.4,7.6,11,510,410,610,0,0,0,estimated
SVK,SK,703,Slovakia,EUR,2012,5404874,7.8,6.3,9.4,420,340,510,0,0,0,estimated
SVK,SK,703,Slovakia,EUR,2013,5410419,9.5,7.7,11,510,420,620,0,0,0,estimated
SVK,SK,703,Slovakia,EUR,2014,5415232,7.5,6.1,9,400,330,490,0,0,0,estimated
SVK,SK,703,Slovakia,EUR,2015,5420279,7,5.7,8.5,380,310,460,0.02,0.01,0.04,estimated
SVK,SK,703,Slovakia,EUR,2016,5427262,6.3,5.1,7.6,340,280,410,0.02,0.01,0.04,estimated
SVK,SK,703,Slovakia,EUR,2017,5435697,5,4.1,6,270,220,330,0,0,0,estimated
SVK,SK,703,Slovakia,EUR,2018,5443235,6.1,4.9,7.3,330,270,400,0.03,0,0.12,estimated
SVK,SK,703,Slovakia,EUR,2019,5450632,4.8,3.9,5.8,260,210,320,0.13,0.04,0.28,estimated
SVK,SK,703,Slovakia,EUR,2020,5455021,3.4,2.8,4.1,190,150,230,0.09,0.03,0.2,estimated
SVK,SK,703,Slovakia,EUR,2021,5442757,3,2.5,3.6,160,130,200,0.09,0.02,0.22,estimated
SVK,SK,703,Slovakia,EUR,2022,5473190,3.2,2.6,3.8,170,140,210,0.1,0.02,0.23,estimated
SVK,SK,703,Slovakia,EUR,2023,5518055,4.6,3.7,5.5,250,210,300,0.14,0.03,0.33,estimated
SVK,SK,703,Slovakia,EUR,2024,5506752,3.3,2.7,3.9,180,150,220,0.1,0.02,0.24,estimated
SVN,SI,705,Slovenia,EUR,2000,1986812,27,22,32,530,430,640,0.32,0.1,0.66,estimated
SVN,SI,705,Slovenia,EUR,2001,1989670,26,21,31,520,420,620,0.33,0.11,0.69,estimated
SVN,SI,705,Slovenia,EUR,2002,1991563,24,20,29,480,390,580,0.32,0.1,0.67,estimated
SVN,SI,705,Slovenia,EUR,2003,1992496,20,17,25,410,330,490,0.27,0.09,0.56,estimated
SVN,SI,705,Slovenia,EUR,2004,1993551,18,15,21,360,290,430,0.23,0.07,0.48,estimated
SVN,SI,705,Slovenia,EUR,2005,1996921,19,16,23,380,310,460,0.23,0.07,0.48,estimated
SVN,SI,705,Slovenia,EUR,2006,2003119,15,12,17,290,240,350,0.16,0.05,0.33,estimated
SVN,SI,705,Slovenia,EUR,2007,2014165,15,12,18,300,240,360,0.15,0.05,0.31,estimated
SVN,SI,705,Slovenia,EUR,2008,2025088,14,11,17,280,230,340,0,0,0,estimated
SVN,SI,705,Slovenia,EUR,2009,2035600,12,10,15,250,200,300,0,0,0,estimated
SVN,SI,705,Slovenia,EUR,2010,2044623,11,8.9,13,220,180,270,0.08,0,0.33,estimated
SVN,SI,705,Slovenia,EUR,2011,2048802,12,9.4,14,240,190,290,0,0,0,estimated
SVN,SI,705,Slovenia,EUR,2012,2053319,8.4,6.9,10,170,140,210,0,0,0,estimated
SVN,SI,705,Slovenia,EUR,2013,2056447,8.6,7,10,180,140,210,0.08,0,0.32,estimated
SVN,SI,705,Slovenia,EUR,2014,2058404,8.7,7.1,10,180,150,220,0,0,0,estimated
SVN,SI,705,Slovenia,EUR,2015,2059952,7.8,6.3,9.4,160,130,190,0,0,0,estimated
SVN,SI,705,Slovenia,EUR,2016,2061371,7,5.7,8.5,140,120,170,0.07,0,0.3,estimated
SVN,SI,705,Slovenia,EUR,2017,2062409,6.5,5.3,7.9,130,110,160,0.06,0.02,0.12,estimated
SVN,SI,705,Slovenia,EUR,2018,2069471,5.6,4.6,6.8,120,95,140,0.05,0.02,0.1,estimated
SVN,SI,705,Slovenia,EUR,2019,2083432,5.5,4.5,6.7,120,94,140,0.08,0,0.29,estimated
SVN,SI,705,Slovenia,EUR,2020,2102425,4.2,3.4,5.1,88,72,110,0,0,0,estimated
SVN,SI,705,Slovenia,EUR,2021,2113490,4.4,3.6,5.3,93,76,110,0,0,0,estimated
SVN,SI,705,Slovenia,EUR,2022,2115236,4,3.3,4.8,85,69,100,0,0,0,estimated
SVN,SI,705,Slovenia,EUR,2023,2118401,4.7,3.8,5.7,100,82,120,0.14,0.02,0.38,estimated
SVN,SI,705,Slovenia,EUR,2024,2118697,2.6,2.1,3.1,54,44,65,0.06,0,0.27,estimated
SWE,SE,752,Sweden,EUR,2000,8872112,6.7,5.5,8.1,590,480,720,0.27,0.14,0.43,estimated
SWE,SE,752,Sweden,EUR,2001,8896022,6.2,5.1,7.5,560,450,670,0.24,0.13,0.38,estimated
SWE,SE,752,Sweden,EUR,2002,8925043,5.9,4.8,7.1,520,430,630,0.21,0.11,0.34,estimated
SWE,SE,752,Sweden,EUR,2003,8958428,6.1,5,7.3,550,440,660,0.2,0.11,0.33,estimated
SWE,SE,752,Sweden,EUR,2004,8993803,6.5,5.3,7.8,590,480,710,0.2,0.1,0.32,estimated
SWE,SE,752,Sweden,EUR,2005,9029771,8.1,6.6,9.7,730,590,880,0.21,0.11,0.35,estimated
SWE,SE,752,Sweden,EUR,2006,9080616,7.2,5.8,8.6,650,530,780,0.17,0.09,0.27,estimated
SWE,SE,752,Sweden,EUR,2007,9148274,6.6,5.3,7.9,600,490,720,0.13,0.07,0.22,estimated
SWE,SE,752,Sweden,EUR,2008,9219901,7.2,5.8,8.7,660,540,800,0.15,0.08,0.24,estimated
SWE,SE,752,Sweden,EUR,2009,9298740,7.8,6.3,9.4,720,590,870,0.16,0.08,0.26,estimated
SWE,SE,752,Sweden,EUR,2010,9378235,8.2,6.7,9.9,770,620,930,0.18,0.09,0.29,estimated
SWE,SE,752,Sweden,EUR,2011,9449261,7,5.7,8.5,660,540,800,0.15,0.08,0.24,estimated
SWE,SE,752,Sweden,EUR,2012,9519488,7.6,6.2,9.2,720,590,870,0.16,0.08,0.26,estimated
SWE,SE,752,Sweden,EUR,2013,9600621,7.7,6.2,9.2,740,600,890,0.15,0.08,0.24,estimated
SWE,SE,752,Sweden,EUR,2014,9696430,7.8,6.4,9.4,760,620,910,0.15,0.08,0.24,estimated
SWE,SE,752,Sweden,EUR,2015,9799488,9.4,7.7,11,920,750,1100,0.18,0.1,0.29,estimated
SWE,SE,752,Sweden,EUR,2016,9923285,8.3,6.8,10,830,670,1000,0.17,0.09,0.27,estimated
SWE,SE,752,Sweden,EUR,2017,10057859,5.7,4.6,6.8,570,460,690,0.12,0.06,0.2,estimated
SWE,SE,752,Sweden,EUR,2018,10175407,5.5,4.5,6.6,560,450,670,0.12,0.06,0.19,estimated
SWE,SE,752,Sweden,EUR,2019,10279124,5.4,4.4,6.5,560,450,670,0.12,0.06,0.19,estimated
SWE,SE,752,Sweden,EUR,2020,10353688,3.6,2.9,4.3,370,300,440,0.08,0.04,0.13,estimated
SWE,SE,752,Sweden,EUR,2021,10416130,3.8,3.1,4.6,400,330,480,0.09,0.04,0.14,estimated
SWE,SE,752,Sweden,EUR,2022,10487345,4,3.2,4.8,420,340,500,0.09,0.05,0.14,estimated
SWE,SE,752,Sweden,EUR,2023,10551490,3.8,3.1,4.5,400,320,480,0.08,0.04,0.14,estimated
SWE,SE,752,Sweden,EUR,2024,10607003,3.3,2.7,4,350,290,420,0.07,0.04,0.12,estimated
SWZ,SZ,748,Eswatini,AFR,2000,1041414,981,205,2340,10000,2100,24000,705,139,1720,estimated
SWZ,SZ,748,Eswatini,AFR,2001,1051064,1010,197,2470,11000,2100,26000,737,136,1830,estimated
SWZ,SZ,748,Eswatini,AFR,2002,1059435,1110,171,2900,12000,1800,31000,819,120,2170,estimated
SWZ,SZ,748,Eswatini,AFR,2003,1066702,1270,129,3660,14000,1400,39000,948,92,2770,estimated
SWZ,SZ,748,Eswatini,AFR,2004,1073165,1320,117,3920,14000,1300,42000,994,84,2980,estimated
SWZ,SZ,748,Eswatini,AFR,2005,1079023,1420,93,4450,15000,1000,48000,1080,68,3420,estimated
SWZ,SZ,748,Eswatini,AFR,2006,1084437,1460,84,4700,16000,910,51000,1130,62,3660,estimated
SWZ,SZ,748,Eswatini,AFR,2007,1090702,1430,91,4530,16000,990,49000,1150,70,3680,estimated
SWZ,SZ,748,Eswatini,AFR,2008,1098093,1390,100,4290,15000,1100,47000,1160,80,3630,estimated
SWZ,SZ,748,Eswatini,AFR,2009,1105157,1590,58,5510,18000,640,61000,1320,46,4610,estimated
SWZ,SZ,748,Eswatini,AFR,2010,1111646,1590,59,5500,18000,650,61000,1300,46,4540,estimated
SWZ,SZ,748,Eswatini,AFR,2011,1117846,1300,120,3840,15000,1300,43000,1000,89,2990,estimated
SWZ,SZ,748,Eswatini,AFR,2012,1123865,1110,171,2910,13000,1900,33000,831,122,2200,estimated
SWZ,SZ,748,Eswatini,AFR,2013,1129984,1030,194,2530,12000,2200,29000,759,138,1890,estimated
SWZ,SZ,748,Eswatini,AFR,2014,1136308,855,233,1870,9700,2700,21000,626,164,1390,estimated
SWZ,SZ,748,Eswatini,AFR,2015,1142815,648,260,1210,7400,3000,14000,467,180,889,estimated
SWZ,SZ,748,Eswatini,AFR,2016,1149510,537,260,913,6200,3000,10000,377,174,657,estimated
SWZ,SZ,748,Eswatini,AFR,2017,1158202,502,257,828,5800,3000,9600,348,169,589,estimated
SWZ,SZ,748,Eswatini,AFR,2018,1168929,441,248,689,5200,2900,8100,265,141,427,estimated
SWZ,SZ,748,Eswatini,AFR,2019,1179879,363,228,527,4300,2700,6200,218,129,329,estimated
SWZ,SZ,748,Eswatini,AFR,2020,1192721,336,202,504,4000,2400,6000,199,121,300,estimated
SWZ,SZ,748,Eswatini,AFR,2021,1206593,334,194,499,4000,2300,6000,198,112,305,estimated
SWZ,SZ,748,Eswatini,AFR,2022,1218919,335,188,507,4100,2300,6200,193,106,304,estimated
SWZ,SZ,748,Eswatini,AFR,2023,1230500,326,175,499,4000,2200,6100,186,101,291,estimated
SWZ,SZ,748,Eswatini,AFR,2024,1242822,319,166,492,4000,2100,6100,179,97,280,estimated
SXM,SX,534,Sint Maarten (Dutch part),AMR,2010,33793,8.9,7.2,11,3,2,4,,,,estimated
SXM,SX,534,Sint Maarten (Dutch part),AMR,2011,34259,5.8,4.7,7,2,2,2,,,,estimated
SXM,SX,534,Sint Maarten (Dutch part),AMR,2012,35019,2.9,2.3,3.4,1,1,1,,,,estimated
SXM,SX,534,Sint Maarten (Dutch part),AMR,2013,35858,5.6,4.5,6.7,2,2,2,,,,estimated
SXM,SX,534,Sint Maarten (Dutch part),AMR,2014,36666,0,0,0,0,0,0,,,,estimated
SXM,SX,534,Sint Maarten (Dutch part),AMR,2015,37469,5.3,4.3,6.4,2,2,2,,,,estimated
SXM,SX,534,Sint Maarten (Dutch part),AMR,2016,38256,0,0,0,0,0,0,,,,estimated
SXM,SX,534,Sint Maarten (Dutch part),AMR,2017,38994,13,10,15,5,4,6,,,,estimated
SXM,SX,534,Sint Maarten (Dutch part),AMR,2018,39715,5,4.1,6.1,2,2,2,,,,estimated
SXM,SX,534,Sint Maarten (Dutch part),AMR,2019,40390,17,14,21,7,6,8,,,,estimated
SXM,SX,534,Sint Maarten (Dutch part),AMR,2020,41009,2.4,2,2.9,1,1,1,,,,estimated
SXM,SX,534,Sint Maarten (Dutch part),AMR,2021,41576,2.4,2,2.9,1,1,1,,,,estimated
SXM,SX,534,Sint Maarten (Dutch part),AMR,2022,42142,4.7,3.9,5.7,2,2,2,,,,estimated
SXM,SX,534,Sint Maarten (Dutch part),AMR,2023,42744,7,5.7,8.5,3,2,4,,,,estimated
SXM,SX,534,Sint Maarten (Dutch part),AMR,2024,43349,6.9,5.6,8.3,3,2,4,,,,estimated
SYC,SC,690,Seychelles,AFR,2000,83311,24,20,29,20,16,24,,,,estimated
SYC,SC,690,Seychelles,AFR,2001,84605,22,18,27,19,15,23,,,,estimated
SYC,SC,690,Seychelles,AFR,2002,85854,34,27,41,29,24,35,,,,estimated
SYC,SC,690,Seychelles,AFR,2003,87031,11,9.3,14,10,8,12,,,,estimated
SYC,SC,690,Seychelles,AFR,2004,88151,20,17,25,18,15,22,,,,estimated
SYC,SC,690,Seychelles,AFR,2005,89260,16,13,19,14,11,17,,,,estimated
SYC,SC,690,Seychelles,AFR,2006,90372,19,16,23,17,14,21,,,,estimated
SYC,SC,690,Seychelles,AFR,2007,91464,19,15,22,17,14,20,,,,estimated
SYC,SC,690,Seychelles,AFR,2008,92546,6.5,5.3,7.8,6,5,7,,,,estimated
SYC,SC,690,Seychelles,AFR,2009,93638,16,13,19,15,12,18,,,,estimated
SYC,SC,690,Seychelles,AFR,2010,94968,18,15,22,17,14,20,,,,estimated
SYC,SC,690,Seychelles,AFR,2011,97024,22,18,26,21,17,25,,,,estimated
SYC,SC,690,Seychelles,AFR,2012,99543,20,16,24,20,16,24,,,,estimated
SYC,SC,690,Seychelles,AFR,2013,102098,24,19,28,24,20,29,,,,estimated
SYC,SC,690,Seychelles,AFR,2014,104647,12,10,15,13,11,16,,,,estimated
SYC,SC,690,Seychelles,AFR,2015,107236,7.5,6.1,9,8,7,10,,,,estimated
SYC,SC,690,Seychelles,AFR,2016,109814,11,8.9,13,12,10,14,,,,estimated
SYC,SC,690,Seychelles,AFR,2017,112432,14,12,17,16,13,19,,,,estimated
SYC,SC,690,Seychelles,AFR,2018,115034,13,11,16,15,12,18,,,,estimated
SYC,SC,690,Seychelles,AFR,2019,117638,12,9.7,14,14,11,17,,,,estimated
SYC,SC,690,Seychelles,AFR,2020,120281,7.5,6.1,9,9,7,11,,,,estimated
SYC,SC,690,Seychelles,AFR,2021,122995,8.9,7.3,11,11,9,13,,,,estimated
SYC,SC,690,Seychelles,AFR,2022,125527,13,10,15,16,13,19,,,,estimated
SYC,SC,690,Seychelles,AFR,2023,127954,18,15,22,23,19,28,,,,estimated
SYC,SC,690,Seychelles,AFR,2024,130425,17,14,20,22,18,27,,,,estimated
SYR,SY,760,Syrian Arab Republic,EMR,2000,16637891,79,65,96,13000,11000,16000,0.04,0.02,0.06,estimated
SYR,SY,760,Syrian Arab Republic,EMR,2001,17051340,73,59,88,12000,10000,15000,0.03,0.02,0.05,estimated
SYR,SY,760,Syrian Arab Republic,EMR,2002,17468339,65,53,79,11000,9300,14000,0.03,0.01,0.04,estimated
SYR,SY,760,Syrian Arab Republic,EMR,2003,17889290,62,51,75,11000,9100,13000,0.03,0.01,0.04,estimated
SYR,SY,760,Syrian Arab Republic,EMR,2004,18336877,56,45,67,10000,8300,12000,0.02,0.01,0.04,estimated
SYR,SY,760,Syrian Arab Republic,EMR,2005,18814090,49,40,59,9300,7500,11000,0.02,0.01,0.04,estimated
SYR,SY,760,Syrian Arab Republic,EMR,2006,19637019,42,34,50,8200,6700,9900,0.02,0.01,0.04,estimated
SYR,SY,760,Syrian Arab Republic,EMR,2007,20884124,41,33,49,8500,6900,10000,0.03,0.01,0.04,estimated
SYR,SY,760,Syrian Arab Republic,EMR,2008,21636556,34,27,41,7300,5900,8800,0.02,0.01,0.04,estimated
SYR,SY,760,Syrian Arab Republic,EMR,2009,21976973,35,29,42,7700,6300,9300,0.03,0.01,0.04,estimated
SYR,SY,760,Syrian Arab Republic,EMR,2010,22482428,30,25,36,6800,5500,8200,0.02,0.01,0.04,estimated
SYR,SY,760,Syrian Arab Republic,EMR,2011,22878104,29,24,35,6600,5400,8000,0.03,0.01,0.04,estimated
SYR,SY,760,Syrian Arab Republic,EMR,2012,22759754,24,19,29,5500,4400,6600,0.02,0.01,0.04,estimated
SYR,SY,760,Syrian Arab Republic,EMR,2013,21666927,23,18,27,4900,4000,5900,0.02,0.01,0.04,estimated
SYR,SY,760,Syrian Arab Republic,EMR,2014,20273663,31,25,37,6200,5000,7500,0.03,0.02,0.05,estimated
SYR,SY,760,Syrian Arab Republic,EMR,2015,19424619,26,21,32,5100,4200,6200,0.03,0.01,0.04,estimated
SYR,SY,760,Syrian Arab Republic,EMR,2016,19193843,27,22,33,5300,4300,6300,0.03,0.01,0.04,estimated
SYR,SY,760,Syrian Arab Republic,EMR,2017,19224678,24,20,29,4600,3700,5600,0.02,0.01,0.04,estimated
SYR,SY,760,Syrian Arab Republic,EMR,2018,19577844,22,18,27,4400,3600,5300,0.02,0.01,0.04,estimated
SYR,SY,760,Syrian Arab Republic,EMR,2019,20353535,21,17,25,4200,3500,5100,0.02,0.01,0.03,estimated
SYR,SY,760,Syrian Arab Republic,EMR,2020,21049431,20,17,25,4300,3500,5200,0.02,0.01,0.03,estimated
SYR,SY,760,Syrian Arab Republic,EMR,2021,21628844,24,20,29,5300,4300,6400,0.02,0.01,0.04,estimated
SYR,SY,760,Syrian Arab Republic,EMR,2022,22462172,22,18,26,4900,4000,5900,0.02,0.01,0.04,estimated
SYR,SY,760,Syrian Arab Republic,EMR,2023,23594622,23,19,28,5500,4400,6600,0.02,0.01,0.04,estimated
SYR,SY,760,Syrian Arab Republic,EMR,2024,24672756,23,18,27,5600,4600,6800,0.01,0,0.03,estimated
TCA,TC,796,Turks and Caicos Islands,AMR,2000,18729,15,13,19,3,2,3,,,,estimated
TCA,TC,796,Turks and Caicos Islands,AMR,2001,19577,15,12,18,3,2,4,,,,estimated
TCA,TC,796,Turks and Caicos Islands,AMR,2002,20596,15,12,18,3,2,4,,,,estimated
TCA,TC,796,Turks and Caicos Islands,AMR,2003,21726,28,22,33,6,5,7,,,,estimated
TCA,TC,796,Turks and Caicos Islands,AMR,2004,22856,25,21,30,6,5,7,,,,estimated
TCA,TC,796,Turks and Caicos Islands,AMR,2005,23985,26,21,31,6,5,8,,,,estimated
TCA,TC,796,Turks and Caicos Islands,AMR,2006,25121,28,23,34,7,6,8,,,,estimated
TCA,TC,796,Turks and Caicos Islands,AMR,2007,26271,26,21,31,7,5,8,,,,estimated
TCA,TC,796,Turks and Caicos Islands,AMR,2008,27422,25,20,30,7,5,8,,,,estimated
TCA,TC,796,Turks and Caicos Islands,AMR,2009,28584,23,19,28,7,5,8,,,,estimated
TCA,TC,796,Turks and Caicos Islands,AMR,2010,29733,20,16,24,6,5,7,,,,estimated
TCA,TC,796,Turks and Caicos Islands,AMR,2011,30846,29,24,35,9,7,11,,,,estimated
TCA,TC,796,Turks and Caicos Islands,AMR,2012,32125,25,20,30,8,7,10,,,,estimated
TCA,TC,796,Turks and Caicos Islands,AMR,2013,33655,5.9,4.8,7.2,2,2,2,,,,estimated
TCA,TC,796,Turks and Caicos Islands,AMR,2014,35042,2.9,2.3,3.4,1,1,1,,,,estimated
TCA,TC,796,Turks and Caicos Islands,AMR,2015,36601,5.5,4.4,6.6,2,2,2,,,,estimated
TCA,TC,796,Turks and Caicos Islands,AMR,2016,38310,5.2,4.2,6.3,2,2,2,,,,estimated
TCA,TC,796,Turks and Caicos Islands,AMR,2017,39909,10,8.2,12,4,3,5,,,,estimated
TCA,TC,796,Turks and Caicos Islands,AMR,2018,41563,4.8,3.9,5.8,2,2,2,,,,estimated
TCA,TC,796,Turks and Caicos Islands,AMR,2019,43161,9.3,7.5,11,4,3,5,,,,estimated
TCA,TC,796,Turks and Caicos Islands,AMR,2020,44391,5.4,4.4,6.5,2,2,3,,,,estimated
TCA,TC,796,Turks and Caicos Islands,AMR,2021,45240,0,0,0,0,0,0,,,,estimated
TCA,TC,796,Turks and Caicos Islands,AMR,2022,45846,7.6,6.1,9.1,3,3,4,,,,estimated
TCA,TC,796,Turks and Caicos Islands,AMR,2023,46206,15,12,18,7,6,8,,,,estimated
TCA,TC,796,Turks and Caicos Islands,AMR,2024,46531,8.6,7,10,4,3,5,,,,estimated
TCD,TD,148,Chad,AFR,2000,8512097,123,61,362,10000,5200,31000,42,19,74,estimated
TCD,TD,148,Chad,AFR,2001,8804118,123,62,350,11000,5500,31000,36,16,64,estimated
TCD,TD,148,Chad,AFR,2002,9116187,124,64,341,11000,5800,31000,32,14,58,estimated
TCD,TD,148,Chad,AFR,2003,9487822,126,66,334,12000,6200,32000,30,13,54,estimated
TCD,TD,148,Chad,AFR,2004,9920036,129,68,331,13000,6800,33000,28,12,52,estimated
TCD,TD,148,Chad,AFR,2005,10328078,133,71,332,14000,7300,34000,29,12,53,estimated
TCD,TD,148,Chad,AFR,2006,10706422,137,74,333,15000,7900,36000,31,13,56,estimated
TCD,TD,148,Chad,AFR,2007,11081665,143,78,341,16000,8700,38000,33,14,59,estimated
TCD,TD,148,Chad,AFR,2008,11476289,150,83,354,17000,9500,41000,34,15,61,estimated
TCD,TD,148,Chad,AFR,2009,11893753,157,87,363,19000,10000,43000,35,15,62,estimated
TCD,TD,148,Chad,AFR,2010,12312578,162,90,371,20000,11000,46000,35,15,62,estimated
TCD,TD,148,Chad,AFR,2011,12754995,166,93,379,21000,12000,48000,35,15,63,estimated
TCD,TD,148,Chad,AFR,2012,13211001,168,95,381,22000,13000,50000,35,15,63,estimated
TCD,TD,148,Chad,AFR,2013,13691082,167,94,370,23000,13000,51000,33,14,59,estimated
TCD,TD,148,Chad,AFR,2014,14188684,162,93,351,23000,13000,50000,29,12,54,estimated
TCD,TD,148,Chad,AFR,2015,14647617,157,91,333,23000,13000,49000,35,25,46,estimated
TCD,TD,148,Chad,AFR,2016,15114656,152,89,315,23000,13000,48000,34,24,44,estimated
TCD,TD,148,Chad,AFR,2017,15622756,145,86,293,23000,13000,46000,29,21,38,estimated
TCD,TD,148,Chad,AFR,2018,16156532,139,84,276,23000,14000,45000,24,17,31,estimated
TCD,TD,148,Chad,AFR,2019,16685214,135,82,262,23000,14000,44000,24,17,32,estimated
TCD,TD,148,Chad,AFR,2020,17224672,131,80,250,22000,14000,43000,20,14,27,estimated
TCD,TD,148,Chad,AFR,2021,17828275,127,78,240,23000,14000,43000,18,12,24,estimated
TCD,TD,148,Chad,AFR,2022,18455314,123,76,232,23000,14000,43000,15,9.9,20,estimated
TCD,TD,148,Chad,AFR,2023,19319066,120,75,227,23000,14000,44000,13,8.8,19,estimated
TCD,TD,148,Chad,AFR,2024,20299127,118,73,222,24000,15000,45000,11,7.5,16,estimated
TGO,TG,768,Togo,AFR,2000,5140039,51,25,145,2600,1300,7400,25,7.9,51,estimated
TGO,TG,768,Togo,AFR,2001,5277380,61,32,160,3200,1700,8400,26,10,50,estimated
TGO,TG,768,Togo,AFR,2002,5413270,69,37,173,3700,2000,9300,27,11,50,estimated
TGO,TG,768,Togo,AFR,2003,5552165,76,42,183,4200,2300,10000,28,12,50,estimated
TGO,TG,768,Togo,AFR,2004,5696509,82,45,191,4700,2600,11000,29,13,52,estimated
TGO,TG,768,Togo,AFR,2005,5844626,86,48,197,5100,2800,12000,31,14,54,estimated
TGO,TG,768,Togo,AFR,2006,6010663,90,51,200,5400,3000,12000,32,15,56,estimated
TGO,TG,768,Togo,AFR,2007,6188344,91,52,201,5600,3200,12000,34,16,58,estimated
TGO,TG,768,Togo,AFR,2008,6368815,91,52,199,5800,3300,13000,29,19,42,estimated
TGO,TG,768,Togo,AFR,2009,6551864,90,51,195,5900,3400,13000,22,14,32,estimated
TGO,TG,768,Togo,AFR,2010,6732589,86,50,187,5800,3300,13000,22,13,32,estimated
TGO,TG,768,Togo,AFR,2011,6916480,81,47,175,5600,3200,12000,22,13,32,estimated
TGO,TG,768,Togo,AFR,2012,7100736,76,44,164,5400,3100,12000,18,10,27,estimated
TGO,TG,768,Togo,AFR,2013,7285440,72,41,152,5200,3000,11000,14,8.1,22,estimated
TGO,TG,768,Togo,AFR,2014,7472452,66,39,138,4900,2900,10000,14,7.5,22,estimated
TGO,TG,768,Togo,AFR,2015,7663191,62,36,126,4700,2800,9700,13,6.7,22,estimated
TGO,TG,768,Togo,AFR,2016,7858295,58,34,116,4500,2700,9100,13,6.2,21,estimated
TGO,TG,768,Togo,AFR,2017,8057143,54,33,107,4400,2600,8600,10,4.8,17,estimated
TGO,TG,768,Togo,AFR,2018,8258778,51,31,99,4200,2600,8200,8.8,3.9,16,estimated
TGO,TG,768,Togo,AFR,2019,8463062,49,30,94,4200,2500,8000,8,3.4,14,estimated
TGO,TG,768,Togo,AFR,2020,8669708,48,29,91,4100,2500,7900,8.1,3.4,15,estimated
TGO,TG,768,Togo,AFR,2021,8878368,47,29,89,4200,2600,7900,6.2,2.3,12,estimated
TGO,TG,768,Togo,AFR,2022,9089744,47,29,89,4200,2600,8100,5.8,2.1,11,estimated
TGO,TG,768,Togo,AFR,2023,9304336,47,29,90,4400,2700,8400,6.1,2.1,12,estimated
TGO,TG,768,Togo,AFR,2024,9515236,48,29,93,4500,2800,8800,5.9,2.1,12,estimated
THA,TH,764,Thailand,SEA,2000,63007808,241,78,496,152000,49000,313000,88,21,203,estimated
THA,TH,764,Thailand,SEA,2001,63651143,245,77,508,156000,49000,323000,76,17,179,estimated
THA,TH,764,Thailand,SEA,2002,64266438,244,77,505,157000,50000,324000,67,15,157,estimated
THA,TH,764,Thailand,SEA,2003,64868171,240,78,490,155000,51000,318000,59,13,139,estimated
THA,TH,764,Thailand,SEA,2004,65452056,232,79,467,152000,52000,306000,53,12,126,estimated
THA,TH,764,Thailand,SEA,2005,66017410,224,80,441,148000,53000,291000,51,12,119,estimated
THA,TH,764,Thailand,SEA,2006,66567692,215,81,413,143000,54000,275000,36,13,72,estimated
THA,TH,764,Thailand,SEA,2007,67102387,205,81,385,138000,55000,259000,35,13,67,estimated
THA,TH,764,Thailand,SEA,2008,67619833,196,82,360,133000,55000,244000,33,13,63,estimated
THA,TH,764,Thailand,SEA,2009,68121082,188,93,317,128000,63000,216000,32,15,55,estimated
THA,TH,764,Thailand,SEA,2010,68579440,181,99,288,124000,68000,198000,29,15,48,estimated
THA,TH,764,Thailand,SEA,2011,69007210,176,98,276,122000,68000,191000,26,14,42,estimated
THA,TH,764,Thailand,SEA,2012,69436095,172,92,277,120000,64000,193000,23,12,38,estimated
THA,TH,764,Thailand,SEA,2013,69845109,170,97,264,119000,67000,184000,25,14,41,estimated
THA,TH,764,Thailand,SEA,2014,70216374,167,96,257,117000,67000,180000,22,12,36,estimated
THA,TH,764,Thailand,SEA,2015,70540791,163,95,249,115000,67000,176000,21,12,33,estimated
THA,TH,764,Thailand,SEA,2016,70859847,160,104,227,113000,74000,161000,18,11,26,estimated
THA,TH,764,Thailand,SEA,2017,71160185,156,117,201,111000,83000,143000,17,12,23,estimated
THA,TH,764,Thailand,SEA,2018,71376071,153,116,196,109000,82000,140000,15,11,21,estimated
THA,TH,764,Thailand,SEA,2019,71522268,150,114,191,107000,81000,137000,15,11,20,estimated
THA,TH,764,Thailand,SEA,2020,71641486,144,109,182,103000,78000,131000,13,9.7,16,estimated
THA,TH,764,Thailand,SEA,2021,71727340,143,107,178,102000,77000,128000,13,9.1,16,estimated
THA,TH,764,Thailand,SEA,2022,71735331,148,109,182,106000,78000,130000,13,8.8,16,estimated
THA,TH,764,Thailand,SEA,2023,71702430,149,109,184,107000,78000,132000,12,8,15,estimated
THA,TH,764,Thailand,SEA,2024,71668014,146,106,181,104000,76000,130000,11,7.1,14,estimated
TJK,TJ,762,Tajikistan,EUR,2000,6284736,140,114,168,8800,7100,11000,0.05,0.01,0.13,estimated
TJK,TJ,762,Tajikistan,EUR,2001,6407376,163,132,196,10000,8500,13000,0,0,0,estimated
TJK,TJ,762,Tajikistan,EUR,2002,6531668,181,147,218,12000,9600,14000,0,0,0,estimated
TJK,TJ,762,Tajikistan,EUR,2003,6658575,194,158,234,13000,11000,16000,0.13,0.02,0.32,estimated
TJK,TJ,762,Tajikistan,EUR,2004,6790539,203,165,245,14000,11000,17000,0.38,0.11,0.81,estimated
TJK,TJ,762,Tajikistan,EUR,2005,6924714,208,169,251,14000,12000,17000,0.75,0.25,1.5,estimated
TJK,TJ,762,Tajikistan,EUR,2006,7057563,209,170,252,15000,12000,18000,1.2,0.43,2.5,estimated
TJK,TJ,762,Tajikistan,EUR,2007,7194471,203,165,245,15000,12000,18000,1.8,0.63,3.6,estimated
TJK,TJ,762,Tajikistan,EUR,2008,7338400,192,156,231,14000,11000,17000,2.4,0.85,4.8,estimated
TJK,TJ,762,Tajikistan,EUR,2009,7490233,180,147,217,14000,11000,16000,3.1,1.1,6.1,estimated
TJK,TJ,762,Tajikistan,EUR,2010,7652147,170,138,205,13000,11000,16000,3.7,1.3,7.2,estimated
TJK,TJ,762,Tajikistan,EUR,2011,7824790,158,128,190,12000,10000,15000,2.9,2.2,3.8,estimated
TJK,TJ,762,Tajikistan,EUR,2012,8014085,147,119,177,12000,9600,14000,2,1.5,2.6,estimated
TJK,TJ,762,Tajikistan,EUR,2013,8216721,135,110,163,11000,9000,13000,2.9,2.2,3.6,estimated
TJK,TJ,762,Tajikistan,EUR,2014,8425553,122,99,147,10000,8400,12000,3.5,2.6,4.5,estimated
TJK,TJ,762,Tajikistan,EUR,2015,8643835,111,90,134,9600,7800,12000,3,2.2,3.9,estimated
TJK,TJ,762,Tajikistan,EUR,2016,8865626,102,83,123,9000,7400,11000,3.5,2.6,4.5,estimated
TJK,TJ,762,Tajikistan,EUR,2017,9085942,94,76,113,8500,6900,10000,3.5,2.6,4.5,estimated
TJK,TJ,762,Tajikistan,EUR,2018,9307332,86,70,104,8000,6500,9700,3.5,2.6,4.6,estimated
TJK,TJ,762,Tajikistan,EUR,2019,9529965,80,65,96,7600,6200,9200,2.4,1.7,3.1,estimated
TJK,TJ,762,Tajikistan,EUR,2020,9749304,77,61,92,7500,6000,9000,2.2,1.6,2.9,estimated
TJK,TJ,762,Tajikistan,EUR,2021,9966913,76,60,93,7600,6000,9200,2.2,1.6,2.9,estimated
TJK,TJ,762,Tajikistan,EUR,2022,10182218,77,59,94,7800,6000,9600,2,1.4,2.6,estimated
TJK,TJ,762,Tajikistan,EUR,2023,10389800,76,58,94,7900,6000,9700,2.3,1.6,3.1,estimated
TJK,TJ,762,Tajikistan,EUR,2024,10590931,75,56,92,7900,6000,9700,1.7,1.2,2.2,estimated
TKL,TK,772,Tokelau,WPR,2000,1837,0,0,0,0,0,0,,,,estimated
TKL,TK,772,Tokelau,WPR,2001,1857,0,0,0,0,0,0,,,,estimated
TKL,TK,772,Tokelau,WPR,2002,1831,2,1.6,2.4,0,0,0,,,,estimated
TKL,TK,772,Tokelau,WPR,2003,1767,0,0,0,0,0,0,,,,estimated
TKL,TK,772,Tokelau,WPR,2004,1699,3,2.4,3.6,0,0,0,,,,estimated
TKL,TK,772,Tokelau,WPR,2005,1627,0,0,0,0,0,0,,,,estimated
TKL,TK,772,Tokelau,WPR,2006,1567,0,0,0,0,0,0,,,,estimated
TKL,TK,772,Tokelau,WPR,2007,1552,0,0,0,0,0,0,,,,estimated
TKL,TK,772,Tokelau,WPR,2008,1564,0,0,0,0,0,0,,,,estimated
TKL,TK,772,Tokelau,WPR,2009,1576,0,0,0,0,0,0,,,,estimated
TKL,TK,772,Tokelau,WPR,2010,1588,0,0,0,0,0,0,,,,estimated
TKL,TK,772,Tokelau,WPR,2011,1596,0,0,0,0,0,0,,,,estimated
TKL,TK,772,Tokelau,WPR,2012,1658,0,0,0,0,0,0,,,,estimated
TKL,TK,772,Tokelau,WPR,2013,1727,0,0,0,0,0,0,,,,estimated
TKL,TK,772,Tokelau,WPR,2014,1731,0,0,0,0,0,0,,,,estimated
TKL,TK,772,Tokelau,WPR,2015,1693,118,96,142,2,2,2,,,,estimated
TKL,TK,772,Tokelau,WPR,2016,1679,0,0,0,0,0,0,,,,estimated
TKL,TK,772,Tokelau,WPR,2017,1744,0,0,0,0,0,0,,,,estimated
TKL,TK,772,Tokelau,WPR,2018,1872,9.9,8.1,12,0,0,0,,,,estimated
TKL,TK,772,Tokelau,WPR,2019,2016,10,8.5,13,0,0,0,,,,estimated
TKL,TK,772,Tokelau,WPR,2020,2121,0,0,0,0,0,0,,,,estimated
TKL,TK,772,Tokelau,WPR,2021,2198,0,0,0,0,0,0,,,,estimated
TKL,TK,772,Tokelau,WPR,2022,2289,12,9.7,14,0,0,0,,,,estimated
TKL,TK,772,Tokelau,WPR,2023,2397,0,0,0,0,0,0,,,,estimated
TKL,TK,772,Tokelau,WPR,2024,2510,13,10,16,0,0,0,,,,estimated
TKM,TM,795,Turkmenistan,EUR,2000,4582678,193,157,233,8900,7200,11000,7.8,3.7,13,estimated
TKM,TM,795,Turkmenistan,EUR,2001,4675404,177,144,214,8300,6700,10000,7.4,3.5,13,estimated
TKM,TM,795,Turkmenistan,EUR,2002,4769468,155,126,186,7400,6000,8900,7.4,3.6,13,estimated
TKM,TM,795,Turkmenistan,EUR,2003,4863859,172,140,207,8300,6800,10000,10,4.9,17,estimated
TKM,TM,795,Turkmenistan,EUR,2004,4958092,126,103,152,6300,5100,7500,9.2,4.5,16,estimated
TKM,TM,795,Turkmenistan,EUR,2005,5052258,113,92,136,5700,4600,6900,10,5.2,17,estimated
TKM,TM,795,Turkmenistan,EUR,2006,5147104,109,88,131,5600,4500,6700,12,6.2,20,estimated
TKM,TM,795,Turkmenistan,EUR,2007,5244052,110,90,133,5800,4700,7000,15,7.6,24,estimated
TKM,TM,795,Turkmenistan,EUR,2008,5345015,115,94,139,6200,5000,7400,18,9.2,29,estimated
TKM,TM,795,Turkmenistan,EUR,2009,5451595,93,75,112,5100,4100,6100,16,8.4,26,estimated
TKM,TM,795,Turkmenistan,EUR,2010,5564360,91,74,109,5000,4100,6100,17,9.1,27,estimated
TKM,TM,795,Turkmenistan,EUR,2011,5683405,74,60,89,4200,3400,5000,15,8.1,24,estimated
TKM,TM,795,Turkmenistan,EUR,2012,5808544,76,62,92,4400,3600,5300,17,9,26,estimated
TKM,TM,795,Turkmenistan,EUR,2013,5939341,76,62,91,4500,3700,5400,17,9.3,27,estimated
TKM,TM,795,Turkmenistan,EUR,2014,6075286,61,49,73,3700,3000,4400,14,7.5,21,estimated
TKM,TM,795,Turkmenistan,EUR,2015,6215764,50,41,61,3100,2500,3800,11,6.1,18,estimated
TKM,TM,795,Turkmenistan,EUR,2016,6360039,46,37,55,2900,2400,3500,10,5.6,16,estimated
TKM,TM,795,Turkmenistan,EUR,2017,6507066,42,34,50,2700,2200,3300,9.3,5.1,15,estimated
TKM,TM,795,Turkmenistan,EUR,2018,6655528,44,36,53,2900,2400,3500,9.9,5.4,16,estimated
TKM,TM,795,Turkmenistan,EUR,2019,6803957,42,34,51,2900,2300,3400,9.3,5.1,15,estimated
TKM,TM,795,Turkmenistan,EUR,2020,6949909,37,30,44,2600,2100,3100,8.2,4.5,13,estimated
TKM,TM,795,Turkmenistan,EUR,2021,7092043,35,28,42,2500,2000,3000,7.8,4.3,12,estimated
TKM,TM,795,Turkmenistan,EUR,2022,7230196,46,37,55,3300,2700,4000,10,5.6,16,estimated
TKM,TM,795,Turkmenistan,EUR,2023,7364441,41,33,49,3000,2400,3600,9,5,14,estimated
TKM,TM,795,Turkmenistan,EUR,2024,7494492,40,32,48,3000,2400,3600,8.8,4.9,14,estimated
TLS,TL,626,Timor-Leste,SEA,2002,879160,1140,411,8370,10000,3600,74000,5.3,1.4,12,estimated
TLS,TL,626,Timor-Leste,SEA,2003,916876,1070,423,6770,9800,3900,62000,6.5,1.8,14,estimated
TLS,TL,626,Timor-Leste,SEA,2004,929078,1010,430,5370,9400,4000,50000,7.6,2.1,17,estimated
TLS,TL,626,Timor-Leste,SEA,2005,948304,952,434,4190,9000,4100,40000,8.3,2.3,18,estimated
TLS,TL,626,Timor-Leste,SEA,2006,976603,894,433,3220,8700,4200,31000,8.8,2.5,19,estimated
TLS,TL,626,Timor-Leste,SEA,2007,1004900,837,428,2420,8400,4300,24000,9,2.6,19,estimated
TLS,TL,626,Timor-Leste,SEA,2008,1032427,779,418,1890,8000,4300,19000,9,2.7,19,estimated
TLS,TL,626,Timor-Leste,SEA,2009,1058781,723,402,1600,7700,4300,17000,8.8,2.8,18,estimated
TLS,TL,626,Timor-Leste,SEA,2010,1084679,671,384,1390,7300,4200,15000,9.2,3,19,estimated
TLS,TL,626,Timor-Leste,SEA,2011,1110204,621,363,1230,6900,4000,14000,9.6,3.2,19,estimated
TLS,TL,626,Timor-Leste,SEA,2012,1134887,574,337,1160,6500,3800,13000,9.4,3.2,19,estimated
TLS,TL,626,Timor-Leste,SEA,2013,1158690,530,314,1070,6100,3600,12000,0.21,0.17,0.26,estimated
TLS,TL,626,Timor-Leste,SEA,2014,1181905,483,292,950,5700,3400,11000,0.19,0.15,0.24,estimated
TLS,TL,626,Timor-Leste,SEA,2015,1205127,437,268,836,5300,3200,10000,3.8,2.4,5.4,estimated
TLS,TL,626,Timor-Leste,SEA,2016,1228310,403,251,751,5000,3100,9200,7,2.5,14,estimated
TLS,TL,626,Timor-Leste,SEA,2017,1251707,384,241,701,4800,3000,8800,3.5,2.3,4.9,estimated
TLS,TL,626,Timor-Leste,SEA,2018,1275964,374,236,677,4800,3000,8600,4.6,3.3,6.1,estimated
TLS,TL,626,Timor-Leste,SEA,2019,1300946,373,236,674,4900,3100,8800,3.4,2.4,4.7,estimated
TLS,TL,626,Timor-Leste,SEA,2020,1326063,381,241,691,5100,3200,9200,5.6,4,7.4,estimated
TLS,TL,626,Timor-Leste,SEA,2021,1350133,398,249,731,5400,3400,9900,4.1,2.8,5.8,estimated
TLS,TL,626,Timor-Leste,SEA,2022,1369300,422,262,791,5800,3600,11000,3,2,4.1,estimated
TLS,TL,626,Timor-Leste,SEA,2023,1384286,455,279,872,6300,3900,12000,4.1,3,5.4,estimated
TLS,TL,626,Timor-Leste,SEA,2024,1400636,496,300,973,6900,4200,14000,6.8,5.1,8.7,estimated
TON,TO,776,Tonga,WPR,2000,102677,23,19,28,24,20,29,,,,estimated
TON,TO,776,Tonga,WPR,2001,103279,12,9.5,14,12,10,14,,,,estimated
TON,TO,776,Tonga,WPR,2002,103867,28,23,34,29,24,35,,,,estimated
TON,TO,776,Tonga,WPR,2003,104466,15,12,18,16,13,19,,,,estimated
TON,TO,776,Tonga,WPR,2004,105070,11,9.3,14,12,10,14,,,,estimated
TON,TO,776,Tonga,WPR,2005,105674,17,14,21,18,15,22,,,,estimated
TON,TO,776,Tonga,WPR,2006,106256,17,14,20,18,15,22,,,,estimated
TON,TO,776,Tonga,WPR,2007,106723,22,18,26,23,19,28,,,,estimated
TON,TO,776,Tonga,WPR,2008,107018,12,9.9,15,13,11,16,,,,estimated
TON,TO,776,Tonga,WPR,2009,107202,7.5,6.1,9,8,7,10,,,,estimated
TON,TO,776,Tonga,WPR,2010,107395,10,8.3,12,11,9,13,,,,estimated
TON,TO,776,Tonga,WPR,2011,107574,8.4,6.8,10,9,7,11,,,,estimated
TON,TO,776,Tonga,WPR,2012,107454,10,8.3,12,11,9,13,,,,estimated
TON,TO,776,Tonga,WPR,2013,107080,9.3,7.6,11,10,8,12,,,,estimated
TON,TO,776,Tonga,WPR,2014,106607,12,9.9,15,13,11,16,,,,estimated
TON,TO,776,Tonga,WPR,2015,106096,13,11,16,14,11,17,,,,estimated
TON,TO,776,Tonga,WPR,2016,105522,7.6,6.2,9.1,8,7,10,,,,estimated
TON,TO,776,Tonga,WPR,2017,105346,10,8.5,13,11,9,13,,,,estimated
TON,TO,776,Tonga,WPR,2018,105558,8.5,6.9,10,9,7,11,,,,estimated
TON,TO,776,Tonga,WPR,2019,105667,9.5,7.7,11,10,8,12,,,,estimated
TON,TO,776,Tonga,WPR,2020,105703,7.6,6.2,9.1,8,7,10,,,,estimated
TON,TO,776,Tonga,WPR,2021,105483,6.6,5.4,8,7,6,8,,,,estimated
TON,TO,776,Tonga,WPR,2022,105044,1.9,1.5,2.3,2,2,2,,,,estimated
TON,TO,776,Tonga,WPR,2023,104595,7.6,6.2,9.2,8,7,10,,,,estimated
TON,TO,776,Tonga,WPR,2024,104169,1.9,1.6,2.3,2,2,2,,,,estimated
TTO,TT,780,Trinidad and Tobago,AMR,2000,1319771,34,28,41,450,370,540,15,8,23,estimated
TTO,TT,780,Trinidad and Tobago,AMR,2001,1325566,33,27,40,440,350,520,14,7.4,22,estimated
TTO,TT,780,Trinidad and Tobago,AMR,2002,1332010,20,16,24,260,210,320,7.8,4.2,13,estimated
TTO,TT,780,Trinidad and Tobago,AMR,2003,1338716,20,16,24,270,220,330,8.3,6.2,11,estimated
TTO,TT,780,Trinidad and Tobago,AMR,2004,1345378,23,19,28,310,250,370,8,4.1,13,estimated
TTO,TT,780,Trinidad and Tobago,AMR,2005,1352031,20,16,24,270,220,330,6.8,4.9,8.9,estimated
TTO,TT,780,Trinidad and Tobago,AMR,2006,1358697,27,22,33,370,300,440,1.4,0.67,2.4,estimated
TTO,TT,780,Trinidad and Tobago,AMR,2007,1365378,25,20,30,340,270,410,7.4,5.4,9.7,estimated
TTO,TT,780,Trinidad and Tobago,AMR,2008,1372085,31,25,37,420,340,510,7.1,5.2,9.2,estimated
TTO,TT,780,Trinidad and Tobago,AMR,2009,1379047,29,24,35,400,330,480,9,6.7,12,estimated
TTO,TT,780,Trinidad and Tobago,AMR,2010,1386666,23,18,27,310,260,380,5.2,3.8,6.7,estimated
TTO,TT,780,Trinidad and Tobago,AMR,2011,1394985,23,18,27,320,260,380,7.5,5.6,9.8,estimated
TTO,TT,780,Trinidad and Tobago,AMR,2012,1403811,27,22,33,380,310,460,7.1,5.2,9.2,estimated
TTO,TT,780,Trinidad and Tobago,AMR,2013,1412659,24,20,29,340,280,410,5.2,3.7,6.9,estimated
TTO,TT,780,Trinidad and Tobago,AMR,2014,1421131,24,19,28,340,270,400,5.8,4.2,7.7,estimated
TTO,TT,780,Trinidad and Tobago,AMR,2015,1429186,18,15,22,260,210,310,2.9,1.9,4.2,estimated
TTO,TT,780,Trinidad and Tobago,AMR,2016,1437017,20,16,24,280,230,340,4.1,2.9,5.6,estimated
TTO,TT,780,Trinidad and Tobago,AMR,2017,1445261,18,15,22,260,210,320,2.2,1.3,3.3,estimated
TTO,TT,780,Trinidad and Tobago,AMR,2018,1470517,23,18,27,330,270,400,3.4,2.3,4.8,estimated
TTO,TT,780,Trinidad and Tobago,AMR,2019,1484896,19,16,23,290,230,350,3.2,2.1,4.5,estimated
TTO,TT,780,Trinidad and Tobago,AMR,2020,1481017,20,16,24,290,240,350,3.3,2.2,4.6,estimated
TTO,TT,780,Trinidad and Tobago,AMR,2021,1487716,15,13,19,230,190,280,1.6,0.92,2.6,estimated
TTO,TT,780,Trinidad and Tobago,AMR,2022,1495916,22,18,26,330,270,390,2.7,1.7,3.9,estimated
TTO,TT,780,Trinidad and Tobago,AMR,2023,1502931,25,20,30,370,300,450,5,3.6,6.7,estimated
TTO,TT,780,Trinidad and Tobago,AMR,2024,1507783,27,22,32,400,330,490,5,3.5,6.7,estimated
TUN,TN,788,Tunisia,EMR,2000,9764943,57,46,69,5600,4500,6700,0.26,0.09,0.52,estimated
TUN,TN,788,Tunisia,EMR,2001,9869676,49,40,59,4900,4000,5900,0.21,0.08,0.42,estimated
TUN,TN,788,Tunisia,EMR,2002,9971523,44,36,53,4400,3500,5200,0.19,0.07,0.37,estimated
TUN,TN,788,Tunisia,EMR,2003,10071634,42,34,50,4200,3400,5100,0.19,0.07,0.38,estimated
TUN,TN,788,Tunisia,EMR,2004,10166156,39,32,47,4000,3200,4800,0.2,0.07,0.39,estimated
TUN,TN,788,Tunisia,EMR,2005,10255471,38,31,46,3900,3200,4700,0.22,0.08,0.43,estimated
TUN,TN,788,Tunisia,EMR,2006,10346411,38,31,46,3900,3200,4800,0.25,0.09,0.49,estimated
TUN,TN,788,Tunisia,EMR,2007,10441708,40,33,48,4200,3400,5000,0.28,0.1,0.56,estimated
TUN,TN,788,Tunisia,EMR,2008,10542627,39,32,47,4100,3400,5000,0.29,0.1,0.57,estimated
TUN,TN,788,Tunisia,EMR,2009,10650676,36,29,44,3800,3100,4600,0.28,0.1,0.55,estimated
TUN,TN,788,Tunisia,EMR,2010,10765985,39,32,47,4200,3400,5000,0.3,0.11,0.6,estimated
TUN,TN,788,Tunisia,EMR,2011,10886030,48,39,58,5300,4300,6300,0.39,0.14,0.78,estimated
TUN,TN,788,Tunisia,EMR,2012,11009648,51,41,61,5600,4500,6700,0.43,0.15,0.84,estimated
TUN,TN,788,Tunisia,EMR,2013,11141346,46,38,56,5200,4200,6200,0.39,0.14,0.76,estimated
TUN,TN,788,Tunisia,EMR,2014,11274284,47,38,57,5300,4300,6400,0.24,0.13,0.4,estimated
TUN,TN,788,Tunisia,EMR,2015,11402266,50,41,60,5700,4600,6900,0.28,0.16,0.44,estimated
TUN,TN,788,Tunisia,EMR,2016,11528672,49,40,59,5600,4600,6800,0.54,0.35,0.76,estimated
TUN,TN,788,Tunisia,EMR,2017,11650502,43,35,52,5000,4100,6100,0.2,0.1,0.34,estimated
TUN,TN,788,Tunisia,EMR,2018,11765513,43,35,51,5000,4100,6000,0.41,0.25,0.6,estimated
TUN,TN,788,Tunisia,EMR,2019,11875087,42,34,51,5000,4100,6000,0.31,0.11,0.61,estimated
TUN,TN,788,Tunisia,EMR,2020,11974061,41,34,50,4900,4000,5900,0.3,0.11,0.59,estimated
TUN,TN,788,Tunisia,EMR,2021,12048629,40,33,49,4900,3900,5800,0.29,0.1,0.58,estimated
TUN,TN,788,Tunisia,EMR,2022,12119327,39,32,47,4800,3900,5700,0.29,0.1,0.57,estimated
TUN,TN,788,Tunisia,EMR,2023,12200425,38,31,46,4700,3800,5600,0.28,0.1,0.55,estimated
TUN,TN,788,Tunisia,EMR,2024,12277102,39,31,47,4700,3900,5700,0.28,0.1,0.56,estimated
TUR,TR,792,Türkiye,EUR,2000,65425964,54,44,65,35000,29000,42000,0.04,0.02,0.09,estimated
TUR,TR,792,Türkiye,EUR,2001,66245123,49,40,59,33000,26000,39000,0.04,0.01,0.07,estimated
TUR,TR,792,Türkiye,EUR,2002,67048801,49,40,59,33000,27000,40000,0.04,0.01,0.07,estimated
TUR,TR,792,Türkiye,EUR,2003,67831729,47,38,56,32000,26000,38000,0.04,0.01,0.08,estimated
TUR,TR,792,Türkiye,EUR,2004,68592616,44,36,53,30000,25000,36000,0.05,0.02,0.09,estimated
TUR,TR,792,Türkiye,EUR,2005,69329557,48,39,57,33000,27000,40000,0.06,0.02,0.13,estimated
TUR,TR,792,Türkiye,EUR,2006,70045349,47,38,56,33000,27000,39000,0.08,0.03,0.16,estimated
TUR,TR,792,Türkiye,EUR,2007,70750591,44,36,53,31000,25000,38000,0.09,0.03,0.18,estimated
TUR,TR,792,Türkiye,EUR,2008,71562340,40,33,49,29000,24000,35000,0.1,0.04,0.2,estimated
TUR,TR,792,Türkiye,EUR,2009,72464837,38,31,46,27000,22000,33000,0.12,0.04,0.23,estimated
TUR,TR,792,Türkiye,EUR,2010,73346765,35,29,42,26000,21000,31000,0.13,0.05,0.26,estimated
TUR,TR,792,Türkiye,EUR,2011,74215207,32,26,38,23000,19000,28000,0.14,0.05,0.28,estimated
TUR,TR,792,Türkiye,EUR,2012,75197199,28,23,34,21000,17000,25000,0.14,0.05,0.29,estimated
TUR,TR,792,Türkiye,EUR,2013,76403029,25,20,30,19000,15000,23000,0.09,0.06,0.12,estimated
TUR,TR,792,Türkiye,EUR,2014,78036157,23,19,28,18000,15000,22000,0.11,0.08,0.15,estimated
TUR,TR,792,Türkiye,EUR,2015,80014232,21,17,25,17000,14000,20000,0.14,0.1,0.18,estimated
TUR,TR,792,Türkiye,EUR,2016,81652090,20,16,24,16000,13000,19000,0.13,0.09,0.17,estimated
TUR,TR,792,Türkiye,EUR,2017,83083663,19,15,23,16000,13000,19000,0.14,0.11,0.19,estimated
TUR,TR,792,Türkiye,EUR,2018,84415976,18,15,22,15000,12000,18000,0.15,0.11,0.19,estimated
TUR,TR,792,Türkiye,EUR,2019,85357667,17,14,21,15000,12000,18000,0.2,0.15,0.27,estimated
TUR,TR,792,Türkiye,EUR,2020,86091697,16,13,20,14000,11000,17000,0.19,0.14,0.25,estimated
TUR,TR,792,Türkiye,EUR,2021,86686263,16,13,19,13000,11000,16000,0.18,0.13,0.24,estimated
TUR,TR,792,Türkiye,EUR,2022,87058467,15,12,18,13000,10000,15000,0.23,0.17,0.3,estimated
TUR,TR,792,Türkiye,EUR,2023,87270497,14,11,17,12000,9900,15000,0.18,0.14,0.24,estimated
TUR,TR,792,Türkiye,EUR,2024,87473816,13,11,16,11000,9300,14000,0.18,0.13,0.23,estimated
TUV,TV,798,Tuvalu,WPR,2000,9540,168,136,202,16,13,19,,,,estimated
TUV,TV,798,Tuvalu,WPR,2001,9600,167,136,201,16,13,19,,,,estimated
TUV,TV,798,Tuvalu,WPR,2002,9625,135,110,163,13,11,16,,,,estimated
TUV,TV,798,Tuvalu,WPR,2003,9685,320,260,386,31,25,37,,,,estimated
TUV,TV,798,Tuvalu,WPR,2004,9819,173,141,208,17,14,20,,,,estimated
TUV,TV,798,Tuvalu,WPR,2005,9939,121,98,146,12,10,14,,,,estimated
TUV,TV,798,Tuvalu,WPR,2006,10053,90,73,108,9,7,11,,,,estimated
TUV,TV,798,Tuvalu,WPR,2007,10186,177,144,213,18,15,22,,,,estimated
TUV,TV,798,Tuvalu,WPR,2008,10332,165,134,198,17,14,20,,,,estimated
TUV,TV,798,Tuvalu,WPR,2009,10456,172,140,207,18,15,22,,,,estimated
TUV,TV,798,Tuvalu,WPR,2010,10611,132,107,159,14,11,17,,,,estimated
TUV,TV,798,Tuvalu,WPR,2011,10781,111,91,134,12,10,14,,,,estimated
TUV,TV,798,Tuvalu,WPR,2012,10929,174,141,210,19,15,23,,,,estimated
TUV,TV,798,Tuvalu,WPR,2013,11006,164,133,197,18,15,22,,,,estimated
TUV,TV,798,Tuvalu,WPR,2014,10984,137,111,165,15,12,18,,,,estimated
TUV,TV,798,Tuvalu,WPR,2015,10972,182,148,220,20,16,24,,,,estimated
TUV,TV,798,Tuvalu,WPR,2016,10930,183,149,221,20,16,24,,,,estimated
TUV,TV,798,Tuvalu,WPR,2017,10868,212,172,255,23,19,28,,,,estimated
TUV,TV,798,Tuvalu,WPR,2018,10755,251,204,303,27,22,33,,,,estimated
TUV,TV,798,Tuvalu,WPR,2019,10579,284,231,342,30,24,36,,,,estimated
TUV,TV,798,Tuvalu,WPR,2020,10401,288,235,348,30,24,36,,,,estimated
TUV,TV,798,Tuvalu,WPR,2021,10198,216,176,260,22,18,27,,,,estimated
TUV,TV,798,Tuvalu,WPR,2022,9988,260,212,314,26,21,31,,,,estimated
TUV,TV,798,Tuvalu,WPR,2023,9806,163,133,197,16,13,19,,,,estimated
TUV,TV,798,Tuvalu,WPR,2024,9645,223,182,269,22,18,26,,,,estimated
TZA,TZ,834,United Republic of Tanzania,AFR,2000,34260135,503,95,1240,172000,33000,425000,309,52,789,estimated
TZA,TZ,834,United Republic of Tanzania,AFR,2001,35198300,506,100,1230,178000,35000,434000,282,48,715,estimated
TZA,TZ,834,United Republic of Tanzania,AFR,2002,36121302,509,105,1220,184000,38000,441000,261,46,661,estimated
TZA,TZ,834,United Republic of Tanzania,AFR,2003,37089559,510,110,1210,189000,41000,448000,248,44,623,estimated
TZA,TZ,834,United Republic of Tanzania,AFR,2004,38109668,510,115,1190,194000,44000,454000,240,44,599,estimated
TZA,TZ,834,United Republic of Tanzania,AFR,2005,39182075,510,120,1180,200000,47000,461000,242,46,596,estimated
TZA,TZ,834,United Republic of Tanzania,AFR,2006,40294903,504,123,1150,203000,50000,462000,244,49,592,estimated
TZA,TZ,834,United Republic of Tanzania,AFR,2007,41435519,492,125,1110,204000,52000,458000,231,56,528,estimated
TZA,TZ,834,United Republic of Tanzania,AFR,2008,42570727,474,125,1050,202000,53000,448000,223,56,503,estimated
TZA,TZ,834,United Republic of Tanzania,AFR,2009,43633980,452,123,991,197000,54000,432000,213,55,473,estimated
TZA,TZ,834,United Republic of Tanzania,AFR,2010,44758488,426,120,921,191000,54000,412000,162,44,357,estimated
TZA,TZ,834,United Republic of Tanzania,AFR,2011,46029369,401,117,857,185000,54000,394000,154,43,334,estimated
TZA,TZ,834,United Republic of Tanzania,AFR,2012,47374264,378,113,797,179000,54000,378000,145,42,312,estimated
TZA,TZ,834,United Republic of Tanzania,AFR,2013,48824124,336,107,692,164000,52000,338000,125,38,262,estimated
TZA,TZ,834,United Republic of Tanzania,AFR,2014,50351509,327,108,663,164000,55000,334000,114,36,235,estimated
TZA,TZ,834,United Republic of Tanzania,AFR,2015,52020963,306,111,599,159000,58000,312000,109,38,217,estimated
TZA,TZ,834,United Republic of Tanzania,AFR,2016,53824016,287,111,545,155000,60000,293000,98,36,189,estimated
TZA,TZ,834,United Republic of Tanzania,AFR,2017,55652887,269,112,494,150000,62000,275000,84,34,158,estimated
TZA,TZ,834,United Republic of Tanzania,AFR,2018,57437158,253,112,449,145000,64000,258000,71,30,129,estimated
TZA,TZ,834,United Republic of Tanzania,AFR,2019,59174892,237,112,408,140000,66000,241000,56,25,100,estimated
TZA,TZ,834,United Republic of Tanzania,AFR,2020,60972801,222,105,383,135000,64000,233000,47,21,83,estimated
TZA,TZ,834,United Republic of Tanzania,AFR,2021,62830413,208,93,370,131000,58000,233000,37,16,68,estimated
TZA,TZ,834,United Republic of Tanzania,AFR,2022,64711820,195,81,358,126000,53000,232000,32,13,61,estimated
TZA,TZ,834,United Republic of Tanzania,AFR,2023,66617605,183,71,348,122000,47000,232000,31,12,61,estimated
TZA,TZ,834,United Republic of Tanzania,AFR,2024,68560157,172,67,326,118000,46000,224000,28,11,55,estimated
UGA,UG,800,Uganda,AFR,2000,24000156,276,106,527,66000,25000,126000,182,64,361,estimated
UGA,UG,800,Uganda,AFR,2001,24745677,266,137,437,66000,34000,108000,158,72,279,estimated
UGA,UG,800,Uganda,AFR,2002,25532876,256,150,390,65000,38000,100000,141,70,237,estimated
UGA,UG,800,Uganda,AFR,2003,26352126,248,156,360,65000,41000,95000,129,66,213,estimated
UGA,UG,800,Uganda,AFR,2004,27154513,240,156,341,65000,42000,93000,121,62,199,estimated
UGA,UG,800,Uganda,AFR,2005,27963283,233,145,342,65000,40000,96000,118,59,199,estimated
UGA,UG,800,Uganda,AFR,2006,28793998,227,141,333,65000,41000,96000,118,59,196,estimated
UGA,UG,800,Uganda,AFR,2007,29653423,222,139,324,66000,41000,96000,118,60,195,estimated
UGA,UG,800,Uganda,AFR,2008,30539551,217,139,312,66000,43000,95000,129,78,192,estimated
UGA,UG,800,Uganda,AFR,2009,31451153,213,135,309,67000,43000,97000,120,71,180,estimated
UGA,UG,800,Uganda,AFR,2010,32390801,210,135,301,68000,44000,97000,113,69,169,estimated
UGA,UG,800,Uganda,AFR,2011,33354541,207,141,286,69000,47000,96000,109,69,157,estimated
UGA,UG,800,Uganda,AFR,2012,34337435,205,133,291,70000,46000,100000,103,63,152,estimated
UGA,UG,800,Uganda,AFR,2013,35337037,203,132,289,72000,47000,102000,97,59,143,estimated
UGA,UG,800,Uganda,AFR,2014,36395533,202,127,295,74000,46000,108000,90,53,137,estimated
UGA,UG,800,Uganda,AFR,2015,37531447,202,119,305,76000,45000,115000,85,48,133,estimated
UGA,UG,800,Uganda,AFR,2016,38799150,201,118,307,78000,46000,119000,87,48,137,estimated
UGA,UG,800,Uganda,AFR,2017,40177384,201,118,306,81000,47000,123000,80,44,125,estimated
UGA,UG,800,Uganda,AFR,2018,41565822,200,118,304,83000,49000,127000,81,45,127,estimated
UGA,UG,800,Uganda,AFR,2019,42999639,200,117,303,86000,50000,130000,78,44,123,estimated
UGA,UG,800,Uganda,AFR,2020,44457152,199,120,298,89000,53000,133000,66,38,102,estimated
UGA,UG,800,Uganda,AFR,2021,45910933,199,119,298,91000,55000,137000,63,36,98,estimated
UGA,UG,800,Uganda,AFR,2022,47312720,198,119,297,94000,56000,141000,64,37,100,estimated
UGA,UG,800,Uganda,AFR,2023,48656595,198,118,297,96000,58000,144000,74,42,114,estimated
UGA,UG,800,Uganda,AFR,2024,50015100,197,118,296,99000,59000,148000,65,37,101,estimated
UKR,UA,804,Ukraine,EUR,2000,49556660,193,157,233,96000,78000,115000,27,11,50,estimated
UKR,UA,804,Ukraine,EUR,2001,49106856,205,166,247,100000,82000,121000,26,10,49,estimated
UKR,UA,804,Ukraine,EUR,2002,48677285,210,171,254,102000,83000,123000,25,10,47,estimated
UKR,UA,804,Ukraine,EUR,2003,48315142,213,173,256,103000,84000,124000,25,9,49,estimated
UKR,UA,804,Ukraine,EUR,2004,47979509,211,172,254,101000,82000,122000,25,9.6,47,estimated
UKR,UA,804,Ukraine,EUR,2005,47585568,205,167,247,98000,79000,118000,25,10,48,estimated
UKR,UA,804,Ukraine,EUR,2006,47278693,197,161,238,93000,76000,112000,26,10,49,estimated
UKR,UA,804,Ukraine,EUR,2007,47062792,183,149,220,86000,70000,104000,12,9.5,16,estimated
UKR,UA,804,Ukraine,EUR,2008,46819186,162,131,195,76000,62000,91000,15,11,20,estimated
UKR,UA,804,Ukraine,EUR,2009,46623735,144,118,174,67000,55000,81000,16,12,21,estimated
UKR,UA,804,Ukraine,EUR,2010,46456004,136,111,164,63000,51000,76000,23,17,29,estimated
UKR,UA,804,Ukraine,EUR,2011,46307856,132,107,159,61000,50000,74000,17,13,22,estimated
UKR,UA,804,Ukraine,EUR,2012,46210066,127,103,153,59000,48000,71000,18,13,23,estimated
UKR,UA,804,Ukraine,EUR,2013,46126758,120,98,145,55000,45000,67000,24,17,31,estimated
UKR,UA,804,Ukraine,EUR,2014,45972381,115,93,138,53000,43000,63000,22,17,29,estimated
UKR,UA,804,Ukraine,EUR,2015,45784893,108,88,130,49000,40000,60000,24,18,31,estimated
UKR,UA,804,Ukraine,EUR,2016,45616823,99,81,120,45000,37000,55000,21,15,26,estimated
UKR,UA,804,Ukraine,EUR,2017,45436038,90,73,108,41000,33000,49000,20,15,26,estimated
UKR,UA,804,Ukraine,EUR,2018,45208900,82,67,99,37000,30000,45000,19,14,24,estimated
UKR,UA,804,Ukraine,EUR,2019,44957460,76,62,92,34000,28000,41000,17,13,23,estimated
UKR,UA,804,Ukraine,EUR,2020,44680015,75,61,89,33000,27000,40000,16,12,21,estimated
UKR,UA,804,Ukraine,EUR,2021,44298646,81,65,97,36000,29000,43000,18,13,24,estimated
UKR,UA,804,Ukraine,EUR,2022,41048758,87,69,105,36000,28000,43000,19,14,25,estimated
UKR,UA,804,Ukraine,EUR,2023,37732841,89,71,109,34000,27000,41000,19,14,24,estimated
UKR,UA,804,Ukraine,EUR,2024,37860219,86,68,106,33000,26000,40000,17,13,21,estimated
URY,UY,858,Uruguay,AMR,2000,3266204,33,27,39,1100,870,1300,4.9,1.8,9.5,estimated
URY,UY,858,Uruguay,AMR,2001,3274251,34,28,41,1100,910,1300,4.9,1.8,9.6,estimated
URY,UY,858,Uruguay,AMR,2002,3278857,26,21,31,850,690,1000,3.6,1.3,6.9,estimated
URY,UY,858,Uruguay,AMR,2003,3281183,31,25,37,1000,820,1200,3.8,2.8,5,estimated
URY,UY,858,Uruguay,AMR,2004,3283155,34,28,41,1100,910,1300,5.5,4.1,7.1,estimated
URY,UY,858,Uruguay,AMR,2005,3285773,28,23,34,930,760,1100,3.7,2.7,4.8,estimated
URY,UY,858,Uruguay,AMR,2006,3289517,25,20,30,820,660,980,3.7,2.7,4.9,estimated
URY,UY,858,Uruguay,AMR,2007,3295154,26,21,32,870,710,1000,4,3,5.2,estimated
URY,UY,858,Uruguay,AMR,2008,3302179,29,24,35,960,780,1200,4.4,3.2,5.7,estimated
URY,UY,858,Uruguay,AMR,2009,3310088,29,24,35,960,780,1200,4.8,3.5,6.2,estimated
URY,UY,858,Uruguay,AMR,2010,3318594,28,23,34,930,760,1100,4.7,3.4,6.1,estimated
URY,UY,858,Uruguay,AMR,2011,3326818,32,26,39,1100,880,1300,4.6,3.4,6,estimated
URY,UY,858,Uruguay,AMR,2012,3335404,31,26,38,1100,850,1300,5.1,3.8,6.6,estimated
URY,UY,858,Uruguay,AMR,2013,3345331,34,28,41,1100,920,1400,4.9,3.6,6.3,estimated
URY,UY,858,Uruguay,AMR,2014,3356331,33,27,39,1100,890,1300,5.3,3.9,6.9,estimated
URY,UY,858,Uruguay,AMR,2015,3368018,33,27,40,1100,920,1400,5.3,3.9,6.8,estimated
URY,UY,858,Uruguay,AMR,2016,3379283,32,26,39,1100,890,1300,5,3.7,6.5,estimated
URY,UY,858,Uruguay,AMR,2017,3388434,34,28,41,1200,940,1400,5.3,3.9,6.8,estimated
URY,UY,858,Uruguay,AMR,2018,3394536,36,29,44,1200,1000,1500,5.9,4.4,7.7,estimated
URY,UY,858,Uruguay,AMR,2019,3397204,38,31,46,1300,1000,1500,5.2,3.8,6.7,estimated
URY,UY,858,Uruguay,AMR,2020,3398971,35,28,42,1200,960,1400,4.8,3.6,6.2,estimated
URY,UY,858,Uruguay,AMR,2021,3396698,34,28,42,1200,950,1400,4.6,3.4,6,estimated
URY,UY,858,Uruguay,AMR,2022,3390911,41,33,49,1400,1100,1700,6.3,4.7,8.1,estimated
URY,UY,858,Uruguay,AMR,2023,3388075,45,37,54,1500,1200,1800,6,4.4,7.7,estimated
URY,UY,858,Uruguay,AMR,2024,3386590,47,38,57,1600,1300,1900,5.5,4.1,7.1,estimated
USA,US,840,United States of America,AMR,2000,281484139,7.7,6.3,9.3,22000,18000,26000,1.9,0.86,3.3,estimated
USA,US,840,United States of America,AMR,2001,284279638,7.4,6,8.9,21000,17000,25000,1.7,0.75,3,estimated
USA,US,840,United States of America,AMR,2002,287084337,6.8,5.5,8.2,20000,16000,24000,1.4,0.63,2.6,estimated
USA,US,840,United States of America,AMR,2003,289908100,6.6,5.3,7.9,19000,16000,23000,1.3,0.54,2.3,estimated
USA,US,840,United States of America,AMR,2004,292786252,6.3,5.1,7.6,18000,15000,22000,1.1,0.45,1.9,estimated
USA,US,840,United States of America,AMR,2005,295716667,6,4.9,7.2,18000,14000,21000,0.87,0.36,1.6,estimated
USA,US,840,United States of America,AMR,2006,298730205,5.8,4.7,6.9,17000,14000,21000,0.71,0.29,1.3,estimated
USA,US,840,United States of America,AMR,2007,301844224,5.5,4.5,6.6,17000,13000,20000,0.58,0.43,0.75,estimated
USA,US,840,United States of America,AMR,2008,304970330,5.2,4.2,6.3,16000,13000,19000,0.53,0.39,0.68,estimated
USA,US,840,United States of America,AMR,2009,308023453,4.6,3.7,5.5,14000,12000,17000,0.45,0.34,0.59,estimated
USA,US,840,United States of America,AMR,2010,311062789,4.4,3.6,5.3,14000,11000,16000,0.37,0.28,0.48,estimated
USA,US,840,United States of America,AMR,2011,314105081,4.1,3.3,4.9,13000,10000,15000,0.31,0.23,0.4,estimated
USA,US,840,United States of America,AMR,2012,317115358,3.8,3.1,4.6,12000,9700,14000,0.28,0.21,0.36,estimated
USA,US,840,United States of America,AMR,2013,320110756,3.4,2.8,4.1,11000,8900,13000,0.22,0.17,0.29,estimated
USA,US,840,United States of America,AMR,2014,323115373,3.3,2.7,4,11000,8700,13000,0.2,0.15,0.26,estimated
USA,US,840,United States of America,AMR,2015,326126494,3.3,2.7,4,11000,8700,13000,0.18,0.13,0.23,estimated
USA,US,840,United States of America,AMR,2016,329179422,3.1,2.6,3.8,10000,8400,12000,0.18,0.13,0.23,estimated
USA,US,840,United States of America,AMR,2017,332204656,3,2.5,3.7,10000,8200,12000,0.16,0.12,0.21,estimated
USA,US,840,United States of America,AMR,2018,335056496,3,2.4,3.6,10000,8100,12000,0.15,0.11,0.2,estimated
USA,US,840,United States of America,AMR,2019,337790067,2.9,2.4,3.5,9900,8100,12000,0.14,0.1,0.18,estimated
USA,US,840,United States of America,AMR,2020,339436165,2.4,1.9,2.8,8000,6500,9600,0.11,0.08,0.14,estimated
USA,US,840,United States of America,AMR,2021,340161448,2.6,2.1,3.1,8800,7100,11000,0.11,0.08,0.14,estimated
USA,US,840,United States of America,AMR,2022,341534052,2.6,2.1,3.2,9000,7300,11000,0.12,0.09,0.16,estimated
USA,US,840,United States of America,AMR,2023,343477333,3.1,2.5,3.8,11000,8700,13000,0.15,0.11,0.2,estimated
USA,US,840,United States of America,AMR,2024,345426574,3.2,2.6,3.9,11000,9100,13000,0.16,0.12,0.21,estimated
UZB,UZ,860,Uzbekistan,EUR,2000,24787046,156,127,188,39000,31000,47000,0.44,0.04,1.3,estimated
UZB,UZ,860,Uzbekistan,EUR,2001,25090281,163,133,196,41000,33000,49000,0.38,0.04,1.1,estimated
UZB,UZ,860,Uzbekistan,EUR,2002,25399983,166,135,201,42000,34000,51000,0.45,0.08,1.1,estimated
UZB,UZ,860,Uzbekistan,EUR,2003,25711263,167,136,202,43000,35000,52000,0.64,0.16,1.4,estimated
UZB,UZ,860,Uzbekistan,EUR,2004,26029348,165,134,199,43000,35000,52000,0.72,0.53,0.95,estimated
UZB,UZ,860,Uzbekistan,EUR,2005,26356982,160,130,193,42000,34000,51000,0.66,0.47,0.87,estimated
UZB,UZ,860,Uzbekistan,EUR,2006,26699050,153,125,185,41000,33000,49000,0.97,0.7,1.3,estimated
UZB,UZ,860,Uzbekistan,EUR,2007,27076006,142,116,171,38000,31000,46000,1.7,1.2,2.1,estimated
UZB,UZ,860,Uzbekistan,EUR,2008,27494772,127,103,153,35000,28000,42000,1.5,1.2,1.9,estimated
UZB,UZ,860,Uzbekistan,EUR,2009,27939331,113,92,136,32000,26000,38000,1.9,1.4,2.5,estimated
UZB,UZ,860,Uzbekistan,EUR,2010,28385509,103,84,124,29000,24000,35000,2.2,1.6,2.8,estimated
UZB,UZ,860,Uzbekistan,EUR,2011,28823196,94,77,113,27000,22000,33000,3.2,2.4,4.1,estimated
UZB,UZ,860,Uzbekistan,EUR,2012,29261906,87,70,104,25000,21000,31000,4.2,3.2,5.4,estimated
UZB,UZ,860,Uzbekistan,EUR,2013,29724063,82,67,99,25000,20000,30000,3.7,2.6,4.9,estimated
UZB,UZ,860,Uzbekistan,EUR,2014,30222994,81,66,97,24000,20000,29000,2.8,2.1,3.7,estimated
UZB,UZ,860,Uzbekistan,EUR,2015,30749342,79,64,95,24000,20000,29000,5.1,3.8,6.5,estimated
UZB,UZ,860,Uzbekistan,EUR,2016,31284572,76,61,91,24000,19000,28000,3.1,2.3,4,estimated
UZB,UZ,860,Uzbekistan,EUR,2017,31819184,73,59,88,23000,19000,28000,4,3,5.2,estimated
UZB,UZ,860,Uzbekistan,EUR,2018,32373487,70,57,84,23000,18000,27000,3.1,2.3,4,estimated
UZB,UZ,860,Uzbekistan,EUR,2019,32964703,67,54,80,22000,18000,26000,2.6,2,3.4,estimated
UZB,UZ,860,Uzbekistan,EUR,2020,33586367,63,52,76,21000,17000,26000,2,1.5,2.6,estimated
UZB,UZ,860,Uzbekistan,EUR,2021,34243699,60,49,72,21000,17000,25000,1.7,1.3,2.2,estimated
UZB,UZ,860,Uzbekistan,EUR,2022,34938945,57,46,69,20000,16000,24000,1.9,1.4,2.4,estimated
UZB,UZ,860,Uzbekistan,EUR,2023,35652303,54,44,65,19000,16000,23000,1.8,1.3,2.3,estimated
UZB,UZ,860,Uzbekistan,EUR,2024,36361872,51,41,61,18000,15000,22000,1.7,1.3,2.2,estimated
VCT,VC,670,Saint Vincent and the Grenadines,AMR,2000,113549,14,11,17,16,13,19,,,,estimated
VCT,VC,670,Saint Vincent and the Grenadines,AMR,2001,113498,8.8,7.2,11,10,8,12,,,,estimated
VCT,VC,670,Saint Vincent and the Grenadines,AMR,2002,113346,8.8,7.2,11,10,8,12,,,,estimated
VCT,VC,670,Saint Vincent and the Grenadines,AMR,2003,113137,12,10,15,14,11,17,,,,estimated
VCT,VC,670,Saint Vincent and the Grenadines,AMR,2004,112834,7.1,5.8,8.5,8,7,10,,,,estimated
VCT,VC,670,Saint Vincent and the Grenadines,AMR,2005,112447,6.2,5.1,7.5,7,6,8,,,,estimated
VCT,VC,670,Saint Vincent and the Grenadines,AMR,2006,112012,12,9.4,14,13,11,16,,,,estimated
VCT,VC,670,Saint Vincent and the Grenadines,AMR,2007,111532,11,8.8,13,12,10,14,,,,estimated
VCT,VC,670,Saint Vincent and the Grenadines,AMR,2008,111034,11,8.8,13,12,10,14,,,,estimated
VCT,VC,670,Saint Vincent and the Grenadines,AMR,2009,110509,8.1,6.6,9.8,9,7,11,,,,estimated
VCT,VC,670,Saint Vincent and the Grenadines,AMR,2010,109963,14,11,16,15,12,18,,,,estimated
VCT,VC,670,Saint Vincent and the Grenadines,AMR,2011,109343,16,13,19,17,14,20,,,,estimated
VCT,VC,670,Saint Vincent and the Grenadines,AMR,2012,108733,28,22,33,30,24,36,,,,estimated
VCT,VC,670,Saint Vincent and the Grenadines,AMR,2013,108129,2.8,2.3,3.3,3,2,4,,,,estimated
VCT,VC,670,Saint Vincent and the Grenadines,AMR,2014,107536,4.6,3.8,5.6,5,4,6,,,,estimated
VCT,VC,670,Saint Vincent and the Grenadines,AMR,2015,106954,6.5,5.3,7.9,7,6,8,,,,estimated
VCT,VC,670,Saint Vincent and the Grenadines,AMR,2016,106352,5.6,4.6,6.8,6,5,7,,,,estimated
VCT,VC,670,Saint Vincent and the Grenadines,AMR,2017,105664,1.9,1.5,2.3,2,2,2,,,,estimated
VCT,VC,670,Saint Vincent and the Grenadines,AMR,2018,104924,5.7,4.7,6.9,6,5,7,,,,estimated
VCT,VC,670,Saint Vincent and the Grenadines,AMR,2019,104165,3.8,3.1,4.6,4,3,5,,,,estimated
VCT,VC,670,Saint Vincent and the Grenadines,AMR,2020,103526,13,10,15,13,11,16,,,,estimated
VCT,VC,670,Saint Vincent and the Grenadines,AMR,2021,102839,4.9,4,5.9,5,4,6,,,,estimated
VCT,VC,670,Saint Vincent and the Grenadines,AMR,2022,102048,4.9,4,5.9,5,4,6,,,,estimated
VCT,VC,670,Saint Vincent and the Grenadines,AMR,2023,101318,3.9,3.2,4.8,4,3,5,,,,estimated
VCT,VC,670,Saint Vincent and the Grenadines,AMR,2024,100615,4.6,3.7,5.5,5,4,6,,,,estimated
VEN,VE,862,Venezuela (Bolivarian Republic of),AMR,2000,24526717,62,51,75,15000,12000,18000,13,5.9,24,estimated
VEN,VE,862,Venezuela (Bolivarian Republic of),AMR,2001,24979929,56,45,67,14000,11000,17000,12,5.4,21,estimated
VEN,VE,862,Venezuela (Bolivarian Republic of),AMR,2002,25435677,51,42,62,13000,11000,16000,11,4.8,19,estimated
VEN,VE,862,Venezuela (Bolivarian Republic of),AMR,2003,25892701,52,42,63,13000,11000,16000,11,4.6,19,estimated
VEN,VE,862,Venezuela (Bolivarian Republic of),AMR,2004,26340840,49,40,59,13000,11000,16000,9.3,4.1,17,estimated
VEN,VE,862,Venezuela (Bolivarian Republic of),AMR,2005,26785805,46,38,56,12000,10000,15000,7.8,3.3,14,estimated
VEN,VE,862,Venezuela (Bolivarian Republic of),AMR,2006,27224685,43,35,52,12000,9500,14000,6.3,2.6,12,estimated
VEN,VE,862,Venezuela (Bolivarian Republic of),AMR,2007,27649363,39,32,47,11000,8900,13000,5,2,9.3,estimated
VEN,VE,862,Venezuela (Bolivarian Republic of),AMR,2008,28053686,37,30,45,10000,8500,13000,4.2,3.1,5.5,estimated
VEN,VE,862,Venezuela (Bolivarian Republic of),AMR,2009,28438302,36,29,43,10000,8300,12000,3.6,2.7,4.7,estimated
VEN,VE,862,Venezuela (Bolivarian Republic of),AMR,2010,28813102,34,28,41,9900,8000,12000,3.1,2.3,4.1,estimated
VEN,VE,862,Venezuela (Bolivarian Republic of),AMR,2011,29185212,32,26,38,9300,7600,11000,4,3,5.2,estimated
VEN,VE,862,Venezuela (Bolivarian Republic of),AMR,2012,29553828,32,26,38,9300,7600,11000,3.7,2.7,4.8,estimated
VEN,VE,862,Venezuela (Bolivarian Republic of),AMR,2013,29912202,30,25,37,9100,7400,11000,3.4,2.5,4.4,estimated
VEN,VE,862,Venezuela (Bolivarian Republic of),AMR,2014,30254079,29,23,34,8600,7000,10000,3,2.2,3.9,estimated
VEN,VE,862,Venezuela (Bolivarian Republic of),AMR,2015,30573975,31,25,37,9400,7600,11000,3.3,2.5,4.3,estimated
VEN,VE,862,Venezuela (Bolivarian Republic of),AMR,2016,30765724,36,29,43,11000,8900,13000,4,3,5.2,estimated
VEN,VE,862,Venezuela (Bolivarian Republic of),AMR,2017,30565325,47,38,57,14000,12000,17000,3.9,1.5,7.4,estimated
VEN,VE,862,Venezuela (Bolivarian Republic of),AMR,2018,29807594,50,41,61,15000,12000,18000,4,1.5,7.7,estimated
VEN,VE,862,Venezuela (Bolivarian Republic of),AMR,2019,28938095,48,39,58,14000,11000,17000,3.8,1.4,7.2,estimated
VEN,VE,862,Venezuela (Bolivarian Republic of),AMR,2020,28444072,47,38,57,13000,11000,16000,3.7,1.4,7,estimated
VEN,VE,862,Venezuela (Bolivarian Republic of),AMR,2021,28237836,48,38,58,13000,11000,16000,3.7,1.4,7.1,estimated
VEN,VE,862,Venezuela (Bolivarian Republic of),AMR,2022,28213026,48,39,58,14000,11000,16000,3.7,1.4,7.2,estimated
VEN,VE,862,Venezuela (Bolivarian Republic of),AMR,2023,28300854,47,38,57,13000,11000,16000,3.6,1.4,7,estimated
VEN,VE,862,Venezuela (Bolivarian Republic of),AMR,2024,28405538,46,37,56,13000,11000,16000,3.6,2.7,4.7,estimated
VGB,VG,092,British Virgin Islands,AMR,2000,20245,4.9,4,6,1,1,1,,,,estimated
VGB,VG,092,British Virgin Islands,AMR,2001,20795,4.8,3.9,5.8,1,1,1,,,,estimated
VGB,VG,092,British Virgin Islands,AMR,2002,21431,4.7,3.8,5.6,1,1,1,,,,estimated
VGB,VG,092,British Virgin Islands,AMR,2003,22129,4.5,3.7,5.4,1,1,1,,,,estimated
VGB,VG,092,British Virgin Islands,AMR,2004,22877,8.7,7.1,11,2,2,2,,,,estimated
VGB,VG,092,British Virgin Islands,AMR,2005,23661,0,0,0,0,0,0,,,,estimated
VGB,VG,092,British Virgin Islands,AMR,2006,24502,0,0,0,0,0,0,,,,estimated
VGB,VG,092,British Virgin Islands,AMR,2007,25361,0,0,0,0,0,0,,,,estimated
VGB,VG,092,British Virgin Islands,AMR,2008,26297,1.2,0.98,1.5,0,0,0,,,,estimated
VGB,VG,092,British Virgin Islands,AMR,2009,27214,2.4,2,2.9,1,1,1,,,,estimated
VGB,VG,092,British Virgin Islands,AMR,2010,27676,3.6,2.9,4.4,1,1,1,,,,estimated
VGB,VG,092,British Virgin Islands,AMR,2011,28706,0,0,0,0,0,0,,,,estimated
VGB,VG,092,British Virgin Islands,AMR,2012,30342,0,0,0,0,0,0,,,,estimated
VGB,VG,092,British Virgin Islands,AMR,2013,31699,3.2,2.6,3.8,1,1,1,,,,estimated
VGB,VG,092,British Virgin Islands,AMR,2014,32965,0,0,0,0,0,0,,,,estimated
VGB,VG,092,British Virgin Islands,AMR,2015,34504,0,0,0,0,0,0,,,,estimated
VGB,VG,092,British Virgin Islands,AMR,2016,33883,0,0,0,0,0,0,,,,estimated
VGB,VG,092,British Virgin Islands,AMR,2017,32696,1.4,1.2,1.7,0,0,1,,,,estimated
VGB,VG,092,British Virgin Islands,AMR,2018,34657,2.9,2.3,3.5,1,1,1,,,,estimated
VGB,VG,092,British Virgin Islands,AMR,2019,36387,2.3,1.9,2.8,1,1,1,,,,estimated
VGB,VG,092,British Virgin Islands,AMR,2020,37128,1.7,1.4,2.1,1,1,1,,,,estimated
VGB,VG,092,British Virgin Islands,AMR,2021,37805,1.2,0.94,1.4,0,0,1,,,,estimated
VGB,VG,092,British Virgin Islands,AMR,2022,38319,0.58,0.47,0.7,0,0,0,,,,estimated
VGB,VG,092,British Virgin Islands,AMR,2023,38989,0,0,0,0,0,0,,,,estimated
VGB,VG,092,British Virgin Islands,AMR,2024,39469,0,0,0,0,0,0,,,,estimated
VNM,VN,704,Viet Nam,WPR,2000,77154014,296,90,624,229000,69000,482000,19,3.2,50,estimated
VNM,VN,704,Viet Nam,WPR,2001,77969360,290,95,592,226000,74000,462000,17,3,43,estimated
VNM,VN,704,Viet Nam,WPR,2002,78772222,284,100,563,224000,79000,444000,15,2.9,38,estimated
VNM,VN,704,Viet Nam,WPR,2003,79563782,278,105,535,221000,83000,426000,15,3,36,estimated
VNM,VN,704,Viet Nam,WPR,2004,80338971,272,109,509,219000,87000,409000,15,3.2,35,estimated
VNM,VN,704,Viet Nam,WPR,2005,81088311,266,113,484,216000,91000,393000,15,3.5,36,estimated
VNM,VN,704,Viet Nam,WPR,2006,82167889,260,116,460,213000,95000,378000,16,3.9,37,estimated
VNM,VN,704,Viet Nam,WPR,2007,83633379,253,119,437,212000,99000,366000,11,5,20,estimated
VNM,VN,704,Viet Nam,WPR,2008,85175794,246,119,417,209000,102000,355000,9.2,4.3,16,estimated
VNM,VN,704,Viet Nam,WPR,2009,86460021,239,119,398,206000,103000,344000,17,4.5,36,estimated
VNM,VN,704,Viet Nam,WPR,2010,87455157,231,119,380,202000,104000,332000,16,4.5,35,estimated
VNM,VN,704,Viet Nam,WPR,2011,88468308,225,119,363,199000,106000,321000,16,4.5,34,estimated
VNM,VN,704,Viet Nam,WPR,2012,89510363,218,119,346,195000,107000,310000,15,7.9,25,estimated
VNM,VN,704,Viet Nam,WPR,2013,90573108,212,119,331,192000,107000,300000,13,7,21,estimated
VNM,VN,704,Viet Nam,WPR,2014,91679573,205,118,317,188000,108000,290000,11,5.8,17,estimated
VNM,VN,704,Viet Nam,WPR,2015,92823261,199,117,303,185000,109000,281000,8.5,4.8,13,estimated
VNM,VN,704,Viet Nam,WPR,2016,94000118,193,116,290,182000,109000,272000,6.4,3.7,10,estimated
VNM,VN,704,Viet Nam,WPR,2017,95176978,188,115,278,179000,110000,264000,6.9,4,11,estimated
VNM,VN,704,Viet Nam,WPR,2018,96237328,182,114,265,175000,110000,255000,6.2,3.7,9.4,estimated
VNM,VN,704,Viet Nam,WPR,2019,97173783,176,112,255,171000,109000,247000,5.8,3.5,8.6,estimated
VNM,VN,704,Viet Nam,WPR,2020,98079187,171,109,249,168000,107000,244000,5.6,3.4,8.5,estimated
VNM,VN,704,Viet Nam,WPR,2021,98935100,171,109,247,169000,107000,244000,5.2,3.1,7.8,estimated
VNM,VN,704,Viet Nam,WPR,2022,99680656,178,112,256,177000,111000,255000,4.4,2.7,6.7,estimated
VNM,VN,704,Viet Nam,WPR,2023,100352197,185,115,270,185000,116000,271000,4.7,2.7,7.1,estimated
VNM,VN,704,Viet Nam,WPR,2024,100987689,182,112,264,184000,113000,267000,5.1,3,7.7,estimated
VUT,VU,548,Vanuatu,WPR,2000,186276,331,109,3830,620,200,7100,132,104,165,estimated
VUT,VU,548,Vanuatu,WPR,2001,191035,286,99,2960,550,190,5600,115,89,143,estimated
VUT,VU,548,Vanuatu,WPR,2002,195865,248,91,2210,480,180,4300,99,76,125,estimated
VUT,VU,548,Vanuatu,WPR,2003,200750,214,84,1590,430,170,3200,86,65,109,estimated
VUT,VU,548,Vanuatu,WPR,2004,205711,185,78,1080,380,160,2200,74,56,95,estimated
VUT,VU,548,Vanuatu,WPR,2005,210754,162,74,698,340,160,1500,65,48,84,estimated
VUT,VU,548,Vanuatu,WPR,2006,215925,143,70,400,310,150,860,57,42,75,estimated
VUT,VU,548,Vanuatu,WPR,2007,221278,132,67,263,290,150,580,53,38,70,estimated
VUT,VU,548,Vanuatu,WPR,2008,226902,127,67,277,290,150,630,51,36,68,estimated
VUT,VU,548,Vanuatu,WPR,2009,232726,122,65,282,280,150,660,49,34,66,estimated
VUT,VU,548,Vanuatu,WPR,2010,238250,116,63,252,280,150,600,46,32,64,estimated
VUT,VU,548,Vanuatu,WPR,2011,243470,110,61,248,270,150,600,44,30,61,estimated
VUT,VU,548,Vanuatu,WPR,2012,248883,104,58,237,260,140,590,42,28,58,estimated
VUT,VU,548,Vanuatu,WPR,2013,254486,97,55,214,250,140,540,39,25,55,estimated
VUT,VU,548,Vanuatu,WPR,2014,260242,89,51,194,230,130,510,36,22,52,estimated
VUT,VU,548,Vanuatu,WPR,2015,266101,82,48,176,220,130,470,33,20,50,estimated
VUT,VU,548,Vanuatu,WPR,2016,272082,75,44,156,200,120,420,30,17,46,estimated
VUT,VU,548,Vanuatu,WPR,2017,278507,67,40,138,190,110,380,0,0,0,estimated
VUT,VU,548,Vanuatu,WPR,2018,285261,61,36,123,170,100,350,0,0,0,estimated
VUT,VU,548,Vanuatu,WPR,2019,291982,56,34,111,160,98,330,0,0,0,estimated
VUT,VU,548,Vanuatu,WPR,2020,298856,52,31,103,150,93,310,0,0,0,estimated
VUT,VU,548,Vanuatu,WPR,2021,305872,48,29,97,150,89,300,0,0,0,estimated
VUT,VU,548,Vanuatu,WPR,2022,313046,46,27,94,140,86,290,0,0,0,estimated
VUT,VU,548,Vanuatu,WPR,2023,320409,45,26,94,140,84,300,0.53,0,2.5,estimated
VUT,VU,548,Vanuatu,WPR,2024,327784,44,25,97,150,83,320,0.53,0,2.5,estimated
WLF,WF,876,Wallis and Futuna,WPR,2000,14787,15,12,18,2,2,3,,,,estimated
WLF,WF,876,Wallis and Futuna,WPR,2001,14903,6.7,5.5,8.1,1,1,1,,,,estimated
WLF,WF,876,Wallis and Futuna,WPR,2002,15029,126,103,152,19,15,23,,,,estimated
WLF,WF,876,Wallis and Futuna,WPR,2003,15050,113,92,136,17,14,20,,,,estimated
WLF,WF,876,Wallis and Futuna,WPR,2004,14894,74,60,89,11,9,13,,,,estimated
WLF,WF,876,Wallis and Futuna,WPR,2005,14601,48,39,58,7,6,8,,,,estimated
WLF,WF,876,Wallis and Futuna,WPR,2006,14323,42,34,51,6,5,7,,,,estimated
WLF,WF,876,Wallis and Futuna,WPR,2007,13992,14,12,17,2,2,2,,,,estimated
WLF,WF,876,Wallis and Futuna,WPR,2008,13687,40,33,48,5,4,7,,,,estimated
WLF,WF,876,Wallis and Futuna,WPR,2009,13407,67,55,81,9,7,11,,,,estimated
WLF,WF,876,Wallis and Futuna,WPR,2010,13171,36,29,43,5,4,6,,,,estimated
WLF,WF,876,Wallis and Futuna,WPR,2011,12917,15,13,19,2,2,2,,,,estimated
WLF,WF,876,Wallis and Futuna,WPR,2012,12681,18,14,21,2,2,3,,,,estimated
WLF,WF,876,Wallis and Futuna,WPR,2013,12477,16,13,19,2,2,2,,,,estimated
WLF,WF,876,Wallis and Futuna,WPR,2014,12303,0,0,0,0,0,0,,,,estimated
WLF,WF,876,Wallis and Futuna,WPR,2015,12153,0,0,0,0,0,0,,,,estimated
WLF,WF,876,Wallis and Futuna,WPR,2016,12042,0,0,0,0,0,0,,,,estimated
WLF,WF,876,Wallis and Futuna,WPR,2017,11916,1.3,1.1,1.6,0,0,0,,,,estimated
WLF,WF,876,Wallis and Futuna,WPR,2018,11794,0,0,0,0,0,0,,,,estimated
WLF,WF,876,Wallis and Futuna,WPR,2019,11676,8.6,7,10,1,1,1,,,,estimated
WLF,WF,876,Wallis and Futuna,WPR,2020,11616,0,0,0,0,0,0,,,,estimated
WLF,WF,876,Wallis and Futuna,WPR,2021,11564,1.4,1.1,1.7,0,0,0,,,,estimated
WLF,WF,876,Wallis and Futuna,WPR,2022,11480,1,0.85,1.3,0,0,0,,,,estimated
WLF,WF,876,Wallis and Futuna,WPR,2023,11377,0.68,0.55,0.82,0,0,0,,,,estimated
WLF,WF,876,Wallis and Futuna,WPR,2024,11278,0,0,0,0,0,0,,,,estimated
WSM,WS,882,Samoa,WPR,2000,181690,24,19,29,43,35,52,,,,estimated
WSM,WS,882,Samoa,WPR,2001,183167,12,9.8,14,22,18,27,,,,estimated
WSM,WS,882,Samoa,WPR,2002,184469,17,14,20,31,25,37,,,,estimated
WSM,WS,882,Samoa,WPR,2003,185422,15,12,18,27,22,33,,,,estimated
WSM,WS,882,Samoa,WPR,2004,186238,18,15,22,34,28,41,,,,estimated
WSM,WS,882,Samoa,WPR,2005,186970,13,10,15,24,20,29,,,,estimated
WSM,WS,882,Samoa,WPR,2006,187711,13,11,16,25,20,30,,,,estimated
WSM,WS,882,Samoa,WPR,2007,188763,11,9.1,13,21,17,25,,,,estimated
WSM,WS,882,Samoa,WPR,2008,190113,6.3,5.1,7.6,12,10,14,,,,estimated
WSM,WS,882,Samoa,WPR,2009,191507,8.4,6.8,10,16,13,19,,,,estimated
WSM,WS,882,Samoa,WPR,2010,193017,7.3,5.9,8.7,14,11,17,,,,estimated
WSM,WS,882,Samoa,WPR,2011,194717,10,8.4,12,20,16,24,,,,estimated
WSM,WS,882,Samoa,WPR,2012,196493,11,9.1,13,22,18,27,,,,estimated
WSM,WS,882,Samoa,WPR,2013,198265,11,9,13,22,18,27,,,,estimated
WSM,WS,882,Samoa,WPR,2014,200038,11,9.4,14,23,19,28,,,,estimated
WSM,WS,882,Samoa,WPR,2015,201775,9.4,7.7,11,19,15,23,,,,estimated
WSM,WS,882,Samoa,WPR,2016,203500,6.4,5.2,7.7,13,11,16,,,,estimated
WSM,WS,882,Samoa,WPR,2017,205418,15,12,18,30,24,36,,,,estimated
WSM,WS,882,Samoa,WPR,2018,207586,5.3,4.3,6.4,11,9,13,,,,estimated
WSM,WS,882,Samoa,WPR,2019,209779,8.6,7,10,18,15,22,,,,estimated
WSM,WS,882,Samoa,WPR,2020,211945,6.1,5,7.4,13,11,16,,,,estimated
WSM,WS,882,Samoa,WPR,2021,213784,6.1,4.9,7.3,13,11,16,,,,estimated
WSM,WS,882,Samoa,WPR,2022,215268,4.2,3.4,5,9,7,11,,,,estimated
WSM,WS,882,Samoa,WPR,2023,216661,6,4.9,7.2,13,11,16,,,,estimated
WSM,WS,882,Samoa,WPR,2024,218022,5.5,4.5,6.6,12,10,14,,,,estimated
YEM,YE,887,Yemen,EMR,2000,19624145,94,79,110,18000,16000,21000,0.64,0.35,1,estimated
YEM,YE,887,Yemen,EMR,2001,20226142,87,74,101,18000,15000,21000,0.51,0.28,0.8,estimated
YEM,YE,887,Yemen,EMR,2002,20835090,76,64,88,16000,13000,18000,0.39,0.22,0.62,estimated
YEM,YE,887,Yemen,EMR,2003,21456370,66,55,76,14000,12000,16000,0.32,0.18,0.5,estimated
YEM,YE,887,Yemen,EMR,2004,22095164,61,52,71,14000,11000,16000,0.29,0.16,0.47,estimated
YEM,YE,887,Yemen,EMR,2005,22790090,54,45,63,12000,10000,14000,0.28,0.15,0.44,estimated
YEM,YE,887,Yemen,EMR,2006,23543089,49,41,57,11000,9700,13000,0.28,0.15,0.44,estimated
YEM,YE,887,Yemen,EMR,2007,24318078,47,40,55,11000,9600,13000,0.29,0.16,0.46,estimated
YEM,YE,887,Yemen,EMR,2008,25111940,45,38,52,11000,9500,13000,0.29,0.16,0.46,estimated
YEM,YE,887,Yemen,EMR,2009,25927730,45,38,52,12000,9800,13000,0.31,0.17,0.48,estimated
YEM,YE,887,Yemen,EMR,2010,26754391,45,38,52,12000,10000,14000,0.32,0.18,0.51,estimated
YEM,YE,887,Yemen,EMR,2011,27582901,42,36,49,12000,9900,14000,0.32,0.18,0.5,estimated
YEM,YE,887,Yemen,EMR,2012,28433655,47,40,55,13000,11000,16000,0.37,0.2,0.58,estimated
YEM,YE,887,Yemen,EMR,2013,29312960,48,40,55,14000,12000,16000,0.37,0.21,0.59,estimated
YEM,YE,887,Yemen,EMR,2014,30226306,43,36,50,13000,11000,15000,0.33,0.18,0.52,estimated
YEM,YE,887,Yemen,EMR,2015,31159385,33,28,39,10000,8700,12000,0.25,0.14,0.39,estimated
YEM,YE,887,Yemen,EMR,2016,32109013,40,33,46,13000,11000,15000,0.29,0.16,0.46,estimated
YEM,YE,887,Yemen,EMR,2017,33090922,40,33,46,13000,11000,15000,0.29,0.16,0.46,estimated
YEM,YE,887,Yemen,EMR,2018,34085189,39,33,45,13000,11000,15000,0.28,0.15,0.44,estimated
YEM,YE,887,Yemen,EMR,2019,35111411,39,33,46,14000,12000,16000,0.28,0.16,0.45,estimated
YEM,YE,887,Yemen,EMR,2020,36134872,33,28,39,12000,10000,14000,0.24,0.13,0.38,estimated
YEM,YE,887,Yemen,EMR,2021,37140229,34,29,40,13000,11000,15000,0.25,0.14,0.39,estimated
YEM,YE,887,Yemen,EMR,2022,38222874,36,31,43,14000,12000,16000,0.26,0.15,0.42,estimated
YEM,YE,887,Yemen,EMR,2023,39390797,38,32,44,15000,13000,17000,0.27,0.15,0.43,estimated
YEM,YE,887,Yemen,EMR,2024,40583151,40,34,46,16000,14000,19000,0.29,0.16,0.45,estimated
ZAF,ZA,710,South Africa,AFR,2000,47159718,762,416,1210,360000,196000,571000,573,294,943,estimated
ZAF,ZA,710,South Africa,AFR,2001,47566798,867,429,1460,413000,204000,692000,632,292,1100,estimated
ZAF,ZA,710,South Africa,AFR,2002,48019414,971,434,1720,466000,208000,825000,695,288,1270,estimated
ZAF,ZA,710,South Africa,AFR,2003,48500344,1070,433,1980,518000,210000,961000,756,284,1450,estimated
ZAF,ZA,710,South Africa,AFR,2004,48991415,1150,427,2220,564000,209000,1090000,812,279,1620,estimated
ZAF,ZA,710,South Africa,AFR,2005,49490035,1210,420,2410,601000,208000,1190000,865,279,1770,estimated
ZAF,ZA,710,South Africa,AFR,2006,49998274,1250,415,2540,627000,207000,1270000,903,280,1880,estimated
ZAF,ZA,710,South Africa,AFR,2007,50528578,1270,412,2600,643000,208000,1310000,923,280,1940,estimated
ZAF,ZA,710,South Africa,AFR,2008,51114604,1270,592,2200,651000,303000,1130000,911,393,1640,estimated
ZAF,ZA,710,South Africa,AFR,2009,51728518,1260,634,2090,651000,328000,1080000,877,404,1530,estimated
ZAF,ZA,710,South Africa,AFR,2010,52344050,1230,622,2050,646000,326000,1070000,832,378,1460,estimated
ZAF,ZA,710,South Africa,AFR,2011,52995199,1200,667,1890,636000,354000,1000000,786,415,1270,estimated
ZAF,ZA,710,South Africa,AFR,2012,53782563,1160,552,1990,625000,297000,1070000,743,337,1310,estimated
ZAF,ZA,710,South Africa,AFR,2013,54678793,1110,548,1850,604000,299000,1010000,681,322,1170,estimated
ZAF,ZA,710,South Africa,AFR,2014,55594839,1070,544,1760,594000,303000,980000,650,316,1100,estimated
ZAF,ZA,710,South Africa,AFR,2015,56723532,988,534,1580,561000,303000,895000,560,288,921,estimated
ZAF,ZA,710,South Africa,AFR,2016,57259553,805,494,1190,461000,283000,681000,478,277,731,estimated
ZAF,ZA,710,South Africa,AFR,2017,57635157,738,474,1060,426000,273000,611000,447,270,666,estimated
ZAF,ZA,710,South Africa,AFR,2018,58613004,677,453,946,397000,266000,554000,398,250,580,estimated
ZAF,ZA,710,South Africa,AFR,2019,59587889,615,427,835,366000,255000,498000,357,232,509,estimated
ZAF,ZA,710,South Africa,AFR,2020,60562386,562,396,757,340000,240000,458000,324,213,457,estimated
ZAF,ZA,710,South Africa,AFR,2021,61502602,513,348,709,315000,214000,436000,292,186,422,estimated
ZAF,ZA,710,South Africa,AFR,2022,62378415,468,304,665,292000,190000,415000,255,156,377,estimated
ZAF,ZA,710,South Africa,AFR,2023,63212382,427,265,626,270000,168000,395000,230,135,349,estimated
ZAF,ZA,710,South Africa,AFR,2024,64007188,389,242,571,249000,155000,365000,209,123,319,estimated
ZMB,ZM,894,Zambia,AFR,2000,10017625,759,238,1570,76000,24000,158000,611,184,1290,estimated
ZMB,ZM,894,Zambia,AFR,2001,10325183,728,243,1470,75000,25000,152000,552,177,1140,estimated
ZMB,ZM,894,Zambia,AFR,2002,10647946,695,336,1180,74000,36000,126000,505,230,885,estimated
ZMB,ZM,894,Zambia,AFR,2003,10983588,662,390,1000,73000,43000,110000,467,254,743,estimated
ZMB,ZM,894,Zambia,AFR,2004,11338194,631,356,983,72000,40000,111000,438,227,717,estimated
ZMB,ZM,894,Zambia,AFR,2005,11718822,602,313,985,71000,37000,115000,420,202,717,estimated
ZMB,ZM,894,Zambia,AFR,2006,12129550,577,299,944,70000,36000,114000,408,197,694,estimated
ZMB,ZM,894,Zambia,AFR,2007,12565079,554,253,971,70000,32000,122000,397,170,718,estimated
ZMB,ZM,894,Zambia,AFR,2008,13021322,534,252,918,70000,33000,120000,363,164,640,estimated
ZMB,ZM,894,Zambia,AFR,2009,13490395,514,251,869,69000,34000,117000,347,162,601,estimated
ZMB,ZM,894,Zambia,AFR,2010,13965587,495,250,822,69000,35000,115000,323,155,551,estimated
ZMB,ZM,894,Zambia,AFR,2011,14437801,475,247,776,69000,36000,112000,305,151,512,estimated
ZMB,ZM,894,Zambia,AFR,2012,14913621,456,245,732,68000,36000,109000,280,143,463,estimated
ZMB,ZM,894,Zambia,AFR,2013,15398993,437,242,690,67000,37000,106000,270,142,438,estimated
ZMB,ZM,894,Zambia,AFR,2014,15895310,406,236,623,65000,37000,99000,247,136,392,estimated
ZMB,ZM,894,Zambia,AFR,2015,16399090,391,232,591,64000,38000,97000,234,132,366,estimated
ZMB,ZM,894,Zambia,AFR,2016,16914419,376,229,557,64000,39000,94000,217,125,334,estimated
ZMB,ZM,894,Zambia,AFR,2017,17441317,361,225,528,63000,39000,92000,212,125,322,estimated
ZMB,ZM,894,Zambia,AFR,2018,17973566,346,221,500,62000,40000,90000,205,123,308,estimated
ZMB,ZM,894,Zambia,AFR,2019,18513846,333,216,474,62000,40000,88000,154,94,229,estimated
ZMB,ZM,894,Zambia,AFR,2020,19059399,319,208,455,61000,40000,87000,125,77,186,estimated
ZMB,ZM,894,Zambia,AFR,2021,19603610,307,195,443,60000,38000,87000,104,62,155,estimated
ZMB,ZM,894,Zambia,AFR,2022,20152946,295,184,431,59000,37000,87000,95,56,144,estimated
ZMB,ZM,894,Zambia,AFR,2023,20723959,283,173,420,59000,36000,87000,91,52,140,estimated
ZMB,ZM,894,Zambia,AFR,2024,21314958,272,166,403,58000,35000,86000,88,50,135,estimated
ZWE,ZW,716,Zimbabwe,AFR,2000,11892056,605,166,1320,72000,20000,157000,449,117,999,estimated
ZWE,ZW,716,Zimbabwe,AFR,2001,11971895,617,211,1230,74000,25000,148000,450,146,920,estimated
ZWE,ZW,716,Zimbabwe,AFR,2002,12087657,617,247,1150,75000,30000,139000,442,166,850,estimated
ZWE,ZW,716,Zimbabwe,AFR,2003,12232322,617,213,1230,75000,26000,150000,436,141,893,estimated
ZWE,ZW,716,Zimbabwe,AFR,2004,12365896,607,208,1210,75000,26000,150000,426,136,875,estimated
ZWE,ZW,716,Zimbabwe,AFR,2005,12483431,588,114,1440,73000,14000,180000,410,74,1020,estimated
ZWE,ZW,716,Zimbabwe,AFR,2006,12636460,561,121,1330,71000,15000,168000,393,79,951,estimated
ZWE,ZW,716,Zimbabwe,AFR,2007,12804051,527,129,1200,67000,17000,153000,373,86,865,estimated
ZWE,ZW,716,Zimbabwe,AFR,2008,12959152,487,137,1050,63000,18000,136000,351,94,775,estimated
ZWE,ZW,716,Zimbabwe,AFR,2009,13142791,450,200,799,59000,26000,105000,353,150,642,estimated
ZWE,ZW,716,Zimbabwe,AFR,2010,13356538,416,238,642,56000,32000,86000,322,175,514,estimated
ZWE,ZW,716,Zimbabwe,AFR,2011,13595422,384,199,629,52000,27000,86000,286,141,481,estimated
ZWE,ZW,716,Zimbabwe,AFR,2012,13817885,355,190,570,49000,26000,79000,258,131,426,estimated
ZWE,ZW,716,Zimbabwe,AFR,2013,14013809,304,192,440,43000,27000,62000,216,129,325,estimated
ZWE,ZW,716,Zimbabwe,AFR,2014,14207361,278,176,404,40000,25000,57000,188,112,284,estimated
ZWE,ZW,716,Zimbabwe,AFR,2015,14399006,242,167,330,35000,24000,48000,168,109,241,estimated
ZWE,ZW,716,Zimbabwe,AFR,2016,14600290,233,163,315,34000,24000,46000,151,99,214,estimated
ZWE,ZW,716,Zimbabwe,AFR,2017,14812494,221,158,295,33000,23000,44000,140,93,195,estimated
ZWE,ZW,716,Zimbabwe,AFR,2018,15034442,210,153,276,32000,23000,41000,130,88,180,estimated
ZWE,ZW,716,Zimbabwe,AFR,2019,15271376,199,147,258,30000,23000,39000,119,82,163,estimated
ZWE,ZW,716,Zimbabwe,AFR,2020,15526885,189,137,248,29000,21000,39000,113,82,139,estimated
ZWE,ZW,716,Zimbabwe,AFR,2021,15797209,198,139,257,31000,22000,41000,120,84,157,estimated
ZWE,ZW,716,Zimbabwe,AFR,2022,16069054,209,144,277,34000,23000,44000,126,86,170,estimated
ZWE,ZW,716,Zimbabwe,AFR,2023,16340822,209,138,280,34000,23000,46000,125,83,169,estimated
ZWE,ZW,716,Zimbabwe,AFR,2024,16634364,203,129,272,34000,21000,45000,121,79,161,estimated
